SNR_dB,mc_idx,iter_idx,L_val
15.00,1,1,718.0563041
15.00,1,2,717.9103657
15.00,1,3,717.8256301
15.00,1,4,717.6823601
15.00,1,5,717.6199176
15.00,1,6,717.4721732
15.00,1,7,717.4146471
15.00,1,8,717.2627421
15.00,1,9,717.2095962
15.00,1,10,717.053694
15.00,1,11,717.0047917
15.00,1,12,716.84502
15.00,1,13,716.80022
15.00,1,14,716.6367174
15.00,1,15,716.5958605
15.00,1,16,716.4287839
15.00,1,17,716.3916918
15.00,1,18,716.2212169
15.00,1,19,716.1876934
15.00,1,20,716.0140141
15.00,1,21,715.9838457
15.00,1,22,715.8071732
15.00,1,23,715.7801306
15.00,1,24,715.6006919
15.00,1,25,715.5765315
15.00,1,26,715.3945681
15.00,1,27,715.3730331
15.00,1,28,715.1887998
15.00,1,29,715.1696222
15.00,1,30,714.9833851
15.00,1,31,714.9662871
15.00,1,32,714.7783223
15.00,1,33,714.763018
15.00,1,34,714.5736097
15.00,1,35,714.5598074
15.00,1,36,714.3692458
15.00,1,37,714.3566492
15.00,1,38,714.1652291
15.00,1,39,714.1535397
15.00,1,40,713.9615586
15.00,1,41,713.950477
15.00,1,42,713.7582329
15.00,1,43,713.7474611
15.00,1,44,713.5552511
15.00,1,45,713.5444939
15.00,1,46,713.3526124
15.00,1,47,713.3415791
15.00,1,48,713.1503158
15.00,1,49,713.1387221
15.00,1,50,712.9483608
15.00,1,51,712.93593
15.00,1,52,712.7467468
15.00,1,53,712.7332113
15.00,1,54,712.5454733
15.00,1,55,712.530576
15.00,1,56,712.3445398
15.00,1,57,712.3280352
15.00,1,58,712.1439461
15.00,1,59,712.1256013
15.00,1,60,711.9436919
15.00,1,61,711.9232875
15.00,1,62,711.743777
15.00,1,63,711.7211079
15.00,1,64,711.5442012
15.00,1,65,711.5190774
15.00,1,66,711.3449645
15.00,1,67,711.3172112
15.00,1,68,711.1460667
15.00,1,69,711.1155252
15.00,1,70,710.9475078
15.00,1,71,710.9140354
15.00,1,72,710.7492878
15.00,1,73,710.7127578
15.00,1,74,710.5514066
15.00,1,75,710.5117088
15.00,1,76,710.3538642
15.00,1,77,710.3109042
15.00,1,78,710.1566605
15.00,1,79,710.11036
15.00,1,80,709.9597955
15.00,1,81,709.9100917
15.00,1,82,709.7632691
15.00,1,83,709.7101143
15.00,1,84,709.5670811
15.00,1,85,709.5104424
15.00,1,86,709.3712315
15.00,1,87,709.31109
15.00,1,88,709.1757201
15.00,1,89,709.1120704
15.00,1,90,708.9805466
15.00,1,91,708.9133964
15.00,1,92,708.7857108
15.00,1,93,708.7150797
15.00,1,94,708.5912123
15.00,1,95,708.5171315
15.00,1,96,708.397051
15.00,1,97,708.319562
15.00,1,98,708.2032262
15.00,1,99,708.1223808
15.00,1,100,708.0097377
15.00,1,101,707.9255963
15.00,1,102,707.8165848
15.00,1,103,707.7292162
15.00,1,104,707.6237672
15.00,1,105,707.5332474
15.00,1,106,707.431284
15.00,1,107,707.337696
15.00,1,108,707.2391348
15.00,1,109,707.2354816
15.00,1,110,706.9086158
15.00,1,111,706.8542505
15.00,1,112,706.8267127
15.00,1,113,706.7049193
15.00,1,114,706.632082
15.00,1,115,706.5139818
15.00,1,116,706.4377948
15.00,1,117,706.3233694
15.00,1,118,706.2438596
15.00,1,119,706.1330815
15.00,1,120,706.0502874
15.00,1,121,705.9431181
15.00,1,122,705.8570892
15.00,1,123,705.7534788
15.00,1,124,705.6642748
15.00,1,125,705.5641632
15.00,1,126,705.4718535
15.00,1,127,705.3751708
15.00,1,128,705.3702383
15.00,1,129,705.0503471
15.00,1,130,704.9969476
15.00,1,131,704.9700513
15.00,1,132,704.849613
15.00,1,133,704.7757612
15.00,1,134,704.6616458
15.00,1,135,704.5821959
15.00,1,136,704.4740169
15.00,1,137,704.3893341
15.00,1,138,704.286724
15.00,1,139,704.197158
15.00,1,140,704.0997652
15.00,1,141,704.0953722
15.00,1,142,703.7779101
15.00,1,143,703.7242286
15.00,1,144,703.6953208
15.00,1,145,703.5799341
15.00,1,146,703.5039879
15.00,1,147,703.3941232
15.00,1,148,703.3132372
15.00,1,149,703.2086366
15.00,1,150,703.1230649
15.00,1,151,703.0234731
15.00,1,152,702.9334689
15.00,1,153,702.8386316
15.00,1,154,702.8287685
15.00,1,155,702.5205091
15.00,1,156,702.4673414
15.00,1,157,702.4386556
15.00,1,158,702.3245541
15.00,1,159,702.2473563
15.00,1,160,702.1407068
15.00,1,161,702.0570369
15.00,1,162,701.9571999
15.00,1,163,701.8676417
15.00,1,164,701.8666923
15.00,1,165,701.7052708
15.00,1,166,701.6732286
15.00,1,167,701.5222398
15.00,1,168,701.480767
15.00,1,169,701.3395496
15.00,1,170,701.2892835
15.00,1,171,701.1571979
15.00,1,172,701.0987542
15.00,1,173,700.9751822
15.00,1,174,700.9091536
15.00,1,175,700.7934999
15.00,1,176,700.7204551
15.00,1,177,700.6121486
15.00,1,178,700.5326305
15.00,1,179,700.4311254
15.00,1,180,700.3456511
15.00,1,181,700.2504278
15.00,1,182,700.2468196
15.00,1,183,699.9395616
15.00,1,184,699.8874734
15.00,1,185,699.858895
15.00,1,186,699.7479048
15.00,1,187,699.6704598
15.00,1,188,699.5681754
15.00,1,189,699.483314
15.00,1,190,699.3887913
15.00,1,191,699.3784808
15.00,1,192,699.0794106
15.00,1,193,699.026541
15.00,1,194,698.9953301
15.00,1,195,698.88997
15.00,1,196,698.8095437
15.00,1,197,698.7116792
15.00,1,198,698.6247772
15.00,1,199,698.6233987
15.00,1,200,698.4666091
15.00,2,1,667.9482073
15.00,2,2,667.2273536
15.00,2,3,664.9323296
15.00,2,4,664.5664498
15.00,2,5,660.8768982
15.00,2,6,659.8382155
15.00,2,7,658.2168179
15.00,2,8,656.8156553
15.00,2,9,654.3864105
15.00,2,10,653.2180345
15.00,2,11,652.6954749
15.00,2,12,650.6127527
15.00,2,13,649.4689354
15.00,2,14,648.9253577
15.00,2,15,646.977138
15.00,2,16,646.8520943
15.00,2,17,643.6438601
15.00,2,18,642.834888
15.00,2,19,641.4174767
15.00,2,20,640.4547062
15.00,2,21,638.2350018
15.00,2,22,637.3145865
15.00,2,23,637.0547951
15.00,2,24,635.0699453
15.00,2,25,634.1809864
15.00,2,26,633.9631728
15.00,2,27,631.9982881
15.00,2,28,631.1292219
15.00,2,29,630.8718962
15.00,2,30,629.0455847
15.00,2,31,628.2199955
15.00,2,32,628.0511653
15.00,2,33,626.1740388
15.00,2,34,625.3843407
15.00,2,35,625.2292544
15.00,2,36,623.4105266
15.00,2,37,622.681416
15.00,2,38,621.6632773
15.00,2,39,620.8599135
15.00,2,40,619.1195519
15.00,2,41,618.4433724
15.00,2,42,617.4486986
15.00,2,43,616.8062216
15.00,2,44,615.0339747
15.00,2,45,614.4423445
15.00,2,46,613.4229182
15.00,2,47,613.0860932
15.00,2,48,611.1437944
15.00,2,49,610.6855622
15.00,2,50,609.7734138
15.00,2,51,609.6917073
15.00,2,52,609.5182843
15.00,2,53,609.4220043
15.00,2,54,602.6201818
15.00,2,55,601.7138579
15.00,2,56,601.3792635
15.00,2,57,600.3176922
15.00,2,58,597.3115952
15.00,2,59,596.4321031
15.00,2,60,595.8184565
15.00,2,61,595.703747
15.00,2,62,594.4647527
15.00,2,63,594.0794054
15.00,2,64,593.1766556
15.00,2,65,592.6368294
15.00,2,66,592.3151427
15.00,2,67,591.7409919
15.00,2,68,586.0947663
15.00,2,69,585.3842757
15.00,2,70,584.8646241
15.00,2,71,584.2402043
15.00,2,72,583.9898453
15.00,2,73,583.8988034
15.00,2,74,583.8693714
15.00,2,75,583.8135586
15.00,2,76,583.4497441
15.00,2,77,583.1772931
15.00,2,78,583.123748
15.00,2,79,583.1122183
15.00,2,80,583.0754309
15.00,2,81,583.0571978
15.00,2,82,583.0303024
15.00,2,83,583.0293772
15.00,2,84,582.9685478
15.00,2,85,582.9652795
15.00,2,86,582.9242413
15.00,2,87,582.9116659
15.00,2,88,582.8824084
15.00,2,89,582.8644716
15.00,2,90,582.8421777
15.00,2,91,582.8321173
15.00,2,92,582.7840488
15.00,2,93,582.7766128
15.00,2,94,582.7431189
15.00,2,95,582.7285131
15.00,2,96,582.6758937
15.00,2,97,580.3330136
15.00,2,98,580.1512887
15.00,2,99,579.6316973
15.00,2,100,579.3558196
15.00,2,101,579.2876145
15.00,2,102,579.264813
15.00,2,103,579.2608662
15.00,2,104,579.2075226
15.00,2,105,579.2061017
15.00,2,106,579.1663374
15.00,2,107,579.1572508
15.00,2,108,579.1266665
15.00,2,109,579.1124767
15.00,2,110,579.0880666
15.00,2,111,579.0704988
15.00,2,112,579.0502256
15.00,2,113,579.0417773
15.00,2,114,578.9955165
15.00,2,115,578.9915983
15.00,2,116,578.956433
15.00,2,117,578.9459421
15.00,2,118,578.909627
15.00,2,119,576.7211785
15.00,2,120,576.5543365
15.00,2,121,576.4933743
15.00,2,122,575.6106143
15.00,2,123,575.5732218
15.00,2,124,575.5586957
15.00,2,125,575.5275528
15.00,2,126,575.5106337
15.00,2,127,575.4842102
15.00,2,128,575.4655361
15.00,2,129,575.4426772
15.00,2,130,575.4227174
15.00,2,131,575.4204855
15.00,2,132,575.3814028
15.00,2,133,575.3732308
15.00,2,134,575.3415924
15.00,2,135,575.3292175
15.00,2,136,575.3029013
15.00,2,137,575.2875277
15.00,2,138,575.2650495
15.00,2,139,575.2475211
15.00,2,140,575.2278312
15.00,2,141,575.0803646
15.00,2,142,572.5275424
15.00,2,143,571.042166
15.00,2,144,570.1722688
15.00,2,145,569.6944194
15.00,2,146,569.2313685
15.00,2,147,568.9807821
15.00,2,148,567.9284922
15.00,2,149,567.6993345
15.00,2,150,567.6366811
15.00,2,151,567.6096135
15.00,2,152,567.5943594
15.00,2,153,567.5680032
15.00,2,154,567.5539422
15.00,2,155,567.5281046
15.00,2,156,567.5150117
15.00,2,157,567.4895366
15.00,2,158,567.4772438
15.00,2,159,567.4520036
15.00,2,160,567.4403871
15.00,2,161,567.415276
15.00,2,162,567.4042467
15.00,2,163,567.379176
15.00,2,164,567.3686715
15.00,2,165,567.3435656
15.00,2,166,567.3335446
15.00,2,167,567.3083378
15.00,2,168,567.2987757
15.00,2,169,567.2734099
15.00,2,170,567.2642952
15.00,2,171,567.2387177
15.00,2,172,567.2300493
15.00,2,173,567.2042117
15.00,2,174,567.1959971
15.00,2,175,567.1698535
15.00,2,176,567.1621072
15.00,2,177,567.1356135
15.00,2,178,567.039647
15.00,2,179,562.8900241
15.00,2,180,562.1327918
15.00,2,181,561.4131628
15.00,2,182,561.2269862
15.00,2,183,561.1549385
15.00,2,184,561.1245355
15.00,2,185,561.1225473
15.00,2,186,561.0867977
15.00,2,187,561.0665969
15.00,2,188,561.0513009
15.00,2,189,561.0291845
15.00,2,190,561.0182057
15.00,2,191,560.9932654
15.00,2,192,560.9876088
15.00,2,193,560.9586877
15.00,2,194,560.9417275
15.00,2,195,560.9256868
15.00,2,196,560.9070528
15.00,2,197,560.8942836
15.00,2,198,560.8732014
15.00,2,199,560.8648067
15.00,2,200,560.8402085
15.00,3,1,725.0808196
15.00,3,2,725.0761333
15.00,3,3,725.0312469
15.00,3,4,725.0152045
15.00,3,5,724.9714526
15.00,3,6,724.9543267
15.00,3,7,724.9116888
15.00,3,8,724.8935034
15.00,3,9,724.8519554
15.00,3,10,724.8327334
15.00,3,11,724.7922524
15.00,3,12,724.7720175
15.00,3,13,724.7325798
15.00,3,14,724.7113557
15.00,3,15,724.6729376
15.00,3,16,724.6507483
15.00,3,17,724.6133257
15.00,3,18,724.5901952
15.00,3,19,724.5537442
15.00,3,20,724.5296966
15.00,3,21,724.4941931
15.00,3,22,724.4692524
15.00,3,23,724.4346722
15.00,3,24,724.4088625
15.00,3,25,724.3751816
15.00,3,26,724.348527
15.00,3,27,724.3157212
15.00,3,28,724.2882456
15.00,3,29,724.256291
15.00,3,30,724.2280183
15.00,3,31,724.1968909
15.00,3,32,724.1678448
15.00,3,33,724.137521
15.00,3,34,724.1366384
15.00,3,35,724.0352197
15.00,3,36,724.0184478
15.00,3,37,724.0101322
15.00,3,38,723.9721338
15.00,3,39,723.950787
15.00,3,40,723.9129141
15.00,3,41,723.8914461
15.00,3,42,723.8537212
15.00,3,43,723.8321063
15.00,3,44,723.7945551
15.00,3,45,723.7727696
15.00,3,46,723.7354157
15.00,3,47,723.7134355
15.00,3,48,723.6763031
15.00,3,49,723.6541047
15.00,3,50,723.6172172
15.00,3,51,723.5947775
15.00,3,52,723.5581581
15.00,3,53,723.5354546
15.00,3,54,723.4991258
15.00,3,55,723.4761366
15.00,3,56,723.4401202
15.00,3,57,723.4168242
15.00,3,58,723.3811415
15.00,3,59,723.3575182
15.00,3,60,723.3221896
15.00,3,61,723.2982195
15.00,3,62,723.2632646
15.00,3,63,723.2389289
15.00,3,64,723.2043665
15.00,3,65,723.1796475
15.00,3,66,723.1454954
15.00,3,67,723.1203762
15.00,3,68,723.0866513
15.00,3,69,723.0611163
15.00,3,70,723.0278342
15.00,3,71,723.0018688
15.00,3,72,722.9690442
15.00,3,73,722.9426349
15.00,3,74,722.9102813
15.00,3,75,722.8834158
15.00,3,76,722.8515457
15.00,3,77,722.8242129
15.00,3,78,722.7928373
15.00,3,79,722.7650274
15.00,3,80,722.7341562
15.00,3,81,722.7058605
15.00,3,82,722.6755025
15.00,3,83,722.6467137
15.00,3,84,722.6168762
15.00,3,85,722.5875881
15.00,3,86,722.5871964
15.00,3,87,722.5361555
15.00,3,88,722.5255721
15.00,3,89,722.4774504
15.00,3,90,722.4642148
15.00,3,91,722.4187866
15.00,3,92,722.4030972
15.00,3,93,722.3601629
15.00,3,94,722.3422055
15.00,3,95,722.3015784
15.00,3,96,722.2815219
15.00,3,97,722.2430321
15.00,3,98,722.2210329
15.00,3,99,722.1845232
15.00,3,100,722.1607251
15.00,3,101,722.1260508
15.00,3,102,722.1005867
15.00,3,103,722.0676143
15.00,3,104,722.0406067
15.00,3,105,722.0092129
15.00,3,106,721.9807752
15.00,3,107,721.9508462
15.00,3,108,721.9474711
15.00,3,109,721.8500763
15.00,3,110,721.8331348
15.00,3,111,721.8238118
15.00,3,112,721.7882249
15.00,3,113,721.7646554
15.00,3,114,721.7299922
15.00,3,115,721.7055355
15.00,3,116,721.6717874
15.00,3,117,721.6464513
15.00,3,118,721.6136108
15.00,3,119,721.5874062
15.00,3,120,721.5554623
15.00,3,121,721.5284012
15.00,3,122,721.4973421
15.00,3,123,721.4694384
15.00,3,124,721.4392502
15.00,3,125,721.4105194
15.00,3,126,721.410305
15.00,3,127,721.3592649
15.00,3,128,721.3485315
15.00,3,129,721.3010778
15.00,3,130,721.2871496
15.00,3,131,721.2429384
15.00,3,132,721.2261141
15.00,3,133,721.1848444
15.00,3,134,721.1653957
15.00,3,135,721.1267941
15.00,3,136,721.1049637
15.00,3,137,721.0687857
15.00,3,138,721.0447932
15.00,3,139,721.0108179
15.00,3,140,720.9848608
15.00,3,141,720.9528892
15.00,3,142,720.9251466
15.00,3,143,720.8949986
15.00,3,144,720.8924625
15.00,3,145,720.7950528
15.00,3,146,720.7781826
15.00,3,147,720.7687214
15.00,3,148,720.7337101
15.00,3,149,720.7096987
15.00,3,150,720.6759511
15.00,3,151,720.6507447
15.00,3,152,720.6182217
15.00,3,153,720.5918581
15.00,3,154,720.5605219
15.00,3,155,720.5330414
15.00,3,156,720.5028517
15.00,3,157,720.4742948
15.00,3,158,720.4738772
15.00,3,159,720.4234293
15.00,3,160,720.4120705
15.00,3,161,720.365656
15.00,3,162,720.3507578
15.00,3,163,720.3079353
15.00,3,164,720.2898766
15.00,3,165,720.2502643
15.00,3,166,720.2293833
15.00,3,167,720.1926404
15.00,3,168,720.169235
15.00,3,169,720.1350611
15.00,3,170,720.1093965
15.00,3,171,720.0775245
15.00,3,172,720.0498361
15.00,3,173,720.0200289
15.00,3,174,720.0157176
15.00,3,175,719.9206563
15.00,3,176,719.9036831
15.00,3,177,719.8937584
15.00,3,178,719.8598295
15.00,3,179,719.834901
15.00,3,180,719.8024637
15.00,3,181,719.7761445
15.00,3,182,719.7451291
15.00,3,183,719.7174861
15.00,3,184,719.6878256
15.00,3,185,719.6866465
15.00,3,186,719.5892669
15.00,3,187,719.5729817
15.00,3,188,719.564647
15.00,3,189,719.5281142
15.00,3,190,719.5045893
15.00,3,191,719.4708322
15.00,3,192,719.4448932
15.00,3,193,719.4135953
15.00,3,194,719.3855153
15.00,3,195,719.3849554
15.00,3,196,719.3349545
15.00,3,197,719.3251587
15.00,3,198,719.2777599
15.00,3,199,719.2655168
15.00,3,200,719.2205996
15.00,4,1,821.4410169
15.00,4,2,821.4095973
15.00,4,3,821.3808192
15.00,4,4,821.3614084
15.00,4,5,821.344338
15.00,4,6,821.3353362
15.00,4,7,821.3110677
15.00,4,8,821.2911744
15.00,4,9,821.2738263
15.00,4,10,821.2667458
15.00,4,11,821.2414911
15.00,4,12,821.221039
15.00,4,13,821.2033856
15.00,4,14,821.1984103
15.00,4,15,821.1720738
15.00,4,16,821.1510081
15.00,4,17,821.1330193
15.00,4,18,821.1303506
15.00,4,19,821.1028275
15.00,4,20,821.081088
15.00,4,21,821.062731
15.00,4,22,821.0625893
15.00,4,23,821.0337653
15.00,4,24,821.0112859
15.00,4,25,820.9925246
15.00,4,26,820.9757762
15.00,4,27,820.964781
15.00,4,28,820.9415428
15.00,4,29,820.922367
15.00,4,30,820.9053871
15.00,4,31,820.8959815
15.00,4,32,820.871918
15.00,4,33,820.8522915
15.00,4,34,820.8350594
15.00,4,35,820.8273786
15.00,4,36,820.802418
15.00,4,37,820.7823018
15.00,4,38,820.7647953
15.00,4,39,820.7589849
15.00,4,40,820.7330498
15.00,4,41,820.7124018
15.00,4,42,820.6945968
15.00,4,43,820.690814
15.00,4,44,820.6638207
15.00,4,45,820.6425956
15.00,4,46,820.6244663
15.00,4,47,820.6228803
15.00,4,48,820.5947388
15.00,4,49,820.5728877
15.00,4,50,820.5544062
15.00,4,51,820.5378743
15.00,4,52,820.5259269
15.00,4,53,820.5033472
15.00,4,54,820.4844551
15.00,4,55,820.4676994
15.00,4,56,820.457306
15.00,4,57,820.4339298
15.00,4,58,820.4145881
15.00,4,59,820.3975873
15.00,4,60,820.3888904
15.00,4,61,820.3646434
15.00,4,62,820.3448095
15.00,4,63,820.3275403
15.00,4,64,820.3206953
15.00,4,65,820.2954966
15.00,4,66,820.2751243
15.00,4,67,820.2575612
15.00,4,68,820.2527376
15.00,4,69,820.226499
15.00,4,70,820.2055375
15.00,4,71,820.1876529
15.00,4,72,820.1850355
15.00,4,73,820.1576608
15.00,4,74,820.1360549
15.00,4,75,820.1178186
15.00,4,76,820.1176089
15.00,4,77,820.0889932
15.00,4,78,820.0666826
15.00,4,79,820.0480617
15.00,4,80,820.0314369
15.00,4,81,820.0203909
15.00,4,82,819.997362
15.00,4,83,819.9783493
15.00,4,84,819.961506
15.00,4,85,819.951958
15.00,4,86,819.9281509
15.00,4,87,819.9087139
15.00,4,88,819.8916335
15.00,4,89,819.8837045
15.00,4,90,819.8590549
15.00,4,91,819.8391585
15.00,4,92,819.8218212
15.00,4,93,819.8156413
15.00,4,94,819.7900799
15.00,4,95,819.7696864
15.00,4,96,819.7520708
15.00,4,97,819.7477797
15.00,4,98,819.721232
15.00,4,99,819.7003012
15.00,4,100,819.6823842
15.00,4,101,819.6801318
15.00,4,102,819.652518
15.00,4,103,819.6310066
15.00,4,104,819.6127635
15.00,4,105,819.6127106
15.00,4,106,819.5839449
15.00,4,107,819.5618066
15.00,4,108,819.543211
15.00,4,109,819.5266642
15.00,4,110,819.5156425
15.00,4,111,819.492774
15.00,4,112,819.4737671
15.00,4,113,819.4569965
15.00,4,114,819.4475235
15.00,4,115,819.4238599
15.00,4,116,819.4044046
15.00,4,117,819.3873898
15.00,4,118,819.3796006
15.00,4,119,819.3550714
15.00,4,120,819.3351272
15.00,4,121,819.3178462
15.00,4,122,819.3118877
15.00,4,123,819.2864163
15.00,4,124,819.2659394
15.00,4,125,819.2483681
15.00,4,126,819.2443997
15.00,4,127,819.217903
15.00,4,128,819.1968458
15.00,4,129,819.1789582
15.00,4,130,819.1771531
15.00,4,131,819.1495408
15.00,4,132,819.1278514
15.00,4,133,819.1096193
15.00,4,134,819.0932578
15.00,4,135,819.0812335
15.00,4,136,819.0589029
15.00,4,137,819.0403214
15.00,4,138,819.0237656
15.00,4,139,819.0130751
15.00,4,140,818.9900522
15.00,4,141,818.9710936
15.00,4,142,818.954328
15.00,4,143,818.9450735
15.00,4,144,818.9213038
15.00,4,145,818.9019386
15.00,4,146,818.8849461
15.00,4,147,818.8772374
15.00,4,148,818.8526625
15.00,4,149,818.8328588
15.00,4,150,818.8156215
15.00,4,151,818.8095759
15.00,4,152,818.7841331
15.00,4,153,818.7638571
15.00,4,154,818.7463557
15.00,4,155,818.7420985
15.00,4,156,818.715721
15.00,4,157,818.6949365
15.00,4,158,818.6771502
15.00,4,159,818.6748155
15.00,4,160,818.6474317
15.00,4,161,818.6260999
15.00,4,162,818.6080069
15.00,4,163,818.6077377
15.00,4,164,818.5792712
15.00,4,165,818.5573509
15.00,4,166,818.5389275
15.00,4,167,818.5225235
15.00,4,168,818.5113646
15.00,4,169,818.4887595
15.00,4,170,818.4699511
15.00,4,171,818.453338
15.00,4,172,818.4436245
15.00,4,173,818.4202768
15.00,4,174,818.4010503
15.00,4,175,818.3842099
15.00,4,176,818.3760615
15.00,4,177,818.3519088
15.00,4,178,818.3322285
15.00,4,179,818.3151413
15.00,4,180,818.3086873
15.00,4,181,818.2836619
15.00,4,182,818.2634891
15.00,4,183,818.2461341
15.00,4,184,818.2415145
15.00,4,185,818.2155433
15.00,4,186,818.1948362
15.00,4,187,818.1771904
15.00,4,188,818.1745565
15.00,4,189,818.1475605
15.00,4,190,818.1262738
15.00,4,191,818.1083125
15.00,4,192,818.1078281
15.00,4,193,818.0797218
15.00,4,194,818.0578064
15.00,4,195,818.0395031
15.00,4,196,818.0231507
15.00,4,197,818.011924
15.00,4,198,817.9893769
15.00,4,199,817.9707299
15.00,4,200,817.9541868
15.00,5,1,879.9682997
15.00,5,2,879.9033651
15.00,5,3,879.8182111
15.00,5,4,879.8165045
15.00,5,5,879.727371
15.00,5,6,879.6769589
15.00,5,7,879.6411227
15.00,5,8,879.5823593
15.00,5,9,879.5610006
15.00,5,10,879.489827
15.00,5,11,879.4443164
15.00,5,12,879.3997134
15.00,5,13,879.3484638
15.00,5,14,879.3134125
15.00,5,15,879.2538495
15.00,5,16,879.2325386
15.00,5,17,879.1609703
15.00,5,18,879.1593635
15.00,5,19,879.0705191
15.00,5,20,879.0203032
15.00,5,21,878.9845717
15.00,5,22,878.9260788
15.00,5,23,878.9046578
15.00,5,24,878.8338883
15.00,5,25,878.8337495
15.00,5,26,878.7447298
15.00,5,27,878.6933522
15.00,5,28,878.6589392
15.00,5,29,878.5991794
15.00,5,30,878.5785815
15.00,5,31,878.5067408
15.00,5,32,878.5059154
15.00,5,33,878.4167243
15.00,5,34,878.3665195
15.00,5,35,878.3312068
15.00,5,36,878.2727108
15.00,5,37,878.2516965
15.00,5,38,878.1809249
15.00,5,39,878.1357641
15.00,5,40,878.0914883
15.00,5,41,878.0406885
15.00,5,42,878.0057507
15.00,5,43,877.9468122
15.00,5,44,877.9252591
15.00,5,45,877.8546103
15.00,5,46,877.8521833
15.00,5,47,877.7647434
15.00,5,48,877.71519
15.00,5,49,877.6791977
15.00,5,50,877.6216444
15.00,5,51,877.5994103
15.00,5,52,877.5300362
15.00,5,53,877.5281832
15.00,5,54,877.4413035
15.00,5,55,877.3908728
15.00,5,56,877.3557522
15.00,5,57,877.2973328
15.00,5,58,877.27532
15.00,5,59,877.2054258
15.00,5,60,877.2021118
15.00,5,61,877.1157922
15.00,5,62,877.0666959
15.00,5,63,877.0303569
15.00,5,64,876.9734573
15.00,5,65,876.9505029
15.00,5,66,876.8820947
15.00,5,67,876.8789283
15.00,5,68,876.7935103
15.00,5,69,876.7436817
15.00,5,70,876.7079967
15.00,5,71,876.6504297
15.00,5,72,876.6274157
15.00,5,73,876.5587514
15.00,5,74,876.5537848
15.00,5,75,876.4692601
15.00,5,76,876.4208252
15.00,5,77,876.3837921
15.00,5,78,876.3278449
15.00,5,79,876.3036626
15.00,5,80,876.2366577
15.00,5,81,876.2314341
15.00,5,82,876.1481187
15.00,5,83,876.0991047
15.00,5,84,876.0625099
15.00,5,85,876.0060975
15.00,5,86,875.9815948
15.00,5,87,875.9145887
15.00,5,88,875.9072843
15.00,5,89,875.8251591
15.00,5,90,875.7775686
15.00,5,91,875.7395334
15.00,5,92,875.684804
15.00,5,93,875.6589474
15.00,5,94,875.5937313
15.00,5,95,875.585802
15.00,5,96,875.50515
15.00,5,97,875.4571348
15.00,5,98,875.4193325
15.00,5,99,875.3643354
15.00,5,100,875.3379269
15.00,5,101,875.272946
15.00,5,102,875.2627211
15.00,5,103,875.1835103
15.00,5,104,875.1369195
15.00,5,105,875.0976232
15.00,5,106,875.0443354
15.00,5,107,875.0164328
15.00,5,108,874.9533276
15.00,5,109,874.9421583
15.00,5,110,874.8646332
15.00,5,111,874.8177676
15.00,5,112,874.7785165
15.00,5,113,874.7251461
15.00,5,114,874.6964962
15.00,5,115,874.6338361
15.00,5,116,874.6202255
15.00,5,117,874.5443407
15.00,5,118,874.4988737
15.00,5,119,874.4581124
15.00,5,120,874.4064427
15.00,5,121,874.3762058
15.00,5,122,874.3154622
15.00,5,123,874.3006448
15.00,5,124,874.2266028
15.00,5,125,874.1810004
15.00,5,126,874.1401203
15.00,5,127,874.0885344
15.00,5,128,874.0573955
15.00,5,129,873.9972745
15.00,5,130,873.9799391
15.00,5,131,873.9076807
15.00,5,132,873.8634277
15.00,5,133,873.8210563
15.00,5,134,873.7711307
15.00,5,135,873.7383589
15.00,5,136,873.6801524
15.00,5,137,873.6614101
15.00,5,138,873.5910947
15.00,5,139,873.5468311
15.00,5,140,873.5042044
15.00,5,141,873.4545058
15.00,5,142,873.4207201
15.00,5,143,873.3632774
15.00,5,144,873.3420058
15.00,5,145,873.2735614
15.00,5,146,873.2699507
15.00,5,147,873.1859285
15.00,5,148,873.1382162
15.00,5,149,873.1021351
15.00,5,150,873.04714
15.00,5,151,873.0233593
15.00,5,152,872.9577405
15.00,5,153,872.9519428
15.00,5,154,872.8707942
15.00,5,155,872.823054
15.00,5,156,872.786515
15.00,5,157,872.7318444
15.00,5,158,872.7064985
15.00,5,159,872.6419911
15.00,5,160,872.6324287
15.00,5,161,872.5540034
15.00,5,162,872.508098
15.00,5,163,872.4694054
15.00,5,164,872.4170185
15.00,5,165,872.3892415
15.00,5,166,872.3274214
15.00,5,167,872.3155593
15.00,5,168,872.2399833
15.00,5,169,872.1941961
15.00,5,170,872.1549205
15.00,5,171,872.1030073
15.00,5,172,872.0736227
15.00,5,173,872.0130214
15.00,5,174,871.9975735
15.00,5,175,871.924688
15.00,5,176,871.880572
15.00,5,177,871.8393106
15.00,5,178,871.7894968
15.00,5,179,871.757805
15.00,5,180,871.6997175
15.00,5,181,871.681939
15.00,5,182,871.6118161
15.00,5,183,871.5679329
15.00,5,184,871.526007
15.00,5,185,871.4767748
15.00,5,186,871.4434849
15.00,5,187,871.3866722
15.00,5,188,871.3655419
15.00,5,189,871.2980175
15.00,5,190,871.2939575
15.00,5,191,871.2113464
15.00,5,192,871.1643992
15.00,5,193,871.1283262
15.00,5,194,871.0743818
15.00,5,195,871.0500374
15.00,5,196,870.9859409
15.00,5,197,870.9786486
15.00,5,198,870.8997929
15.00,5,199,870.8531384
15.00,5,200,870.8161187
15.00,6,1,784.9372734
15.00,6,2,784.7351236
15.00,6,3,780.7147287
15.00,6,4,778.8731308
15.00,6,5,777.913469
15.00,6,6,777.3642898
15.00,6,7,767.7407215
15.00,6,8,766.490252
15.00,6,9,762.907694
15.00,6,10,761.1415298
15.00,6,11,760.2747469
15.00,6,12,759.3028474
15.00,6,13,757.9418525
15.00,6,14,755.8496478
15.00,6,15,750.7960202
15.00,6,16,749.372433
15.00,6,17,748.6818137
15.00,6,18,747.8948733
15.00,6,19,746.4159885
15.00,6,20,746.3985352
15.00,6,21,745.8376658
15.00,6,22,745.8030396
15.00,6,23,734.6471017
15.00,6,24,732.5639617
15.00,6,25,730.7196786
15.00,6,26,730.611356
15.00,6,27,728.3143968
15.00,6,28,727.2084239
15.00,6,29,726.6650791
15.00,6,30,725.7079127
15.00,6,31,724.5004819
15.00,6,32,724.4144212
15.00,6,33,724.3688503
15.00,6,34,724.3284119
15.00,6,35,724.2965962
15.00,6,36,724.2683934
15.00,6,37,724.2512603
15.00,6,38,724.2366056
15.00,6,39,724.0007547
15.00,6,40,723.806243
15.00,6,41,716.0645207
15.00,6,42,713.7303539
15.00,6,43,712.8729099
15.00,6,44,710.5183857
15.00,6,45,708.8128828
15.00,6,46,708.6183245
15.00,6,47,708.2921834
15.00,6,48,707.6081366
15.00,6,49,699.0868608
15.00,6,50,698.6355517
15.00,6,51,698.493191
15.00,6,52,698.3949966
15.00,6,53,698.3582589
15.00,6,54,698.3428397
15.00,6,55,697.7996182
15.00,6,56,697.6572758
15.00,6,57,697.6467334
15.00,6,58,697.6411314
15.00,6,59,695.3043646
15.00,6,60,690.5780087
15.00,6,61,690.131099
15.00,6,62,689.7622401
15.00,6,63,689.465879
15.00,6,64,689.3748444
15.00,6,65,687.7434343
15.00,6,66,686.1502078
15.00,6,67,685.9117394
15.00,6,68,685.4467976
15.00,6,69,685.381639
15.00,6,70,685.3697881
15.00,6,71,685.3669834
15.00,6,72,685.2184062
15.00,6,73,681.6915014
15.00,6,74,680.6735447
15.00,6,75,678.3624275
15.00,6,76,677.2863317
15.00,6,77,677.1142806
15.00,6,78,676.6053221
15.00,6,79,676.5757238
15.00,6,80,676.4538435
15.00,6,81,675.5188971
15.00,6,82,673.6350737
15.00,6,83,670.1614861
15.00,6,84,669.9001245
15.00,6,85,669.7678292
15.00,6,86,669.7068609
15.00,6,87,669.0151035
15.00,6,88,668.8497207
15.00,6,89,668.5789515
15.00,6,90,668.5283496
15.00,6,91,667.1944626
15.00,6,92,664.3153857
15.00,6,93,663.9901509
15.00,6,94,663.7543143
15.00,6,95,663.2220847
15.00,6,96,661.2090966
15.00,6,97,660.1364419
15.00,6,98,660.1006667
15.00,6,99,660.0709241
15.00,6,100,660.0463216
15.00,6,101,660.027585
15.00,6,102,660.014318
15.00,6,103,660.0095666
15.00,6,104,659.9117926
15.00,6,105,659.852187
15.00,6,106,659.6870518
15.00,6,107,656.5380341
15.00,6,108,656.3589536
15.00,6,109,655.6664296
15.00,6,110,653.150301
15.00,6,111,653.1241503
15.00,6,112,653.1108329
15.00,6,113,653.1092882
15.00,6,114,652.9851151
15.00,6,115,652.9392827
15.00,6,116,652.8589449
15.00,6,117,652.8481704
15.00,6,118,652.5444271
15.00,6,119,649.8667809
15.00,6,120,649.6081822
15.00,6,121,649.4110141
15.00,6,122,648.9359451
15.00,6,123,648.7497235
15.00,6,124,648.6636155
15.00,6,125,646.2753318
15.00,6,126,645.2262661
15.00,6,127,645.2035618
15.00,6,128,645.186744
15.00,6,129,645.1760802
15.00,6,130,645.1746686
15.00,6,131,645.0894384
15.00,6,132,645.0393008
15.00,6,133,645.0370234
15.00,6,134,644.9607519
15.00,6,135,644.9177401
15.00,6,136,644.883472
15.00,6,137,642.7073691
15.00,6,138,642.475015
15.00,6,139,642.2542323
15.00,6,140,638.6343028
15.00,6,141,638.5607274
15.00,6,142,638.5280809
15.00,6,143,638.4623061
15.00,6,144,638.4254807
15.00,6,145,638.3667048
15.00,6,146,638.3240007
15.00,6,147,638.1362959
15.00,6,148,636.6177542
15.00,6,149,636.3916991
15.00,6,150,635.8737014
15.00,6,151,632.4568714
15.00,6,152,632.3638499
15.00,6,153,632.3579597
15.00,6,154,632.2733771
15.00,6,155,631.4844723
15.00,6,156,628.0039411
15.00,6,157,627.1359575
15.00,6,158,626.4765602
15.00,6,159,626.2569253
15.00,6,160,626.1827297
15.00,6,161,622.1532785
15.00,6,162,622.0459582
15.00,6,163,622.0172568
15.00,6,164,622.0112631
15.00,6,165,621.9618161
15.00,6,166,621.9407186
15.00,6,167,621.8738163
15.00,6,168,621.8523733
15.00,6,169,621.8452455
15.00,6,170,621.8451993
15.00,6,171,621.790795
15.00,6,172,621.7847115
15.00,6,173,621.7090446
15.00,6,174,621.6905045
15.00,6,175,621.685331
15.00,6,176,621.6443267
15.00,6,177,621.461368
15.00,6,178,621.3511101
15.00,6,179,617.6905018
15.00,6,180,616.9740743
15.00,6,181,616.9658968
15.00,6,182,616.8402357
15.00,6,183,616.7774317
15.00,6,184,616.7460617
15.00,6,185,614.43842
15.00,6,186,612.361977
15.00,6,187,612.269575
15.00,6,188,612.2492071
15.00,6,189,612.2102712
15.00,6,190,612.1900009
15.00,6,191,612.1267195
15.00,6,192,612.1112941
15.00,6,193,612.1100476
15.00,6,194,612.0666493
15.00,6,195,612.0460095
15.00,6,196,612.0404044
15.00,6,197,612.0071361
15.00,6,198,611.987318
15.00,6,199,611.9318703
15.00,6,200,611.9144224
15.00,7,1,920.0647682
15.00,7,2,919.8342259
15.00,7,3,919.7237151
15.00,7,4,919.6545623
15.00,7,5,919.6221501
15.00,7,6,919.5332398
15.00,7,7,919.4729695
15.00,7,8,919.4212614
15.00,7,9,919.348138
15.00,7,10,919.3254494
15.00,7,11,919.2293253
15.00,7,12,919.1659381
15.00,7,13,919.120333
15.00,7,14,919.0421488
15.00,7,15,919.0284919
15.00,7,16,918.9244746
15.00,7,17,918.8592043
15.00,7,18,918.8182587
15.00,7,19,918.7367215
15.00,7,20,918.7314756
15.00,7,21,918.6213813
15.00,7,22,918.5531704
15.00,7,23,918.5173284
15.00,7,24,918.43135
15.00,7,25,918.3726725
15.00,7,26,918.3170269
15.00,7,27,918.2474372
15.00,7,28,918.2151913
15.00,7,29,918.1267567
15.00,7,30,918.0668243
15.00,7,31,918.0132265
15.00,7,32,917.9418834
15.00,7,33,917.9117583
15.00,7,34,917.8211748
15.00,7,35,917.7612084
15.00,7,36,917.7080918
15.00,7,37,917.636677
15.00,7,38,917.6074207
15.00,7,39,917.5166178
15.00,7,40,917.4561481
15.00,7,41,917.4033968
15.00,7,42,917.3315778
15.00,7,43,917.3015105
15.00,7,44,917.2109368
15.00,7,45,917.1512931
15.00,7,46,917.0972714
15.00,7,47,917.026817
15.00,7,48,916.9946946
15.00,7,49,916.9062919
15.00,7,50,916.847006
15.00,7,51,916.7916659
15.00,7,52,916.7222254
15.00,7,53,916.6866357
15.00,7,54,916.6007419
15.00,7,55,916.5967474
15.00,7,56,916.4843793
15.00,7,57,916.4178326
15.00,7,58,916.3771516
15.00,7,59,916.2959095
15.00,7,60,916.2839978
15.00,7,61,916.1789176
15.00,7,62,916.1141491
15.00,7,63,916.0689635
15.00,7,64,915.9912601
15.00,7,65,915.9702811
15.00,7,66,915.8721601
15.00,7,67,915.8107234
15.00,7,68,915.7596401
15.00,7,69,915.6872306
15.00,7,70,915.6570183
15.00,7,71,915.5671744
15.00,7,72,915.5080873
15.00,7,73,915.4519487
15.00,7,74,915.3837222
15.00,7,75,915.344284
15.00,7,76,915.2618967
15.00,7,77,915.248014
15.00,7,78,915.1438341
15.00,7,79,915.0808483
15.00,7,80,915.0322577
15.00,7,81,914.9579978
15.00,7,82,914.9301261
15.00,7,83,914.8383797
15.00,7,84,914.7790309
15.00,7,85,914.7231432
15.00,7,86,914.6550075
15.00,7,87,914.6146326
15.00,7,88,914.5332153
15.00,7,89,914.5160023
15.00,7,90,914.4146437
15.00,7,91,914.3530102
15.00,7,92,914.301535
15.00,7,93,914.2299765
15.00,7,94,914.1961256
15.00,7,95,914.1095474
15.00,7,96,914.1022196
15.00,7,97,913.9929777
15.00,7,98,913.928219
15.00,7,99,913.8813225
15.00,7,100,913.805744
15.00,7,101,913.7771173
15.00,7,102,913.6856798
15.00,7,103,913.6835164
15.00,7,104,913.5689912
15.00,7,105,913.5037347
15.00,7,106,913.4580569
15.00,7,107,913.3818031
15.00,7,108,913.3548766
15.00,7,109,913.2624479
15.00,7,110,913.2037334
15.00,7,111,913.1463051
15.00,7,112,913.0801909
15.00,7,113,913.0348981
15.00,7,114,912.9581871
15.00,7,115,912.9300651
15.00,7,116,912.8382774
15.00,7,117,912.8343032
15.00,7,118,912.7212089
15.00,7,119,912.6569741
15.00,7,120,912.6089419
15.00,7,121,912.5350052
15.00,7,122,912.5028595
15.00,7,123,912.4150654
15.00,7,124,912.4054811
15.00,7,125,912.2979533
15.00,7,126,912.2348895
15.00,7,127,912.1840896
15.00,7,128,912.1125332
15.00,7,129,912.0749786
15.00,7,130,911.9916839
15.00,7,131,911.9722271
15.00,7,132,911.8728131
15.00,7,133,911.8132878
15.00,7,134,911.757201
15.00,7,135,911.6906744
15.00,7,136,911.6456061
15.00,7,137,911.5693764
15.00,7,138,911.5394718
15.00,7,139,911.4498399
15.00,7,140,911.4407594
15.00,7,141,911.3326721
15.00,7,142,911.2700655
15.00,7,143,911.2180313
15.00,7,144,911.1479571
15.00,7,145,911.1070466
15.00,7,146,911.026999
15.00,7,147,911.0007764
15.00,7,148,910.907494
15.00,7,149,910.900548
15.00,7,150,910.7898178
15.00,7,151,910.7275837
15.00,7,152,910.6752398
15.00,7,153,910.6058389
15.00,7,154,910.5641895
15.00,7,155,910.48523
15.00,7,156,910.4577465
15.00,7,157,910.3660816
15.00,7,158,910.3573172
15.00,7,159,910.2488173
15.00,7,160,910.1867987
15.00,7,161,910.1333654
15.00,7,162,910.0650094
15.00,7,163,910.0205377
15.00,7,164,909.9440452
15.00,7,165,909.9109501
15.00,7,166,909.8240767
15.00,7,167,909.805339
15.00,7,168,909.7053059
15.00,7,169,909.7045743
15.00,7,170,909.5879689
15.00,7,171,909.5248411
15.00,7,172,909.4731749
15.00,7,173,909.4036493
15.00,7,174,909.3609812
15.00,7,175,909.2832896
15.00,7,176,909.2520235
15.00,7,177,909.1639468
15.00,7,178,909.1470885
15.00,7,179,909.0458495
15.00,7,180,908.9868077
15.00,7,181,908.9288029
15.00,7,182,908.8652017
15.00,7,183,908.8132979
15.00,7,184,908.7440968
15.00,7,185,908.6996006
15.00,7,186,908.6235638
15.00,7,187,908.5880108
15.00,7,188,908.5036818
15.00,7,189,908.4788623
15.00,7,190,908.3845375
15.00,7,191,908.3725213
15.00,7,192,908.2662253
15.00,7,193,908.2068837
15.00,7,194,908.1494644
15.00,7,195,908.0858214
15.00,7,196,908.0340801
15.00,7,197,907.9652184
15.00,7,198,907.9203074
15.00,7,199,907.8451398
15.00,7,200,907.8084175
15.00,8,1,784.3836448
15.00,8,2,784.194079
15.00,8,3,784.1816123
15.00,8,4,784.1752666
15.00,8,5,783.8333153
15.00,8,6,783.66668
15.00,8,7,783.6314785
15.00,8,8,783.6110666
15.00,8,9,783.6042263
15.00,8,10,783.6016648
15.00,8,11,783.2201355
15.00,8,12,783.0502379
15.00,8,13,783.0341378
15.00,8,14,783.0286945
15.00,8,15,782.6739994
15.00,8,16,782.6195858
15.00,8,17,782.5760817
15.00,8,18,782.5567102
15.00,8,19,782.1364088
15.00,8,20,781.9844784
15.00,8,21,781.9497565
15.00,8,22,781.9230803
15.00,8,23,781.9018822
15.00,8,24,781.8834579
15.00,8,25,781.8683379
15.00,8,26,781.8547162
15.00,8,27,781.8444276
15.00,8,28,781.8354146
15.00,8,29,781.8305392
15.00,8,30,781.8269816
15.00,8,31,781.5673458
15.00,8,32,781.3459963
15.00,8,33,781.0788715
15.00,8,34,780.8845226
15.00,8,35,780.5923533
15.00,8,36,780.4858918
15.00,8,37,780.1168364
15.00,8,38,779.9839332
15.00,8,39,779.9595986
15.00,8,40,779.9414519
15.00,8,41,779.928782
15.00,8,42,779.9191256
15.00,8,43,779.9143111
15.00,8,44,779.9119917
15.00,8,45,779.6768123
15.00,8,46,779.519037
15.00,8,47,779.1932122
15.00,8,48,779.0641886
15.00,8,49,779.0500846
15.00,8,50,779.0386568
15.00,8,51,779.0314615
15.00,8,52,779.0268393
15.00,8,53,778.8236931
15.00,8,54,778.6557427
15.00,8,55,778.3407152
15.00,8,56,778.2234571
15.00,8,57,778.2130544
15.00,8,58,778.2056094
15.00,8,59,778.203245
15.00,8,60,778.0021597
15.00,8,61,777.8248788
15.00,8,62,777.520702
15.00,8,63,777.3923574
15.00,8,64,777.3800866
15.00,8,65,777.3725151
15.00,8,66,777.3683034
15.00,8,67,777.1826391
15.00,8,68,777.0660606
15.00,8,69,776.7031084
15.00,8,70,776.6425261
15.00,8,71,776.4551264
15.00,8,72,776.4250421
15.00,8,73,775.9995032
15.00,8,74,775.9853929
15.00,8,75,775.9772434
15.00,8,76,775.7111155
15.00,8,77,775.6272011
15.00,8,78,775.6101617
15.00,8,79,775.6062592
15.00,8,80,775.3939643
15.00,8,81,775.2625378
15.00,8,82,775.249417
15.00,8,83,775.2433379
15.00,8,84,775.2426304
15.00,8,85,775.0548321
15.00,8,86,774.9351399
15.00,8,87,774.9291403
15.00,8,88,774.9276694
15.00,8,89,774.7490484
15.00,8,90,774.7458157
15.00,8,91,774.2730556
15.00,8,92,774.2292093
15.00,8,93,774.2170733
15.00,8,94,774.2082238
15.00,8,95,774.2045216
15.00,8,96,774.0518142
15.00,8,97,773.9740634
15.00,8,98,773.5740255
15.00,8,99,773.5148523
15.00,8,100,773.4990728
15.00,8,101,773.4866876
15.00,8,102,773.47773
15.00,8,103,773.4740459
15.00,8,104,773.3270372
15.00,8,105,773.274785
15.00,8,106,772.8500661
15.00,8,107,772.8007866
15.00,8,108,772.7880589
15.00,8,109,772.7796992
15.00,8,110,772.7757989
15.00,8,111,772.6323164
15.00,8,112,772.513668
15.00,8,113,772.5131241
15.00,8,114,772.357592
15.00,8,115,772.2433828
15.00,8,116,772.1118142
15.00,8,117,772.0801028
15.00,8,118,771.6362075
15.00,8,119,771.6027849
15.00,8,120,771.5955746
15.00,8,121,771.5946594
15.00,8,122,771.4475757
15.00,8,123,771.341227
15.00,8,124,771.2022442
15.00,8,125,771.0925151
15.00,8,126,770.957028
15.00,8,127,770.8478675
15.00,8,128,770.7119238
15.00,8,129,770.6074025
15.00,8,130,770.4669301
15.00,8,131,770.3712432
15.00,8,132,770.2220471
15.00,8,133,770.1403885
15.00,8,134,769.9772766
15.00,8,135,769.9158172
15.00,8,136,769.7326238
15.00,8,137,769.699882
15.00,8,138,769.488097
15.00,8,139,769.424436
15.00,8,140,769.4112781
15.00,8,141,769.403141
15.00,8,142,769.4008187
15.00,8,143,769.2719696
15.00,8,144,769.1950077
15.00,8,145,769.0276572
15.00,8,146,769.0096461
15.00,8,147,768.7835473
15.00,8,148,768.7344649
15.00,8,149,768.7269436
15.00,8,150,768.7256924
15.00,8,151,768.5961498
15.00,8,152,768.5336761
15.00,8,153,768.3521271
15.00,8,154,768.2918326
15.00,8,155,768.2811503
15.00,8,156,768.2759924
15.00,8,157,768.1649389
15.00,8,158,768.0829012
15.00,8,159,767.9210292
15.00,8,160,767.8568426
15.00,8,161,767.8453064
15.00,8,162,767.8391938
15.00,8,163,767.7339839
15.00,8,164,767.6504336
15.00,8,165,767.4902151
15.00,8,166,767.4281775
15.00,8,167,767.417834
15.00,8,168,767.4134455
15.00,8,169,767.3032691
15.00,8,170,767.2361128
15.00,8,171,767.0596855
15.00,8,172,767.0067764
15.00,8,173,767.0001703
15.00,8,174,766.9012696
15.00,8,175,766.8143685
15.00,8,176,766.6576831
15.00,8,177,766.5962575
15.00,8,178,766.5868011
15.00,8,179,766.5845745
15.00,8,180,766.4708993
15.00,8,181,766.417593
15.00,8,182,766.2275294
15.00,8,183,766.1819377
15.00,8,184,766.1788037
15.00,8,185,766.0692443
15.00,8,186,766.0267107
15.00,8,187,765.8261177
15.00,8,188,765.7939068
15.00,8,189,765.696253
15.00,8,190,765.6374487
15.00,8,191,765.453158
15.00,8,192,765.4169871
15.00,8,193,765.32338
15.00,8,194,765.2634566
15.00,8,195,765.0803704
15.00,8,196,765.0471122
15.00,8,197,764.9506138
15.00,8,198,764.904746
15.00,8,199,764.7077587
15.00,8,200,764.6852218
15.00,9,1,993.8315709
15.00,9,2,993.7822597
15.00,9,3,993.7572561
15.00,9,4,993.7126307
15.00,9,5,993.6843215
15.00,9,6,993.6434309
15.00,9,7,993.6122526
15.00,9,8,993.5744487
15.00,9,9,993.5408816
15.00,9,10,993.5400062
15.00,9,11,993.4703647
15.00,9,12,993.4627505
15.00,9,13,993.4002251
15.00,9,14,993.3868475
15.00,9,15,993.3304157
15.00,9,16,993.3121191
15.00,9,17,993.2608947
15.00,9,18,993.2384085
15.00,9,19,993.1916256
15.00,9,20,993.1655779
15.00,9,21,993.1225761
15.00,9,22,993.0935068
15.00,9,23,993.0537185
15.00,9,24,993.0220901
15.00,9,25,992.9850285
15.00,9,26,992.9512366
15.00,9,27,992.9492713
15.00,9,28,992.8805994
15.00,9,29,992.8709418
15.00,9,30,992.8104885
15.00,9,31,992.7945347
15.00,9,32,992.7408108
15.00,9,33,992.719697
15.00,9,34,992.671491
15.00,9,35,992.6461441
15.00,9,36,992.6024683
15.00,9,37,992.5736455
15.00,9,38,992.5336933
15.00,9,39,992.5020145
15.00,9,40,992.4651258
15.00,9,41,992.4310992
15.00,9,42,992.427649
15.00,9,43,992.3610233
15.00,9,44,992.3509693
15.00,9,45,992.2913369
15.00,9,46,992.2756843
15.00,9,47,992.2219878
15.00,9,48,992.2015994
15.00,9,49,992.152931
15.00,9,50,992.1285446
15.00,9,51,992.084127
15.00,9,52,992.0563723
15.00,9,53,992.0155417
15.00,9,54,991.9849544
15.00,9,55,991.9471458
15.00,9,56,991.9141809
15.00,9,57,991.878914
15.00,9,58,991.8720039
15.00,9,59,991.7822418
15.00,9,60,991.7445701
15.00,9,61,991.7113075
15.00,9,62,991.710172
15.00,9,63,991.6412972
15.00,9,64,991.6330412
15.00,9,65,991.5717159
15.00,9,66,991.5574521
15.00,9,67,991.5025046
15.00,9,68,991.483183
15.00,9,69,991.4336116
15.00,9,70,991.4100412
15.00,9,71,991.3649927
15.00,9,72,991.3378601
15.00,9,73,991.2966094
15.00,9,74,991.2664962
15.00,9,75,991.2284289
15.00,9,76,991.1958263
15.00,9,77,991.1604231
15.00,9,78,991.154822
15.00,9,79,991.0642949
15.00,9,80,991.0265674
15.00,9,81,990.9935064
15.00,9,82,990.9925813
15.00,9,83,990.9236775
15.00,9,84,990.9154406
15.00,9,85,990.8543009
15.00,9,86,990.8399265
15.00,9,87,990.7853121
15.00,9,88,990.7657976
15.00,9,89,990.7166553
15.00,9,90,990.6928452
15.00,9,91,990.6482825
15.00,9,92,990.62089
15.00,9,93,990.5801526
15.00,9,94,990.5497784
15.00,9,95,990.5122306
15.00,9,96,990.4793794
15.00,9,97,990.47907
15.00,9,98,990.4093044
15.00,9,99,990.4004663
15.00,9,100,990.3398597
15.00,9,101,990.3241669
15.00,9,102,990.2709236
15.00,9,103,990.2497135
15.00,9,104,990.2023998
15.00,9,105,990.1767435
15.00,9,106,990.1342118
15.00,9,107,990.1049688
15.00,9,108,990.0662985
15.00,9,109,990.0341599
15.00,9,110,989.9986112
15.00,9,111,989.9926913
15.00,9,112,989.9021974
15.00,9,113,989.8654366
15.00,9,114,989.8321185
15.00,9,115,989.8295694
15.00,9,116,989.7623837
15.00,9,117,989.7516266
15.00,9,118,989.6932672
15.00,9,119,989.67594
15.00,9,120,989.624648
15.00,9,121,989.6020541
15.00,9,122,989.5564304
15.00,9,123,989.5296096
15.00,9,124,989.4885387
15.00,9,125,989.4583223
15.00,9,126,989.420913
15.00,9,127,989.3879666
15.00,9,128,989.3862701
15.00,9,129,989.3186197
15.00,9,130,989.3094039
15.00,9,131,989.249766
15.00,9,132,989.2343114
15.00,9,133,989.1813297
15.00,9,134,989.1607109
15.00,9,135,989.1132464
15.00,9,136,989.0883625
15.00,9,137,989.0454615
15.00,9,138,989.0170624
15.00,9,139,988.9779288
15.00,9,140,988.9466383
15.00,9,141,988.9106092
15.00,9,142,988.9103012
15.00,9,143,988.8163969
15.00,9,144,988.7782748
15.00,9,145,988.7460018
15.00,9,146,988.7110399
15.00,9,147,988.7022152
15.00,9,148,988.614649
15.00,9,149,988.5787058
15.00,9,150,988.5780294
15.00,9,151,988.4845572
15.00,9,152,988.4465872
15.00,9,153,988.4142728
15.00,9,154,988.4142067
15.00,9,155,988.3450856
15.00,9,156,988.3370207
15.00,9,157,988.2764384
15.00,9,158,988.2617794
15.00,9,159,988.2082452
15.00,9,160,988.1881633
15.00,9,161,988.1404331
15.00,9,162,988.1159018
15.00,9,163,988.0729409
15.00,9,164,988.0447666
15.00,9,165,988.0057169
15.00,9,166,987.9745661
15.00,9,167,987.938718
15.00,9,168,987.9377851
15.00,9,169,987.8447783
15.00,9,170,987.8070175
15.00,9,171,987.7746871
15.00,9,172,987.7740922
15.00,9,173,987.7057071
15.00,9,174,987.6970804
15.00,9,175,987.6372811
15.00,9,176,987.6220631
15.00,9,177,987.5693187
15.00,9,178,987.5487048
15.00,9,179,987.5017436
15.00,9,180,987.4767226
15.00,9,181,987.4344921
15.00,9,182,987.4058793
15.00,9,183,987.3675105
15.00,9,184,987.3359767
15.00,9,185,987.3007547
15.00,9,186,987.2962165
15.00,9,187,987.2063972
15.00,9,188,987.1694537
15.00,9,189,987.1366612
15.00,9,190,987.1338918
15.00,9,191,987.0680012
15.00,9,192,987.0574763
15.00,9,193,986.9998892
15.00,9,194,986.9830307
15.00,9,195,986.9322334
15.00,9,196,986.9102152
15.00,9,197,986.864957
15.00,9,198,986.838745
15.00,9,199,986.797996
15.00,9,200,986.7683827
15.00,10,1,823.8304217
15.00,10,2,823.6257409
15.00,10,3,823.5194686
15.00,10,4,823.4962625
15.00,10,5,823.3642521
15.00,10,6,823.2838268
15.00,10,7,823.2166033
15.00,10,8,823.1230644
15.00,10,9,823.0798661
15.00,10,10,822.9661066
15.00,10,11,822.9599229
15.00,10,12,822.8149562
15.00,10,13,822.7291207
15.00,10,14,822.6712235
15.00,10,15,822.5699037
15.00,10,16,822.5392675
15.00,10,17,822.414607
15.00,10,18,822.3368359
15.00,10,19,822.2660569
15.00,10,20,822.1765125
15.00,10,21,822.1272109
15.00,10,22,822.019576
15.00,10,23,822.0032283
15.00,10,24,821.8677764
15.00,10,25,821.785502
15.00,10,26,821.7225542
15.00,10,27,821.6265527
15.00,10,28,821.587712
15.00,10,29,821.471071
15.00,10,30,821.4681661
15.00,10,31,821.3206077
15.00,10,32,821.2359276
15.00,10,33,821.1790097
15.00,10,34,821.0787942
15.00,10,35,821.0500457
15.00,10,36,820.9260295
15.00,10,37,820.8479451
15.00,10,38,820.7788846
15.00,10,39,820.6891179
15.00,10,40,820.6405418
15.00,10,41,820.5332489
15.00,10,42,820.5151362
15.00,10,43,820.3816439
15.00,10,44,820.3017269
15.00,10,45,820.2374472
15.00,10,46,820.1444457
15.00,10,47,820.1037878
15.00,10,48,819.9908154
15.00,10,49,819.986184
15.00,10,50,819.8427029
15.00,10,51,819.7583549
15.00,10,52,819.7015151
15.00,10,53,819.6023038
15.00,10,54,819.5712603
15.00,10,55,819.4498745
15.00,10,56,819.3740915
15.00,10,57,819.3036357
15.00,10,58,819.2168462
15.00,10,59,819.1661827
15.00,10,60,819.0626545
15.00,10,61,819.0420411
15.00,10,62,818.9130404
15.00,10,63,818.8339016
15.00,10,64,818.769215
15.00,10,65,818.6777288
15.00,10,66,818.6344495
15.00,10,67,818.5245784
15.00,10,68,818.5129046
15.00,10,69,818.3757566
15.00,10,70,818.2953407
15.00,10,71,818.2344797
15.00,10,72,818.1405791
15.00,10,73,818.1038229
15.00,10,74,817.9894786
15.00,10,75,817.9892478
15.00,10,76,817.8438803
15.00,10,77,817.7595459
15.00,10,78,817.7050852
15.00,10,79,817.605823
15.00,10,80,817.5770098
15.00,10,81,817.4556345
15.00,10,82,817.3804836
15.00,10,83,817.3114787
15.00,10,84,817.2254662
15.00,10,85,817.1758044
15.00,10,86,817.0733855
15.00,10,87,817.0528937
15.00,10,88,816.9256774
15.00,10,89,816.8477646
15.00,10,90,816.7834394
15.00,10,91,816.6936502
15.00,10,92,816.6497273
15.00,10,93,816.5423733
15.00,10,94,816.5283734
15.00,10,95,816.3951324
15.00,10,96,816.3165863
15.00,10,97,816.254886
15.00,10,98,816.1636779
15.00,10,99,816.1243985
15.00,10,100,816.0141253
15.00,10,101,816.0085789
15.00,10,102,815.8695748
15.00,10,103,815.7880265
15.00,10,104,815.7311666
15.00,10,105,815.6359547
15.00,10,106,815.6023797
15.00,10,107,815.4870546
15.00,10,108,815.4144208
15.00,10,109,815.3435142
15.00,10,110,815.2611091
15.00,10,111,815.2074479
15.00,10,112,815.1103847
15.00,10,113,815.0825391
15.00,10,114,814.9634756
15.00,10,115,814.8889034
15.00,10,116,814.8213209
15.00,10,117,814.7363322
15.00,10,118,814.6865177
15.00,10,119,814.5862149
15.00,10,120,814.5623034
15.00,10,121,814.4395617
15.00,10,122,814.364925
15.00,10,123,814.2988239
15.00,10,124,814.2133342
15.00,10,125,814.1662799
15.00,10,126,814.0645631
15.00,10,127,814.0459462
15.00,10,128,813.9199496
15.00,10,129,813.8433772
15.00,10,130,813.7804448
15.00,10,131,813.6924531
15.00,10,132,813.6488622
15.00,10,133,813.5441537
15.00,10,134,813.5286472
15.00,10,135,813.3995498
15.00,10,136,813.3232526
15.00,10,137,813.2613096
15.00,10,138,813.1732699
15.00,10,139,813.1318263
15.00,10,140,813.0262865
15.00,10,141,813.0153634
15.00,10,142,812.8837215
15.00,10,143,812.8055824
15.00,10,144,812.7465159
15.00,10,145,812.656181
15.00,10,146,812.6176393
15.00,10,147,812.5095231
15.00,10,148,812.5006685
15.00,10,149,812.3667164
15.00,10,150,812.2892338
15.00,10,151,812.2305823
15.00,10,152,812.1407186
15.00,10,153,812.1035724
15.00,10,154,811.995317
15.00,10,155,811.9900943
15.00,10,156,811.8544941
15.00,10,157,811.7753538
15.00,10,158,811.7191632
15.00,10,159,811.6273288
15.00,10,160,811.5923774
15.00,10,161,811.4821063
15.00,10,162,811.4777616
15.00,10,163,811.3408052
15.00,10,164,811.2627157
15.00,10,165,811.2063244
15.00,10,166,811.1155082
15.00,10,167,811.0811141
15.00,10,168,810.9714551
15.00,10,169,810.9696129
15.00,10,170,810.8320295
15.00,10,171,810.7525469
15.00,10,172,810.6981033
15.00,10,173,810.605739
15.00,10,174,810.5727356
15.00,10,175,810.4617296
15.00,10,176,810.4595134
15.00,10,177,810.321623
15.00,10,178,810.2435677
15.00,10,179,810.1883126
15.00,10,180,810.0974992
15.00,10,181,810.06419
15.00,10,182,809.9545503
15.00,10,183,809.9536104
15.00,10,184,809.8161634
15.00,10,185,809.7370423
15.00,10,186,809.6831607
15.00,10,187,809.59129
15.00,10,188,809.5585285
15.00,10,189,809.44827
15.00,10,190,809.4457355
15.00,10,191,809.3090481
15.00,10,192,809.2316839
15.00,10,193,809.1764303
15.00,10,194,809.0865886
15.00,10,195,809.0526974
15.00,10,196,808.9445057
15.00,10,197,808.942015
15.00,10,198,808.8068115
15.00,10,199,808.7287471
15.00,10,200,808.6742734
15.00,11,1,743.8110484
15.00,11,2,743.6030865
15.00,11,3,743.5604694
15.00,11,4,743.450041
15.00,11,5,743.3781391
15.00,11,6,743.346123
15.00,11,7,743.2224621
15.00,11,8,743.1544671
15.00,11,9,743.1336248
15.00,11,10,742.9958284
15.00,11,11,742.9327729
15.00,11,12,742.9266977
15.00,11,13,742.769796
15.00,11,14,742.7122169
15.00,11,15,742.6225708
15.00,11,16,742.5670901
15.00,11,17,742.4054294
15.00,11,18,742.3495917
15.00,11,19,742.2581207
15.00,11,20,742.2087579
15.00,11,21,742.0420707
15.00,11,22,741.9880448
15.00,11,23,741.8946524
15.00,11,24,741.8516941
15.00,11,25,741.6797149
15.00,11,26,741.627584
15.00,11,27,741.5321593
15.00,11,28,741.4959353
15.00,11,29,741.3183593
15.00,11,30,741.2682193
15.00,11,31,741.1706354
15.00,11,32,741.1415238
15.00,11,33,740.9580023
15.00,11,34,740.9099632
15.00,11,35,740.8100751
15.00,11,36,740.7885086
15.00,11,37,740.5986433
15.00,11,38,740.5528309
15.00,11,39,740.450473
15.00,11,40,740.4369462
15.00,11,41,740.2402824
15.00,11,42,740.1968406
15.00,11,43,740.0918243
15.00,11,44,740.0869017
15.00,11,45,739.8829213
15.00,11,46,739.8420141
15.00,11,47,739.7341249
15.00,11,48,739.6640908
15.00,11,49,739.632723
15.00,11,50,739.5128016
15.00,11,51,739.4469788
15.00,11,52,739.4281834
15.00,11,53,739.2920677
15.00,11,54,739.2310104
15.00,11,55,739.2259689
15.00,11,56,739.0724191
15.00,11,57,739.017494
15.00,11,58,738.9288267
15.00,11,59,738.8815057
15.00,11,60,738.7183834
15.00,11,61,738.6667894
15.00,11,62,738.5742145
15.00,11,63,738.5394245
15.00,11,64,738.3654365
15.00,11,65,738.3175824
15.00,11,66,738.2205675
15.00,11,67,738.1999366
15.00,11,68,738.0136044
15.00,11,69,737.9699741
15.00,11,70,737.867893
15.00,11,71,737.8633422
15.00,11,72,737.6629228
15.00,11,73,737.6240889
15.00,11,74,737.5162015
15.00,11,75,737.4482368
15.00,11,76,737.4206649
15.00,11,77,737.2983365
15.00,11,78,737.2347244
15.00,11,79,737.2197733
15.00,11,80,737.0814776
15.00,11,81,737.0234898
15.00,11,82,736.941071
15.00,11,83,736.8805068
15.00,11,84,736.732355
15.00,11,85,736.6778178
15.00,11,86,736.5913283
15.00,11,87,736.543898
15.00,11,88,736.3843223
15.00,11,89,736.3337445
15.00,11,90,736.242526
15.00,11,91,736.2102673
15.00,11,92,736.0374211
15.00,11,93,735.991416
15.00,11,94,735.894678
15.00,11,95,735.8800458
15.00,11,96,735.691706
15.00,11,97,735.6510151
15.00,11,98,735.5478037
15.00,11,99,735.4799739
15.00,11,100,735.4506431
15.00,11,101,735.3329028
15.00,11,102,735.2695402
15.00,11,103,735.2532532
15.00,11,104,735.1190334
15.00,11,105,735.0615091
15.00,11,106,734.9806728
15.00,11,107,734.9207901
15.00,11,108,734.774831
15.00,11,109,734.7214179
15.00,11,110,734.6356565
15.00,11,111,734.5916842
15.00,11,112,734.4317819
15.00,11,113,734.3832127
15.00,11,114,734.2915838
15.00,11,115,734.266484
15.00,11,116,734.0899608
15.00,11,117,734.0471413
15.00,11,118,733.9484836
15.00,11,119,733.9459197
15.00,11,120,733.7494668
15.00,11,121,733.7135218
15.00,11,122,733.606395
15.00,11,123,733.5414593
15.00,11,124,733.5189083
15.00,11,125,733.3946673
15.00,11,126,733.3350728
15.00,11,127,733.3282612
15.00,11,128,733.1841543
15.00,11,129,733.1316761
15.00,11,130,733.0464397
15.00,11,131,733.0057062
15.00,11,132,732.8451072
15.00,11,133,732.7984051
15.00,11,134,732.7061144
15.00,11,135,732.6881989
15.00,11,136,732.5074228
15.00,11,137,732.4677532
15.00,11,138,732.366802
15.00,11,139,732.3009051
15.00,11,140,732.2742397
15.00,11,141,732.1567269
15.00,11,142,732.0961042
15.00,11,143,732.0850634
15.00,11,144,731.9478703
15.00,11,145,731.8943463
15.00,11,146,731.8117691
15.00,11,147,731.7667074
15.00,11,148,731.611731
15.00,11,149,731.5644901
15.00,11,150,731.4742198
15.00,11,151,731.4542441
15.00,11,152,731.2770578
15.00,11,153,731.2376352
15.00,11,154,731.1377168
15.00,11,155,731.0725301
15.00,11,156,731.0469024
15.00,11,157,730.9294564
15.00,11,158,730.8699462
15.00,11,159,730.8612396
15.00,11,160,730.7225203
15.00,11,161,730.6707605
15.00,11,162,730.5872053
15.00,11,163,730.5491957
15.00,11,164,730.3895138
15.00,11,165,730.3452256
15.00,11,166,730.252479
15.00,11,167,730.2446848
15.00,11,168,730.0581966
15.00,11,169,730.0234435
15.00,11,170,729.9188881
15.00,11,171,729.8563396
15.00,11,172,729.8377466
15.00,11,173,729.71269
15.00,11,174,729.6568747
15.00,11,175,729.5794863
15.00,11,176,729.5238497
15.00,11,177,729.3811263
15.00,11,178,729.3315747
15.00,11,179,729.2465339
15.00,11,180,729.2159908
15.00,11,181,729.0509946
15.00,11,182,729.0093033
15.00,11,183,728.9145875
15.00,11,184,728.8493211
15.00,11,185,728.8213883
15.00,11,186,728.7094837
15.00,11,187,728.6505872
15.00,11,188,728.642288
15.00,11,189,728.5055166
15.00,11,190,728.4549102
15.00,11,191,728.3720965
15.00,11,192,728.3376311
15.00,11,193,728.1773448
15.00,11,194,728.13514
15.00,11,195,728.0419865
15.00,11,196,728.0416728
15.00,11,197,727.8509697
15.00,11,198,727.8195999
15.00,11,199,727.7130369
15.00,11,200,727.6529045
15.00,12,1,826.3182162
15.00,12,2,826.2599811
15.00,12,3,826.220438
15.00,12,4,826.2037017
15.00,12,5,826.0970902
15.00,12,6,826.0942055
15.00,12,7,825.861993
15.00,12,8,825.8536256
15.00,12,9,825.7260675
15.00,12,10,825.6688948
15.00,12,11,825.6628811
15.00,12,12,825.5413309
15.00,12,13,825.4835032
15.00,12,14,825.4772212
15.00,12,15,825.356713
15.00,12,16,825.2963919
15.00,12,17,825.2871368
15.00,12,18,825.172463
15.00,12,19,825.1113167
15.00,12,20,825.1015874
15.00,12,21,824.9883352
15.00,12,22,824.9247409
15.00,12,23,824.9121413
15.00,12,24,824.8045605
15.00,12,25,824.7400095
15.00,12,26,824.7267623
15.00,12,27,824.6209223
15.00,12,28,824.6173752
15.00,12,29,824.3896853
15.00,12,30,824.3794535
15.00,12,31,824.2553438
15.00,12,32,824.1971263
15.00,12,33,824.1892873
15.00,12,34,824.0724957
15.00,12,35,824.0128487
15.00,12,36,824.0039721
15.00,12,37,823.8897666
15.00,12,38,823.8270733
15.00,12,39,823.8147581
15.00,12,40,823.7073931
15.00,12,41,823.6432162
15.00,12,42,823.6297508
15.00,12,43,823.5251576
15.00,12,44,823.5183853
15.00,12,45,823.2955981
15.00,12,46,823.2829878
15.00,12,47,823.1623611
15.00,12,48,823.1029317
15.00,12,49,823.0933465
15.00,12,50,822.9809028
15.00,12,51,822.9195414
15.00,12,52,822.9084148
15.00,12,53,822.7995743
15.00,12,54,822.7348549
15.00,12,55,822.7200468
15.00,12,56,822.6185924
15.00,12,57,822.6122099
15.00,12,58,822.3909228
15.00,12,59,822.3835365
15.00,12,60,822.2584718
15.00,12,61,822.2035807
15.00,12,62,822.1983016
15.00,12,63,822.0780109
15.00,12,64,822.0188347
15.00,12,65,822.0089181
15.00,12,66,821.8979215
15.00,12,67,821.8362984
15.00,12,68,821.8243495
15.00,12,69,821.7179677
15.00,12,70,821.7155667
15.00,12,71,821.4913489
15.00,12,72,821.4791852
15.00,12,73,821.3597493
15.00,12,74,821.3004558
15.00,12,75,821.290055
15.00,12,76,821.180564
15.00,12,77,821.1185102
15.00,12,78,821.1057772
15.00,12,79,821.0015195
15.00,12,80,820.9938162
15.00,12,81,820.7759217
15.00,12,82,820.7608706
15.00,12,83,820.6450923
15.00,12,84,820.5844226
15.00,12,85,820.5723594
15.00,12,86,820.4668103
15.00,12,87,820.4031654
15.00,12,88,820.3885501
15.00,12,89,820.2886785
15.00,12,90,820.2702004
15.00,12,91,820.0639892
15.00,12,92,820.0437258
15.00,12,93,819.9340215
15.00,12,94,819.8709156
15.00,12,95,819.8562094
15.00,12,96,819.7566435
15.00,12,97,819.7453863
15.00,12,98,819.5333357
15.00,12,99,819.5211257
15.00,12,100,819.4036627
15.00,12,101,819.3461361
15.00,12,102,819.3368064
15.00,12,103,819.2268049
15.00,12,104,819.1641265
15.00,12,105,819.1494775
15.00,12,106,819.0503077
15.00,12,107,819.038064
15.00,12,108,818.8280729
15.00,12,109,818.8148201
15.00,12,110,818.6990759
15.00,12,111,818.6410029
15.00,12,112,818.6307933
15.00,12,113,818.5231011
15.00,12,114,818.459697
15.00,12,115,818.4440331
15.00,12,116,818.3474852
15.00,12,117,818.3285652
15.00,12,118,818.1261903
15.00,12,119,818.1092661
15.00,12,120,817.9979688
15.00,12,121,817.9380814
15.00,12,122,817.9258048
15.00,12,123,817.8228844
15.00,12,124,817.8118485
15.00,12,125,817.6021676
15.00,12,126,817.5833333
15.00,12,127,817.4743672
15.00,12,128,817.4119633
15.00,12,129,817.3967348
15.00,12,130,817.3000445
15.00,12,131,817.2816114
15.00,12,132,817.0803731
15.00,12,133,817.0628821
15.00,12,134,816.953111
15.00,12,135,816.8929354
15.00,12,136,816.8798756
15.00,12,137,816.7793235
15.00,12,138,816.7626675
15.00,12,139,816.5601111
15.00,12,140,816.5382034
15.00,12,141,816.4333754
15.00,12,142,816.4268093
15.00,12,143,816.2148766
15.00,12,144,816.1969415
15.00,12,145,816.08828
15.00,12,146,816.0263193
15.00,12,147,816.0108563
15.00,12,148,815.9156624
15.00,12,149,815.89364
15.00,12,150,815.6980342
15.00,12,151,815.6778975
15.00,12,152,815.5721107
15.00,12,153,815.5106751
15.00,12,154,815.4957786
15.00,12,155,815.4000397
15.00,12,156,815.3721978
15.00,12,157,815.1827405
15.00,12,158,815.1553222
15.00,12,159,815.0574712
15.00,12,160,815.0345946
15.00,12,161,814.8407835
15.00,12,162,814.8152058
15.00,12,163,814.7157391
15.00,12,164,814.6966383
15.00,12,165,814.4996388
15.00,12,166,814.4754021
15.00,12,167,814.3748393
15.00,12,168,814.3582873
15.00,12,169,814.1593019
15.00,12,170,814.1358967
15.00,12,171,814.0347679
15.00,12,172,814.019527
15.00,12,173,813.8197692
15.00,12,174,813.7966872
15.00,12,175,813.6955213
15.00,12,176,813.6803698
15.00,12,177,813.4810377
15.00,12,178,813.4577829
15.00,12,179,813.3570964
15.00,12,180,813.3408531
15.00,12,181,813.1431055
15.00,12,182,813.1192029
15.00,12,183,813.0194905
15.00,12,184,813.0010363
15.00,12,185,812.8059713
15.00,12,186,812.7809757
15.00,12,187,812.6827011
15.00,12,188,812.6609978
15.00,12,189,812.4696341
15.00,12,190,812.443137
15.00,12,191,812.3467259
15.00,12,192,812.3208312
15.00,12,193,812.1340936
15.00,12,194,812.1057285
15.00,12,195,812.0115629
15.00,12,196,811.9806416
15.00,12,197,811.7993498
15.00,12,198,811.768796
15.00,12,199,811.6772102
15.00,12,200,811.6405419
15.00,13,1,794.3327328
15.00,13,2,794.1233445
15.00,13,3,794.0755567
15.00,13,4,794.0687955
15.00,13,5,794.0130312
15.00,13,6,793.9944294
15.00,13,7,793.9852908
15.00,13,8,793.9502482
15.00,13,9,793.9362903
15.00,13,10,793.8907985
15.00,13,11,793.8712408
15.00,13,12,793.8585683
15.00,13,13,793.8289939
15.00,13,14,793.8072778
15.00,13,15,793.7694204
15.00,13,16,793.7603555
15.00,13,17,793.7102474
15.00,13,18,793.6914457
15.00,13,19,793.6806504
15.00,13,20,793.6482779
15.00,13,21,793.630485
15.00,13,22,793.5888605
15.00,13,23,793.5848803
15.00,13,24,793.5298474
15.00,13,25,793.511665
15.00,13,26,793.5023221
15.00,13,27,793.4678045
15.00,13,28,793.4537951
15.00,13,29,793.4086219
15.00,13,30,793.389187
15.00,13,31,793.3767191
15.00,13,32,793.3470108
15.00,13,33,793.3253904
15.00,13,34,793.287625
15.00,13,35,793.2780446
15.00,13,36,793.2285958
15.00,13,37,793.2097085
15.00,13,38,793.1985225
15.00,13,39,793.1669285
15.00,13,40,793.1486136
15.00,13,41,793.1077551
15.00,13,42,793.1035873
15.00,13,43,793.0490262
15.00,13,44,793.0309775
15.00,13,45,793.0218824
15.00,13,46,792.9871627
15.00,13,47,792.9731907
15.00,13,48,792.9281495
15.00,13,49,792.9087177
15.00,13,50,792.8960889
15.00,13,51,792.8668076
15.00,13,52,792.8451208
15.00,13,53,792.8076707
15.00,13,54,792.7984509
15.00,13,55,792.7489276
15.00,13,56,792.7302306
15.00,13,57,792.7194257
15.00,13,58,792.6874262
15.00,13,59,792.6695457
15.00,13,60,792.6284416
15.00,13,61,792.6241453
15.00,13,62,792.5698539
15.00,13,63,792.5517556
15.00,13,64,792.5423531
15.00,13,65,792.5082837
15.00,13,66,792.4940595
15.00,13,67,792.4495278
15.00,13,68,792.4301895
15.00,13,69,792.4176935
15.00,13,70,792.3883857
15.00,13,71,792.3666374
15.00,13,72,792.3294299
15.00,13,73,792.3194796
15.00,13,74,792.2708232
15.00,13,75,792.2520129
15.00,13,76,792.2407511
15.00,13,77,792.2096291
15.00,13,78,792.191065
15.00,13,79,792.1508799
15.00,13,80,792.1461445
15.00,13,81,792.0925646
15.00,13,82,792.0745629
15.00,13,83,792.0653156
15.00,13,84,792.0311831
15.00,13,85,792.0167987
15.00,13,86,791.9725897
15.00,13,87,791.9532291
15.00,13,88,791.9405116
15.00,13,89,791.911721
15.00,13,90,791.8897578
15.00,13,91,791.853006
15.00,13,92,791.8431834
15.00,13,93,791.7946741
15.00,13,94,791.7760194
15.00,13,95,791.7650524
15.00,13,96,791.7336544
15.00,13,97,791.7153408
15.00,13,98,791.6750874
15.00,13,99,791.6699795
15.00,13,100,791.6169063
15.00,13,101,791.5988249
15.00,13,102,791.5891988
15.00,13,103,791.5558232
15.00,13,104,791.5410056
15.00,13,105,791.4974775
15.00,13,106,791.478183
15.00,13,107,791.46553
15.00,13,108,791.4368148
15.00,13,109,791.4146472
15.00,13,110,791.3782756
15.00,13,111,791.3675373
15.00,13,112,791.3200745
15.00,13,113,791.3012843
15.00,13,114,791.2898081
15.00,13,115,791.259365
15.00,13,116,791.2402324
15.00,13,117,791.2010252
15.00,13,118,791.1952544
15.00,13,119,791.1431044
15.00,13,120,791.1250847
15.00,13,121,791.1155264
15.00,13,122,791.0822191
15.00,13,123,791.0670632
15.00,13,124,791.0240303
15.00,13,125,791.023359
15.00,13,126,790.9662606
15.00,13,127,790.9488524
15.00,13,128,790.9407243
15.00,13,129,790.9053027
15.00,13,130,790.8939118
15.00,13,131,790.8473483
15.00,13,132,790.8286036
15.00,13,133,790.8171464
15.00,13,134,790.7868462
15.00,13,135,790.7673557
15.00,13,136,790.7286712
15.00,13,137,790.7216807
15.00,13,138,790.6708622
15.00,13,139,790.6526543
15.00,13,140,790.6424506
15.00,13,141,790.6103049
15.00,13,142,790.5940751
15.00,13,143,790.5523399
15.00,13,144,790.5507272
15.00,13,145,790.4948306
15.00,13,146,790.4774593
15.00,13,147,790.4693448
15.00,13,148,790.4340721
15.00,13,149,790.4221505
15.00,13,150,790.3762607
15.00,13,151,790.3574366
15.00,13,152,790.3456155
15.00,13,153,790.3160464
15.00,13,154,790.2960447
15.00,13,155,790.2581019
15.00,13,156,790.2508565
15.00,13,157,790.2005574
15.00,13,158,790.1824589
15.00,13,159,790.172441
15.00,13,160,790.1401817
15.00,13,161,790.1239186
15.00,13,162,790.082383
15.00,13,163,790.0799314
15.00,13,164,790.0249845
15.00,13,165,790.0074622
15.00,13,166,789.9987899
15.00,13,167,789.964544
15.00,13,168,789.9518172
15.00,13,169,789.9069688
15.00,13,170,789.8881644
15.00,13,171,789.8762971
15.00,13,172,789.8469684
15.00,13,173,789.826485
15.00,13,174,789.789185
15.00,13,175,789.7805827
15.00,13,176,789.7317503
15.00,13,177,789.7134506
15.00,13,178,789.7027596
15.00,13,179,789.6717019
15.00,13,180,789.6542725
15.00,13,181,789.6141188
15.00,13,182,789.6105427
15.00,13,183,789.5569675
15.00,13,184,789.5394497
15.00,13,185,789.5307079
15.00,13,186,789.4967359
15.00,13,187,789.4833273
15.00,13,188,789.4393006
15.00,13,189,789.4204012
15.00,13,190,789.408135
15.00,13,191,789.3795885
15.00,13,192,789.3584885
15.00,13,193,789.3220275
15.00,13,194,789.3129746
15.00,13,195,789.2648443
15.00,13,196,789.246621
15.00,13,197,789.2360312
15.00,13,198,789.204987
15.00,13,199,789.1873646
15.00,13,200,789.1475663
15.00,14,1,827.3704628
15.00,14,2,827.2993235
15.00,14,3,827.2578878
15.00,14,4,827.2239885
15.00,14,5,827.2038922
15.00,14,6,827.1968615
15.00,14,7,826.9395068
15.00,14,8,826.8926049
15.00,14,9,826.3850982
15.00,14,10,826.3510858
15.00,14,11,826.0893135
15.00,14,12,826.0447763
15.00,14,13,825.5380637
15.00,14,14,825.5000428
15.00,14,15,825.2439915
15.00,14,16,825.1792452
15.00,14,17,824.69576
15.00,14,18,824.6427
15.00,14,19,824.4034895
15.00,14,20,824.2960989
15.00,14,21,823.8581541
15.00,14,22,823.7801112
15.00,14,23,823.5677724
15.00,14,24,823.3995914
15.00,14,25,823.0252477
15.00,14,26,822.9153266
15.00,14,27,822.903777
15.00,14,28,822.6732219
15.00,14,29,822.4526089
15.00,14,30,822.1332405
15.00,14,31,822.0248562
15.00,14,32,821.5953366
15.00,14,33,821.4572374
15.00,14,34,821.4317814
15.00,14,35,821.4219918
15.00,14,36,821.1842523
15.00,14,37,820.9647646
15.00,14,38,820.6497358
15.00,14,39,820.5224561
15.00,14,40,820.117226
15.00,14,41,820.0900405
15.00,14,42,819.5866822
15.00,14,43,819.4621
15.00,14,44,819.4394592
15.00,14,45,819.4331148
15.00,14,46,819.1810828
15.00,14,47,818.9677246
15.00,14,48,818.6538526
15.00,14,49,818.5082075
15.00,14,50,818.1285483
15.00,14,51,818.0501917
15.00,14,52,817.6051388
15.00,14,53,817.5889715
15.00,14,54,817.0835955
15.00,14,55,816.9533387
15.00,14,56,816.9272049
15.00,14,57,816.9150103
15.00,14,58,816.913297
15.00,14,59,816.6245642
15.00,14,60,816.5465314
15.00,14,61,816.1073411
15.00,14,62,816.0076359
15.00,14,63,815.9933364
15.00,14,64,815.9888109
15.00,14,65,815.7114361
15.00,14,66,815.6068702
15.00,14,67,815.1973538
15.00,14,68,815.0844084
15.00,14,69,815.0650476
15.00,14,70,815.0542969
15.00,14,71,814.8040028
15.00,14,72,814.6492061
15.00,14,73,814.2929795
15.00,14,74,814.1591992
15.00,14,75,814.1325167
15.00,14,76,814.1129239
15.00,14,77,814.1093439
15.00,14,78,813.8423289
15.00,14,79,813.6151606
15.00,14,80,813.3341338
15.00,14,81,813.1175526
15.00,14,82,812.8277195
15.00,14,83,812.616387
15.00,14,84,812.3230754
15.00,14,85,812.1119146
15.00,14,86,811.8201922
15.00,14,87,811.6046548
15.00,14,88,811.319061
15.00,14,89,811.0953128
15.00,14,90,810.8196738
15.00,14,91,810.5846684
15.00,14,92,810.3220223
15.00,14,93,810.3165862
15.00,14,94,809.3621074
15.00,14,95,809.2804909
15.00,14,96,809.2626095
15.00,14,97,809.2601396
15.00,14,98,808.983624
15.00,14,99,808.7403532
15.00,14,100,808.7390757
15.00,14,101,808.4352147
15.00,14,102,808.3147714
15.00,14,103,807.9461975
15.00,14,104,807.9087306
15.00,14,105,807.4589455
15.00,14,106,807.3436362
15.00,14,107,807.3183451
15.00,14,108,807.2984997
15.00,14,109,807.2927033
15.00,14,110,807.0289554
15.00,14,111,806.9439317
15.00,14,112,806.0905806
15.00,14,113,805.9837924
15.00,14,114,805.9574622
15.00,14,115,805.9421003
15.00,14,116,805.9328816
15.00,14,117,805.6648587
15.00,14,118,805.4812953
15.00,14,119,805.1850915
15.00,14,120,805.0327869
15.00,14,121,804.7069494
15.00,14,122,804.5871101
15.00,14,123,804.2304211
15.00,14,124,804.1439814
15.00,14,125,803.7554952
15.00,14,126,803.7030121
15.00,14,127,803.28216
15.00,14,128,803.2637604
15.00,14,129,802.8104034
15.00,14,130,802.6878851
15.00,14,131,802.6581801
15.00,14,132,802.6323402
15.00,14,133,802.6169429
15.00,14,134,802.6066591
15.00,14,135,802.3394465
15.00,14,136,802.138338
15.00,14,137,801.8706874
15.00,14,138,801.6678773
15.00,14,139,801.4034651
15.00,14,140,801.1951056
15.00,14,141,800.9377703
15.00,14,142,800.7200446
15.00,14,143,800.4735944
15.00,14,144,800.2429296
15.00,14,145,800.2394196
15.00,14,146,799.9565205
15.00,14,147,799.7651423
15.00,14,148,799.063267
15.00,14,149,798.9801636
15.00,14,150,798.6046684
15.00,14,151,798.5834123
15.00,14,152,797.7199484
15.00,14,153,797.6804076
15.00,14,154,797.2655655
15.00,14,155,797.0438616
15.00,14,156,797.0329053
15.00,14,157,796.7603033
15.00,14,158,796.5406386
15.00,14,159,796.5352494
15.00,14,160,796.5333981
15.00,14,161,796.2041728
15.00,14,162,796.0336434
15.00,14,163,795.7551962
15.00,14,164,795.5368484
15.00,14,165,795.5305921
15.00,14,166,795.527525
15.00,14,167,795.2029859
15.00,14,168,795.022893
15.00,14,169,794.7571762
15.00,14,170,794.7143635
15.00,14,171,793.8976016
15.00,14,172,793.8384757
15.00,14,173,793.8197097
15.00,14,174,793.8035417
15.00,14,175,793.8003112
15.00,14,176,793.7996377
15.00,14,177,793.4545234
15.00,14,178,793.2829919
15.00,14,179,793.0141856
15.00,14,180,792.9459789
15.00,14,181,792.1649977
15.00,14,182,792.0927809
15.00,14,183,792.0701463
15.00,14,184,792.0496605
15.00,14,185,792.0399581
15.00,14,186,792.0323606
15.00,14,187,791.7274461
15.00,14,188,791.5152095
15.00,14,189,791.5058925
15.00,14,190,791.4985126
15.00,14,191,791.190721
15.00,14,192,790.9785904
15.00,14,193,790.968739
15.00,14,194,790.9606766
15.00,14,195,790.6560319
15.00,14,196,790.4394569
15.00,14,197,790.4281087
15.00,14,198,790.4184365
15.00,14,199,790.1233644
15.00,14,200,790.0811733
15.00,15,1,826.4954726
15.00,15,2,826.4680164
15.00,15,3,826.4459436
15.00,15,4,826.4275785
15.00,15,5,826.4113265
15.00,15,6,826.3964751
15.00,15,7,826.3916647
15.00,15,8,826.3699558
15.00,15,9,826.3515695
15.00,15,10,826.3354256
15.00,15,11,826.3205849
15.00,15,12,826.3154824
15.00,15,13,826.2937568
15.00,15,14,826.2756022
15.00,15,15,826.2594879
15.00,15,16,826.2447253
15.00,15,17,826.2392441
15.00,15,18,826.217856
15.00,15,19,826.1996806
15.00,15,20,826.1836701
15.00,15,21,826.168919
15.00,15,22,826.1631471
15.00,15,23,826.1417496
15.00,15,24,826.1237983
15.00,15,25,826.1078186
15.00,15,26,826.0931436
15.00,15,27,826.0869992
15.00,15,28,826.0659284
15.00,15,29,826.0479616
15.00,15,30,826.0320831
15.00,15,31,826.0174208
15.00,15,32,826.0109877
15.00,15,33,825.9899147
15.00,15,34,825.9721644
15.00,15,35,825.9563178
15.00,15,36,825.9417294
15.00,15,37,825.9349306
15.00,15,38,825.9141734
15.00,15,39,825.8964126
15.00,15,40,825.8806645
15.00,15,41,825.86609
15.00,15,42,825.8590052
15.00,15,43,825.8382522
15.00,15,44,825.8207005
15.00,15,45,825.8049853
15.00,15,46,825.7904825
15.00,15,47,825.783039
15.00,15,48,825.7625913
15.00,15,49,825.7450337
15.00,15,50,825.7294144
15.00,15,51,825.7149264
15.00,15,52,825.7071999
15.00,15,53,825.6867625
15.00,15,54,825.6694066
15.00,15,55,825.6538211
15.00,15,56,825.6394028
15.00,15,57,825.631325
15.00,15,58,825.6111822
15.00,15,59,825.5938248
15.00,15,60,825.5783325
15.00,15,61,825.56393
15.00,15,62,825.5555727
15.00,15,63,825.5354459
15.00,15,64,825.5182829
15.00,15,65,825.5028251
15.00,15,66,825.48849
15.00,15,67,825.479789
15.00,15,68,825.4599464
15.00,15,69,825.442786
15.00,15,70,825.4274187
15.00,15,71,825.4131004
15.00,15,72,825.4041238
15.00,15,73,825.3843023
15.00,15,74,825.3673292
15.00,15,75,825.3519971
15.00,15,76,825.3377441
15.00,15,77,825.3284317
15.00,15,78,825.3088841
15.00,15,79,825.2919172
15.00,15,80,825.276673
15.00,15,81,825.2766234
15.00,15,82,825.2529952
15.00,15,83,825.2334191
15.00,15,84,825.2165997
15.00,15,85,825.2013704
15.00,15,86,825.2008873
15.00,15,87,825.1772496
15.00,15,88,825.157993
15.00,15,89,825.141217
15.00,15,90,825.1260941
15.00,15,91,825.1250639
15.00,15,92,825.1018923
15.00,15,93,825.0826149
15.00,15,94,825.0659814
15.00,15,95,825.050875
15.00,15,96,825.0494187
15.00,15,97,825.0262472
15.00,15,98,825.0072759
15.00,15,99,824.9906869
15.00,15,100,824.9756831
15.00,15,101,824.9736942
15.00,15,102,824.9509697
15.00,15,103,824.9319846
15.00,15,104,824.9155332
15.00,15,105,824.9005473
15.00,15,106,824.8981402
15.00,15,107,824.8754248
15.00,15,108,824.8567327
15.00,15,109,824.8403268
15.00,15,110,824.8254397
15.00,15,111,824.8225148
15.00,15,112,824.8002277
15.00,15,113,824.7815283
15.00,15,114,824.7652551
15.00,15,115,824.7503873
15.00,15,116,824.7470524
15.00,15,117,824.7247825
15.00,15,118,824.7063635
15.00,15,119,824.6901366
15.00,15,120,824.6753637
15.00,15,121,824.6715261
15.00,15,122,824.6496662
15.00,15,123,824.6312459
15.00,15,124,824.6151469
15.00,15,125,824.6003945
15.00,15,126,824.5961556
15.00,15,127,824.5743204
15.00,15,128,824.5561681
15.00,15,129,824.5401161
15.00,15,130,824.5254549
15.00,15,131,824.5207284
15.00,15,132,824.4992854
15.00,15,133,824.4811373
15.00,15,134,824.4652085
15.00,15,135,824.4505688
15.00,15,136,824.44545
15.00,15,137,824.4240386
15.00,15,138,824.4061465
15.00,15,139,824.3902651
15.00,15,140,824.3757131
15.00,15,141,824.3701218
15.00,15,142,824.3490853
15.00,15,143,824.3312024
15.00,15,144,824.3154396
15.00,15,145,824.30091
15.00,15,146,824.2949358
15.00,15,147,824.273937
15.00,15,148,824.2562986
15.00,15,149,824.2405834
15.00,15,150,824.226138
15.00,15,151,824.2197065
15.00,15,152,824.1990658
15.00,15,153,824.1814411
15.00,15,154,824.16584
15.00,15,155,824.1514178
15.00,15,156,824.1446131
15.00,15,157,824.1240155
15.00,15,158,824.1066241
15.00,15,159,824.0910708
15.00,15,160,824.0767293
15.00,15,161,824.0694825
15.00,15,162,824.0492267
15.00,15,163,824.0318531
15.00,15,164,824.0164096
15.00,15,165,824.0020919
15.00,15,166,823.9944819
15.00,15,167,823.974274
15.00,15,168,823.9571228
15.00,15,169,823.9417271
15.00,15,170,823.9274868
15.00,15,171,823.9194497
15.00,15,172,823.899568
15.00,15,173,823.8824383
15.00,15,174,823.867148
15.00,15,175,823.8529321
15.00,15,176,823.8445419
15.00,15,177,823.8247123
15.00,15,178,823.8077945
15.00,15,179,823.7925519
15.00,15,180,823.7784102
15.00,15,181,823.769608
15.00,15,182,823.7500893
15.00,15,183,823.7331963
15.00,15,184,823.7180549
15.00,15,185,823.703938
15.00,15,186,823.694793
15.00,15,187,823.6753302
15.00,15,188,823.658639
15.00,15,189,823.643545
15.00,15,190,823.6433185
15.00,15,191,823.6198154
15.00,15,192,823.6007021
15.00,15,193,823.5840725
15.00,15,194,823.5690962
15.00,15,195,823.5682202
15.00,15,196,823.5452284
15.00,15,197,823.5261234
15.00,15,198,823.5096533
15.00,15,199,823.4947045
15.00,15,200,823.4933044
15.00,16,1,894.5624807
15.00,16,2,894.3478389
15.00,16,3,894.2454819
15.00,16,4,894.1874014
15.00,16,5,894.0201051
15.00,16,6,893.9540092
15.00,16,7,893.7068592
15.00,16,8,893.6109785
15.00,16,9,893.5689275
15.00,16,10,893.3792524
15.00,16,11,893.3538536
15.00,16,12,893.0688402
15.00,16,13,892.9797994
15.00,16,14,892.9547124
15.00,16,15,892.7412754
15.00,16,16,892.63998
15.00,16,17,892.582216
15.00,16,18,892.4166956
15.00,16,19,892.3478464
15.00,16,20,892.1061145
15.00,16,21,892.0100209
15.00,16,22,891.9649435
15.00,16,23,891.7818579
15.00,16,24,891.7469736
15.00,16,25,891.4740605
15.00,16,26,891.3840359
15.00,16,27,891.3541211
15.00,16,28,891.1497738
15.00,16,29,891.047763
15.00,16,30,890.9857654
15.00,16,31,890.8286375
15.00,16,32,890.747174
15.00,16,33,890.5205033
15.00,16,34,890.4229412
15.00,16,35,890.371819
15.00,16,36,890.1996793
15.00,16,37,890.1449967
15.00,16,38,889.8937051
15.00,16,39,889.8005781
15.00,16,40,889.7600901
15.00,16,41,889.5732885
15.00,16,42,889.5468725
15.00,16,43,889.2697894
15.00,16,44,889.1816998
15.00,16,45,889.1536364
15.00,16,46,888.9494735
15.00,16,47,888.8488636
15.00,16,48,888.787462
15.00,16,49,888.6325164
15.00,16,50,888.5495745
15.00,16,51,888.3282745
15.00,16,52,888.2311448
15.00,16,53,888.1780642
15.00,16,54,888.0117747
15.00,16,55,887.9487355
15.00,16,56,887.7093574
15.00,16,57,887.6154896
15.00,16,58,887.5699726
15.00,16,59,887.3934516
15.00,16,60,887.3503305
15.00,16,61,887.0930907
15.00,16,62,887.0028171
15.00,16,63,886.9659255
15.00,16,64,886.7775506
15.00,16,65,886.7545417
15.00,16,66,886.4789414
15.00,16,67,886.391848
15.00,16,68,886.3622554
15.00,16,69,886.163987
15.00,16,70,886.160345
15.00,16,71,885.8674113
15.00,16,72,885.7838225
15.00,16,73,885.7626314
15.00,16,74,885.5527754
15.00,16,75,885.4552933
15.00,16,76,885.3974069
15.00,16,77,885.2419633
15.00,16,78,885.1636834
15.00,16,79,884.9439483
15.00,16,80,884.8486468
15.00,16,81,884.7956879
15.00,16,82,884.6338018
15.00,16,83,884.5664316
15.00,16,84,884.3371827
15.00,16,85,884.2436472
15.00,16,86,884.1943673
15.00,16,87,884.0278886
15.00,16,88,883.9701515
15.00,16,89,883.7328317
15.00,16,90,883.641172
15.00,16,91,883.5960369
15.00,16,92,883.4242332
15.00,16,93,883.3751384
15.00,16,94,883.1304387
15.00,16,95,883.0401363
15.00,16,96,882.9976054
15.00,16,97,882.8227678
15.00,16,98,882.7806281
15.00,16,99,882.5304214
15.00,16,100,882.4415718
15.00,16,101,882.4021002
15.00,16,102,882.2235116
15.00,16,103,882.1870602
15.00,16,104,881.932278
15.00,16,105,881.8442879
15.00,16,106,881.8061263
15.00,16,107,881.6263963
15.00,16,108,881.5936717
15.00,16,109,881.3364757
15.00,16,110,881.2494345
15.00,16,111,881.2130393
15.00,16,112,881.0314501
15.00,16,113,881.0010463
15.00,16,114,880.7424897
15.00,16,115,880.6557687
15.00,16,116,880.6192953
15.00,16,117,880.438607
15.00,16,118,880.4084649
15.00,16,119,880.1508152
15.00,16,120,880.0645066
15.00,16,121,880.028426
15.00,16,122,879.8479025
15.00,16,123,879.8166333
15.00,16,124,879.5609293
15.00,16,125,879.4744134
15.00,16,126,879.4369109
15.00,16,127,879.2592753
15.00,16,128,879.2249102
15.00,16,129,878.9733298
15.00,16,130,878.8867101
15.00,16,131,878.8482811
15.00,16,132,878.6727655
15.00,16,133,878.6340824
15.00,16,134,878.3875199
15.00,16,135,878.3002274
15.00,16,136,878.2592054
15.00,16,137,878.0883183
15.00,16,138,878.0436071
15.00,16,139,877.8039747
15.00,16,140,877.7161301
15.00,16,141,877.6730395
15.00,16,142,877.5059749
15.00,16,143,877.4542992
15.00,16,144,877.2222434
15.00,16,145,877.1333618
15.00,16,146,877.0867774
15.00,16,147,876.9256875
15.00,16,148,876.8657204
15.00,16,149,876.6427565
15.00,16,150,876.5529785
15.00,16,151,876.5034522
15.00,16,152,876.3474951
15.00,16,153,876.2786579
15.00,16,154,876.065123
15.00,16,155,875.9740682
15.00,16,156,875.9204733
15.00,16,157,875.7713569
15.00,16,158,875.692771
15.00,16,159,875.4897131
15.00,16,160,875.3975408
15.00,16,161,875.3404486
15.00,16,162,875.1973066
15.00,16,163,875.1087705
15.00,16,164,874.9162018
15.00,16,165,874.908401
15.00,16,166,874.638335
15.00,16,167,874.5567208
15.00,16,168,874.5254399
15.00,16,169,874.3447994
15.00,16,170,874.3193612
15.00,16,171,874.0674196
15.00,16,172,873.9835838
15.00,16,173,873.9460304
15.00,16,174,873.7754908
15.00,16,175,873.7328698
15.00,16,176,873.4983361
15.00,16,177,873.4119788
15.00,16,178,873.3671985
15.00,16,179,873.2082274
15.00,16,180,873.1484726
15.00,16,181,872.9315475
15.00,16,182,872.8430321
15.00,16,183,872.7921486
15.00,16,184,872.6430534
15.00,16,185,872.5670291
15.00,16,186,872.3666711
15.00,16,187,872.2758548
15.00,16,188,872.2183681
15.00,16,189,872.0799285
15.00,16,190,871.9881839
15.00,16,191,871.8040432
15.00,16,192,871.7862308
15.00,16,193,871.5311072
15.00,16,194,871.4491418
15.00,16,195,871.4132212
15.00,16,196,871.2434365
15.00,16,197,871.2018422
15.00,16,198,870.9705023
15.00,16,199,870.88511
15.00,16,200,870.8397188
15.00,17,1,674.8729647
15.00,17,2,670.5020806
15.00,17,3,666.4787669
15.00,17,4,661.5376309
15.00,17,5,660.998277
15.00,17,6,660.7576158
15.00,17,7,660.3699701
15.00,17,8,660.245276
15.00,17,9,659.9111169
15.00,17,10,659.7965299
15.00,17,11,659.486924
15.00,17,12,659.3667888
15.00,17,13,659.0703755
15.00,17,14,656.8019608
15.00,17,15,647.9641388
15.00,17,16,639.8202431
15.00,17,17,638.4160428
15.00,17,18,638.0828671
15.00,17,19,637.6712196
15.00,17,20,637.5462145
15.00,17,21,637.0431145
15.00,17,22,636.945132
15.00,17,23,636.745385
15.00,17,24,636.6668589
15.00,17,25,636.3530364
15.00,17,26,636.2497555
15.00,17,27,636.2455798
15.00,17,28,635.9626832
15.00,17,29,635.862429
15.00,17,30,635.7100499
15.00,17,31,635.5962194
15.00,17,32,635.3378067
15.00,17,33,635.2337214
15.00,17,34,635.2299664
15.00,17,35,634.949516
15.00,17,36,634.8467927
15.00,17,37,634.8442587
15.00,17,38,634.5652653
15.00,17,39,634.4705503
15.00,17,40,634.3129326
15.00,17,41,634.2330988
15.00,17,42,633.9456358
15.00,17,43,633.8564266
15.00,17,44,633.692236
15.00,17,45,633.6413851
15.00,17,46,633.3285995
15.00,17,47,633.2510484
15.00,17,48,633.0724829
15.00,17,49,632.9500692
15.00,17,50,632.8965093
15.00,17,51,632.6865559
15.00,17,52,632.571887
15.00,17,53,632.5406476
15.00,17,54,632.3042645
15.00,17,55,632.2045395
15.00,17,56,632.0552011
15.00,17,57,631.9806518
15.00,17,58,631.6909686
15.00,17,59,631.6142333
15.00,17,60,631.4365138
15.00,17,61,631.3176635
15.00,17,62,631.2793795
15.00,17,63,631.0526622
15.00,17,64,630.9487704
15.00,17,65,630.8048911
15.00,17,66,630.7109861
15.00,17,67,630.4358573
15.00,17,68,630.3517412
15.00,17,69,630.1835715
15.00,17,70,630.1804365
15.00,17,71,629.8241246
15.00,17,72,629.7736164
15.00,17,73,629.5645579
15.00,17,74,629.4596808
15.00,17,75,629.3176345
15.00,17,76,629.2378152
15.00,17,77,628.951289
15.00,17,78,628.8801428
15.00,17,79,628.6973878
15.00,17,80,628.5847836
15.00,17,81,628.5732377
15.00,17,82,628.3214431
15.00,17,83,628.2480606
15.00,17,84,628.0697311
15.00,17,85,627.9608495
15.00,17,86,627.8245368
15.00,17,87,627.7618167
15.00,17,88,627.4664898
15.00,17,89,627.4220077
15.00,17,90,627.2109129
15.00,17,91,627.122609
15.00,17,92,626.9625858
15.00,17,93,626.8475927
15.00,17,94,626.8377793
15.00,17,95,626.5850905
15.00,17,96,626.5142304
15.00,17,97,626.3333184
15.00,17,98,626.2277693
15.00,17,99,626.0872908
15.00,17,100,626.0523037
15.00,17,101,625.729654
15.00,17,102,625.701398
15.00,17,103,625.4722607
15.00,17,104,625.3963288
15.00,17,105,625.2221314
15.00,17,106,625.1171001
15.00,17,107,624.9761364
15.00,17,108,624.963926
15.00,17,109,624.623116
15.00,17,110,624.6171994
15.00,17,111,624.3647379
15.00,17,112,624.3099292
15.00,17,113,624.1128189
15.00,17,114,624.0262696
15.00,17,115,623.8647852
15.00,17,116,623.7571202
15.00,17,117,623.6191101
15.00,17,118,623.6185143
15.00,17,119,623.2698864
15.00,17,120,623.1378073
15.00,17,121,623.1347086
15.00,17,122,622.7967738
15.00,17,123,622.6571199
15.00,17,124,622.5385691
15.00,17,125,622.5350146
15.00,17,126,622.2878635
15.00,17,127,622.2606464
15.00,17,128,622.038776
15.00,17,129,621.992891
15.00,17,130,621.7908705
15.00,17,131,621.730226
15.00,17,132,621.5438162
15.00,17,133,621.4714969
15.00,17,134,621.2973622
15.00,17,135,621.215829
15.00,17,136,621.0513182
15.00,17,137,620.9625622
15.00,17,138,620.8055404
15.00,17,139,620.7112012
15.00,17,140,620.5599206
15.00,17,141,620.4613796
15.00,17,142,620.3143789
15.00,17,143,620.2128336
15.00,17,144,620.0688585
15.00,17,145,619.9653844
15.00,17,146,619.8233218
15.00,17,147,619.7189257
15.00,17,148,619.5777487
15.00,17,149,619.4734188
15.00,17,150,619.3321359
15.00,17,151,619.2288915
15.00,17,152,619.0864978
15.00,17,153,618.985443
15.00,17,154,618.8408687
15.00,17,155,618.7432558
15.00,17,156,618.5953075
15.00,17,157,618.5026152
15.00,17,158,618.3499043
15.00,17,159,618.2639403
15.00,17,160,618.1047914
15.00,17,161,618.0278312
15.00,17,162,617.8601592
15.00,17,163,617.79514
15.00,17,164,617.6162805
15.00,17,165,617.567078
15.00,17,166,617.373548
15.00,17,167,617.3453795
15.00,17,168,617.1325314
15.00,17,169,617.0113472
15.00,17,170,616.8903487
15.00,17,171,616.7633731
15.00,17,172,616.6500877
15.00,17,173,616.5156421
15.00,17,174,616.4125132
15.00,17,175,616.2683828
15.00,17,176,616.1786906
15.00,17,177,616.021916
15.00,17,178,615.9501105
15.00,17,179,615.7766933
15.00,17,180,615.7288706
15.00,17,181,615.5333522
15.00,17,182,615.5179364
15.00,17,183,615.2927954
15.00,17,184,615.1683845
15.00,17,185,615.0598315
15.00,17,186,614.9212136
15.00,17,187,614.836146
15.00,17,188,614.6768741
15.00,17,189,614.6272159
15.00,17,190,614.4373298
15.00,17,191,614.3175735
15.00,17,192,614.2017562
15.00,17,193,614.0681705
15.00,17,194,613.9752131
15.00,17,195,613.8213324
15.00,17,196,613.7627848
15.00,17,197,613.5787213
15.00,17,198,613.5724454
15.00,17,199,613.342936
15.00,17,200,613.2124635
15.00,18,1,869.7701188
15.00,18,2,869.5035476
15.00,18,3,869.2638037
15.00,18,4,869.0435217
15.00,18,5,868.8446326
15.00,18,6,868.6702049
15.00,18,7,868.5317661
15.00,18,8,868.4365124
15.00,18,9,868.409639
15.00,18,10,867.4442614
15.00,18,11,866.9759794
15.00,18,12,865.2534247
15.00,18,13,864.8694169
15.00,18,14,864.8507507
15.00,18,15,863.8460627
15.00,18,16,863.6251425
15.00,18,17,861.7046237
15.00,18,18,861.5110038
15.00,18,19,860.5721692
15.00,18,20,860.194859
15.00,18,21,858.4715613
15.00,18,22,858.1800897
15.00,18,23,857.3618247
15.00,18,24,856.7353657
15.00,18,25,855.3002277
15.00,18,26,854.8805246
15.00,18,27,854.8368415
15.00,18,28,853.9743314
15.00,18,29,853.2853142
15.00,18,30,851.952802
15.00,18,31,851.429031
15.00,18,32,851.3387394
15.00,18,33,851.3035013
15.00,18,34,850.4212612
15.00,18,35,849.76442
15.00,18,36,848.4423821
15.00,18,37,847.9218766
15.00,18,38,847.8286583
15.00,18,39,847.7867573
15.00,18,40,846.9427588
15.00,18,41,846.2332747
15.00,18,42,845.0045694
15.00,18,43,844.8636448
15.00,18,44,843.0896369
15.00,18,45,842.7205301
15.00,18,46,842.6720885
15.00,18,47,841.8574334
15.00,18,48,841.2475466
15.00,18,49,839.9783983
15.00,18,50,839.5194872
15.00,18,51,839.4427281
15.00,18,52,839.4074791
15.00,18,53,838.5529491
15.00,18,54,838.0240113
15.00,18,55,836.7107468
15.00,18,56,836.2784531
15.00,18,57,836.2079266
15.00,18,58,836.1790126
15.00,18,59,835.3126249
15.00,18,60,834.819603
15.00,18,61,833.5056333
15.00,18,62,833.0844202
15.00,18,63,833.0152037
15.00,18,64,832.9865197
15.00,18,65,832.1338245
15.00,18,66,831.6379015
15.00,18,67,830.3605256
15.00,18,68,829.9378332
15.00,18,69,829.8660806
15.00,18,70,829.8329059
15.00,18,71,829.0140596
15.00,18,72,828.4864748
15.00,18,73,827.2730382
15.00,18,74,826.8402472
15.00,18,75,826.7634493
15.00,18,76,826.7227491
15.00,18,77,825.9509715
15.00,18,78,825.3744878
15.00,18,79,824.240908
15.00,18,80,823.7935167
15.00,18,81,823.7105102
15.00,18,82,823.6609316
15.00,18,83,822.9423161
15.00,18,84,822.3107074
15.00,18,85,821.2619766
15.00,18,86,821.1803806
15.00,18,87,819.59942
15.00,18,88,819.3358628
15.00,18,89,819.3127603
15.00,18,90,818.525965
15.00,18,91,817.9350567
15.00,18,92,816.8876391
15.00,18,93,816.6675246
15.00,18,94,815.2652787
15.00,18,95,814.8964544
15.00,18,96,814.8335885
15.00,18,97,814.8163531
15.00,18,98,814.0319073
15.00,18,99,813.4943555
15.00,18,100,812.4356161
15.00,18,101,812.2970246
15.00,18,102,810.8544527
15.00,18,103,810.5253736
15.00,18,104,810.4754097
15.00,18,105,810.474635
15.00,18,106,809.6516644
15.00,18,107,809.2316544
15.00,18,108,808.0950296
15.00,18,109,807.6932841
15.00,18,110,807.6197566
15.00,18,111,807.5856272
15.00,18,112,806.9115793
15.00,18,113,806.3237358
15.00,18,114,805.3786436
15.00,18,115,805.2081434
15.00,18,116,803.8596106
15.00,18,117,803.5538716
15.00,18,118,803.5130053
15.00,18,119,802.8795424
15.00,18,120,802.3846524
15.00,18,121,801.3817459
15.00,18,122,801.0257832
15.00,18,123,800.9718047
15.00,18,124,800.9552959
15.00,18,125,800.2422378
15.00,18,126,799.9371141
15.00,18,127,798.7668255
15.00,18,128,798.4993378
15.00,18,129,798.4777522
15.00,18,130,797.8135625
15.00,18,131,797.3723388
15.00,18,132,796.3565421
15.00,18,133,796.0036941
15.00,18,134,795.9494717
15.00,18,135,795.9398388
15.00,18,136,795.2477903
15.00,18,137,794.9055329
15.00,18,138,793.8112485
15.00,18,139,793.5084151
15.00,18,140,793.4731142
15.00,18,141,792.8840602
15.00,18,142,792.5045912
15.00,18,143,791.4664411
15.00,18,144,791.2118361
15.00,18,145,791.1994633
15.00,18,146,790.5502461
15.00,18,147,790.2453176
15.00,18,148,789.1496275
15.00,18,149,788.8935561
15.00,18,150,788.8785918
15.00,18,151,788.2450243
15.00,18,152,788.0687267
15.00,18,153,786.8628637
15.00,18,154,786.7382812
15.00,18,155,786.1283942
15.00,18,156,785.959505
15.00,18,157,784.761547
15.00,18,158,784.6607421
15.00,18,159,784.0349085
15.00,18,160,783.9625071
15.00,18,161,782.6833558
15.00,18,162,782.6542749
15.00,18,163,781.9639158
15.00,18,164,781.6374068
15.00,18,165,781.6041243
15.00,18,166,781.0926415
15.00,18,167,780.7667879
15.00,18,168,779.7590701
15.00,18,169,779.5764342
15.00,18,170,779.0511898
15.00,18,171,778.8128019
15.00,18,172,777.7316228
15.00,18,173,777.6123917
15.00,18,174,777.0303719
15.00,18,175,776.9853551
15.00,18,176,775.724954
15.00,18,177,775.5266022
15.00,18,178,775.4232042
15.00,18,179,775.3419502
15.00,18,180,775.290035
15.00,18,181,775.2837802
15.00,18,182,774.7228565
15.00,18,183,774.708907
15.00,18,184,773.4323747
15.00,18,185,773.2454633
15.00,18,186,773.1489084
15.00,18,187,773.0774589
15.00,18,188,773.0395827
15.00,18,189,772.5908913
15.00,18,190,772.4322701
15.00,18,191,771.3139515
15.00,18,192,771.1325071
15.00,18,193,771.0407952
15.00,18,194,770.9744433
15.00,18,195,770.9475159
15.00,18,196,770.480524
15.00,18,197,770.3743523
15.00,18,198,769.2155761
15.00,18,199,769.0360423
15.00,18,200,768.9461396
15.00,19,1,765.9745385
15.00,19,2,763.6840422
15.00,19,3,761.9286949
15.00,19,4,761.0015258
15.00,19,5,758.5915681
15.00,19,6,756.7114463
15.00,19,7,756.3397362
15.00,19,8,753.5776403
15.00,19,9,751.7214527
15.00,19,10,750.1812815
15.00,19,11,748.8630063
15.00,19,12,746.9006095
15.00,19,13,745.4083604
15.00,19,14,744.2509841
15.00,19,15,742.327501
15.00,19,16,740.8157832
15.00,19,17,739.8258322
15.00,19,18,737.8359699
15.00,19,19,736.3979441
15.00,19,20,735.456482
15.00,19,21,733.5715399
15.00,19,22,732.1347413
15.00,19,23,731.2567238
15.00,19,24,729.3668674
15.00,19,25,728.023499
15.00,19,26,727.1088813
15.00,19,27,725.3691084
15.00,19,28,724.049633
15.00,19,29,723.1274526
15.00,19,30,721.4338159
15.00,19,31,720.2118869
15.00,19,32,719.2154537
15.00,19,33,717.6817031
15.00,19,34,716.498049
15.00,19,35,715.4648305
15.00,19,36,714.0027073
15.00,19,37,713.8122485
15.00,19,38,711.7574145
15.00,19,39,710.4623653
15.00,19,40,710.039299
15.00,19,41,708.2749856
15.00,19,42,707.0353899
15.00,19,43,706.4698401
15.00,19,44,704.828949
15.00,19,45,703.7165835
15.00,19,46,702.9827732
15.00,19,47,701.5576229
15.00,19,48,700.4988599
15.00,19,49,699.665635
15.00,19,50,698.3458002
15.00,19,51,698.2584735
15.00,19,52,696.402567
15.00,19,53,695.2542695
15.00,19,54,694.9048495
15.00,19,55,693.3433464
15.00,19,56,692.2579671
15.00,19,57,691.7509006
15.00,19,58,690.3214017
15.00,19,59,689.3484315
15.00,19,60,688.6852032
15.00,19,61,687.4445548
15.00,19,62,686.5204959
15.00,19,63,685.766573
15.00,19,64,684.6189454
15.00,19,65,684.5110568
15.00,19,66,682.9002675
15.00,19,67,681.8897295
15.00,19,68,681.576574
15.00,19,69,680.1987729
15.00,19,70,679.2370772
15.00,19,71,678.8047239
15.00,19,72,677.5261109
15.00,19,73,676.6515893
15.00,19,74,676.1045257
15.00,19,75,674.9710828
15.00,19,76,674.1313054
15.00,19,77,673.5217208
15.00,19,78,672.4525595
15.00,19,79,671.669782
15.00,19,80,671.0011625
15.00,19,81,670.0237661
15.00,19,82,670.0157845
15.00,19,83,668.5990994
15.00,19,84,667.6447598
15.00,19,85,667.566433
15.00,19,86,666.1969696
15.00,19,87,665.3167956
15.00,19,88,665.1644958
15.00,19,89,663.9149664
15.00,19,90,663.0447177
15.00,19,91,662.8755731
15.00,19,92,661.6398597
15.00,19,93,660.8180992
15.00,19,94,660.6312463
15.00,19,95,659.4673321
15.00,19,96,658.642491
15.00,19,97,658.4857529
15.00,19,98,657.3032943
15.00,19,99,656.5083026
15.00,19,100,656.3860205
15.00,19,101,655.2372835
15.00,19,102,654.4231388
15.00,19,103,654.3863535
15.00,19,104,653.1782933
15.00,19,105,652.3772915
15.00,19,106,651.7332324
15.00,19,107,651.1996754
15.00,19,108,650.3696597
15.00,19,109,649.7260954
15.00,19,110,649.2765383
15.00,19,111,648.4254856
15.00,19,112,647.7616539
15.00,19,113,647.4335508
15.00,19,114,646.5129358
15.00,19,115,645.8349838
15.00,19,116,645.6704175
15.00,19,117,644.6876593
15.00,19,118,643.9585709
15.00,19,119,643.3662272
15.00,19,120,642.9198396
15.00,19,121,642.1380986
15.00,19,122,641.5135036
15.00,19,123,641.2573622
15.00,19,124,640.3662395
15.00,19,125,639.7038507
15.00,19,126,639.14263
15.00,19,127,638.6894087
15.00,19,128,637.9483579
15.00,19,129,637.3551498
15.00,19,130,637.1431609
15.00,19,131,636.2913251
15.00,19,132,635.6290379
15.00,19,133,635.0742852
15.00,19,134,634.7519743
15.00,19,135,633.9875134
15.00,19,136,633.3729544
15.00,19,137,632.8427977
15.00,19,138,632.4710453
15.00,19,139,631.7569843
15.00,19,140,631.1702932
15.00,19,141,630.6553496
15.00,19,142,630.2798785
15.00,19,143,629.5898811
15.00,19,144,629.0163977
15.00,19,145,628.5092489
15.00,19,146,628.1730065
15.00,19,147,627.4844813
15.00,19,148,626.910819
15.00,19,149,626.4041946
15.00,19,150,626.1593778
15.00,19,151,625.4477771
15.00,19,152,624.8581899
15.00,19,153,624.3430953
15.00,19,154,624.2685613
15.00,19,155,623.5004616
15.00,19,156,622.8717352
15.00,19,157,622.3346565
15.00,19,158,621.8520779
15.00,19,159,621.657595
15.00,19,160,620.9622129
15.00,19,161,620.3868574
15.00,19,162,619.8798486
15.00,19,163,619.4113805
15.00,19,164,619.2109899
15.00,19,165,618.5551316
15.00,19,166,617.9924646
15.00,19,167,617.4904835
15.00,19,168,617.0305779
15.00,19,169,616.9112173
15.00,19,170,616.2396366
15.00,19,171,615.6720148
15.00,19,172,615.1669216
15.00,19,173,614.6986583
15.00,19,174,614.2613004
15.00,19,175,614.0700993
15.00,19,176,613.4607995
15.00,19,177,612.9267709
15.00,19,178,612.4430913
15.00,19,179,611.9873819
15.00,19,180,611.5589732
15.00,19,181,611.4441259
15.00,19,182,610.8394233
15.00,19,183,610.3050349
15.00,19,184,609.8182384
15.00,19,185,609.3589728
15.00,19,186,608.9280761
15.00,19,187,608.5071632
15.00,19,188,608.4518925
15.00,19,189,607.8760368
15.00,19,190,607.3505884
15.00,19,191,606.8635014
15.00,19,192,606.4100162
15.00,19,193,605.9716438
15.00,19,194,605.5559968
15.00,19,195,605.1451168
15.00,19,196,604.7500595
15.00,19,197,604.6387998
15.00,19,198,604.1218577
15.00,19,199,603.6381985
15.00,19,200,603.1833972
15.00,20,1,830.1240146
15.00,20,2,830.0780938
15.00,20,3,830.0358895
15.00,20,4,829.9983298
15.00,20,5,829.9631776
15.00,20,6,829.9307201
15.00,20,7,829.8997937
15.00,20,8,829.8704436
15.00,20,9,829.8420551
15.00,20,10,829.8145953
15.00,20,11,829.7877343
15.00,20,12,829.761424
15.00,20,13,829.752958
15.00,20,14,829.7181526
15.00,20,15,829.6853011
15.00,20,16,829.6545437
15.00,20,17,829.6250199
15.00,20,18,829.5967245
15.00,20,19,829.5691997
15.00,20,20,829.5424004
15.00,20,21,829.5160792
15.00,20,22,829.5080699
15.00,20,23,829.4727936
15.00,20,24,829.4402744
15.00,20,25,829.4093187
15.00,20,26,829.379973
15.00,20,27,829.3516081
15.00,20,28,829.3241901
15.00,20,29,829.297382
15.00,20,30,829.2711346
15.00,20,31,829.2632806
15.00,20,32,829.2284264
15.00,20,33,829.1955575
15.00,20,34,829.1648145
15.00,20,35,829.1353231
15.00,20,36,829.1070767
15.00,20,37,829.0796111
15.00,20,38,829.0528797
15.00,20,39,829.0266319
15.00,20,40,829.0189716
15.00,20,41,828.9837092
15.00,20,42,828.9512286
15.00,20,43,828.9203263
15.00,20,44,828.891046
15.00,20,45,828.8627539
15.00,20,46,828.8354146
15.00,20,47,828.8086888
15.00,20,48,828.7825263
15.00,20,49,828.7747552
15.00,20,50,828.7399839
15.00,20,51,828.7072061
15.00,20,52,828.6765573
15.00,20,53,828.6471631
15.00,20,54,828.6190139
15.00,20,55,828.5916461
15.00,20,56,828.5650115
15.00,20,57,828.53886
15.00,20,58,828.5310182
15.00,20,59,828.49591
15.00,20,60,828.4635703
15.00,20,61,828.4328048
15.00,20,62,828.4036515
15.00,20,63,828.3754821
15.00,20,64,828.3482583
15.00,20,65,828.3216444
15.00,20,66,828.2955888
15.00,20,67,828.2873772
15.00,20,68,828.25282
15.00,20,69,828.2202416
15.00,20,70,828.1897659
15.00,20,71,828.1605332
15.00,20,72,828.1325287
15.00,20,73,828.1052968
15.00,20,74,828.0787873
15.00,20,75,828.0527548
15.00,20,76,828.0442167
15.00,20,77,828.0093999
15.00,20,78,827.9773008
15.00,20,79,827.9467534
15.00,20,80,827.9177869
15.00,20,81,827.8897883
15.00,20,82,827.8627159
15.00,20,83,827.8362423
15.00,20,84,827.8103149
15.00,20,85,827.8011649
15.00,20,86,827.7669476
15.00,20,87,827.7346719
15.00,20,88,827.7044451
15.00,20,89,827.6754349
15.00,20,90,827.6476203
15.00,20,91,827.6205604
15.00,20,92,827.5942028
15.00,20,93,827.5683103
15.00,20,94,827.5585963
15.00,20,95,827.5241997
15.00,20,96,827.4924347
15.00,20,97,827.4621814
15.00,20,98,827.4334576
15.00,20,99,827.4056746
15.00,20,100,827.3787868
15.00,20,101,827.3524798
15.00,20,102,827.3267001
15.00,20,103,827.3161572
15.00,20,104,827.2823961
15.00,20,105,827.2505177
15.00,20,106,827.220609
15.00,20,107,827.191877
15.00,20,108,827.1642935
15.00,20,109,827.1374382
15.00,20,110,827.111257
15.00,20,111,827.1108142
15.00,20,112,827.0745415
15.00,20,113,827.0406024
15.00,20,114,827.0091986
15.00,20,115,826.9792608
15.00,20,116,826.9507952
15.00,20,117,826.9232399
15.00,20,118,826.8965455
15.00,20,119,826.8704118
15.00,20,120,826.8688436
15.00,20,121,826.8324101
15.00,20,122,826.7992074
15.00,20,123,826.767809
15.00,20,124,826.7382791
15.00,20,125,826.7098737
15.00,20,126,826.682557
15.00,20,127,826.6559345
15.00,20,128,826.6299506
15.00,20,129,826.6269403
15.00,20,130,826.5914154
15.00,20,131,826.5581174
15.00,20,132,826.5272086
15.00,20,133,826.4976944
15.00,20,134,826.4695667
15.00,20,135,826.4423027
15.00,20,136,826.4158489
15.00,20,137,826.389926
15.00,20,138,826.38558
15.00,20,139,826.3499955
15.00,20,140,826.3174363
15.00,20,141,826.2865863
15.00,20,142,826.2574851
15.00,20,143,826.2294459
15.00,20,144,826.2024251
15.00,20,145,826.1760584
15.00,20,146,826.1502887
15.00,20,147,826.1443346
15.00,20,148,826.109657
15.00,20,149,826.0770798
15.00,20,150,826.0467242
15.00,20,151,826.0176796
15.00,20,152,825.9899237
15.00,20,153,825.9629774
15.00,20,154,825.9367839
15.00,20,155,825.9110868
15.00,20,156,825.9036373
15.00,20,157,825.8689924
15.00,20,158,825.8371428
15.00,20,159,825.8068931
15.00,20,160,825.778259
15.00,20,161,825.7506158
15.00,20,162,825.7239132
15.00,20,163,825.6978192
15.00,20,164,825.6722763
15.00,20,165,825.6631055
15.00,20,166,825.6293493
15.00,20,167,825.5975509
15.00,20,168,825.5677913
15.00,20,169,825.5392493
15.00,20,170,825.5118898
15.00,20,171,825.4852799
15.00,20,172,825.4593606
15.00,20,173,825.4338999
15.00,20,174,825.4231261
15.00,20,175,825.3894831
15.00,20,176,825.3583892
15.00,20,177,825.3287751
15.00,20,178,825.3006342
15.00,20,179,825.2734068
15.00,20,180,825.2470369
15.00,20,181,825.2212267
15.00,20,182,825.2189489
15.00,20,183,825.1830503
15.00,20,184,825.1503331
15.00,20,185,825.1194064
15.00,20,186,825.0903115
15.00,20,187,825.0623256
15.00,20,188,825.0354023
15.00,20,189,825.0091597
15.00,20,190,824.9835375
15.00,20,191,824.978921
15.00,20,192,824.9441434
15.00,20,193,824.9115393
15.00,20,194,824.8812291
15.00,20,195,824.8522708
15.00,20,196,824.8246383
15.00,20,197,824.7978376
15.00,20,198,824.7718085
15.00,20,199,824.7462876
15.00,20,200,824.7395142
15.00,21,1,719.289487
15.00,21,2,719.1707457
15.00,21,3,719.1663629
15.00,21,4,719.0872325
15.00,21,5,719.0637195
15.00,21,6,719.0072436
15.00,21,7,718.972644
15.00,21,8,718.9292513
15.00,21,9,718.9088288
15.00,21,10,718.8143461
15.00,21,11,718.7983381
15.00,21,12,718.7332019
15.00,21,13,718.7029373
15.00,21,14,718.6546284
15.00,21,15,718.6161366
15.00,21,16,718.6049473
15.00,21,17,718.5345637
15.00,21,18,718.5079356
15.00,21,19,718.4556198
15.00,21,20,718.4196488
15.00,21,21,718.4170816
15.00,21,22,718.336338
15.00,21,23,718.3137592
15.00,21,24,718.2566558
15.00,21,25,718.2226182
15.00,21,26,718.1790598
15.00,21,27,718.1600596
15.00,21,28,718.0649716
15.00,21,29,718.0493452
15.00,21,30,717.984213
15.00,21,31,717.9541641
15.00,21,32,717.906086
15.00,21,33,717.867772
15.00,21,34,717.8563541
15.00,21,35,717.7866754
15.00,21,36,717.7598754
15.00,21,37,717.7082334
15.00,21,38,717.67219
15.00,21,39,717.6685275
15.00,21,40,717.5895011
15.00,21,41,717.5662483
15.00,21,42,717.5104066
15.00,21,43,717.4760092
15.00,21,44,717.4333659
15.00,21,45,717.4111563
15.00,21,46,717.3194986
15.00,21,47,717.3023282
15.00,21,48,717.2394703
15.00,21,49,717.2085435
15.00,21,50,717.1619824
15.00,21,51,717.1566657
15.00,21,52,717.0504779
15.00,21,53,717.0402227
15.00,21,54,716.9693496
15.00,21,55,716.9423382
15.00,21,56,716.8913261
15.00,21,57,716.8548173
15.00,21,58,716.8483171
15.00,21,59,716.7734685
15.00,21,60,716.7495682
15.00,21,61,716.6951636
15.00,21,62,716.6608883
15.00,21,63,716.6187095
15.00,21,64,716.5978727
15.00,21,65,716.506416
15.00,21,66,716.4910529
15.00,21,67,716.4267962
15.00,21,68,716.3975969
15.00,21,69,716.3496299
15.00,21,70,716.3122325
15.00,21,71,716.3024824
15.00,21,72,716.2314432
15.00,21,73,716.2046976
15.00,21,74,716.1538391
15.00,21,75,716.1175268
15.00,21,76,716.1108746
15.00,21,77,716.0366227
15.00,21,78,716.0125869
15.00,21,79,715.9587986
15.00,21,80,715.9244687
15.00,21,81,715.8828341
15.00,21,82,715.8603141
15.00,21,83,715.7709149
15.00,21,84,715.7546024
15.00,21,85,715.6918984
15.00,21,86,715.6621306
15.00,21,87,715.6152999
15.00,21,88,715.5776167
15.00,21,89,715.5661038
15.00,21,90,715.4975856
15.00,21,91,715.4698405
15.00,21,92,715.4206313
15.00,21,93,715.3838052
15.00,21,94,715.3746515
15.00,21,95,715.3037571
15.00,21,96,715.2782044
15.00,21,97,715.2266561
15.00,21,98,715.191466
15.00,21,99,715.1879101
15.00,21,100,715.1101608
15.00,21,101,715.086827
15.00,21,102,715.0326262
15.00,21,103,714.9982939
15.00,21,104,714.9969984
15.00,21,105,714.9170759
15.00,21,106,714.8961314
15.00,21,107,714.8393929
15.00,21,108,714.8069133
15.00,21,109,714.7638236
15.00,21,110,714.7487597
15.00,21,111,714.653853
15.00,21,112,714.6404545
15.00,21,113,714.5749804
15.00,21,114,714.5469149
15.00,21,115,714.4987853
15.00,21,116,714.4621712
15.00,21,117,714.4530419
15.00,21,118,714.3823398
15.00,21,119,714.3559002
15.00,21,120,714.3058449
15.00,21,121,714.2698264
15.00,21,122,714.2621593
15.00,21,123,714.1901492
15.00,21,124,714.1654227
15.00,21,125,714.1135917
15.00,21,126,714.0789374
15.00,21,127,714.075959
15.00,21,128,713.9981466
15.00,21,129,713.9750771
15.00,21,130,713.9212507
15.00,21,131,713.8871235
15.00,21,132,713.8853022
15.00,21,133,713.8066089
15.00,21,134,713.7852717
15.00,21,135,713.7296719
15.00,21,136,713.6969963
15.00,21,137,713.6548513
15.00,21,138,713.6367013
15.00,21,139,713.5453613
15.00,21,140,713.5303173
15.00,21,141,713.4674356
15.00,21,142,713.4384057
15.00,21,143,713.3921135
15.00,21,144,713.3550201
15.00,21,145,713.3431054
15.00,21,146,713.2763672
15.00,21,147,713.2483889
15.00,21,148,713.2008621
15.00,21,149,713.1640761
15.00,21,150,713.152707
15.00,21,151,713.0857016
15.00,21,152,713.0587927
15.00,21,153,713.0102286
15.00,21,154,712.9743795
15.00,21,155,712.9662168
15.00,21,156,712.8952176
15.00,21,157,712.8692826
15.00,21,158,712.8195573
15.00,21,159,712.7839231
15.00,21,160,712.7759562
15.00,21,161,712.7051415
15.00,21,162,712.6801852
15.00,21,163,712.6295431
15.00,21,164,712.5948355
15.00,21,165,712.5900764
15.00,21,166,712.5152226
15.00,21,167,712.4911258
15.00,21,168,712.4394411
15.00,21,169,712.4048384
15.00,21,170,712.3998717
15.00,21,171,712.3257159
15.00,21,172,712.3024708
15.00,21,173,712.2500322
15.00,21,174,712.2163219
15.00,21,175,712.2144823
15.00,21,176,712.1363445
15.00,21,177,712.1138107
15.00,21,178,712.0604905
15.00,21,179,712.0267624
15.00,21,180,712.0242752
15.00,21,181,711.9473888
15.00,21,182,711.9255469
15.00,21,183,711.8716727
15.00,21,184,711.8387793
15.00,21,185,711.7980827
15.00,21,186,711.7754817
15.00,21,187,711.6895043
15.00,21,188,711.6721028
15.00,21,189,711.6131094
15.00,21,190,711.5827487
15.00,21,191,711.5392047
15.00,21,192,711.5289017
15.00,21,193,711.4324787
15.00,21,194,711.4201569
15.00,21,195,711.3552783
15.00,21,196,711.3278065
15.00,21,197,711.2809875
15.00,21,198,711.244941
15.00,21,199,711.2343051
15.00,21,200,711.1672605
15.00,22,1,771.9112931
15.00,22,2,771.8637497
15.00,22,3,771.5272899
15.00,22,4,771.4489501
15.00,22,5,770.7695309
15.00,22,6,770.681359
15.00,22,7,770.3346328
15.00,22,8,770.2903877
15.00,22,9,769.5847673
15.00,22,10,769.5111939
15.00,22,11,769.153501
15.00,22,12,769.144808
15.00,22,13,768.4114295
15.00,22,14,768.3530514
15.00,22,15,767.9837004
15.00,22,16,767.7791213
15.00,22,17,767.7348976
15.00,22,18,767.4033394
15.00,22,19,767.2043875
15.00,22,20,767.1697608
15.00,22,21,766.8244227
15.00,22,22,766.8074648
15.00,22,23,766.0963669
15.00,22,24,766.0379075
15.00,22,25,765.6768051
15.00,22,26,765.4764023
15.00,22,27,765.4336877
15.00,22,28,765.1073846
15.00,22,29,764.9133907
15.00,22,30,764.8809858
15.00,22,31,764.5393352
15.00,22,32,764.5335119
15.00,22,33,763.8251304
15.00,22,34,763.773957
15.00,22,35,763.4131578
15.00,22,36,763.2200907
15.00,22,37,763.1819561
15.00,22,38,762.854341
15.00,22,39,762.6686958
15.00,22,40,762.6420079
15.00,22,41,762.2967741
15.00,22,42,762.1006209
15.00,22,43,762.0584064
15.00,22,44,761.7430905
15.00,22,45,761.5543406
15.00,22,46,761.5232409
15.00,22,47,761.1907049
15.00,22,48,760.992613
15.00,22,49,760.9474083
15.00,22,50,760.6420774
15.00,22,51,760.4514311
15.00,22,52,760.4171447
15.00,22,53,760.0947764
15.00,22,54,760.0813412
15.00,22,55,759.4064944
15.00,22,56,759.3579281
15.00,22,57,759.0094533
15.00,22,58,758.8253403
15.00,22,59,758.7912003
15.00,22,60,758.4708134
15.00,22,61,758.2957475
15.00,22,62,758.2746489
15.00,22,63,757.9332778
15.00,22,64,757.7494828
15.00,22,65,757.7145581
15.00,22,66,757.3994703
15.00,22,67,757.2249492
15.00,22,68,757.2031825
15.00,22,69,756.8667633
15.00,22,70,756.6841798
15.00,22,71,756.6493349
15.00,22,72,756.3377192
15.00,22,73,756.1647105
15.00,22,74,756.1432702
15.00,22,75,755.8097572
15.00,22,76,755.6292297
15.00,22,77,755.595288
15.00,22,78,755.2854089
15.00,22,79,755.1148382
15.00,22,80,755.09468
15.00,22,81,754.7621112
15.00,22,82,754.584458
15.00,22,83,754.5522214
15.00,22,84,754.242393
15.00,22,85,754.075167
15.00,22,86,754.0572309
15.00,22,87,753.7236813
15.00,22,88,753.5497136
15.00,22,89,753.51998
15.00,22,90,753.20853
15.00,22,91,753.0455579
15.00,22,92,753.0307899
15.00,22,93,752.6943281
15.00,22,94,752.5248676
15.00,22,95,752.4984477
15.00,22,96,752.183683
15.00,22,97,752.0258969
15.00,22,98,752.0152703
15.00,22,99,751.6739168
15.00,22,100,751.5098129
15.00,22,101,751.4875466
15.00,22,102,751.1677197
15.00,22,103,751.016095
15.00,22,104,751.0106315
15.00,22,105,750.6623165
15.00,22,106,750.5044643
15.00,22,107,750.4872373
15.00,22,108,750.160512
15.00,22,109,750.0160888
15.00,22,110,749.7980646
15.00,22,111,749.6654759
15.00,22,112,749.168647
15.00,22,113,749.1274099
15.00,22,114,748.8061276
15.00,22,115,748.6629103
15.00,22,116,748.4478634
15.00,22,117,748.3168502
15.00,22,118,747.8256766
15.00,22,119,747.7857761
15.00,22,120,747.4672913
15.00,22,121,747.3267001
15.00,22,122,747.1130805
15.00,22,123,746.9882381
15.00,22,124,746.4981186
15.00,22,125,746.4622128
15.00,22,126,746.1437045
15.00,22,127,746.0073056
15.00,22,128,745.7934166
15.00,22,129,745.6798394
15.00,22,130,745.1856957
15.00,22,131,745.1567776
15.00,22,132,744.8350841
15.00,22,133,744.7046645
15.00,22,134,744.4885853
15.00,22,135,744.3921441
15.00,22,136,743.8881515
15.00,22,137,743.8697124
15.00,22,138,743.5411634
15.00,22,139,743.4188394
15.00,22,140,743.1983132
15.00,22,141,743.1260272
15.00,22,142,742.6052555
15.00,22,143,742.6015238
15.00,22,144,742.2616955
15.00,22,145,742.1500686
15.00,22,146,741.9223424
15.00,22,147,741.8829234
15.00,22,148,741.3368116
15.00,22,149,741.223662
15.00,22,150,741.1295742
15.00,22,151,741.0702435
15.00,22,152,740.8577627
15.00,22,153,740.7784401
15.00,22,154,740.2763838
15.00,22,155,740.2693459
15.00,22,156,739.9398394
15.00,22,157,739.8293315
15.00,22,158,739.6073035
15.00,22,159,739.5681476
15.00,22,160,739.0334554
15.00,22,161,738.9226808
15.00,22,162,738.8307867
15.00,22,163,738.773401
15.00,22,164,738.5638591
15.00,22,165,738.4930284
15.00,22,166,737.9942237
15.00,22,167,737.9930618
15.00,22,168,737.6641897
15.00,22,169,737.5603501
15.00,22,170,737.338069
15.00,22,171,737.3175886
15.00,22,172,736.776081
15.00,22,173,736.6683762
15.00,22,174,736.5801403
15.00,22,175,736.5275377
15.00,22,176,736.3150349
15.00,22,177,736.2710781
15.00,22,178,735.7573318
15.00,22,179,735.6496597
15.00,22,180,735.5604054
15.00,22,181,735.504941
15.00,22,182,735.3010938
15.00,22,183,735.2371152
15.00,22,184,734.7477031
15.00,22,185,734.6401852
15.00,22,186,734.5501701
15.00,22,187,734.492337
15.00,22,188,734.2961012
15.00,22,189,734.2152575
15.00,22,190,733.7470442
15.00,22,191,733.7413091
15.00,22,192,733.4292978
15.00,22,193,733.3281786
15.00,22,194,733.1151367
15.00,22,195,733.0977031
15.00,22,196,732.5737761
15.00,22,197,732.4703736
15.00,22,198,732.3862544
15.00,22,199,732.3375831
15.00,22,200,732.129274
15.00,23,1,845.846095
15.00,23,2,845.664601
15.00,23,3,845.5732366
15.00,23,4,845.3681767
15.00,23,5,837.8061297
15.00,23,6,836.6370897
15.00,23,7,832.3616148
15.00,23,8,820.7967899
15.00,23,9,820.7795346
15.00,23,10,818.8471676
15.00,23,11,818.7796401
15.00,23,12,818.4234648
15.00,23,13,818.3396491
15.00,23,14,818.313725
15.00,23,15,816.4025847
15.00,23,16,813.8444653
15.00,23,17,812.6984137
15.00,23,18,811.2950999
15.00,23,19,810.4541931
15.00,23,20,809.6014007
15.00,23,21,808.9634043
15.00,23,22,804.9242361
15.00,23,23,795.6432011
15.00,23,24,794.9516276
15.00,23,25,794.7848672
15.00,23,26,794.7706459
15.00,23,27,794.5580067
15.00,23,28,794.4911803
15.00,23,29,794.4460394
15.00,23,30,794.4398667
15.00,23,31,794.287989
15.00,23,32,794.2520548
15.00,23,33,794.1044227
15.00,23,34,794.0646929
15.00,23,35,793.9212463
15.00,23,36,793.8776349
15.00,23,37,793.7383243
15.00,23,38,793.6908906
15.00,23,39,793.5556561
15.00,23,40,793.5044655
15.00,23,41,793.3732413
15.00,23,42,793.3183646
15.00,23,43,793.1910798
15.00,23,44,793.1325924
15.00,23,45,793.009171
15.00,23,46,792.9471526
15.00,23,47,792.8275148
15.00,23,48,792.7620489
15.00,23,49,792.6461106
15.00,23,50,792.5772841
15.00,23,51,792.4649581
15.00,23,52,792.3928608
15.00,23,53,792.2840569
15.00,23,54,792.208781
15.00,23,55,792.1034064
15.00,23,56,792.0250464
15.00,23,57,791.9230061
15.00,23,58,791.8416581
15.00,23,59,791.7428556
15.00,23,60,791.6586169
15.00,23,61,791.5629543
15.00,23,62,791.4759232
15.00,23,63,791.3833016
15.00,23,64,791.3831033
15.00,23,65,791.0744034
15.00,23,66,791.0239215
15.00,23,67,790.9990851
15.00,23,68,790.883556
15.00,23,69,787.1657695
15.00,23,70,786.6578272
15.00,23,71,773.3827039
15.00,23,72,773.0829051
15.00,23,73,772.7459046
15.00,23,74,772.7021572
15.00,23,75,772.6827377
15.00,23,76,772.5752692
15.00,23,77,772.5153618
15.00,23,78,772.4191934
15.00,23,79,771.0453514
15.00,23,80,763.6669709
15.00,23,81,757.8444093
15.00,23,82,757.619617
15.00,23,83,756.8399254
15.00,23,84,756.7288107
15.00,23,85,756.6099511
15.00,23,86,756.5341645
15.00,23,87,756.4474489
15.00,23,88,756.3832846
15.00,23,89,756.3826062
15.00,23,90,756.2574845
15.00,23,91,756.2219481
15.00,23,92,756.1194179
15.00,23,93,756.066949
15.00,23,94,755.9817738
15.00,23,95,755.9163176
15.00,23,96,755.9134753
15.00,23,97,755.7925858
15.00,23,98,755.7554446
15.00,23,99,755.6550947
15.00,23,100,755.6022077
15.00,23,101,755.5179889
15.00,23,102,755.4527903
15.00,23,103,755.4501343
15.00,23,104,755.3293985
15.00,23,105,755.2912221
15.00,23,106,755.1923542
15.00,23,107,755.1378505
15.00,23,108,755.0557235
15.00,23,109,754.9887398
15.00,23,110,754.9834829
15.00,23,111,754.8677771
15.00,23,112,754.8273114
15.00,23,113,754.7313087
15.00,23,114,754.6758048
15.00,23,115,754.5952163
15.00,23,116,754.5280006
15.00,23,117,754.5223429
15.00,23,118,754.4078443
15.00,23,119,754.3656626
15.00,23,120,754.2718332
15.00,23,121,754.214276
15.00,23,122,754.1362209
15.00,23,123,754.1275758
15.00,23,124,753.9016826
15.00,23,125,753.8594563
15.00,23,126,753.829923
15.00,23,127,753.8272035
15.00,23,128,753.708001
15.00,23,129,753.6698457
15.00,23,130,753.5726526
15.00,23,131,753.5181656
15.00,23,132,753.4377201
15.00,23,133,753.3708247
15.00,23,134,753.364622
15.00,23,135,753.2520504
15.00,23,136,753.210373
15.00,23,137,753.1172853
15.00,23,138,753.060834
15.00,23,139,752.9828941
15.00,23,140,752.9786886
15.00,23,141,752.75083
15.00,23,142,752.709421
15.00,23,143,752.6811367
15.00,23,144,752.6802042
15.00,23,145,752.5586766
15.00,23,146,752.5243433
15.00,23,147,752.4245121
15.00,23,148,752.3737447
15.00,23,149,752.2907482
15.00,23,150,752.2272845
15.00,23,151,752.224562
15.00,23,152,752.1067576
15.00,23,153,752.0687226
15.00,23,154,751.9730645
15.00,23,155,751.9186921
15.00,23,156,751.8397894
15.00,23,157,751.8385165
15.00,23,158,751.6095888
15.00,23,159,751.5683864
15.00,23,160,751.5399096
15.00,23,161,751.5382636
15.00,23,162,751.4191018
15.00,23,163,751.3825707
15.00,23,164,751.2860891
15.00,23,165,751.2328667
15.00,23,166,751.1535013
15.00,23,167,751.0876997
15.00,23,168,751.0813379
15.00,23,169,750.971048
15.00,23,170,750.9293312
15.00,23,171,750.8386313
15.00,23,172,750.7821845
15.00,23,173,750.70659
15.00,23,174,750.6968158
15.00,23,175,750.478301
15.00,23,176,750.4371795
15.00,23,177,750.408424
15.00,23,178,750.4053925
15.00,23,179,750.2896386
15.00,23,180,750.2525621
15.00,23,181,750.1578403
15.00,23,182,750.1049719
15.00,23,183,750.0264352
15.00,23,184,749.9614674
15.00,23,185,749.9555485
15.00,23,186,749.8455038
15.00,23,187,749.8033997
15.00,23,188,749.7141929
15.00,23,189,749.6568382
15.00,23,190,749.583283
15.00,23,191,749.5646829
15.00,23,192,749.3563812
15.00,23,193,749.3148405
15.00,23,194,749.2846143
15.00,23,195,749.2781898
15.00,23,196,749.1696481
15.00,23,197,749.1269438
15.00,23,198,749.0390321
15.00,23,199,748.9812636
15.00,23,200,748.9088143
15.00,24,1,818.2728424
15.00,24,2,818.1777742
15.00,24,3,818.1260253
15.00,24,4,818.1047367
15.00,24,5,818.0407013
15.00,24,6,817.9986789
15.00,24,7,817.9587499
15.00,24,8,817.9102904
15.00,24,9,817.8821982
15.00,24,10,817.8237212
15.00,24,11,817.8139262
15.00,24,12,817.739908
15.00,24,13,817.6951023
15.00,24,14,817.6609197
15.00,24,15,817.6079117
15.00,24,16,817.5891876
15.00,24,17,817.5232367
15.00,24,18,817.4806555
15.00,24,19,817.4420454
15.00,24,20,817.3927296
15.00,24,21,817.3664258
15.00,24,22,817.306674
15.00,24,23,817.2993136
15.00,24,24,817.22344
15.00,24,25,817.1781422
15.00,24,26,817.1451503
15.00,24,27,817.0913948
15.00,24,28,817.0742555
15.00,24,29,817.0072045
15.00,24,30,816.9643472
15.00,24,31,816.9265292
15.00,24,32,816.8768014
15.00,24,33,816.8514636
15.00,24,34,816.7911329
15.00,24,35,816.7849286
15.00,24,36,816.7082856
15.00,24,37,816.6628498
15.00,24,38,816.6303782
15.00,24,39,816.5764362
15.00,24,40,816.5598204
15.00,24,41,816.4925581
15.00,24,42,816.4497312
15.00,24,43,816.4121435
15.00,24,44,816.36248
15.00,24,45,816.3372421
15.00,24,46,816.2770696
15.00,24,47,816.2706918
15.00,24,48,816.1944147
15.00,24,49,816.149208
15.00,24,50,816.1165732
15.00,24,51,816.0630196
15.00,24,52,816.045858
15.00,24,53,815.9792842
15.00,24,54,815.9367959
15.00,24,55,815.8988832
15.00,24,56,815.8497571
15.00,24,57,815.8237732
15.00,24,58,815.7644822
15.00,24,59,815.7566473
15.00,24,60,815.6818374
15.00,24,61,815.6372133
15.00,24,62,815.6037682
15.00,24,63,815.5511499
15.00,24,64,815.532442
15.00,24,65,815.4674031
15.00,24,66,815.4255407
15.00,24,67,815.3867938
15.00,24,68,815.3386409
15.00,24,69,815.3111446
15.00,24,70,815.2533935
15.00,24,71,815.2429526
15.00,24,72,815.1706002
15.00,24,73,815.1268743
15.00,24,74,815.0920518
15.00,24,75,815.040851
15.00,24,76,815.0197324
15.00,24,77,814.9569639
15.00,24,78,814.9159744
15.00,24,79,814.8759635
15.00,24,80,814.8291534
15.00,24,81,814.7995067
15.00,24,82,814.7438463
15.00,24,83,814.7298568
15.00,24,84,814.6607787
15.00,24,85,814.6182095
15.00,24,86,814.5815558
15.00,24,87,814.5321608
15.00,24,88,814.5079527
15.00,24,89,814.4480367
15.00,24,90,814.4430205
15.00,24,91,814.3668732
15.00,24,92,814.3214432
15.00,24,93,814.2896016
15.00,24,94,814.2360743
15.00,24,95,814.2184973
15.00,24,96,814.1527346
15.00,24,97,814.1113308
15.00,24,98,814.0728508
15.00,24,99,814.0252616
15.00,24,100,813.9979989
15.00,24,101,813.940914
15.00,24,102,813.9308742
15.00,24,103,813.8591997
15.00,24,104,813.8153982
15.00,24,105,813.7809491
15.00,24,106,813.7299146
15.00,24,107,813.7081582
15.00,24,108,813.646229
15.00,24,109,813.6434715
15.00,24,110,813.5651816
15.00,24,111,813.5198942
15.00,24,112,813.4887196
15.00,24,113,813.4352039
15.00,24,114,813.4188686
15.00,24,115,813.3527633
15.00,24,116,813.3109509
15.00,24,117,813.2732904
15.00,24,118,813.2252743
15.00,24,119,813.1984646
15.00,24,120,813.1411317
15.00,24,121,813.1305163
15.00,24,122,813.0592319
15.00,24,123,813.0162812
15.00,24,124,812.9811782
15.00,24,125,812.9312569
15.00,24,126,812.9086552
15.00,24,127,812.8481131
15.00,24,128,812.8445702
15.00,24,129,812.7678302
15.00,24,130,812.7225372
15.00,24,131,812.6912312
15.00,24,132,812.6380232
15.00,24,133,812.6204324
15.00,24,134,812.5554047
15.00,24,135,812.5145464
15.00,24,136,812.4759931
15.00,24,137,812.4292681
15.00,24,138,812.4011809
15.00,24,139,812.3455539
15.00,24,140,812.3333474
15.00,24,141,812.2642021
15.00,24,142,812.2215773
15.00,24,143,812.1859113
15.00,24,144,812.1367187
15.00,24,145,812.1124021
15.00,24,146,812.0534282
15.00,24,147,812.045911
15.00,24,148,811.9724118
15.00,24,149,811.9289794
15.00,24,150,811.8952992
15.00,24,151,811.8446952
15.00,24,152,811.8237366
15.00,24,153,811.762289
15.00,24,154,811.7605792
15.00,24,155,811.6827189
15.00,24,156,811.6372764
15.00,24,157,811.6067452
15.00,24,158,811.5533938
15.00,24,159,811.5364145
15.00,24,160,811.4713464
15.00,24,161,811.4306838
15.00,24,162,811.3923941
15.00,24,163,811.3459859
15.00,24,164,811.3178347
15.00,24,165,811.2627757
15.00,24,166,811.2498883
15.00,24,167,811.1817942
15.00,24,168,811.1397355
15.00,24,169,811.103668
15.00,24,170,811.0553616
15.00,24,171,811.0299784
15.00,24,172,810.972438
15.00,24,173,810.9627507
15.00,24,174,810.8916015
15.00,24,175,810.8491303
15.00,24,176,810.8143222
15.00,24,177,810.7652136
15.00,24,178,810.7420514
15.00,24,179,810.6829855
15.00,24,180,810.6773023
15.00,24,181,810.6032845
15.00,24,182,810.5593566
15.00,24,183,810.5267647
15.00,24,184,810.4757265
15.00,24,185,810.4552019
15.00,24,186,810.393706
15.00,24,187,810.3908242
15.00,24,188,810.3139921
15.00,24,189,810.2698512
15.00,24,190,810.2382465
15.00,24,191,810.1866663
15.00,24,192,810.168043
15.00,24,193,810.105343
15.00,24,194,810.0652903
15.00,24,195,810.0263975
15.00,24,196,809.9810832
15.00,24,197,809.9511119
15.00,24,198,809.8980742
15.00,24,199,809.8811197
15.00,24,200,809.8167754
15.00,25,1,880.8682174
15.00,25,2,880.7259156
15.00,25,3,880.6548521
15.00,25,4,878.7760451
15.00,25,5,878.6774849
15.00,25,6,878.6000246
15.00,25,7,878.5347111
15.00,25,8,878.4746025
15.00,25,9,878.425488
15.00,25,10,878.3810834
15.00,25,11,878.3488314
15.00,25,12,878.3216941
15.00,25,13,878.3099754
15.00,25,14,878.3044279
15.00,25,15,877.7933181
15.00,25,16,877.7204097
15.00,25,17,876.5995054
15.00,25,18,876.4569653
15.00,25,19,876.4135502
15.00,25,20,876.3746781
15.00,25,21,876.3452174
15.00,25,22,876.3220122
15.00,25,23,876.3127333
15.00,25,24,876.312067
15.00,25,25,875.8392006
15.00,25,26,875.5476453
15.00,25,27,875.5379812
15.00,25,28,875.1530398
15.00,25,29,874.8706439
15.00,25,30,873.9647655
15.00,25,31,873.946502
15.00,25,32,873.3522467
15.00,25,33,873.1743568
15.00,25,34,872.740499
15.00,25,35,872.4753727
15.00,25,36,872.1293509
15.00,25,37,872.1024996
15.00,25,38,870.9473323
15.00,25,39,870.881675
15.00,25,40,870.8710285
15.00,25,41,870.5500272
15.00,25,42,870.3063962
15.00,25,43,869.9405857
15.00,25,44,869.7789919
15.00,25,45,869.3315864
15.00,25,46,869.3109797
15.00,25,47,868.723167
15.00,25,48,868.610096
15.00,25,49,868.594587
15.00,25,50,868.3270701
15.00,25,51,868.0625081
15.00,25,52,867.7182828
15.00,25,53,867.5829222
15.00,25,54,867.1098528
15.00,25,55,866.9661374
15.00,25,56,866.9437018
15.00,25,57,866.9398837
15.00,25,58,866.643071
15.00,25,59,866.4905819
15.00,25,60,866.0347573
15.00,25,61,865.9036368
15.00,25,62,865.8888089
15.00,25,63,865.6392388
15.00,25,64,865.4876688
15.00,25,65,865.0312734
15.00,25,66,864.9402126
15.00,25,67,864.7065781
15.00,25,68,864.564405
15.00,25,69,864.0985326
15.00,25,70,864.0329273
15.00,25,71,863.7735277
15.00,25,72,863.7400951
15.00,25,73,863.1659136
15.00,25,74,863.0763587
15.00,25,75,863.0296475
15.00,25,76,862.9932472
15.00,25,77,862.9727937
15.00,25,78,862.7667702
15.00,25,79,862.6184111
15.00,25,80,862.1575816
15.00,25,81,862.1137838
15.00,25,82,861.8318458
15.00,25,83,861.6919913
15.00,25,84,861.6880587
15.00,25,85,861.435412
15.00,25,86,861.2934043
15.00,25,87,861.2912347
15.00,25,88,861.0386491
15.00,25,89,860.8928062
15.00,25,90,860.8890738
15.00,25,91,860.6418147
15.00,25,92,860.5082623
15.00,25,93,860.3160643
15.00,25,94,860.2818631
15.00,25,95,859.7066963
15.00,25,96,859.6411018
15.00,25,97,859.6127555
15.00,25,98,859.6061483
15.00,25,99,859.3762447
15.00,25,100,859.2494566
15.00,25,101,859.0497274
15.00,25,102,858.9017826
15.00,25,103,858.7230173
15.00,25,104,858.5607009
15.00,25,105,858.5585338
15.00,25,106,858.324367
15.00,25,107,858.2097059
15.00,25,108,857.9969638
15.00,25,109,857.868925
15.00,25,110,857.6693176
15.00,25,111,857.5344051
15.00,25,112,857.3414011
15.00,25,113,857.2053039
15.00,25,114,857.0131967
15.00,25,115,856.8814366
15.00,25,116,856.6846964
15.00,25,117,856.5632265
15.00,25,118,856.355902
15.00,25,119,856.2517668
15.00,25,120,856.0268282
15.00,25,121,855.9490041
15.00,25,122,855.6975076
15.00,25,123,855.6580842
15.00,25,124,855.368
15.00,25,125,855.2766749
15.00,25,126,855.2413774
15.00,25,127,855.2310768
15.00,25,128,855.035488
15.00,25,129,854.9435398
15.00,25,130,854.705119
15.00,25,131,854.675876
15.00,25,132,854.3747225
15.00,25,133,854.2918367
15.00,25,134,854.2647305
15.00,25,135,854.1133049
15.00,25,136,853.9850649
15.00,25,137,853.7818051
15.00,25,138,853.7385247
15.00,25,139,853.4506418
15.00,25,140,853.3738949
15.00,25,141,853.3542939
15.00,25,142,853.188018
15.00,25,143,853.0920003
15.00,25,144,852.855428
15.00,25,145,852.7645826
15.00,25,146,852.7353051
15.00,25,147,852.5928093
15.00,25,148,852.4753778
15.00,25,149,852.2593852
15.00,25,150,852.167851
15.00,25,151,852.1398817
15.00,25,152,851.9960483
15.00,25,153,851.8855118
15.00,25,154,851.6616484
15.00,25,155,851.5736449
15.00,25,156,851.5498149
15.00,25,157,851.3975851
15.00,25,158,851.320893
15.00,25,159,851.062985
15.00,25,160,850.9938498
15.00,25,161,850.9883773
15.00,25,162,850.7976474
15.00,25,163,850.7028974
15.00,25,164,850.6757842
15.00,25,165,850.5326695
15.00,25,166,850.4555681
15.00,25,167,850.196755
15.00,25,168,850.1350117
15.00,25,169,850.0035932
15.00,25,170,849.9114361
15.00,25,171,849.6665456
15.00,25,172,849.6034296
15.00,25,173,849.4729279
15.00,25,174,849.3891956
15.00,25,175,849.1351464
15.00,25,176,849.0808203
15.00,25,177,848.9406371
15.00,25,178,848.8926031
15.00,25,179,848.602727
15.00,25,180,848.57095
15.00,25,181,848.4068327
15.00,25,182,848.3151073
15.00,25,183,848.298547
15.00,25,184,848.1383631
15.00,25,185,848.0444118
15.00,25,186,848.0262303
15.00,25,187,847.8695874
15.00,25,188,847.7768981
15.00,25,189,847.7612908
15.00,25,190,847.6002934
15.00,25,191,847.5096286
15.00,25,192,847.4966671
15.00,25,193,847.3307049
15.00,25,194,847.2460737
15.00,25,195,847.2407717
15.00,25,196,847.0606271
15.00,25,197,846.9835103
15.00,25,198,846.8644758
15.00,25,199,846.7997277
15.00,25,200,846.5219713
15.00,26,1,623.0672839
15.00,26,2,623.0498418
15.00,26,3,623.0319196
15.00,26,4,623.018403
15.00,26,5,623.0020024
15.00,26,6,622.9912774
15.00,26,7,622.9758048
15.00,26,8,622.9671192
15.00,26,9,622.9521434
15.00,26,10,622.945014
15.00,26,11,622.93021
15.00,26,12,622.9243425
15.00,26,13,622.9094536
15.00,26,14,622.9046872
15.00,26,15,622.8894996
15.00,26,16,622.8857682
15.00,26,17,622.8700938
15.00,26,18,622.8674007
15.00,26,19,622.8510641
15.00,26,20,622.8494653
15.00,26,21,622.832294
15.00,26,22,622.8318887
15.00,26,23,622.8137054
15.00,26,24,622.8075946
15.00,26,25,622.8032015
15.00,26,26,622.8025878
15.00,27,1,733.3806453
15.00,27,2,733.3042693
15.00,27,3,733.2091502
15.00,27,4,733.1329729
15.00,27,5,733.0394285
15.00,27,6,732.9633697
15.00,27,7,732.8712398
15.00,27,8,732.795238
15.00,27,9,732.7043811
15.00,27,10,732.6283898
15.00,27,11,732.5386806
15.00,27,12,732.4626654
15.00,27,13,732.3739933
15.00,27,14,732.2979295
15.00,27,15,732.2905409
15.00,27,16,732.2104673
15.00,27,17,732.1019528
15.00,27,18,732.0234248
15.00,27,19,731.9181504
15.00,27,20,731.8408042
15.00,27,21,731.7384066
15.00,27,22,731.6619524
15.00,27,23,731.5621119
15.00,27,24,731.4863192
15.00,27,25,731.3887543
15.00,27,26,731.3134408
15.00,27,27,731.2179039
15.00,27,28,731.1429258
15.00,27,29,731.0491989
15.00,27,30,730.9744438
15.00,27,31,730.8823349
15.00,27,32,730.8077154
15.00,27,33,730.7170556
15.00,27,34,730.6425048
15.00,27,35,730.553145
15.00,27,36,730.4786123
15.00,27,37,730.3904213
15.00,27,38,730.3158691
15.00,27,39,730.228731
15.00,27,40,730.1541324
15.00,27,41,730.149095
15.00,27,42,730.0702613
15.00,27,43,729.9632502
15.00,27,44,729.8860149
15.00,27,45,729.7823035
15.00,27,46,729.706287
15.00,27,47,729.6054969
15.00,27,48,729.5303976
15.00,27,49,729.4321968
15.00,27,50,729.3577756
15.00,27,51,729.2618727
15.00,27,52,729.1879411
15.00,27,53,729.0940804
15.00,27,54,729.0204902
15.00,27,55,728.9284474
15.00,27,56,728.8550828
15.00,27,57,728.764661
15.00,27,58,728.6914327
15.00,27,59,728.6024589
15.00,27,60,728.5292983
15.00,27,61,728.4416205
15.00,27,62,728.3684763
15.00,27,63,728.2819609
15.00,27,64,728.208795
15.00,27,65,728.1233243
15.00,27,66,728.0501095
15.00,27,67,728.0418427
15.00,27,68,727.9645661
15.00,27,69,727.8597069
15.00,27,70,727.783991
15.00,27,71,727.6824026
15.00,27,72,727.6078709
15.00,27,73,727.5091712
15.00,27,74,727.4355254
15.00,27,75,727.33938
15.00,27,76,727.2663846
15.00,27,77,727.1725008
15.00,27,78,727.0999705
15.00,27,79,727.0080923
15.00,27,80,726.9358823
15.00,27,81,726.8457855
15.00,27,82,726.7737831
15.00,27,83,726.6852715
15.00,27,84,726.6133902
15.00,27,85,726.5262919
15.00,27,86,726.4544657
15.00,27,87,726.36863
15.00,27,88,726.2968097
15.00,27,89,726.2121044
15.00,27,90,726.140254
15.00,27,91,726.0565631
15.00,27,92,725.984657
15.00,27,93,725.9685713
15.00,27,94,725.8931114
15.00,27,95,725.7909649
15.00,27,96,725.7169489
15.00,27,97,725.6179632
15.00,27,98,725.5450348
15.00,27,99,725.4488348
15.00,27,100,725.3767127
15.00,27,101,725.2829712
15.00,27,102,725.2114341
15.00,27,103,725.1198654
15.00,27,104,725.0487401
15.00,27,105,724.9590949
15.00,27,106,724.8882466
15.00,27,107,724.8003071
15.00,27,108,724.7296316
15.00,27,109,724.6432078
15.00,27,110,724.5726255
15.00,27,111,724.4875511
15.00,27,112,724.417002
15.00,27,113,724.3331316
15.00,27,114,724.2625714
15.00,27,115,724.1797777
15.00,27,116,724.1091745
15.00,27,117,724.0273459
15.00,27,118,723.9566775
15.00,27,119,723.9294841
15.00,27,120,723.8560046
15.00,27,121,723.7570079
15.00,27,122,723.6847968
15.00,27,123,723.5887825
15.00,27,124,723.517517
15.00,27,125,723.424127
15.00,27,126,723.3535532
15.00,27,127,723.2624758
15.00,27,128,723.192395
15.00,27,129,723.1033588
15.00,27,130,723.0336163
15.00,27,131,722.9463849
15.00,27,132,722.876861
15.00,27,133,722.7912284
15.00,27,134,722.7218314
15.00,27,135,722.637618
15.00,27,136,722.5682785
15.00,27,137,722.4853276
15.00,27,138,722.415994
15.00,27,139,722.3341687
15.00,27,140,722.2648035
15.00,27,141,722.1839843
15.00,27,142,722.114561
15.00,27,143,722.0962035
15.00,27,144,722.0233588
15.00,27,145,721.9247031
15.00,27,146,721.8532699
15.00,27,147,721.7577465
15.00,27,148,721.6873682
15.00,27,149,721.594594
15.00,27,150,721.5249907
15.00,27,151,721.4346328
15.00,27,152,721.3655853
15.00,27,153,721.2773548
15.00,27,154,721.2086925
15.00,27,155,721.1223381
15.00,27,156,721.0539293
15.00,27,157,720.9692325
15.00,27,158,720.9009762
15.00,27,159,720.8177471
15.00,27,160,720.7495664
15.00,27,161,720.6676397
15.00,27,162,720.5994776
15.00,27,163,720.5187092
15.00,27,164,720.4505237
15.00,27,165,720.370788
15.00,27,166,720.3025497
15.00,27,167,720.2899061
15.00,27,168,720.217842
15.00,27,169,720.1199044
15.00,27,170,720.0493473
15.00,27,171,719.9546397
15.00,27,172,719.8852093
15.00,27,173,719.7933302
15.00,27,174,719.7247284
15.00,27,175,719.6353298
15.00,27,176,719.5673236
15.00,27,177,719.4801039
15.00,27,178,719.4125123
15.00,27,179,719.32721
15.00,27,180,719.259893
15.00,27,181,719.1762811
15.00,27,182,719.1091315
15.00,27,183,719.0270132
15.00,27,184,718.9599498
15.00,27,185,718.879154
15.00,27,186,718.812116
15.00,27,187,718.732494
15.00,27,188,718.6654371
15.00,27,189,718.5868593
15.00,27,190,718.519752
15.00,27,191,718.5096894
15.00,27,192,718.4385751
15.00,27,193,718.3417335
15.00,27,194,718.2721692
15.00,27,195,718.1786006
15.00,27,196,718.1101936
15.00,27,197,718.0194858
15.00,27,198,717.9519288
15.00,27,199,717.8637248
15.00,27,200,717.7967783
15.00,28,1,771.5124236
15.00,28,2,768.2359905
15.00,28,3,752.2151879
15.00,28,4,741.3423204
15.00,28,5,740.3436577
15.00,28,6,739.9407858
15.00,28,7,736.3169978
15.00,28,8,735.6392471
15.00,28,9,733.2501736
15.00,28,10,706.2073321
15.00,28,11,705.8080147
15.00,28,12,705.6572395
15.00,28,13,705.2794282
15.00,28,14,705.1267876
15.00,28,15,704.7671222
15.00,28,16,704.6126914
15.00,28,17,704.2686009
15.00,28,18,704.112572
15.00,28,19,703.7820193
15.00,28,20,703.6246275
15.00,28,21,703.3059543
15.00,28,22,703.1474427
15.00,28,23,702.8392709
15.00,28,24,702.679874
15.00,28,25,702.3810398
15.00,28,26,702.2209762
15.00,28,27,701.930485
15.00,28,28,701.7699553
15.00,28,29,701.4869489
15.00,28,30,701.3261363
15.00,28,31,701.0498684
15.00,28,32,700.8889399
15.00,28,33,700.6187577
15.00,28,34,700.4578663
15.00,28,35,700.1931956
15.00,28,36,700.0324822
15.00,28,37,699.7728159
15.00,28,38,699.6124114
15.00,28,39,699.3572998
15.00,28,40,699.1973274
15.00,28,41,698.9463701
15.00,28,42,698.7869467
15.00,28,43,698.539786
15.00,28,44,698.3810244
15.00,28,45,698.13734
15.00,28,46,697.97935
15.00,28,47,697.7388537
15.00,28,48,697.5817438
15.00,28,49,697.3441758
15.00,28,50,697.1880547
15.00,28,51,696.9531797
15.00,28,52,696.7981576
15.00,28,53,696.5657618
15.00,28,54,696.4119514
15.00,28,55,696.1818401
15.00,28,56,696.0293582
15.00,28,57,695.8013529
15.00,28,58,695.6503217
15.00,28,59,695.424258
15.00,28,60,695.2748064
15.00,28,61,695.0505326
15.00,28,62,694.9027973
15.00,28,63,694.680172
15.00,28,64,694.5342996
15.00,28,65,694.3131904
15.00,28,66,694.1693385
15.00,28,67,693.9496205
15.00,28,68,693.8079595
15.00,28,69,693.5895139
15.00,28,70,693.4502289
15.00,28,71,693.2329414
15.00,28,72,693.0962344
15.00,28,73,692.8799943
15.00,28,74,692.7460863
15.00,28,75,692.5307846
15.00,28,76,692.3999184
15.00,28,77,692.1854468
15.00,28,78,692.0578895
15.00,28,79,691.8441388
15.00,28,80,691.7201853
15.00,28,81,691.5070437
15.00,28,82,691.3870203
15.00,28,83,691.1743719
15.00,28,84,691.0586401
15.00,28,85,690.846363
15.00,28,86,690.7353241
15.00,28,87,690.5232883
15.00,28,88,690.4173888
15.00,28,89,690.2054533
15.00,28,90,690.1051906
15.00,28,91,689.8932011
15.00,28,92,689.79913
15.00,28,93,689.5869157
15.00,28,94,689.4996559
15.00,28,95,689.2870252
15.00,28,96,689.2072697
15.00,28,97,688.9940063
15.00,28,98,688.9225309
15.00,28,99,688.7083883
15.00,28,100,688.6460621
15.00,28,101,688.4307576
15.00,28,102,688.3785555
15.00,28,103,688.1617628
15.00,28,104,688.1207786
15.00,28,105,687.9021194
15.00,28,106,687.8735812
15.00,28,107,687.652615
15.00,28,108,687.6379021
15.00,28,109,687.4141144
15.00,28,110,685.195145
15.00,28,111,683.9100321
15.00,28,112,683.8747406
15.00,28,113,683.7001507
15.00,28,114,683.6827488
15.00,28,115,683.5064808
15.00,28,116,681.5821902
15.00,28,117,680.4220795
15.00,28,118,678.7240596
15.00,28,119,677.6242447
15.00,28,120,675.9114587
15.00,28,121,675.2687337
15.00,28,122,673.1432565
15.00,28,123,672.6029724
15.00,28,124,672.5406289
15.00,28,125,672.4329055
15.00,28,126,672.395799
15.00,28,127,672.2979512
15.00,28,128,672.2926533
15.00,28,129,672.2058329
15.00,28,130,670.7495563
15.00,28,131,670.4270373
15.00,28,132,668.0599376
15.00,28,133,668.0472036
15.00,28,134,666.6876836
15.00,28,135,666.0401654
15.00,28,136,665.9849366
15.00,28,137,665.9022502
15.00,28,138,665.8812462
15.00,28,139,665.8183003
15.00,28,140,664.6928445
15.00,28,141,664.5564296
15.00,28,142,662.0913701
15.00,28,143,661.8776119
15.00,28,144,661.798703
15.00,28,145,661.709522
15.00,28,146,661.6603556
15.00,28,147,661.5929572
15.00,28,148,661.585506
15.00,28,149,661.5464031
15.00,28,150,660.4512042
15.00,28,151,659.914965
15.00,28,152,659.9059529
15.00,28,153,659.8715238
15.00,28,154,658.828033
15.00,28,155,658.3293329
15.00,28,156,657.5225744
15.00,28,157,657.513916
15.00,28,158,655.0198863
15.00,28,159,654.8241379
15.00,28,160,654.6994186
15.00,28,161,654.5767668
15.00,28,162,654.4649303
15.00,28,163,654.3552079
15.00,28,164,654.262749
15.00,28,165,654.1717562
15.00,28,166,654.1086644
15.00,28,167,654.0447514
15.00,28,168,654.0264728
15.00,28,169,654.0015127
15.00,28,170,653.1356197
15.00,28,171,652.7514479
15.00,28,172,651.8682368
15.00,28,173,651.5788165
15.00,28,174,650.6092111
15.00,28,175,650.5186701
15.00,28,176,649.3587186
15.00,28,177,649.0886905
15.00,28,178,649.0315534
15.00,28,179,648.980546
15.00,28,180,648.9784212
15.00,28,181,648.2575139
15.00,28,182,647.6751357
15.00,28,183,645.8604025
15.00,28,184,645.7071358
15.00,28,185,644.6357982
15.00,28,186,644.249182
15.00,28,187,643.4188106
15.00,28,188,642.9549967
15.00,28,189,642.2090121
15.00,28,190,641.7481894
15.00,28,191,641.0061887
15.00,28,192,640.6090582
15.00,28,193,639.810208
15.00,28,194,639.5383992
15.00,28,195,638.6209866
15.00,28,196,638.5493583
15.00,28,197,637.4384823
15.00,28,198,637.1753365
15.00,28,199,637.1400265
15.00,28,200,636.674955
15.00,29,1,882.0225461
15.00,29,2,881.9257073
15.00,29,3,881.8889301
15.00,29,4,881.8647031
15.00,29,5,881.8483295
15.00,29,6,881.8365366
15.00,29,7,881.8276297
15.00,29,8,881.820443
15.00,29,9,881.8143487
15.00,29,10,881.8089192
15.00,30,1,718.6959152
15.00,30,2,718.0428465
15.00,30,3,718.0255259
15.00,30,4,717.7763921
15.00,30,5,717.6718695
15.00,30,6,717.6403531
15.00,30,7,717.4118017
15.00,30,8,717.3033378
15.00,30,9,717.260091
15.00,30,10,717.0485471
15.00,30,11,716.9364379
15.00,30,12,716.8819566
15.00,30,13,716.6868598
15.00,30,14,716.682659
15.00,30,15,716.3464039
15.00,30,16,716.2644509
15.00,30,17,716.1086426
15.00,30,18,716.0167442
15.00,30,19,715.764312
15.00,30,20,715.6638015
15.00,30,21,715.6388908
15.00,30,22,715.4060748
15.00,30,23,715.3011691
15.00,30,24,715.2629039
15.00,30,25,715.0494599
15.00,30,26,714.9409158
15.00,30,27,714.8917929
15.00,30,28,714.6941317
15.00,30,29,714.5822362
15.00,30,30,714.5227568
15.00,30,31,714.3402979
15.00,30,32,714.3163683
15.00,30,33,714.0058057
15.00,30,34,713.9212215
15.00,30,35,713.7747504
15.00,30,36,713.670712
15.00,30,37,713.4368191
15.00,30,38,713.3353342
15.00,30,39,713.3021881
15.00,30,40,713.0863619
15.00,30,41,712.9808774
15.00,30,42,712.9355463
15.00,30,43,712.7374433
15.00,30,44,712.6286514
15.00,30,45,712.5734055
15.00,30,46,712.3897653
15.00,30,47,712.373944
15.00,30,48,712.0613949
15.00,30,49,711.9793851
15.00,30,50,711.8340118
15.00,30,51,711.7338847
15.00,30,52,711.5020354
15.00,30,53,711.4024641
15.00,30,54,711.3699857
15.00,30,55,711.1579195
15.00,30,56,711.0545551
15.00,30,57,711.0108525
15.00,30,58,710.8150303
15.00,30,59,710.7081796
15.00,30,60,710.6537957
15.00,30,61,710.4735832
15.00,30,62,710.4595627
15.00,30,63,710.1514117
15.00,30,64,710.0716325
15.00,30,65,709.9277446
15.00,30,66,709.83288
15.00,30,67,709.6019961
15.00,30,68,709.5051734
15.00,30,69,709.4762309
15.00,30,70,709.2636808
15.00,30,71,709.1627696
15.00,30,72,709.121445
15.00,30,73,708.9268508
15.00,30,74,708.8225679
15.00,30,75,708.7712094
15.00,30,76,708.5911986
15.00,30,77,708.5816536
15.00,30,78,708.2745507
15.00,30,79,708.196483
15.00,30,80,708.0546024
15.00,30,81,707.9611185
15.00,30,82,707.7342886
15.00,30,83,707.638758
15.00,30,84,707.6090214
15.00,30,85,707.4019811
15.00,30,86,707.3026439
15.00,30,87,707.2617021
15.00,30,88,707.0708381
15.00,30,89,706.9680079
15.00,30,90,706.9164176
15.00,30,91,706.7410769
15.00,30,92,706.7301712
15.00,30,93,706.4300911
15.00,30,94,706.3535216
15.00,30,95,706.2138695
15.00,30,96,706.1235662
15.00,30,97,705.8993134
15.00,30,98,705.8060186
15.00,30,99,705.7786532
15.00,30,100,705.5724775
15.00,30,101,705.4751376
15.00,30,102,705.4355641
15.00,30,103,705.2470639
15.00,30,104,705.1463953
15.00,30,105,705.0969568
15.00,30,106,704.9227665
15.00,30,107,704.9138238
15.00,30,108,704.6168202
15.00,30,109,704.5413674
15.00,30,110,704.4042876
15.00,30,111,704.3137066
15.00,30,112,704.0947383
15.00,30,113,704.0023184
15.00,30,114,703.9732534
15.00,30,115,703.7735906
15.00,30,116,703.6774538
15.00,30,117,703.6374795
15.00,30,118,703.4535461
15.00,30,119,703.3540026
15.00,30,120,703.3036713
15.00,30,121,703.1348176
15.00,30,122,703.1226285
15.00,30,123,702.8340963
15.00,30,124,702.7596728
15.00,30,125,702.6252223
15.00,30,126,702.5365215
15.00,30,127,702.3210334
15.00,30,128,702.2305022
15.00,30,129,702.2030803
15.00,30,130,702.0050519
15.00,30,131,701.910609
15.00,30,132,701.8714027
15.00,30,133,701.6904238
15.00,30,134,701.5927667
15.00,30,135,701.5440556
15.00,30,136,701.3768517
15.00,30,137,701.3652219
15.00,30,138,701.0807909
15.00,30,139,701.007144
15.00,30,140,700.8755006
15.00,30,141,700.7856755
15.00,30,142,700.5759724
15.00,30,143,700.4860843
15.00,30,144,700.4565576
15.00,30,145,700.2653722
15.00,30,146,700.17192
15.00,30,147,700.1319479
15.00,30,148,699.955815
15.00,30,149,699.8590981
15.00,30,150,699.8092134
15.00,30,151,699.6475058
15.00,30,152,699.6318767
15.00,30,153,699.3563236
15.00,30,154,699.2834738
15.00,30,155,699.154553
15.00,30,156,699.0660152
15.00,30,157,698.8600548
15.00,30,158,698.7718598
15.00,30,159,698.7436488
15.00,30,160,698.554334
15.00,30,161,698.4624082
15.00,30,162,698.4229665
15.00,30,163,698.2498959
15.00,30,164,698.1549075
15.00,30,165,698.1064184
15.00,30,166,697.9464552
15.00,30,167,697.9309504
15.00,30,168,697.6596431
15.00,30,169,697.587446
15.00,30,170,697.4612872
15.00,30,171,697.3714518
15.00,30,172,697.1711715
15.00,30,173,697.0835381
15.00,30,174,697.0532196
15.00,30,175,696.8705383
15.00,30,176,696.7795204
15.00,30,177,696.7392893
15.00,30,178,696.5708896
15.00,30,179,696.4767711
15.00,30,180,696.4271289
15.00,30,181,696.2724222
15.00,30,182,696.253075
15.00,30,183,695.99022
15.00,30,184,695.9187817
15.00,30,185,695.7951882
15.00,30,186,695.7066344
15.00,30,187,695.5098308
15.00,30,188,695.423823
15.00,30,189,695.3948321
15.00,30,190,695.2138055
15.00,30,191,695.1242594
15.00,30,192,695.0846183
15.00,30,193,694.9189944
15.00,30,194,694.8265451
15.00,30,195,694.7783312
15.00,30,196,694.6251245
15.00,30,197,694.6062563
15.00,30,198,694.3470731
15.00,30,199,694.2763347
15.00,30,200,694.1552381
15.00,31,1,779.0756477
15.00,31,2,778.7456045
15.00,31,3,778.6197098
15.00,31,4,778.6044592
15.00,31,5,778.4691248
15.00,31,6,778.4654517
15.00,31,7,778.3192657
15.00,31,8,778.2421859
15.00,31,9,778.169899
15.00,31,10,778.0896917
15.00,31,11,778.0212036
15.00,31,12,777.9375086
15.00,31,13,777.8732218
15.00,31,14,777.7856475
15.00,31,15,777.7260021
15.00,31,16,777.6341209
15.00,31,17,777.5795976
15.00,31,18,777.4829422
15.00,31,19,777.434065
15.00,31,20,777.3321259
15.00,31,21,777.2894653
15.00,31,22,777.1816876
15.00,31,23,777.1458631
15.00,31,24,777.0316436
15.00,31,25,777.0033272
15.00,31,26,776.8820113
15.00,31,27,776.8619302
15.00,31,28,776.7328092
15.00,31,29,776.7217489
15.00,31,30,776.5840567
15.00,31,31,776.5828641
15.00,31,32,776.4357741
15.00,31,33,776.3595324
15.00,31,34,776.2882378
15.00,31,35,776.2091477
15.00,31,36,776.1412876
15.00,31,37,776.0590481
15.00,31,38,775.994958
15.00,31,39,775.9092428
15.00,31,40,775.8492879
15.00,31,41,775.7597417
15.00,31,42,775.7043196
15.00,31,43,775.6105555
15.00,31,44,775.5600984
15.00,31,45,775.4616961
15.00,31,46,775.4166733
15.00,31,47,775.3131758
15.00,31,48,775.2740966
15.00,31,49,775.1650083
15.00,31,50,775.1324243
15.00,31,51,775.0172078
15.00,31,52,774.9917166
15.00,31,53,774.8697899
15.00,31,54,774.8520375
15.00,31,55,774.7227711
15.00,31,56,774.7134555
15.00,31,57,774.576169
15.00,31,58,774.5760435
15.00,31,59,774.4300024
15.00,31,60,774.3545258
15.00,31,61,774.2841075
15.00,31,62,774.2062732
15.00,31,63,774.1386475
15.00,31,64,774.0582606
15.00,31,65,773.993636
15.00,31,66,773.9104913
15.00,31,67,773.8490884
15.00,31,68,773.7629689
15.00,31,69,773.7050208
15.00,31,70,773.6156972
15.00,31,71,773.5614497
15.00,31,72,773.4686801
15.00,31,73,773.418392
15.00,31,74,773.3219216
15.00,31,75,773.2758649
15.00,31,76,773.1754257
15.00,31,77,773.1338856
15.00,31,78,773.0291965
15.00,31,79,772.9924717
15.00,31,80,772.8832379
15.00,31,81,772.8516406
15.00,31,82,772.7375541
15.00,31,83,772.7114096
15.00,31,84,772.592149
15.00,31,85,772.5717961
15.00,31,86,772.4470266
15.00,31,87,772.4328169
15.00,31,88,772.3021908
15.00,31,89,772.2944887
15.00,31,90,772.1576454
15.00,31,91,772.1568274
15.00,31,92,772.0133938
15.00,31,93,771.9398703
15.00,31,94,771.8696705
15.00,31,95,771.7942247
15.00,31,96,771.7262941
15.00,31,97,771.6487921
15.00,31,98,771.5832714
15.00,31,99,771.5035737
15.00,31,100,771.4406105
15.00,31,101,771.3585715
15.00,31,102,771.29832
15.00,31,103,771.2137875
15.00,31,104,771.1564089
15.00,31,105,771.0692236
15.00,31,106,771.014886
15.00,31,107,770.9248819
15.00,31,108,770.8737606
15.00,31,109,770.7807643
15.00,31,110,770.7330418
15.00,31,111,770.6368729
15.00,31,112,770.5927388
15.00,31,113,770.4932098
15.00,31,114,770.4528609
15.00,31,115,770.3497771
15.00,31,116,770.3134174
15.00,31,117,770.2065769
15.00,31,118,770.1744174
15.00,31,119,770.063611
15.00,31,120,770.0358702
15.00,31,121,769.9208817
15.00,31,122,769.8977846
15.00,31,123,769.7783908
15.00,31,124,769.7601696
15.00,31,125,769.6361403
15.00,31,126,769.6230338
15.00,31,127,769.4941321
15.00,31,128,769.4863856
15.00,31,129,769.3523681
15.00,31,130,769.3502333
15.00,31,131,769.2108498
15.00,31,132,769.1391672
15.00,31,133,769.0694198
15.00,31,134,768.9964428
15.00,31,135,768.9282178
15.00,31,136,768.8538951
15.00,31,137,768.7872418
15.00,31,138,768.7115233
15.00,31,139,768.6464906
15.00,31,140,768.5693269
15.00,31,141,768.5059632
15.00,31,142,768.4273054
15.00,31,143,768.3656586
15.00,31,144,768.2854582
15.00,31,145,768.2255752
15.00,31,146,768.1437847
15.00,31,147,768.0857116
15.00,31,148,768.0022842
15.00,31,149,767.9460659
15.00,31,150,767.8609561
15.00,31,151,767.8066361
15.00,31,152,767.7197994
15.00,31,153,767.6674198
15.00,31,154,767.5788133
15.00,31,155,767.5284144
15.00,31,156,767.4379969
15.00,31,157,767.3896172
15.00,31,158,767.2973493
15.00,31,159,767.2510251
15.00,31,160,767.1568693
15.00,31,161,767.1126347
15.00,31,162,767.0165559
15.00,31,163,766.9744427
15.00,31,164,766.8764079
15.00,31,165,766.836445
15.00,31,166,766.7364241
15.00,31,167,766.6986378
15.00,31,168,766.5966032
15.00,31,169,766.5610168
15.00,31,170,766.4569438
15.00,31,171,766.4235775
15.00,31,172,766.3174447
15.00,31,173,766.2863152
15.00,31,174,766.1781043
15.00,31,175,766.1492251
15.00,31,176,766.0389212
15.00,31,177,766.012302
15.00,31,178,765.8998938
15.00,31,179,765.8755407
15.00,31,180,765.7610206
15.00,31,181,765.7389358
15.00,31,182,765.6223
15.00,31,183,765.6024817
15.00,31,184,765.4837303
15.00,31,185,765.4661729
15.00,31,186,765.3453099
15.00,31,187,765.3300034
15.00,31,188,765.2070371
15.00,31,189,765.1939674
15.00,31,190,765.0689102
15.00,31,191,765.0580589
15.00,31,192,764.9309274
15.00,31,193,764.922272
15.00,31,194,764.7930871
15.00,31,195,764.7866005
15.00,31,196,764.6553875
15.00,31,197,764.6510385
15.00,31,198,764.5178269
15.00,31,199,764.5155799
15.00,31,200,764.3804035
15.00,32,1,705.3769713
15.00,32,2,705.31671
15.00,32,3,704.7399128
15.00,32,4,704.3210671
15.00,32,5,703.9806716
15.00,32,6,703.7444052
15.00,32,7,703.2851554
15.00,32,8,702.9261543
15.00,32,9,702.7793727
15.00,32,10,702.2663003
15.00,32,11,701.8857423
15.00,32,12,701.8459723
15.00,32,13,701.2721834
15.00,32,14,700.8617311
15.00,32,15,700.5309078
15.00,32,16,700.3481905
15.00,32,17,700.0563472
15.00,32,18,699.7397922
15.00,32,19,699.4582657
15.00,32,20,699.3852167
15.00,32,21,699.353729
15.00,32,22,699.2876477
15.00,32,23,699.1389508
15.00,32,24,698.6134696
15.00,32,25,698.3043935
15.00,32,26,698.0132195
15.00,32,27,697.6800266
15.00,32,28,697.48569
15.00,32,29,697.4776046
15.00,32,30,697.4628202
15.00,32,31,696.9368229
15.00,32,32,695.369418
15.00,32,33,695.1007437
15.00,32,34,695.0629439
15.00,32,35,695.0332391
15.00,32,36,695.0320435
15.00,32,37,694.8813749
15.00,32,38,693.9439285
15.00,32,39,693.8681359
15.00,32,40,693.8513873
15.00,32,41,693.8431451
15.00,32,42,693.8109954
15.00,32,43,693.7962657
15.00,32,44,685.8349046
15.00,32,45,681.5178325
15.00,32,46,679.6362856
15.00,32,47,678.6627448
15.00,32,48,678.121339
15.00,32,49,677.7637424
15.00,32,50,677.488541
15.00,32,51,677.3110802
15.00,32,52,676.9419823
15.00,32,53,676.6634744
15.00,32,54,676.5073141
15.00,32,55,676.1271021
15.00,32,56,675.8437802
15.00,32,57,675.7133444
15.00,32,58,675.3199981
15.00,32,59,675.032479
15.00,32,60,674.9259588
15.00,32,61,674.5193491
15.00,32,62,674.2261849
15.00,32,63,674.1485791
15.00,32,64,673.7268708
15.00,32,65,673.4283887
15.00,32,66,673.378064
15.00,32,67,672.9403692
15.00,32,68,672.6352422
15.00,32,69,672.4692129
15.00,32,70,672.452284
15.00,32,71,672.032924
15.00,32,72,671.2293639
15.00,32,73,670.7598383
15.00,32,74,670.4479646
15.00,32,75,670.4412643
15.00,32,76,670.4379415
15.00,32,77,670.3557009
15.00,32,78,670.2604827
15.00,32,79,670.0357535
15.00,32,80,669.9263742
15.00,32,81,669.5542447
15.00,32,82,669.4555129
15.00,32,83,669.4430947
15.00,32,84,669.4096321
15.00,32,85,669.2105792
15.00,32,86,666.2541494
15.00,32,87,664.2839385
15.00,32,88,663.2615539
15.00,32,89,662.7031756
15.00,32,90,662.3488602
15.00,32,91,662.0874333
15.00,32,92,662.0398544
15.00,32,93,661.6544381
15.00,32,94,661.3812933
15.00,32,95,661.157717
15.00,32,96,660.9722668
15.00,32,97,660.6808139
15.00,32,98,660.4518158
15.00,32,99,660.2989221
15.00,32,100,659.9895785
15.00,32,101,659.7502659
15.00,32,102,659.6426461
15.00,32,103,659.3062659
15.00,32,104,659.0574906
15.00,32,105,658.9989778
15.00,32,106,658.6336715
15.00,32,107,658.3693991
15.00,32,108,658.1546982
15.00,32,109,657.9705091
15.00,32,110,657.6909832
15.00,32,111,657.466927
15.00,32,112,657.324109
15.00,32,113,657.0198687
15.00,32,114,656.7875786
15.00,32,115,656.6900607
15.00,32,116,656.3114082
15.00,32,117,656.2992018
15.00,32,118,656.2932327
15.00,32,119,656.2902763
15.00,32,120,656.1009224
15.00,32,121,656.0819705
15.00,32,122,656.0749656
15.00,32,123,656.0297227
15.00,32,124,655.6949315
15.00,32,125,655.6744906
15.00,32,126,655.4627111
15.00,32,127,655.3811358
15.00,32,128,655.0822214
15.00,32,129,654.7895219
15.00,32,130,654.5980892
15.00,32,131,654.5541482
15.00,32,132,654.3576555
15.00,32,133,654.3372155
15.00,32,134,654.329483
15.00,32,135,654.3260695
15.00,32,136,654.3251756
15.00,32,137,654.3212478
15.00,33,1,929.5484296
15.00,33,2,929.3452793
15.00,33,3,929.1584323
15.00,33,4,929.0007199
15.00,33,5,928.854734
15.00,33,6,928.7271879
15.00,33,7,928.6081639
15.00,33,8,928.5009181
15.00,33,9,928.3997424
15.00,33,10,928.3061415
15.00,33,11,928.216802
15.00,33,12,928.1323646
15.00,33,13,928.0508877
15.00,33,14,927.9726016
15.00,33,15,927.8963573
15.00,33,16,927.8222012
15.00,33,17,927.7494467
15.00,33,18,927.6780664
15.00,33,19,927.6076458
15.00,33,20,927.5381352
15.00,33,21,927.5166119
15.00,33,22,927.4277432
15.00,33,23,927.3425477
15.00,33,24,927.2614298
15.00,33,25,927.1828476
15.00,33,26,927.1069198
15.00,33,27,927.0327317
15.00,33,28,926.9602809
15.00,33,29,926.8890193
15.00,33,30,926.8189014
15.00,33,31,926.7495952
15.00,33,32,926.7295739
15.00,33,33,926.6399877
15.00,33,34,926.5555357
15.00,33,35,926.4741848
15.00,33,36,926.3961586
15.00,33,37,926.3202602
15.00,33,38,926.2465267
15.00,33,39,926.1742461
15.00,33,40,926.1033831
15.00,33,41,926.0335096
15.00,33,42,925.9645698
15.00,33,43,925.9443468
15.00,33,44,925.8558406
15.00,33,45,925.771102
15.00,33,46,925.6905082
15.00,33,47,925.6125013
15.00,33,48,925.5371796
15.00,33,49,925.4636232
15.00,33,50,925.3918162
15.00,33,51,925.3212094
15.00,33,52,925.2517488
15.00,33,53,925.1831032
15.00,33,54,925.1615746
15.00,33,55,925.0729627
15.00,33,56,924.9894409
15.00,33,57,924.9090173
15.00,33,58,924.8318757
15.00,33,59,924.7568478
15.00,33,60,924.6839478
15.00,33,61,924.6124831
15.00,33,62,924.5424058
15.00,33,63,924.4733009
15.00,33,64,924.4731393
15.00,33,65,924.3800776
15.00,33,66,924.2932016
15.00,33,67,924.2099962
15.00,33,68,924.1307605
15.00,33,69,924.0540295
15.00,33,70,923.9798605
15.00,33,71,923.9073907
15.00,33,72,923.8365836
15.00,33,73,923.7669255
15.00,33,74,923.6983526
15.00,33,75,923.6931899
15.00,33,76,923.6023878
15.00,33,77,923.5159099
15.00,33,78,923.4342119
15.00,33,79,923.3554656
15.00,33,80,923.2797904
15.00,33,81,923.2061166
15.00,33,82,923.1344269
15.00,33,83,923.0640885
15.00,33,84,922.9950393
15.00,33,85,922.9269007
15.00,33,86,922.9158412
15.00,33,87,922.8258145
15.00,33,88,922.7414547
15.00,33,89,922.6605229
15.00,33,90,922.5832168
15.00,33,91,922.508234
15.00,33,92,922.4355837
15.00,33,93,922.3645002
15.00,33,94,922.2949256
15.00,33,95,922.2264046
15.00,33,96,922.1588657
15.00,33,97,922.1405935
15.00,33,98,922.0532006
15.00,33,99,921.9697672
15.00,33,100,921.890593
15.00,33,101,921.814102
15.00,33,102,921.74034
15.00,33,103,921.6683854
15.00,33,104,921.598189
15.00,33,105,921.5292059
15.00,33,106,921.4613621
15.00,33,107,921.4596253
15.00,33,108,921.3689369
15.00,33,109,921.2827771
15.00,33,110,921.2015707
15.00,33,111,921.1234329
15.00,33,112,921.0484563
15.00,33,113,920.9755451
15.00,33,114,920.9046625
15.00,33,115,920.8351641
15.00,33,116,920.766975
15.00,33,117,920.6997119
15.00,33,118,920.6878181
15.00,33,119,920.598868
15.00,33,120,920.5155903
15.00,33,121,920.4357722
15.00,33,122,920.3595606
15.00,33,123,920.2856755
15.00,33,124,920.2140965
15.00,33,125,920.1440744
15.00,33,126,920.075535
15.00,33,127,920.0080348
15.00,33,128,919.9414937
15.00,33,129,919.9188269
15.00,33,130,919.8332842
15.00,33,131,919.7516224
15.00,33,132,919.6740546
15.00,33,133,919.5990949
15.00,33,134,919.5267435
15.00,33,135,919.4561351
15.00,33,136,919.3871977
15.00,33,137,919.3194216
15.00,33,138,919.2527222
15.00,33,139,919.2419708
15.00,33,140,919.1540938
15.00,33,141,919.0705294
15.00,33,142,918.9915658
15.00,33,143,918.9154985
15.00,33,144,918.8423522
15.00,33,145,918.7711393
15.00,33,146,918.7017912
15.00,33,147,918.6337288
15.00,33,148,918.5668638
15.00,33,149,918.5008528
15.00,33,150,918.4772591
15.00,33,151,918.3918816
15.00,33,152,918.3115967
15.00,33,153,918.2344845
15.00,33,154,918.1605951
15.00,33,155,918.0888208
15.00,33,156,918.0190974
15.00,33,157,917.9507781
15.00,33,158,917.8837714
15.00,33,159,917.8176952
15.00,33,160,917.8029828
15.00,33,161,917.7158379
15.00,33,162,917.6342718
15.00,33,163,917.5561486
15.00,33,164,917.4815452
15.00,33,165,917.409234
15.00,33,166,917.3391559
15.00,33,167,917.2705969
15.00,33,168,917.2034626
15.00,33,169,917.1373328
15.00,33,170,917.1310299
15.00,33,171,917.0422077
15.00,33,172,916.9594339
15.00,33,173,916.8803621
15.00,33,174,916.8050951
15.00,33,175,916.7322895
15.00,33,176,916.6618908
15.00,33,177,916.5931206
15.00,33,178,916.5258815
15.00,33,179,916.4597171
15.00,33,180,916.3945325
15.00,33,181,916.3713908
15.00,33,182,916.2874025
15.00,33,183,916.207377
15.00,33,184,916.1314447
15.00,33,185,916.0581437
15.00,33,186,915.9874249
15.00,33,187,915.918444
15.00,33,188,915.8511011
15.00,33,189,915.7849028
15.00,33,190,915.7197497
15.00,33,191,915.7027005
15.00,33,192,915.6176206
15.00,33,193,915.536745
15.00,33,194,915.4602293
15.00,33,195,915.3865014
15.00,33,196,915.3155165
15.00,33,197,915.2463698
15.00,33,198,915.1789585
15.00,33,199,915.1127554
15.00,33,200,915.0476567
15.00,34,1,840.8588271
15.00,34,2,840.8346064
15.00,34,3,840.8143814
15.00,34,4,840.8020125
15.00,34,5,840.7569002
15.00,34,6,840.7407231
15.00,34,7,840.6323571
15.00,34,8,840.6301926
15.00,34,9,840.560085
15.00,34,10,840.5358543
15.00,34,11,840.4885109
15.00,34,12,840.4793465
15.00,34,13,840.3643833
15.00,34,14,840.3403507
15.00,34,15,840.3203768
15.00,34,16,840.308387
15.00,34,17,840.2627328
15.00,34,18,840.2483263
15.00,34,19,840.1386443
15.00,34,20,840.1371973
15.00,34,21,840.0665837
15.00,34,22,840.0427087
15.00,34,23,839.9952369
15.00,34,24,839.9865238
15.00,34,25,839.8715247
15.00,34,26,839.8475658
15.00,34,27,839.8276353
15.00,34,28,839.8156209
15.00,34,29,839.7702083
15.00,34,30,839.7551286
15.00,34,31,839.6465041
15.00,34,32,839.6444099
15.00,34,33,839.5746949
15.00,34,34,839.5503706
15.00,34,35,839.5035984
15.00,34,36,839.4927703
15.00,34,37,839.3802286
15.00,34,38,839.3562409
15.00,34,39,839.3361533
15.00,34,40,839.3237211
15.00,34,41,839.2793174
15.00,34,42,839.2612014
15.00,34,43,839.1559305
15.00,34,44,839.1518893
15.00,34,45,839.0844118
15.00,34,46,839.0588821
15.00,34,47,839.0135876
15.00,34,48,838.9982671
15.00,34,49,838.8904937
15.00,34,50,838.887857
15.00,34,51,838.8190565
15.00,34,52,838.794316
15.00,34,53,838.7483353
15.00,34,54,838.7351675
15.00,34,55,838.6255158
15.00,34,56,838.6239233
15.00,34,57,838.5541705
15.00,34,58,838.5300056
15.00,34,59,838.4835582
15.00,34,60,838.47186
15.00,34,61,838.3609935
15.00,34,62,838.3600654
15.00,34,63,838.2897513
15.00,34,64,838.2659388
15.00,34,65,838.2192544
15.00,34,66,838.2083162
15.00,34,67,838.0969244
15.00,34,68,838.0962692
15.00,34,69,838.025797
15.00,34,70,838.0021084
15.00,34,71,837.9554222
15.00,34,72,837.944523
15.00,34,73,837.8333067
15.00,34,74,837.8325294
15.00,34,75,837.7623059
15.00,34,76,837.7385125
15.00,34,77,837.6920599
15.00,34,78,837.6804832
15.00,34,79,837.5701389
15.00,34,80,837.56885
15.00,34,81,837.4992768
15.00,34,82,837.4751545
15.00,34,83,837.4291663
15.00,34,84,837.4162148
15.00,34,85,837.3074206
15.00,34,86,837.3052439
15.00,34,87,837.2367088
15.00,34,88,837.2120428
15.00,34,89,837.1667402
15.00,34,90,837.151751
15.00,34,91,837.0451518
15.00,34,92,837.0417322
15.00,34,93,836.9746013
15.00,34,94,836.9491907
15.00,34,95,836.9047808
15.00,34,96,836.8871383
15.00,34,97,836.7833328
15.00,34,98,836.7783438
15.00,34,99,836.712954
15.00,34,100,836.6866155
15.00,34,101,836.6432873
15.00,34,102,836.6224352
15.00,34,103,836.5219648
15.00,34,104,836.5151141
15.00,34,105,836.451767
15.00,34,106,836.4243382
15.00,34,107,836.382259
15.00,34,108,836.3577101
15.00,34,109,836.2610491
15.00,34,110,836.2520837
15.00,34,111,836.1910404
15.00,34,112,836.1623826
15.00,34,113,836.1617784
15.00,34,114,836.0953562
15.00,34,115,836.0695958
15.00,34,116,836.0259609
15.00,34,117,836.0059417
15.00,34,118,835.9051436
15.00,34,119,835.898266
15.00,34,120,835.8352275
15.00,34,121,835.8076519
15.00,34,122,835.7660139
15.00,34,123,835.7401032
15.00,34,124,835.6452521
15.00,34,125,835.6351158
15.00,34,126,835.5755624
15.00,34,127,835.546125
15.00,34,128,835.5445145
15.00,34,129,835.4802687
15.00,34,130,835.4534989
15.00,34,131,835.4111995
15.00,34,132,835.3875555
15.00,34,133,835.2907945
15.00,34,134,835.2818802
15.00,34,135,835.2212352
15.00,34,136,835.1925364
15.00,34,137,835.1915889
15.00,34,138,835.1261667
15.00,34,139,835.1000117
15.00,34,140,835.0572417
15.00,34,141,835.034871
15.00,34,142,834.9371406
15.00,34,143,834.928574
15.00,34,144,834.8677283
15.00,34,145,834.8391281
15.00,34,146,834.8381544
15.00,34,147,834.7728897
15.00,34,148,834.7467929
15.00,34,149,834.7041318
15.00,34,150,834.6817349
15.00,34,151,834.5843255
15.00,34,152,834.5757628
15.00,34,153,834.5150818
15.00,34,154,834.4865329
15.00,34,155,834.4855219
15.00,34,156,834.420461
15.00,34,157,834.3942237
15.00,34,158,834.3518706
15.00,34,159,834.3284418
15.00,34,160,834.2323063
15.00,34,161,834.2228754
15.00,34,162,834.1632483
15.00,34,163,834.1341199
15.00,34,164,834.1323958
15.00,34,165,834.068851
15.00,34,166,834.0419358
15.00,34,167,834.0004505
15.00,34,168,833.9747639
15.00,34,169,833.881121
15.00,34,170,833.8705179
15.00,34,171,833.8122692
15.00,34,172,833.7825354
15.00,34,173,833.7801098
15.00,34,174,833.7180845
15.00,34,175,833.6903297
15.00,34,176,833.689864
15.00,34,177,833.6239763
15.00,34,178,833.5984005
15.00,34,179,833.5557397
15.00,34,180,833.533617
15.00,34,181,833.4368555
15.00,34,182,833.42794
15.00,34,183,833.3681523
15.00,34,184,833.3393341
15.00,34,185,833.3377045
15.00,34,186,833.2742525
15.00,34,187,833.2473404
15.00,34,188,833.2062212
15.00,34,189,833.1794872
15.00,34,190,833.0874854
15.00,34,191,833.0758538
15.00,34,192,833.0190285
15.00,34,193,832.9886212
15.00,34,194,832.9852658
15.00,34,195,832.9253442
15.00,34,196,832.8966814
15.00,34,197,832.8950774
15.00,34,198,832.8317233
15.00,34,199,832.8048346
15.00,34,200,832.7638977
15.00,35,1,878.1426786
15.00,35,2,878.0978047
15.00,35,3,877.9949626
15.00,35,4,877.9465833
15.00,35,5,877.932614
15.00,35,6,877.8630502
15.00,35,7,877.8129561
15.00,35,8,877.8053013
15.00,35,9,877.7312
15.00,35,10,877.6795468
15.00,35,11,877.6785451
15.00,35,12,877.6004344
15.00,35,13,877.5464536
15.00,35,14,877.5037267
15.00,35,15,877.4697893
15.00,35,16,877.4137527
15.00,35,17,877.3699253
15.00,35,18,877.3398164
15.00,35,19,877.2810917
15.00,35,20,877.2363018
15.00,35,21,877.2102468
15.00,35,22,877.1490525
15.00,35,23,877.1029055
15.00,35,24,877.081478
15.00,35,25,877.0169911
15.00,35,26,876.9696948
15.00,35,27,876.9531342
15.00,35,28,876.8856987
15.00,35,29,876.8367354
15.00,35,30,876.8257491
15.00,35,31,876.7542944
15.00,35,32,876.7039689
15.00,35,33,876.6988019
15.00,35,34,876.6238487
15.00,35,35,876.571483
15.00,35,36,876.5296099
15.00,35,37,876.4934839
15.00,35,38,876.4393417
15.00,35,39,876.3965171
15.00,35,40,876.3636898
15.00,35,41,876.3072311
15.00,35,42,876.263586
15.00,35,43,876.2342222
15.00,35,44,876.1756598
15.00,35,45,876.1308587
15.00,35,46,876.1054228
15.00,35,47,876.0440647
15.00,35,48,875.9982974
15.00,35,49,875.9769585
15.00,35,50,875.913124
15.00,35,51,875.8659576
15.00,35,52,875.8492802
15.00,35,53,875.7820838
15.00,35,54,875.7337879
15.00,35,55,875.7219373
15.00,35,56,875.6518437
15.00,35,57,875.6018608
15.00,35,58,875.5955227
15.00,35,59,875.5214005
15.00,35,60,875.4701069
15.00,35,61,875.4694321
15.00,35,62,875.3919412
15.00,35,63,875.3386206
15.00,35,64,875.2964994
15.00,35,65,875.2624848
15.00,35,66,875.2074657
15.00,35,67,875.1644162
15.00,35,68,875.1335613
15.00,35,69,875.076301
15.00,35,70,875.032482
15.00,35,71,875.0048982
15.00,35,72,874.9456659
15.00,35,73,874.90074
15.00,35,74,874.8768496
15.00,35,75,874.8149624
15.00,35,76,874.7691486
15.00,35,77,874.7490552
15.00,35,78,874.6848922
15.00,35,79,874.6377635
15.00,35,80,874.6219723
15.00,35,81,874.5546758
15.00,35,82,874.50653
15.00,35,83,874.4951283
15.00,35,84,874.425221
15.00,35,85,874.3755192
15.00,35,86,874.3691108
15.00,35,87,874.2955181
15.00,35,88,874.2446597
15.00,35,89,874.2433046
15.00,35,90,874.1667355
15.00,35,91,874.1140422
15.00,35,92,874.0723697
15.00,35,93,874.0379044
15.00,35,94,873.9837236
15.00,35,95,873.9412267
15.00,35,96,873.9095351
15.00,35,97,873.8533763
15.00,35,98,873.810219
15.00,35,99,873.781361
15.00,35,100,873.7235083
15.00,35,101,873.6793863
15.00,35,102,873.6537097
15.00,35,103,873.5935578
15.00,35,104,873.5486886
15.00,35,105,873.5262391
15.00,35,106,873.4641694
15.00,35,107,873.4181757
15.00,35,108,873.3993624
15.00,35,109,873.33463
15.00,35,110,873.2877966
15.00,35,111,873.2726435
15.00,35,112,873.205753
15.00,35,113,873.1576139
15.00,35,114,873.1466016
15.00,35,115,873.0766382
15.00,35,116,873.0275626
15.00,35,117,873.0206842
15.00,35,118,872.9483071
15.00,35,119,872.8977208
15.00,35,120,872.8955403
15.00,35,121,872.8196297
15.00,35,122,872.7680065
15.00,35,123,872.7268332
15.00,35,124,872.6915866
15.00,35,125,872.6383874
15.00,35,126,872.5967003
15.00,35,127,872.5636875
15.00,35,128,872.5091662
15.00,35,129,872.4667225
15.00,35,130,872.4361993
15.00,35,131,872.3798808
15.00,35,132,872.3368663
15.00,35,133,872.3088385
15.00,35,134,872.2510511
15.00,35,135,872.2071715
15.00,35,136,872.1819342
15.00,35,137,872.1221053
15.00,35,138,872.0775962
15.00,35,139,872.0551348
15.00,35,140,871.9936837
15.00,35,141,871.948189
15.00,35,142,871.928844
15.00,35,143,871.8650824
15.00,35,144,871.8188984
15.00,35,145,871.8026283
15.00,35,146,871.7370859
15.00,35,147,871.6897836
15.00,35,148,871.6769807
15.00,35,149,871.6088329
15.00,35,150,871.5607814
15.00,35,151,871.5513696
15.00,35,152,871.4812794
15.00,35,153,871.4319636
15.00,35,154,871.4263945
15.00,35,155,871.3533772
15.00,35,156,871.3032533
15.00,35,157,871.3014075
15.00,35,158,871.2262849
15.00,35,159,871.1747371
15.00,35,160,871.1339758
15.00,35,161,871.0990427
15.00,35,162,871.0464597
15.00,35,163,871.0050913
15.00,35,164,870.9721336
15.00,35,165,870.918118
15.00,35,166,870.8763169
15.00,35,167,870.8453032
15.00,35,168,870.7901656
15.00,35,169,870.7476864
15.00,35,170,870.7188347
15.00,35,171,870.6621078
15.00,35,172,870.6191632
15.00,35,173,870.5924223
15.00,35,174,870.5344867
15.00,35,175,870.4907878
15.00,35,176,870.4664039
15.00,35,177,870.406712
15.00,35,178,870.3625164
15.00,35,179,870.3404144
15.00,35,180,870.2794285
15.00,35,181,870.234397
15.00,35,182,870.2148545
15.00,35,183,870.1519351
15.00,35,184,870.1063776
15.00,35,185,870.0892906
15.00,35,186,870.0249949
15.00,35,187,869.9785149
15.00,35,188,869.964196
15.00,35,189,869.8977801
15.00,35,190,869.8507474
15.00,35,191,869.8390585
15.00,35,192,869.7711885
15.00,35,193,869.7231417
15.00,35,194,869.7144343
15.00,35,195,869.6442481
15.00,35,196,869.5956254
15.00,35,197,869.5897217
15.00,35,198,869.5180098
15.00,35,199,869.4682766
15.00,35,200,869.4655708
15.00,36,1,845.1578045
15.00,36,2,845.096862
15.00,36,3,845.0651293
15.00,36,4,845.0549878
15.00,36,5,845.0159993
15.00,36,6,844.9913772
15.00,36,7,844.9686851
15.00,36,8,844.9404575
15.00,36,9,844.9241393
15.00,36,10,844.8904536
15.00,36,11,844.8837794
15.00,36,12,844.8418305
15.00,36,13,844.8162867
15.00,36,14,844.7953477
15.00,36,15,844.7656741
15.00,36,16,844.7520926
15.00,36,17,844.7161363
15.00,36,18,844.7137574
15.00,36,19,844.668235
15.00,36,20,844.6414463
15.00,36,21,844.6227508
15.00,36,22,844.5911803
15.00,36,23,844.5809793
15.00,36,24,844.5421427
15.00,36,25,844.5176141
15.00,36,26,844.4950118
15.00,36,27,844.4668315
15.00,36,28,844.4507677
15.00,36,29,844.4170129
15.00,36,30,844.4109379
15.00,36,31,844.3686663
15.00,36,32,844.3429484
15.00,36,33,844.3225051
15.00,36,34,844.2925046
15.00,36,35,844.2797095
15.00,36,36,844.2431777
15.00,36,37,844.2420424
15.00,36,38,844.1955486
15.00,36,39,844.1685007
15.00,36,40,844.1505765
15.00,36,41,844.1184862
15.00,36,42,844.1096422
15.00,36,43,844.0698216
15.00,36,44,844.0449131
15.00,36,45,844.0231708
15.00,36,46,843.994352
15.00,36,47,843.9796298
15.00,36,48,843.9448261
15.00,36,49,843.9408444
15.00,36,50,843.8968789
15.00,36,51,843.8706547
15.00,36,52,843.8514069
15.00,36,53,843.8205191
15.00,36,54,843.8097116
15.00,36,55,843.771649
15.00,36,56,843.7473224
15.00,36,57,843.7246758
15.00,36,58,843.6966985
15.00,36,59,843.6806404
15.00,36,60,843.6470552
15.00,36,61,843.6411134
15.00,36,62,843.5989124
15.00,36,63,843.5732638
15.00,36,64,843.5531279
15.00,36,65,843.5230685
15.00,36,66,843.5109552
15.00,36,67,843.4740864
15.00,36,68,843.4501557
15.00,36,69,843.4269307
15.00,36,70,843.3995147
15.00,36,71,843.3826123
15.00,36,72,843.3498231
15.00,36,73,843.3426636
15.00,36,74,843.3015896
15.00,36,75,843.2763081
15.00,36,76,843.2556535
15.00,36,77,843.2261062
15.00,36,78,843.2132497
15.00,36,79,843.1770936
15.00,36,80,843.1763293
15.00,36,81,843.1299256
15.00,36,82,843.1027981
15.00,36,83,843.0855372
15.00,36,84,843.0531285
15.00,36,85,843.0454927
15.00,36,86,843.0049117
15.00,36,87,842.9797887
15.00,36,88,842.958991
15.00,36,89,842.9296357
15.00,36,90,842.9166138
15.00,36,91,842.8806784
15.00,36,92,842.8797569
15.00,36,93,842.8335823
15.00,36,94,842.8065221
15.00,36,95,842.789302
15.00,36,96,842.7569335
15.00,36,97,842.7494367
15.00,36,98,842.7088248
15.00,36,99,842.6836865
15.00,36,100,842.6630627
15.00,36,101,842.6336303
15.00,36,102,842.6209356
15.00,36,103,842.5848034
15.00,36,104,842.584492
15.00,36,105,842.5378968
15.00,36,106,842.5106853
15.00,36,107,842.4939065
15.00,36,108,842.4612384
15.00,36,109,842.4545047
15.00,36,110,842.4133327
15.00,36,111,842.3880028
15.00,36,112,842.3678798
15.00,36,113,842.3380941
15.00,36,114,842.3262404
15.00,36,115,842.2894776
15.00,36,116,842.2655736
15.00,36,117,842.242837
15.00,36,118,842.2152761
15.00,36,119,842.1993076
15.00,36,120,842.1660284
15.00,36,121,842.1606391
15.00,36,122,842.1184166
15.00,36,123,842.0927301
15.00,36,124,842.0734184
15.00,36,125,842.0430182
15.00,36,126,842.0324989
15.00,36,127,841.9946913
15.00,36,128,841.9704317
15.00,36,129,841.9484893
15.00,36,130,841.920324
15.00,36,131,841.9056457
15.00,36,132,841.8713515
15.00,36,133,841.8680676
15.00,36,134,841.8241544
15.00,36,135,841.7978953
15.00,36,136,841.7798057
15.00,36,137,841.7484467
15.00,36,138,841.7399186
15.00,36,139,841.700516
15.00,36,140,841.6757127
15.00,36,141,841.6549221
15.00,36,142,841.6258523
15.00,36,143,841.6130353
15.00,36,144,841.577247
15.00,36,145,841.5769817
15.00,36,146,841.5306119
15.00,36,147,841.5035207
15.00,36,148,841.4871522
15.00,36,149,841.4544173
15.00,36,150,841.4486839
15.00,36,151,841.4070156
15.00,36,152,841.3814379
15.00,36,153,841.3622415
15.00,36,154,841.331897
15.00,36,155,841.3216525
15.00,36,156,841.283775
15.00,36,157,841.2595304
15.00,36,158,841.2379364
15.00,36,159,841.2096556
15.00,36,160,841.1956999
15.00,36,161,841.1610123
15.00,36,162,841.1591922
15.00,36,163,841.1143259
15.00,36,164,841.0876525
15.00,36,165,841.0706703
15.00,36,166,841.038533
15.00,36,167,841.0318605
15.00,36,168,840.9910588
15.00,36,169,840.9658248
15.00,36,170,840.9462458
15.00,36,171,840.9163413
15.00,36,172,840.905646
15.00,36,173,840.8683008
15.00,36,174,840.8441846
15.00,36,175,840.8225077
15.00,36,176,840.7943774
15.00,36,177,840.7803137
15.00,36,178,840.7457969
15.00,36,179,840.7438409
15.00,36,180,840.6991618
15.00,36,181,840.6726121
15.00,36,182,840.6556898
15.00,36,183,840.6236291
15.00,36,184,840.6172434
15.00,36,185,840.5763705
15.00,36,186,840.5510448
15.00,36,187,840.531805
15.00,36,188,840.5016965
15.00,36,189,840.4915702
15.00,36,190,840.453826
15.00,36,191,840.4296156
15.00,36,192,840.4083564
15.00,36,193,840.3799857
15.00,36,194,840.3667147
15.00,36,195,840.3316727
15.00,36,196,840.331224
15.00,36,197,840.2854743
15.00,36,198,840.2584703
15.00,36,199,840.2425863
15.00,36,200,840.2097356
15.00,37,1,728.771881
15.00,37,2,728.7370739
15.00,37,3,728.7120082
15.00,37,4,728.7037076
15.00,37,5,728.6019423
15.00,37,6,728.5454698
15.00,37,7,728.5313238
15.00,37,8,728.442705
15.00,37,9,728.4071306
15.00,37,10,728.2413703
15.00,37,11,728.2076811
15.00,37,12,728.1258126
15.00,37,13,728.0760624
15.00,37,14,727.9247905
15.00,37,15,727.8857059
15.00,37,16,727.8097893
15.00,37,17,727.7475837
15.00,37,18,727.6091032
15.00,37,19,727.5652696
15.00,37,20,727.5615283
15.00,37,21,727.4511503
15.00,37,22,727.3992962
15.00,37,23,727.3889307
15.00,37,24,727.2933718
15.00,37,25,727.2742809
15.00,37,26,727.0942096
15.00,37,27,727.0666833
15.00,37,28,726.9794878
15.00,37,29,726.9428361
15.00,37,30,726.780581
15.00,37,31,726.7464256
15.00,37,32,726.6664687
15.00,37,33,726.6146563
15.00,37,34,726.4678501
15.00,37,35,726.4279561
15.00,37,36,726.4272881
15.00,37,37,726.3113514
15.00,37,38,726.2627143
15.00,37,39,726.2548535
15.00,37,40,726.1550226
15.00,37,41,726.1465148
15.00,37,42,725.9579076
15.00,37,43,725.9342713
15.00,37,44,725.844106
15.00,37,45,725.8153487
15.00,37,46,725.6472004
15.00,37,47,725.6159715
15.00,37,48,725.5340492
15.00,37,49,725.4880538
15.00,37,50,725.3373942
15.00,37,51,725.2996799
15.00,37,52,725.2248406
15.00,37,53,725.1640746
15.00,37,54,725.02847
15.00,37,55,724.985183
15.00,37,56,724.9809821
15.00,37,57,724.8739011
15.00,37,58,724.8223806
15.00,37,59,724.8113654
15.00,37,60,724.7195184
15.00,37,61,724.6958189
15.00,37,62,724.5245388
15.00,37,63,724.4951555
15.00,37,64,724.4123799
15.00,37,65,724.3697571
15.00,37,66,724.2176196
15.00,37,67,724.1811543
15.00,37,68,724.1060824
15.00,37,69,724.0474255
15.00,37,70,723.9115809
15.00,37,71,723.8690957
15.00,37,72,723.8652032
15.00,37,73,723.7584522
15.00,37,74,723.7075499
15.00,37,75,723.6966919
15.00,37,76,723.6055136
15.00,37,77,723.5818329
15.00,37,78,723.412354
15.00,37,79,723.3829342
15.00,37,80,723.3012572
15.00,37,81,723.2578139
15.00,37,82,723.1082982
15.00,37,83,723.0715124
15.00,37,84,722.9978326
15.00,37,85,722.937789
15.00,37,86,722.8051173
15.00,37,87,722.762123
15.00,37,88,722.7573897
15.00,37,89,722.6534242
15.00,37,90,722.6020715
15.00,37,91,722.5904116
15.00,37,92,722.5019273
15.00,37,93,722.4739748
15.00,37,94,722.3104953
15.00,37,95,722.2794564
15.00,37,96,722.2005173
15.00,37,97,722.1527722
15.00,37,98,722.0092788
15.00,37,99,721.970885
15.00,37,100,721.9699231
15.00,37,101,721.8585399
15.00,37,102,721.810911
15.00,37,103,721.8023349
15.00,37,104,721.7079924
15.00,37,105,721.69339
15.00,37,106,721.5180367
15.00,37,107,721.4919013
15.00,37,108,721.4085754
15.00,37,109,721.3711766
15.00,37,110,721.2187667
15.00,37,111,721.1842108
15.00,37,112,721.1099804
15.00,37,113,721.0537824
15.00,37,114,720.9203727
15.00,37,115,720.8788431
15.00,37,116,720.8747437
15.00,37,117,720.771069
15.00,37,118,720.7208629
15.00,37,119,720.7095784
15.00,37,120,720.6219676
15.00,37,121,720.5946093
15.00,37,122,720.4335671
15.00,37,123,720.4027066
15.00,37,124,720.3253423
15.00,37,125,720.2768465
15.00,37,126,720.1371055
15.00,37,127,720.098444
15.00,37,128,720.0965922
15.00,37,129,719.9887519
15.00,37,130,719.9408445
15.00,37,131,719.9313593
15.00,37,132,719.8405998
15.00,37,133,719.8208252
15.00,37,134,719.6535551
15.00,37,135,719.625462
15.00,37,136,719.5459262
15.00,37,137,719.5030506
15.00,37,138,719.3590139
15.00,37,139,719.3224339
15.00,37,140,719.3221376
15.00,37,141,719.21161
15.00,37,142,719.1653578
15.00,37,143,719.1570922
15.00,37,144,719.0644084
15.00,37,145,719.0496094
15.00,37,146,718.8786664
15.00,37,147,718.8523716
15.00,37,148,718.7716701
15.00,37,149,718.7322679
15.00,37,150,718.5860359
15.00,37,151,718.5507375
15.00,37,152,718.4797345
15.00,37,153,718.4204322
15.00,37,154,718.2942708
15.00,37,155,718.2516548
15.00,37,156,718.2457147
15.00,37,157,718.1482977
15.00,37,158,718.0971921
15.00,37,159,718.0842062
15.00,37,160,718.0025391
15.00,37,161,717.9661636
15.00,37,162,717.8181619
15.00,37,163,717.7839767
15.00,37,164,717.712515
15.00,37,165,717.6552444
15.00,37,166,717.5282904
15.00,37,167,717.4864473
15.00,37,168,717.4809299
15.00,37,169,717.3832616
15.00,37,170,717.3327724
15.00,37,171,717.3200846
15.00,37,172,717.2384497
15.00,37,173,717.2030058
15.00,37,174,717.0552851
15.00,37,175,717.0214447
15.00,37,176,716.950321
15.00,37,177,716.8934028
15.00,37,178,716.7672971
15.00,37,179,716.7256088
15.00,37,180,716.719977
15.00,37,181,716.6232118
15.00,37,182,716.5728479
15.00,37,183,716.5600216
15.00,37,184,716.479346
15.00,37,185,716.4429027
15.00,37,186,716.2973529
15.00,37,187,716.2631554
15.00,37,188,716.193097
15.00,37,189,716.1350101
15.00,37,190,716.0112382
15.00,37,191,715.9691495
15.00,37,192,715.9629231
15.00,37,193,715.868095
15.00,37,194,715.8174203
15.00,37,195,715.8040698
15.00,37,196,715.7251742
15.00,37,197,715.6860343
15.00,37,198,715.5443153
15.00,37,199,715.5091485
15.00,37,200,715.5087976
15.00,38,1,677.6265117
15.00,38,2,675.366982
15.00,38,3,673.4477151
15.00,38,4,671.7671948
15.00,38,5,670.5135223
15.00,38,6,668.8425406
15.00,38,7,668.1512227
15.00,38,8,667.8549642
15.00,38,9,665.5764833
15.00,38,10,651.5122479
15.00,38,11,648.992224
15.00,38,12,647.7379228
15.00,38,13,645.9772558
15.00,38,14,645.3530751
15.00,38,15,641.6357246
15.00,38,16,640.3596639
15.00,38,17,639.8494783
15.00,38,18,639.6249683
15.00,38,19,639.5139351
15.00,38,20,636.4133502
15.00,38,21,636.3014332
15.00,38,22,628.219438
15.00,38,23,625.1281939
15.00,38,24,624.4271135
15.00,38,25,622.6573198
15.00,38,26,621.5395825
15.00,38,27,621.2984146
15.00,38,28,619.10923
15.00,38,29,614.8967298
15.00,38,30,614.7762214
15.00,38,31,613.6320158
15.00,38,32,613.6019491
15.00,38,33,610.0132286
15.00,38,34,606.9378373
15.00,38,35,605.8541963
15.00,38,36,604.7717414
15.00,38,37,604.2326139
15.00,38,38,604.0652973
15.00,38,39,598.232101
15.00,38,40,598.2024546
15.00,38,41,594.1686553
15.00,38,42,593.1923433
15.00,38,43,592.7529116
15.00,38,44,588.3496322
15.00,38,45,586.0036902
15.00,38,46,585.9650562
15.00,38,47,585.9280214
15.00,38,48,585.8916668
15.00,38,49,585.8571503
15.00,38,50,585.823064
15.00,38,51,585.7913541
15.00,38,52,585.759775
15.00,38,53,585.7315156
15.00,38,54,585.7029329
15.00,38,55,585.679202
15.00,38,56,585.6543752
15.00,38,57,585.6368242
15.00,38,58,585.6168174
15.00,38,59,585.2811805
15.00,38,60,583.1743413
15.00,38,61,582.4130541
15.00,38,62,582.2567555
15.00,38,63,574.8293731
15.00,38,64,574.8095886
15.00,38,65,574.7913254
15.00,38,66,574.7030173
15.00,38,67,573.8093244
15.00,38,68,573.4811456
15.00,38,69,566.3050235
15.00,38,70,565.056522
15.00,38,71,565.0303509
15.00,38,72,565.0072502
15.00,38,73,564.9869381
15.00,38,74,564.9727924
15.00,38,75,564.963383
15.00,38,76,564.8597721
15.00,38,77,564.8202861
15.00,38,78,564.584322
15.00,38,79,564.5431198
15.00,38,80,564.521086
15.00,38,81,564.5021263
15.00,38,82,564.4900411
15.00,38,83,564.4832409
15.00,38,84,564.3716637
15.00,38,85,564.364152
15.00,38,86,564.097537
15.00,38,87,564.0613484
15.00,38,88,564.0418057
15.00,38,89,564.0260389
15.00,38,90,564.0190231
15.00,38,91,564.0184886
15.00,38,92,563.8852748
15.00,38,93,563.8266377
15.00,38,94,563.8246822
15.00,38,95,563.7066488
15.00,38,96,563.6310912
15.00,38,97,563.4321425
15.00,38,98,563.3706949
15.00,38,99,563.3647379
15.00,38,100,563.2543112
15.00,38,101,563.1838685
15.00,38,102,563.1772558
15.00,38,103,563.0764314
15.00,38,104,562.9831575
15.00,38,105,562.8028894
15.00,38,106,562.7397529
15.00,38,107,562.7337884
15.00,38,108,562.6257143
15.00,38,109,562.5569226
15.00,38,110,562.5515965
15.00,38,111,562.4484628
15.00,38,112,562.3697333
15.00,38,113,562.1759306
15.00,38,114,562.1219472
15.00,38,115,562.1202456
15.00,38,116,561.9994055
15.00,38,117,561.943529
15.00,38,118,561.8547362
15.00,38,119,561.8256694
15.00,38,120,561.5845407
15.00,38,121,561.5511434
15.00,38,122,561.5342841
15.00,38,123,561.5225311
15.00,38,124,561.5222009
15.00,38,125,561.4065306
15.00,38,126,561.371242
15.00,38,127,561.1357128
15.00,38,128,561.105687
15.00,38,129,560.9912673
15.00,38,130,560.9621482
15.00,38,131,560.7211028
15.00,38,132,560.6972513
15.00,38,133,560.5769408
15.00,38,134,560.5691182
15.00,38,135,560.3074692
15.00,38,136,560.2959666
15.00,38,137,560.1635364
15.00,38,138,560.098282
15.00,38,139,560.0940961
15.00,38,140,559.9890004
15.00,38,141,559.9326636
15.00,38,142,559.8459444
15.00,38,143,559.7747676
15.00,38,144,559.7707113
15.00,38,145,559.6714198
15.00,38,146,559.6361456
15.00,38,147,559.4032204
15.00,38,148,559.3898583
15.00,38,149,559.2600352
15.00,38,150,559.1991041
15.00,38,151,559.1977791
15.00,38,152,559.0863888
15.00,38,153,559.0413641
15.00,38,154,558.9440131
15.00,38,155,558.8870007
15.00,38,156,558.8017629
15.00,38,157,558.7344907
15.00,38,158,558.733407
15.00,38,159,558.6282018
15.00,38,160,558.5577417
15.00,38,161,558.5527027
15.00,38,162,558.4550944
15.00,38,163,558.4012262
15.00,38,164,558.3132101
15.00,38,165,558.2510797
15.00,38,166,558.1714385
15.00,38,167,558.1021333
15.00,38,168,558.1005603
15.00,38,169,557.9984563
15.00,38,170,557.9296016
15.00,38,171,557.9259163
15.00,38,172,557.8259387
15.00,38,173,557.7782962
15.00,38,174,557.6845232
15.00,38,175,557.6315867
15.00,38,176,557.5432125
15.00,38,177,557.4857176
15.00,38,178,557.4020051
15.00,38,179,557.3406265
15.00,38,180,557.2608995
15.00,38,181,557.196259
15.00,38,182,557.1198946
15.00,38,183,557.0525695
15.00,38,184,556.9789893
15.00,38,185,556.9095215
15.00,38,186,556.9089781
15.00,38,187,556.8070693
15.00,38,188,556.7448233
15.00,38,189,556.666154
15.00,38,190,556.6331405
15.00,38,191,556.4022576
15.00,38,192,556.3660428
15.00,38,193,556.3495988
15.00,38,194,556.3422947
15.00,38,195,556.2603297
15.00,38,196,556.2459997
15.00,38,197,555.997105
15.00,38,198,555.9639053
15.00,38,199,555.9493804
15.00,38,200,555.9453502
15.00,39,1,805.2907371
15.00,39,2,805.0881
15.00,39,3,803.1172061
15.00,39,4,803.0734326
15.00,39,5,801.5603155
15.00,39,6,801.2348609
15.00,39,7,800.0516364
15.00,39,8,799.5308953
15.00,39,9,798.5819378
15.00,39,10,797.9288674
15.00,39,11,797.9138538
15.00,39,12,796.3960449
15.00,39,13,796.0479287
15.00,39,14,794.9272556
15.00,39,15,794.3701408
15.00,39,16,793.4149816
15.00,39,17,791.9034593
15.00,39,18,779.0231398
15.00,39,19,767.2794483
15.00,39,20,765.1029426
15.00,39,21,764.436678
15.00,39,22,764.2667016
15.00,39,23,762.7815093
15.00,39,24,762.5704515
15.00,39,25,761.5967529
15.00,39,26,761.157324
15.00,39,27,760.4671757
15.00,39,28,760.4326025
15.00,39,29,758.8713769
15.00,39,30,758.6960071
15.00,39,31,757.7093472
15.00,39,32,757.2886148
15.00,39,33,756.6083975
15.00,39,34,756.5657262
15.00,39,35,755.0522766
15.00,39,36,754.8587855
15.00,39,37,753.9230499
15.00,39,38,753.4935674
15.00,39,39,752.8553081
15.00,39,40,752.6833552
15.00,39,41,751.3236084
15.00,39,42,751.0718999
15.00,39,43,750.2359159
15.00,39,44,749.7795274
15.00,39,45,749.2047528
15.00,39,46,748.6500055
15.00,39,47,748.2057589
15.00,39,48,743.2538076
15.00,39,49,743.0987676
15.00,39,50,742.9619707
15.00,39,51,742.8473272
15.00,39,52,742.7403808
15.00,39,53,741.1010614
15.00,39,54,729.2270831
15.00,39,55,727.340271
15.00,39,56,726.8341593
15.00,39,57,726.3700123
15.00,39,58,725.99117
15.00,39,59,721.9342734
15.00,39,60,721.2878429
15.00,39,61,720.9585144
15.00,39,62,720.6424804
15.00,39,63,720.4458171
15.00,39,64,720.2656648
15.00,39,65,720.1333308
15.00,39,66,720.012621
15.00,39,67,717.1602183
15.00,39,68,709.4052964
15.00,39,69,708.0869339
15.00,39,70,708.0452239
15.00,39,71,707.2836755
15.00,39,72,707.0245341
15.00,39,73,706.5356569
15.00,39,74,706.3822786
15.00,39,75,702.5000594
15.00,39,76,701.921519
15.00,39,77,701.2299816
15.00,39,78,700.8949383
15.00,39,79,700.5519693
15.00,39,80,700.3491103
15.00,39,81,700.1582482
15.00,39,82,700.0250385
15.00,39,83,699.9031048
15.00,39,84,697.6083887
15.00,39,85,691.913244
15.00,39,86,690.8750088
15.00,39,87,690.8150593
15.00,39,88,690.1866859
15.00,39,89,689.9575108
15.00,39,90,689.5386706
15.00,39,91,689.3083282
15.00,39,92,682.6305605
15.00,39,93,682.5564133
15.00,39,94,682.4775899
15.00,39,95,682.4080527
15.00,39,96,682.3420578
15.00,39,97,682.2802231
15.00,39,98,682.2202751
15.00,39,99,678.1587496
15.00,39,100,676.1778988
15.00,39,101,669.7798599
15.00,39,102,669.0041517
15.00,39,103,668.6369876
15.00,39,104,668.3869226
15.00,39,105,668.2380358
15.00,39,106,668.1111354
15.00,39,107,668.0178766
15.00,39,108,667.931254
15.00,39,109,665.0985714
15.00,39,110,663.6156748
15.00,39,111,663.2323334
15.00,39,112,663.0129275
15.00,39,113,662.7204683
15.00,39,114,662.4571577
15.00,39,115,654.293611
15.00,39,116,653.7861278
15.00,39,117,653.284161
15.00,39,118,653.0461392
15.00,39,119,652.9039374
15.00,39,120,652.8125535
15.00,39,121,652.7365728
15.00,39,122,652.6739266
15.00,39,123,652.6142826
15.00,39,124,651.6137958
15.00,39,125,650.3614549
15.00,39,126,650.0118977
15.00,39,127,649.8419295
15.00,39,128,649.5545594
15.00,39,129,641.2668814
15.00,39,130,641.0727389
15.00,39,131,640.9659243
15.00,39,132,640.8504384
15.00,39,133,640.7735094
15.00,39,134,640.683684
15.00,39,135,640.6168887
15.00,39,136,640.5408636
15.00,39,137,640.4800687
15.00,39,138,640.413346
15.00,39,139,640.3569976
15.00,39,140,640.2969651
15.00,39,141,640.2440787
15.00,39,142,640.1889488
15.00,39,143,640.1387755
15.00,39,144,640.0872671
15.00,39,145,640.0392173
15.00,39,146,639.9903987
15.00,39,147,639.9440077
15.00,39,148,639.8971962
15.00,39,149,639.8520989
15.00,39,150,639.8067919
15.00,39,151,639.7627026
15.00,39,152,639.7185282
15.00,39,153,639.6752243
15.00,39,154,639.6319062
15.00,39,155,639.5892146
15.00,39,156,639.546547
15.00,39,157,639.5043333
15.00,39,158,639.4621622
15.00,39,159,639.4578833
15.00,39,160,639.4053428
15.00,39,161,639.3568254
15.00,39,162,639.3071844
15.00,39,163,639.2603946
15.00,39,164,639.2129365
15.00,39,165,639.1675102
15.00,39,166,639.1217026
15.00,39,167,639.0773511
15.00,39,168,639.0327969
15.00,39,169,638.9892921
15.00,39,170,638.9456937
15.00,39,171,638.9028561
15.00,39,172,638.8599897
15.00,39,173,638.8176783
15.00,39,174,638.775375
15.00,39,175,638.7334792
15.00,39,176,638.6916111
15.00,39,177,638.6853551
15.00,39,178,638.6338286
15.00,39,179,638.5860649
15.00,39,180,638.5371327
15.00,39,181,638.490905
15.00,39,182,638.4439498
15.00,39,183,638.3989482
15.00,39,184,638.3535059
15.00,39,185,638.3094821
15.00,39,186,638.2652023
15.00,39,187,638.2219579
15.00,39,188,638.178575
15.00,39,189,638.135952
15.00,39,190,638.0932639
15.00,39,191,638.0511367
15.00,39,192,638.0089893
15.00,39,193,637.9672583
15.00,39,194,637.9255334
15.00,39,195,637.8841198
15.00,39,196,637.8757134
15.00,39,197,637.8278181
15.00,39,198,637.7783833
15.00,39,199,637.7320083
15.00,39,200,637.6846256
15.00,40,1,833.5623661
15.00,40,2,832.2291712
15.00,40,3,831.3871738
15.00,40,4,829.5924678
15.00,40,5,828.2886236
15.00,40,6,827.571598
15.00,40,7,825.7789431
15.00,40,8,824.3937957
15.00,40,9,821.7359339
15.00,40,10,814.7977987
15.00,40,11,813.723949
15.00,40,12,813.6083859
15.00,40,13,813.0444996
15.00,40,14,812.9167759
15.00,40,15,812.5845916
15.00,40,16,812.4074685
15.00,40,17,812.4069182
15.00,40,18,811.9711925
15.00,40,19,811.8361489
15.00,40,20,811.5741642
15.00,40,21,801.2100208
15.00,40,22,795.8589634
15.00,40,23,791.5107555
15.00,40,24,782.7105511
15.00,40,25,780.6476597
15.00,40,26,780.2133209
15.00,40,27,780.0350451
15.00,40,28,779.7801248
15.00,40,29,779.6159254
15.00,40,30,779.5946317
15.00,40,31,779.2597105
15.00,40,32,779.1468226
15.00,40,33,778.9326999
15.00,40,34,777.1517773
15.00,40,35,771.0425835
15.00,40,36,762.2808456
15.00,40,37,756.2213597
15.00,40,38,754.2679346
15.00,40,39,753.8871308
15.00,40,40,752.9506037
15.00,40,41,752.6485365
15.00,40,42,752.4306191
15.00,40,43,752.2464505
15.00,40,44,752.22485
15.00,40,45,751.8279488
15.00,40,46,751.8256013
15.00,40,47,751.5386748
15.00,40,48,751.4746484
15.00,40,49,751.2593295
15.00,40,50,751.1554556
15.00,40,51,750.9863886
15.00,40,52,750.8570134
15.00,40,53,750.8391758
15.00,40,54,750.5702565
15.00,40,55,750.4912679
15.00,40,56,750.2938745
15.00,40,57,749.1614599
15.00,40,58,745.9606766
15.00,40,59,730.9055105
15.00,40,60,730.8103354
15.00,40,61,728.5561392
15.00,40,62,727.9078713
15.00,40,63,727.8746885
15.00,40,64,727.4103493
15.00,40,65,727.2232618
15.00,40,66,727.1083157
15.00,40,67,726.9529701
15.00,40,68,726.8492084
15.00,40,69,726.7084188
15.00,40,70,726.6006531
15.00,40,71,726.4695965
15.00,40,72,726.3558374
15.00,40,73,726.232399
15.00,40,74,726.2228448
15.00,40,75,725.8983348
15.00,40,76,725.7664956
15.00,40,77,725.6569086
15.00,40,78,725.5305876
15.00,40,79,725.4166073
15.00,40,80,725.2950852
15.00,40,81,725.1772989
15.00,40,82,725.169498
15.00,40,83,724.9371484
15.00,40,84,724.911283
15.00,40,85,724.6982362
15.00,40,86,724.65728
15.00,40,87,724.4603657
15.00,40,88,724.40674
15.00,40,89,724.2233812
15.00,40,90,724.1590706
15.00,40,91,723.9871588
15.00,40,92,723.9137997
15.00,40,93,723.7515988
15.00,40,94,723.6705494
15.00,40,95,723.5166208
15.00,40,96,723.4290147
15.00,40,97,723.2821597
15.00,40,98,723.1889485
15.00,40,99,723.0481619
15.00,40,100,722.9501492
15.00,40,101,722.8145837
15.00,40,102,722.712452
15.00,40,103,722.5813889
15.00,40,104,722.4757212
15.00,40,105,722.3485475
15.00,40,106,722.2398449
15.00,40,107,722.1160346
15.00,40,108,722.0047305
15.00,40,109,721.8838292
15.00,40,110,721.7703008
15.00,40,111,721.651914
15.00,40,112,721.5364921
15.00,40,113,721.5347482
15.00,40,114,721.3053375
15.00,40,115,721.3032189
15.00,40,116,721.0746036
15.00,40,117,721.0728395
15.00,40,118,720.8442928
15.00,40,119,720.8436276
15.00,40,120,720.6144116
15.00,40,121,720.4982933
15.00,40,122,720.4948734
15.00,40,123,720.1780124
15.00,40,124,720.044684
15.00,40,125,719.9490679
15.00,40,126,719.8151558
15.00,40,127,719.7206955
15.00,40,128,719.5859001
15.00,40,129,719.492919
15.00,40,130,719.3569234
15.00,40,131,719.26577
15.00,40,132,719.1282344
15.00,40,133,719.0392885
15.00,40,134,718.8998442
15.00,40,135,718.8135245
15.00,40,136,718.6717666
15.00,40,137,718.5885398
15.00,40,138,718.4440189
15.00,40,139,718.3644094
15.00,40,140,718.2166221
15.00,40,141,718.1412249
15.00,40,142,717.9896022
15.00,40,143,717.9190973
15.00,40,144,717.7629905
15.00,40,145,717.6981616
15.00,40,146,717.5368257
15.00,40,147,717.4785814
15.00,40,148,717.3111547
15.00,40,149,717.260556
15.00,40,150,717.0860351
15.00,40,151,717.0443289
15.00,40,152,716.8615375
15.00,40,153,716.830198
15.00,40,154,716.637749
15.00,40,155,716.6185301
15.00,40,156,716.4147774
15.00,40,157,716.4097783
15.00,40,158,716.1927566
15.00,40,159,716.0781334
15.00,40,160,715.9694901
15.00,40,161,715.8520674
15.00,40,162,715.7469509
15.00,40,163,715.626306
15.00,40,164,715.5252257
15.00,40,165,715.4008726
15.00,40,166,715.3044177
15.00,40,167,715.1757949
15.00,40,168,715.0846495
15.00,40,169,714.951106
15.00,40,170,714.8660667
15.00,40,171,714.7268455
15.00,40,172,714.6488424
15.00,40,173,714.5030604
15.00,40,174,714.4331829
15.00,40,175,714.279807
15.00,40,176,714.2193339
15.00,40,177,714.0571523
15.00,40,178,714.0075882
15.00,40,179,713.8351764
15.00,40,180,713.7982956
15.00,40,181,713.6139749
15.00,40,182,713.5918739
15.00,40,183,713.393662
15.00,40,184,713.3888219
15.00,40,185,713.174374
15.00,40,186,713.0623256
15.00,40,187,712.9583819
15.00,40,188,712.8397525
15.00,40,189,712.7446769
15.00,40,190,712.6179523
15.00,40,191,712.5338388
15.00,40,192,712.3971009
15.00,40,193,712.3266271
15.00,40,194,712.1774311
15.00,40,195,712.1240434
15.00,40,196,711.9592517
15.00,40,197,711.9274191
15.00,40,198,711.742977
15.00,40,199,711.7385387
15.00,40,200,711.5291671
15.00,41,1,829.320538
15.00,41,2,829.1550491
15.00,41,3,829.1332671
15.00,41,4,829.1246167
15.00,41,5,829.1213866
15.00,41,6,829.06887
15.00,41,7,829.0280987
15.00,41,8,829.0258784
15.00,41,9,828.969229
15.00,41,10,828.9380659
15.00,41,11,828.8875164
15.00,41,12,828.8510229
15.00,41,13,828.805837
15.00,41,14,828.8046551
15.00,41,15,828.6534004
15.00,41,16,828.640757
15.00,41,17,828.6360064
15.00,41,18,828.5882999
15.00,41,19,828.5762072
15.00,41,20,828.4353725
15.00,41,21,828.4157795
15.00,41,22,828.4067892
15.00,41,23,828.402915
15.00,41,24,828.3528871
15.00,41,25,828.3501756
15.00,41,26,828.2001633
15.00,41,27,828.1818814
15.00,41,28,828.1736556
15.00,41,29,828.1710115
15.00,41,30,828.1176721
15.00,41,31,828.0792393
15.00,41,32,828.078507
15.00,41,33,828.018399
15.00,41,34,827.9926196
15.00,41,35,827.9369677
15.00,41,36,827.9071538
15.00,41,37,827.8555638
15.00,41,38,827.8220746
15.00,41,39,827.7741868
15.00,41,40,827.7373611
15.00,41,41,827.6928362
15.00,41,42,827.6529811
15.00,41,43,827.6524493
15.00,41,44,827.5936069
15.00,41,45,827.5603412
15.00,41,46,827.5122242
15.00,41,47,827.5094266
15.00,41,48,827.3599839
15.00,41,49,827.3425382
15.00,41,50,827.3349707
15.00,41,51,827.3334429
15.00,41,52,827.2777066
15.00,41,53,827.2427892
15.00,41,54,827.1964199
15.00,41,55,827.1899031
15.00,41,56,827.0443294
15.00,41,57,827.0267564
15.00,41,58,827.0191956
15.00,41,59,827.0177057
15.00,41,60,826.9621572
15.00,41,61,826.9277848
15.00,41,62,826.8809572
15.00,41,63,826.8785071
15.00,41,64,826.7290742
15.00,41,65,826.7123507
15.00,41,66,826.7053488
15.00,41,67,826.7047871
15.00,41,68,826.6469494
15.00,41,69,826.6150836
15.00,41,70,826.5658288
15.00,41,71,826.5273419
15.00,41,72,826.5271583
15.00,41,73,826.4671057
15.00,41,74,826.4452753
15.00,41,75,826.386125
15.00,41,76,826.3636025
15.00,41,77,826.3051669
15.00,41,78,826.2821186
15.00,41,79,826.2242313
15.00,41,80,826.2008457
15.00,41,81,826.1433181
15.00,41,82,826.1197676
15.00,41,83,826.0624274
15.00,41,84,826.0389092
15.00,41,85,825.9815591
15.00,41,86,825.9582596
15.00,41,87,825.9007134
15.00,41,88,825.8778483
15.00,41,89,825.8198903
15.00,41,90,825.7976709
15.00,41,91,825.73909
15.00,41,92,825.7177634
15.00,41,93,825.6583128
15.00,41,94,825.6381301
15.00,41,95,825.5775591
15.00,41,96,825.5588171
15.00,41,97,825.4968292
15.00,41,98,825.4798405
15.00,41,99,825.4161237
15.00,41,100,825.4012616
15.00,41,101,825.3354434
15.00,41,102,825.3231144
15.00,41,103,825.2547892
15.00,41,104,825.2454837
15.00,41,105,825.1741622
15.00,41,106,825.1684316
15.00,41,107,825.0935639
15.00,41,108,825.0920808
15.00,41,109,825.0129963
15.00,41,110,824.9905502
15.00,41,111,824.9808653
15.00,41,112,824.9754269
15.00,41,113,824.9317546
15.00,41,114,824.8964754
15.00,41,115,824.8511734
15.00,41,116,824.8178464
15.00,41,117,824.7706154
15.00,41,118,824.7395796
15.00,41,119,824.6900816
15.00,41,120,824.6617445
15.00,41,121,824.6095729
15.00,41,122,824.5844066
15.00,41,123,824.5290907
15.00,41,124,824.5076705
15.00,41,125,824.4486368
15.00,41,126,824.4316449
15.00,41,127,824.3682134
15.00,41,128,824.3564937
15.00,41,129,824.2878235
15.00,41,130,824.2824011
15.00,41,131,824.2074709
15.00,41,132,824.1848445
15.00,41,133,824.1752084
15.00,41,134,824.1699314
15.00,41,135,824.1264528
15.00,41,136,824.0927416
15.00,41,137,824.0460739
15.00,41,138,824.0161771
15.00,41,139,823.9657233
15.00,41,140,823.9403644
15.00,41,141,823.8854036
15.00,41,142,823.8654905
15.00,41,143,823.8051182
15.00,41,144,823.7917739
15.00,41,145,823.7248717
15.00,41,146,823.7195316
15.00,41,147,823.6446703
15.00,41,148,823.6225009
15.00,41,149,823.6132743
15.00,41,150,823.6086836
15.00,41,151,823.5637799
15.00,41,152,823.5330378
15.00,41,153,823.4835438
15.00,41,154,823.4584022
15.00,41,155,823.403343
15.00,41,156,823.3850324
15.00,41,157,823.3231831
15.00,41,158,823.3132964
15.00,41,159,823.2430713
15.00,41,160,823.2202385
15.00,41,161,823.2106702
15.00,41,162,823.2056092
15.00,41,163,823.1623082
15.00,41,164,823.1306612
15.00,41,165,823.0821636
15.00,41,166,823.0569539
15.00,41,167,823.0020588
15.00,41,168,822.9848368
15.00,41,169,822.9220014
15.00,41,170,822.9148123
15.00,41,171,822.8420015
15.00,41,172,822.8200823
15.00,41,173,822.8111979
15.00,41,174,822.8072343
15.00,41,175,822.7613047
15.00,41,176,822.733856
15.00,41,177,822.681267
15.00,41,178,822.6622496
15.00,41,179,822.60128
15.00,41,180,822.5929801
15.00,41,181,822.5213561
15.00,41,182,822.4994551
15.00,41,183,822.4906576
15.00,41,184,822.4868722
15.00,41,185,822.4407377
15.00,41,186,822.4144182
15.00,41,187,822.3607776
15.00,41,188,822.3441172
15.00,41,189,822.2808763
15.00,41,190,822.2767116
15.00,41,191,822.2010503
15.00,41,192,822.1803749
15.00,41,193,822.1724716
15.00,41,194,822.1701104
15.00,41,195,822.1204692
15.00,41,196,822.0995054
15.00,41,197,822.0406048
15.00,41,198,822.0318069
15.00,41,199,821.9608156
15.00,41,200,821.939273
15.00,42,1,814.5860451
15.00,42,2,814.5363607
15.00,42,3,814.3845742
15.00,42,4,814.3090822
15.00,42,5,813.9342789
15.00,42,6,813.9256526
15.00,42,7,813.6740824
15.00,42,8,813.5922834
15.00,42,9,813.4164082
15.00,42,10,813.2894455
15.00,42,11,813.2698632
15.00,42,12,813.0627941
15.00,42,13,812.9591987
15.00,42,14,812.807024
15.00,42,15,812.7493884
15.00,42,16,812.3632084
15.00,42,17,812.2780641
15.00,42,18,812.2088377
15.00,42,19,812.17094
15.00,42,20,812.000617
15.00,42,21,811.8749941
15.00,42,22,811.8561581
15.00,42,23,811.6503555
15.00,42,24,811.5435854
15.00,42,25,811.3971588
15.00,42,26,811.3119778
15.00,42,27,810.95614
15.00,42,28,810.9385762
15.00,42,29,810.7017005
15.00,42,30,810.6144733
15.00,42,31,810.4497137
15.00,42,32,810.4260056
15.00,42,33,810.0134058
15.00,42,34,809.9300513
15.00,42,35,809.8623373
15.00,42,36,809.8262813
15.00,42,37,809.65654
15.00,42,38,809.6505947
15.00,42,39,809.2232131
15.00,42,40,809.140994
15.00,42,41,809.0749365
15.00,42,42,809.0415762
15.00,42,43,808.8679404
15.00,42,44,808.7456244
15.00,42,45,808.7263903
15.00,42,46,808.5258005
15.00,42,47,808.4236902
15.00,42,48,808.2783826
15.00,42,49,808.2091253
15.00,42,50,807.8484314
15.00,42,51,807.8475991
15.00,42,52,807.599577
15.00,42,53,807.5281891
15.00,42,54,807.3530299
15.00,42,55,807.2365515
15.00,42,56,807.2228131
15.00,42,57,807.0144777
15.00,42,58,806.914774
15.00,42,59,806.7696034
15.00,42,60,806.6922862
15.00,42,61,806.3433025
15.00,42,62,806.3253221
15.00,42,63,806.0972356
15.00,42,64,806.0100322
15.00,42,65,805.8536557
15.00,42,66,805.8139332
15.00,42,67,805.4312013
15.00,42,68,805.3495344
15.00,42,69,805.281762
15.00,42,70,805.241954
15.00,42,71,805.0867128
15.00,42,72,805.0452132
15.00,42,73,804.6665624
15.00,42,74,804.585214
15.00,42,75,804.5175162
15.00,42,76,804.4772668
15.00,42,77,804.3240852
15.00,42,78,804.2779237
15.00,42,79,803.906139
15.00,42,80,803.9028785
15.00,42,81,803.6639615
15.00,42,82,803.585628
15.00,42,83,803.4244764
15.00,42,84,803.4052035
15.00,42,85,803.0099825
15.00,42,86,802.9303596
15.00,42,87,802.8648745
15.00,42,88,802.827782
15.00,42,89,802.6711197
15.00,42,90,802.6396004
15.00,42,91,802.258579
15.00,42,92,802.1788491
15.00,42,93,802.1126188
15.00,42,94,802.0734672
15.00,42,95,801.9219543
15.00,42,96,801.87622
15.00,42,97,801.5112952
15.00,42,98,801.5058594
15.00,42,99,801.2733819
15.00,42,100,801.1939521
15.00,42,101,801.0381543
15.00,42,102,801.0076455
15.00,42,103,800.6305484
15.00,42,104,800.5516775
15.00,42,105,800.4859905
15.00,42,106,800.4467019
15.00,42,107,800.2979911
15.00,42,108,800.2474116
15.00,42,109,799.8920703
15.00,42,110,799.8824666
15.00,42,111,799.6570949
15.00,42,112,799.5754093
15.00,42,113,799.4247624
15.00,42,114,799.3821251
15.00,42,115,799.0216475
15.00,42,116,799.0154992
15.00,42,117,798.7880638
15.00,42,118,798.7084617
15.00,42,119,798.5571761
15.00,42,120,798.518458
15.00,42,121,798.1567315
15.00,42,122,798.1518759
15.00,42,123,797.9245899
15.00,42,124,797.8458229
15.00,42,125,797.6951685
15.00,42,126,797.6564805
15.00,42,127,797.2972645
15.00,42,128,797.2916369
15.00,42,129,797.0666138
15.00,42,130,796.987504
15.00,42,131,796.8386789
15.00,42,132,796.7963957
15.00,42,133,796.4431942
15.00,42,134,796.4348936
15.00,42,135,796.2140795
15.00,42,136,796.1335553
15.00,42,137,795.9876489
15.00,42,138,795.938512
15.00,42,139,795.5944736
15.00,42,140,795.5818122
15.00,42,141,795.3669341
15.00,42,142,795.2840555
15.00,42,143,795.1420221
15.00,42,144,795.0832125
15.00,42,145,794.7510587
15.00,42,146,794.732596
15.00,42,147,794.5251268
15.00,42,148,794.4391023
15.00,42,149,794.3017438
15.00,42,150,794.230925
15.00,42,151,793.9129082
15.00,42,152,793.887469
15.00,42,153,793.6886086
15.00,42,154,793.5988027
15.00,42,155,793.4667604
15.00,42,156,793.3820954
15.00,42,157,793.0799822
15.00,42,158,793.046661
15.00,42,159,792.8573312
15.00,42,160,792.763265
15.00,42,161,792.7586244
15.00,42,162,792.5535295
15.00,42,163,792.472548
15.00,42,164,792.3334434
15.00,42,165,792.283414
15.00,42,166,791.951501
15.00,42,167,791.9450208
15.00,42,168,791.7301798
15.00,42,169,791.6557339
15.00,42,170,791.5112687
15.00,42,171,791.4798947
15.00,42,172,791.1321919
15.00,42,173,791.0586796
15.00,42,174,790.9972743
15.00,42,175,790.9591569
15.00,42,176,790.8223841
15.00,42,177,790.7686339
15.00,42,178,790.4446174
15.00,42,179,790.434679
15.00,42,180,790.2258755
15.00,42,181,790.1495413
15.00,42,182,790.0095124
15.00,42,183,789.9677607
15.00,42,184,789.6343732
15.00,42,185,789.6304812
15.00,42,186,789.4167703
15.00,42,187,789.3441063
15.00,42,188,789.2016254
15.00,42,189,789.1692973
15.00,42,190,788.8290141
15.00,42,191,788.7565626
15.00,42,192,788.695736
15.00,42,193,788.6572193
15.00,42,194,788.5246638
15.00,42,195,788.4632951
15.00,42,196,788.1531265
15.00,42,197,788.1369786
15.00,42,198,787.9383013
15.00,42,199,787.8586232
15.00,42,200,787.7257903
15.00,43,1,793.850669
15.00,43,2,792.3509808
15.00,43,3,791.3552116
15.00,43,4,790.7699557
15.00,43,5,790.3665149
15.00,43,6,790.0919131
15.00,43,7,789.8814441
15.00,43,8,789.7128065
15.00,43,9,789.566431
15.00,43,10,789.4339034
15.00,43,11,789.3398679
15.00,43,12,789.1591652
15.00,43,13,789.0058765
15.00,43,14,788.8697067
15.00,43,15,788.8076723
15.00,43,16,788.6119688
15.00,43,17,788.4499969
15.00,43,18,788.3091949
15.00,43,19,788.2847347
15.00,43,20,788.0710662
15.00,43,21,787.8986385
15.00,43,22,787.7522422
15.00,43,23,787.6198873
15.00,43,24,787.5352415
15.00,43,25,787.3510908
15.00,43,26,787.1984323
15.00,43,27,787.0626158
15.00,43,28,787.0058523
15.00,43,29,786.8080952
15.00,43,30,786.6481742
15.00,43,31,786.5083123
15.00,43,32,786.4831913
15.00,43,33,786.2697915
15.00,43,34,786.1015364
15.00,43,35,785.9570032
15.00,43,36,785.8270184
15.00,43,37,785.7382442
15.00,43,38,785.5597055
15.00,43,39,785.4093577
15.00,43,40,785.2763555
15.00,43,41,785.2124421
15.00,43,42,785.0220756
15.00,43,43,784.8650081
15.00,43,44,784.7285028
15.00,43,45,784.6926463
15.00,43,46,784.488783
15.00,43,47,784.3240169
15.00,43,48,784.1834865
15.00,43,49,784.1790988
15.00,43,50,783.959953
15.00,43,51,783.7864391
15.00,43,52,783.6413285
15.00,43,53,783.5113476
15.00,43,54,783.4339681
15.00,43,55,783.2513616
15.00,43,56,783.1015069
15.00,43,57,782.9689854
15.00,43,58,782.9120062
15.00,43,59,782.7194263
15.00,43,60,782.5643725
15.00,43,61,782.4290501
15.00,43,62,782.3940036
15.00,43,63,782.1905846
15.00,43,64,782.0298886
15.00,43,65,781.8915125
15.00,43,66,781.8798577
15.00,43,67,781.664766
15.00,43,68,781.4980066
15.00,43,69,781.356337
15.00,43,70,781.2298012
15.00,43,71,781.1437532
15.00,43,72,780.9697398
15.00,43,73,780.8240899
15.00,43,74,780.6955777
15.00,43,75,780.6261058
15.00,43,76,780.4442511
15.00,43,77,780.2942851
15.00,43,78,780.1636214
15.00,43,79,780.1117602
15.00,43,80,779.9214957
15.00,43,81,779.7668889
15.00,43,82,779.6339058
15.00,43,83,779.6006291
15.00,43,84,779.4014156
15.00,43,85,779.2418609
15.00,43,86,779.106401
15.00,43,87,779.0926009
15.00,43,88,778.8839395
15.00,43,89,778.719153
15.00,43,90,778.5810729
15.00,43,91,778.4570915
15.00,43,92,778.3675741
15.00,43,93,778.1979388
15.00,43,94,778.0574569
15.00,43,95,777.9323029
15.00,43,96,777.8533247
15.00,43,97,777.6787632
15.00,43,98,777.5358476
15.00,43,99,777.4095045
15.00,43,100,777.3410636
15.00,43,101,777.1615496
15.00,43,102,777.0161955
15.00,43,103,776.8886626
15.00,43,104,776.8306574
15.00,43,105,776.6462186
15.00,43,106,776.4984502
15.00,43,107,776.3697431
15.00,43,108,776.321969
15.00,43,109,776.1326893
15.00,43,110,775.9825605
15.00,43,111,775.8527119
15.00,43,112,775.8148599
15.00,43,113,775.6208806
15.00,43,114,775.4684756
15.00,43,115,775.337535
15.00,43,116,775.3091932
15.00,43,117,775.1107129
15.00,43,118,774.9561453
15.00,43,119,774.8241792
15.00,43,120,774.8048358
15.00,43,121,774.6021088
15.00,43,122,774.4455215
15.00,43,123,774.3126124
15.00,43,124,774.3016612
15.00,43,125,774.0949953
15.00,43,126,773.9365581
15.00,43,127,773.8028038
15.00,43,128,773.7995514
15.00,43,129,773.5893044
15.00,43,130,773.4292125
15.00,43,131,773.2947248
15.00,43,132,773.1752571
15.00,43,133,773.0865643
15.00,43,134,772.9243355
15.00,43,135,772.7888417
15.00,43,136,772.6690243
15.00,43,137,772.5852546
15.00,43,138,772.4210689
15.00,43,139,772.2846721
15.00,43,140,772.1645611
15.00,43,141,772.0853082
15.00,43,142,771.9193705
15.00,43,143,771.7821878
15.00,43,144,771.6618465
15.00,43,145,771.5866639
15.00,43,146,771.4192019
15.00,43,147,771.2813627
15.00,43,148,771.1608608
15.00,43,149,771.089267
15.00,43,150,770.9205281
15.00,43,151,770.7821726
15.00,43,152,770.6615853
15.00,43,153,770.59307
15.00,43,154,770.4233184
15.00,43,155,770.284596
15.00,43,156,770.1640027
15.00,43,157,770.0980333
15.00,43,158,769.9275467
15.00,43,159,769.7886136
15.00,43,160,769.6680974
15.00,43,161,769.6041257
15.00,43,162,769.4331912
15.00,43,163,769.2942088
15.00,43,164,769.1738549
15.00,43,165,769.1113241
15.00,43,166,768.9402352
15.00,43,167,768.8013675
15.00,43,168,768.6812625
15.00,43,169,768.6196142
15.00,43,170,768.4486665
15.00,43,171,768.3100784
15.00,43,172,768.1903088
15.00,43,173,768.1289901
15.00,43,174,767.9584776
15.00,43,175,767.8203325
15.00,43,176,767.7009839
15.00,43,177,767.6394538
15.00,43,178,767.4696655
15.00,43,179,767.3321234
15.00,43,180,767.2132791
15.00,43,181,767.1510148
15.00,43,182,766.9822313
15.00,43,183,766.8454468
15.00,43,184,766.7271872
15.00,43,185,766.66369
15.00,43,186,766.4961798
15.00,43,187,766.3603004
15.00,43,188,766.2427018
15.00,43,189,766.1775022
15.00,43,190,766.0115195
15.00,43,191,765.8766838
15.00,43,192,765.7598178
15.00,43,193,765.6924799
15.00,43,194,765.5282614
15.00,43,195,765.3945982
15.00,43,196,765.2785308
15.00,43,197,765.2086561
15.00,43,198,765.0464193
15.00,43,199,764.9140459
15.00,43,200,764.7988372
15.00,44,1,791.358909
15.00,44,2,791.1434993
15.00,44,3,790.7847699
15.00,44,4,790.7321595
15.00,44,5,790.1882078
15.00,44,6,790.0809891
15.00,44,7,790.0642732
15.00,44,8,789.8651362
15.00,44,9,789.749131
15.00,44,10,789.3703584
15.00,44,11,789.3046765
15.00,44,12,789.1068213
15.00,44,13,788.9834604
15.00,44,14,788.6147482
15.00,44,15,788.5423631
15.00,44,16,788.352714
15.00,44,17,788.2087063
15.00,44,18,787.8632118
15.00,44,19,787.7775871
15.00,44,20,787.7724847
15.00,44,21,787.5451124
15.00,44,22,787.329261
15.00,44,23,787.057365
15.00,44,24,786.8854758
15.00,44,25,786.57135
15.00,44,26,786.4378486
15.00,44,27,786.0870476
15.00,44,28,785.9841611
15.00,44,29,785.604443
15.00,44,30,785.5234632
15.00,44,31,785.123526
15.00,44,32,785.0559309
15.00,44,33,784.6442893
15.00,44,34,784.5825026
15.00,44,35,784.1667273
15.00,44,36,784.1044843
15.00,44,37,783.6908346
15.00,44,38,783.6232462
15.00,44,39,783.2166054
15.00,44,40,783.1400399
15.00,44,41,782.7440334
15.00,44,42,782.6559177
15.00,44,43,782.2731113
15.00,44,44,782.1717184
15.00,44,45,781.8038312
15.00,44,46,781.6880859
15.00,44,47,781.3361849
15.00,44,48,781.2055015
15.00,44,49,780.8701634
15.00,44,50,780.7243181
15.00,44,51,780.4057576
15.00,44,52,780.2447897
15.00,44,53,779.9429583
15.00,44,54,779.7670964
15.00,44,55,779.4817559
15.00,44,56,779.2913633
15.00,44,57,779.022141
15.00,44,58,778.817675
15.00,44,59,778.5641041
15.00,44,60,778.3460868
15.00,44,61,778.1076354
15.00,44,62,778.0873717
15.00,44,63,777.2267081
15.00,44,64,777.1308742
15.00,44,65,777.1101719
15.00,44,66,777.1047561
15.00,44,67,777.1046322
15.00,44,68,776.8275616
15.00,44,69,776.8058958
15.00,44,70,776.3781268
15.00,44,71,776.3142935
15.00,44,72,776.3083526
15.00,44,73,776.3074497
15.00,44,74,776.0336627
15.00,44,75,776.0018395
15.00,44,76,775.5868159
15.00,44,77,775.5164305
15.00,44,78,775.5078286
15.00,44,79,775.5039687
15.00,44,80,775.2444031
15.00,44,81,775.1836491
15.00,44,82,774.8000574
15.00,44,83,774.7158059
15.00,44,84,774.7022578
15.00,44,85,774.6930944
15.00,44,86,774.4597329
15.00,44,87,774.3511427
15.00,44,88,774.0178152
15.00,44,89,773.9131044
15.00,44,90,773.8926555
15.00,44,91,773.8761187
15.00,44,92,773.6796202
15.00,44,93,773.5086909
15.00,44,94,773.2400878
15.00,44,95,773.185533
15.00,44,96,772.8023172
15.00,44,97,772.7157757
15.00,44,98,772.7004057
15.00,44,99,772.6888895
15.00,44,100,772.4670328
15.00,44,101,772.3331949
15.00,44,102,772.0315524
15.00,44,103,772.0259855
15.00,44,104,771.5978423
15.00,44,105,771.5272231
15.00,44,106,771.5161387
15.00,44,107,771.5087024
15.00,44,108,771.2654298
15.00,44,109,771.1614285
15.00,44,110,770.8339133
15.00,44,111,770.7251433
15.00,44,112,770.7020235
15.00,44,113,770.6820853
15.00,44,114,770.6763958
15.00,44,115,770.6741169
15.00,44,116,770.4031169
15.00,44,117,770.3392546
15.00,44,118,769.974472
15.00,44,119,769.8785027
15.00,44,120,769.8588626
15.00,44,121,769.8423692
15.00,44,122,769.8419497
15.00,44,123,769.5957926
15.00,44,124,769.4652793
15.00,44,125,768.7690606
15.00,44,126,768.7191778
15.00,44,127,768.3446063
15.00,44,128,768.1655127
15.00,44,129,767.9217594
15.00,44,130,767.7633468
15.00,44,131,767.1053802
15.00,44,132,767.0284881
15.00,44,133,766.6862746
15.00,44,134,766.4861905
15.00,44,135,766.4815308
15.00,44,136,766.2204126
15.00,44,137,766.1251039
15.00,44,138,765.8049369
15.00,44,139,765.7939498
15.00,44,140,765.3909274
15.00,44,141,765.3044223
15.00,44,142,765.2855617
15.00,44,143,765.2690199
15.00,44,144,765.2676163
15.00,44,145,765.0250238
15.00,44,146,764.8275721
15.00,44,147,764.2263275
15.00,44,148,764.1109547
15.00,44,149,763.8163469
15.00,44,150,763.7072454
15.00,44,151,763.0249544
15.00,44,152,762.9230929
15.00,44,153,762.6186708
15.00,44,154,762.5094306
15.00,44,155,761.8344492
15.00,44,156,761.7222525
15.00,44,157,761.4318573
15.00,44,158,761.2810524
15.00,44,159,760.6546912
15.00,44,160,760.5230803
15.00,44,161,760.2557549
15.00,44,162,760.0503568
15.00,44,163,759.4855317
15.00,44,164,759.332238
15.00,44,165,759.3306763
15.00,44,166,759.0445098
15.00,44,167,758.957308
15.00,44,168,758.6510286
15.00,44,169,758.5877188
15.00,44,170,758.2587506
15.00,44,171,758.2225437
15.00,44,172,757.8676726
15.00,44,173,757.8627461
15.00,44,174,757.4777935
15.00,44,175,757.3804425
15.00,44,176,757.3559242
15.00,44,177,757.3326486
15.00,44,178,757.3192066
15.00,44,179,757.3064991
15.00,44,180,757.0882954
15.00,44,181,756.9154063
15.00,44,182,756.7005907
15.00,44,183,756.523476
15.00,44,184,756.3140361
15.00,44,185,756.1304835
15.00,44,186,756.1294997
15.00,44,187,756.1278016
15.00,44,188,755.8385441
15.00,44,189,755.7444153
15.00,44,190,755.4545781
15.00,44,191,755.3600577
15.00,44,192,755.0717406
15.00,44,193,754.9742925
15.00,44,194,754.6900237
15.00,44,195,754.5868087
15.00,44,196,754.3094205
15.00,44,197,754.1973674
15.00,44,198,753.9299243
15.00,44,199,753.8058402
15.00,44,200,753.5515294
15.00,45,1,812.7816802
15.00,45,2,812.7313733
15.00,45,3,812.7175999
15.00,45,4,812.5799649
15.00,45,5,812.4847351
15.00,45,6,812.3414409
15.00,45,7,812.2525927
15.00,45,8,812.1033313
15.00,45,9,812.0211549
15.00,45,10,811.8656351
15.00,45,11,811.7904786
15.00,45,12,811.6283515
15.00,45,13,811.5605666
15.00,45,14,811.3914796
15.00,45,15,811.3314725
15.00,45,16,811.1550189
15.00,45,17,811.1032174
15.00,45,18,810.9189688
15.00,45,19,810.8758589
15.00,45,20,810.6833287
15.00,45,21,810.6494368
15.00,45,22,810.4480985
15.00,45,23,810.4240196
15.00,45,24,810.2132779
15.00,45,25,810.1996692
15.00,45,26,809.978867
15.00,45,27,809.9764732
15.00,45,28,809.7448662
15.00,45,29,809.6795615
15.00,45,30,809.6508459
15.00,45,31,809.6332727
15.00,45,32,809.5092374
15.00,45,33,809.4010634
15.00,45,34,809.2758576
15.00,45,35,809.1690774
15.00,45,36,809.042868
15.00,45,37,808.937296
15.00,45,38,808.8102671
15.00,45,39,808.7057084
15.00,45,40,808.5780534
15.00,45,41,808.4742981
15.00,45,42,808.3462257
15.00,45,43,808.243054
15.00,45,44,808.1147825
15.00,45,45,808.0119621
15.00,45,46,807.8837224
15.00,45,47,807.7810122
15.00,45,48,807.6530442
15.00,45,49,807.5501932
15.00,45,50,807.4227465
15.00,45,51,807.3194973
15.00,45,52,807.1928281
15.00,45,53,807.088917
15.00,45,54,806.9632877
15.00,45,55,806.8584479
15.00,45,56,806.7341241
15.00,45,57,806.6280871
15.00,45,58,806.5053363
15.00,45,59,806.397835
15.00,45,60,806.276923
15.00,45,61,806.1676941
15.00,45,62,806.0488833
15.00,45,63,805.9376701
15.00,45,64,805.8212162
15.00,45,65,805.7077717
15.00,45,66,805.7064032
15.00,45,67,805.543828
15.00,45,68,791.7078153
15.00,45,69,791.4473539
15.00,45,70,790.4567169
15.00,45,71,780.9413392
15.00,45,72,780.5962171
15.00,45,73,780.5846316
15.00,45,74,780.3949524
15.00,45,75,780.3179811
15.00,45,76,780.3052428
15.00,45,77,780.1523527
15.00,45,78,780.0815254
15.00,45,79,779.9630775
15.00,45,80,779.8671576
15.00,45,81,779.8585228
15.00,45,82,779.7325818
15.00,45,83,779.6774443
15.00,45,84,779.3809523
15.00,45,85,779.3616216
15.00,45,86,779.1926738
15.00,45,87,779.1094762
15.00,45,88,779.1046816
15.00,45,89,778.9643281
15.00,45,90,778.8865543
15.00,45,91,778.7776306
15.00,45,92,778.7394569
15.00,45,93,778.4292204
15.00,45,94,778.3863563
15.00,45,95,778.3654225
15.00,45,96,778.3523366
15.00,45,97,778.2408899
15.00,45,98,778.2120961
15.00,45,99,777.8938022
15.00,45,100,777.8524617
15.00,45,101,777.8321778
15.00,45,102,777.819893
15.00,45,103,777.7063212
15.00,45,104,777.6854517
15.00,45,105,777.3606811
15.00,45,106,777.3205008
15.00,45,107,777.3007735
15.00,45,108,777.2891631
15.00,45,109,777.1738723
15.00,45,110,777.1594916
15.00,45,111,776.8296545
15.00,45,112,776.7904216
15.00,45,113,776.771141
15.00,45,114,776.7600569
15.00,45,115,776.6435262
15.00,45,116,776.6339537
15.00,45,117,776.3007034
15.00,45,118,776.2621698
15.00,45,119,776.2432085
15.00,45,120,776.2324793
15.00,45,121,776.1152663
15.00,45,122,776.1085633
15.00,45,123,775.7738086
15.00,45,124,775.73569
15.00,45,125,775.7169025
15.00,45,126,775.706333
15.00,45,127,775.589076
15.00,45,128,775.5830409
15.00,45,129,775.2489512
15.00,45,130,775.2109267
15.00,45,131,775.1921497
15.00,45,132,775.1815212
15.00,45,133,775.0649389
15.00,45,134,775.0571144
15.00,45,135,774.7261125
15.00,45,136,774.6878275
15.00,45,137,774.668881
15.00,45,138,774.6579526
15.00,45,139,774.5428389
15.00,45,140,774.5305374
15.00,45,141,774.2052747
15.00,45,142,774.1663453
15.00,45,143,774.1470355
15.00,45,144,774.1355478
15.00,45,145,774.0227601
15.00,45,146,774.0031105
15.00,45,147,773.6864206
15.00,45,148,773.6464425
15.00,45,149,773.6265664
15.00,45,150,773.6142471
15.00,45,151,773.5046873
15.00,45,152,773.4747096
15.00,45,153,773.1695347
15.00,45,154,773.1280956
15.00,45,155,773.107447
15.00,45,156,773.0940194
15.00,45,157,772.9886055
15.00,45,158,772.9453151
15.00,45,159,772.6546029
15.00,45,160,772.6112993
15.00,45,161,772.5896779
15.00,45,162,772.5748719
15.00,45,163,772.5730791
15.00,45,164,772.4352024
15.00,45,165,763.8797434
15.00,45,166,763.6521486
15.00,45,167,761.4947331
15.00,45,168,753.0394693
15.00,45,169,752.8293417
15.00,45,170,752.7074869
15.00,45,171,750.2819138
15.00,45,172,749.8181659
15.00,45,173,741.8496258
15.00,45,174,736.5660593
15.00,45,175,736.4845524
15.00,45,176,735.649732
15.00,45,177,735.6239543
15.00,45,178,735.6002082
15.00,45,179,735.5787839
15.00,45,180,735.5612849
15.00,45,181,735.5481868
15.00,45,182,735.5432409
15.00,45,183,735.4463655
15.00,45,184,732.0854279
15.00,45,185,721.7825138
15.00,45,186,721.4036268
15.00,45,187,720.6084631
15.00,45,188,720.5367001
15.00,45,189,720.425214
15.00,45,190,720.3833766
15.00,45,191,720.305396
15.00,45,192,720.2847281
15.00,45,193,720.0815452
15.00,45,194,720.0514943
15.00,45,195,720.0361252
15.00,45,196,720.0249813
15.00,45,197,720.0214964
15.00,45,198,719.9344309
15.00,45,199,718.5226898
15.00,45,200,707.2497583
15.00,46,1,692.7777856
15.00,46,2,692.4920347
15.00,46,3,692.4275739
15.00,46,4,692.0989695
15.00,46,5,692.0969851
15.00,46,6,691.6945852
15.00,46,7,691.6712243
15.00,46,8,691.6658532
15.00,46,9,691.6632138
15.00,46,10,691.6539854
15.00,46,11,691.2892416
15.00,46,12,690.6380199
15.00,46,13,690.356048
15.00,46,14,690.1779834
15.00,46,15,690.1548818
15.00,46,16,690.1495748
15.00,46,17,690.1469674
15.00,46,18,690.1368501
15.00,46,19,689.6244374
15.00,46,20,689.0918488
15.00,46,21,688.8448682
15.00,46,22,688.7395391
15.00,46,23,688.477169
15.00,46,24,688.4009286
15.00,46,25,688.3915877
15.00,46,26,672.816134
15.00,46,27,672.2414851
15.00,46,28,671.9967895
15.00,46,29,671.9428468
15.00,46,30,671.6725069
15.00,46,31,671.6518862
15.00,46,32,671.3511658
15.00,46,33,671.187001
15.00,46,34,671.0346105
15.00,46,35,670.8597317
15.00,46,36,670.7223703
15.00,46,37,670.5345031
15.00,46,38,670.4150826
15.00,46,39,670.2114915
15.00,46,40,670.1135156
15.00,46,41,669.9884964
15.00,46,42,669.970732
15.00,46,43,669.9667053
15.00,46,44,669.9126839
15.00,46,45,669.8883181
15.00,46,46,669.4856217
15.00,46,47,669.2952008
15.00,46,48,669.2482895
15.00,46,49,669.239291
15.00,46,50,669.213866
15.00,46,51,669.1663782
15.00,46,52,668.9629649
15.00,46,53,668.930575
15.00,46,54,668.9159159
15.00,46,55,668.8751264
15.00,46,56,668.8668181
15.00,46,57,656.4718563
15.00,46,58,655.6917309
15.00,46,59,655.4062221
15.00,46,60,655.2598765
15.00,46,61,655.1374247
15.00,46,62,654.9830364
15.00,46,63,654.9635041
15.00,46,64,654.9613434
15.00,46,65,654.9066279
15.00,46,66,654.8926683
15.00,46,67,654.8448932
15.00,46,68,654.8280123
15.00,46,69,654.8241766
15.00,46,70,654.8222967
15.00,46,71,654.7252692
15.00,46,72,644.9710738
15.00,46,73,643.5990596
15.00,46,74,643.1841836
15.00,46,75,643.0124822
15.00,46,76,642.9536461
15.00,46,77,642.7717132
15.00,46,78,642.7252741
15.00,46,79,642.5320076
15.00,46,80,642.499198
15.00,46,81,642.2933963
15.00,46,82,642.1781605
15.00,46,83,642.0566413
15.00,46,84,641.9373363
15.00,46,85,641.8212674
15.00,46,86,641.6973645
15.00,46,87,641.5873597
15.00,46,88,641.4582659
15.00,46,89,641.355014
15.00,46,90,641.2200641
15.00,46,91,641.1614333
15.00,46,92,641.1510531
15.00,46,93,641.1484868
15.00,46,94,641.1472065
15.00,46,95,641.1118388
15.00,46,96,641.0015432
15.00,46,97,640.9974031
15.00,46,98,640.9969967
15.00,46,99,640.9950936
15.00,47,1,805.2285163
15.00,47,2,805.0091564
15.00,47,3,804.9273154
15.00,47,4,804.8977427
15.00,47,5,804.7056199
15.00,47,6,804.6979858
15.00,47,7,804.5463978
15.00,47,8,804.5138907
15.00,47,9,804.3902245
15.00,47,10,804.3399945
15.00,47,11,804.2361477
15.00,47,12,804.1730874
15.00,47,13,804.0835819
15.00,47,14,804.01115
15.00,47,15,804.0089781
15.00,47,16,803.8525999
15.00,47,17,803.8246266
15.00,47,18,803.6968832
15.00,47,19,803.6500867
15.00,47,20,803.5432667
15.00,47,21,803.4827173
15.00,47,22,803.3912248
15.00,47,23,803.3206215
15.00,47,24,803.2403778
15.00,47,25,803.2170399
15.00,47,26,803.0228228
15.00,47,27,803.0205096
15.00,47,28,802.8654067
15.00,47,29,802.837388
15.00,47,30,802.7108082
15.00,47,31,802.6640504
15.00,47,32,802.558305
15.00,47,33,802.4978792
15.00,47,34,802.4073737
15.00,47,35,802.3369782
15.00,47,36,802.2576337
15.00,47,37,802.2321824
15.00,47,38,802.0412118
15.00,47,39,802.0373643
15.00,47,40,801.8850168
15.00,47,41,801.8558784
15.00,47,42,801.7316167
15.00,47,43,801.6840927
15.00,47,44,801.5802896
15.00,47,45,801.5193927
15.00,47,46,801.4305139
15.00,47,47,801.3598896
15.00,47,48,801.3588103
15.00,47,49,801.2044339
15.00,47,50,801.1781419
15.00,47,51,801.0516734
15.00,47,52,801.0067862
15.00,47,53,800.9009501
15.00,47,54,800.8423704
15.00,47,55,800.7517752
15.00,47,56,800.6831315
15.00,47,57,800.6037854
15.00,47,58,800.5848923
15.00,47,59,800.3914944
15.00,47,60,800.313568
15.00,47,61,800.2858997
15.00,47,62,800.0996919
15.00,47,63,800.093913
15.00,47,64,799.9457867
15.00,47,65,799.9152557
15.00,47,66,799.7946609
15.00,47,67,799.7462366
15.00,47,68,799.6455849
15.00,47,69,799.5842176
15.00,47,70,799.4980344
15.00,47,71,799.4273043
15.00,47,72,799.4220498
15.00,47,73,799.2743347
15.00,47,74,799.2449639
15.00,47,75,799.1239901
15.00,47,76,799.0769322
15.00,47,77,798.9756195
15.00,47,78,798.9156117
15.00,47,79,798.8287419
15.00,47,80,798.7592706
15.00,47,81,798.7574525
15.00,47,82,798.6063728
15.00,47,83,798.5787077
15.00,47,84,798.4564015
15.00,47,85,798.4101275
15.00,47,86,798.3085764
15.00,47,87,798.2488946
15.00,47,88,798.16234
15.00,47,89,798.0929962
15.00,47,90,798.0901367
15.00,47,91,797.9411969
15.00,47,92,797.9135862
15.00,47,93,797.7921146
15.00,47,94,797.7464172
15.00,47,95,797.6450666
15.00,47,96,797.5861748
15.00,47,97,797.49955
15.00,47,98,797.4310513
15.00,47,99,797.4301617
15.00,47,100,797.2794589
15.00,47,101,797.2524723
15.00,47,102,797.1308488
15.00,47,103,797.085144
15.00,47,104,796.9844168
15.00,47,105,796.9252756
15.00,47,106,796.83959
15.00,47,107,796.7708022
15.00,47,108,796.7673982
15.00,47,109,796.6204521
15.00,47,110,796.5924511
15.00,47,111,796.4728305
15.00,47,112,796.4269225
15.00,47,113,796.3272438
15.00,47,114,796.2683217
15.00,47,115,796.1831831
15.00,47,116,796.1148209
15.00,47,117,796.1118941
15.00,47,118,795.9648351
15.00,47,119,795.9364088
15.00,47,120,795.8177939
15.00,47,121,795.771143
15.00,47,122,795.6728958
15.00,47,123,795.61321
15.00,47,124,795.5295724
15.00,47,125,795.4605618
15.00,47,126,795.4538673
15.00,47,127,795.3119309
15.00,47,128,795.281554
15.00,47,129,795.1659593
15.00,47,130,795.1184071
15.00,47,131,795.0219644
15.00,47,132,794.9619777
15.00,47,133,794.8794471
15.00,47,134,794.8104758
15.00,47,135,794.8028795
15.00,47,136,794.6623713
15.00,47,137,794.6306461
15.00,47,138,794.5170853
15.00,47,139,794.4681735
15.00,47,140,794.3738458
15.00,47,141,794.3126839
15.00,47,142,794.2321066
15.00,47,143,794.1622127
15.00,47,144,794.1499125
15.00,47,145,794.0155352
15.00,47,146,793.9811302
15.00,47,147,793.8713747
15.00,47,148,793.8210009
15.00,47,149,793.7290799
15.00,47,150,793.6671906
15.00,47,151,793.5881766
15.00,47,152,793.5873243
15.00,47,153,793.3891137
15.00,47,154,793.3125724
15.00,47,155,793.2971407
15.00,47,156,793.1109377
15.00,47,157,793.1093909
15.00,47,158,792.9639306
15.00,47,159,792.936554
15.00,47,160,792.819967
15.00,47,161,792.7742802
15.00,47,162,792.678199
15.00,47,163,792.6195229
15.00,47,164,792.5380295
15.00,47,165,792.4701373
15.00,47,166,792.4618533
15.00,47,167,792.3247875
15.00,47,168,792.2933341
15.00,47,169,792.1821004
15.00,47,170,792.1339844
15.00,47,171,792.0413751
15.00,47,172,791.9812969
15.00,47,173,791.9021041
15.00,47,174,791.8334552
15.00,47,175,791.8214581
15.00,47,176,791.6889459
15.00,47,177,791.6542166
15.00,47,178,791.5471533
15.00,47,179,791.4963599
15.00,47,180,791.4073193
15.00,47,181,791.3451671
15.00,47,182,791.2689111
15.00,47,183,791.257531
15.00,47,184,791.0708514
15.00,47,185,791.0708166
15.00,47,186,790.9257729
15.00,47,187,790.8995213
15.00,47,188,790.7838243
15.00,47,189,790.7390895
15.00,47,190,790.6441199
15.00,47,191,790.5863449
15.00,47,192,790.5060393
15.00,47,193,790.4390628
15.00,47,194,790.4303214
15.00,47,195,790.295853
15.00,47,196,790.2641389
15.00,47,197,790.155323
15.00,47,198,790.1071804
15.00,47,199,790.0167556
15.00,47,200,789.9568849
15.00,48,1,756.2092984
15.00,48,2,755.0748345
15.00,48,3,754.3414711
15.00,48,4,753.880594
15.00,48,5,753.5947731
15.00,48,6,753.4288713
15.00,48,7,753.3410039
15.00,48,8,753.3085682
15.00,48,9,752.2149968
15.00,48,10,752.0493705
15.00,48,11,752.0199401
15.00,48,12,751.99727
15.00,48,13,751.9792451
15.00,48,14,751.9645514
15.00,48,15,751.9524341
15.00,48,16,751.9424159
15.00,48,17,751.9343023
15.00,48,18,751.927958
15.00,48,19,751.9234346
15.00,48,20,751.9207421
15.00,49,1,668.1282905
15.00,49,2,668.1164457
15.00,49,3,668.1058122
15.00,49,4,668.0958648
15.00,49,5,668.0865099
15.00,49,6,668.0775193
15.00,49,7,668.0688318
15.00,49,8,668.0655563
15.00,49,9,668.0536867
15.00,49,10,668.0427801
15.00,49,11,668.0327582
15.00,49,12,668.0232638
15.00,49,13,668.0142235
15.00,49,14,668.0054692
15.00,49,15,668.0031494
15.00,49,16,667.9908382
15.00,49,17,667.9798533
15.00,49,18,667.9696264
15.00,49,19,667.9600767
15.00,49,20,667.9509404
15.00,49,21,667.9421531
15.00,49,22,667.9408
15.00,49,23,667.9283581
15.00,49,24,667.9170109
15.00,49,25,667.9066882
15.00,49,26,667.8969673
15.00,49,27,667.8877717
15.00,49,28,667.8789031
15.00,49,29,667.8786819
15.00,49,30,667.8657076
15.00,49,31,667.8542734
15.00,49,32,667.8437037
15.00,49,33,667.8339191
15.00,49,34,667.8246075
15.00,49,35,667.8156999
15.00,49,36,667.8070487
15.00,49,37,667.8033613
15.00,49,38,667.791528
15.00,49,39,667.7808742
15.00,49,40,667.7709028
15.00,49,41,667.7615353
15.00,49,42,667.7525398
15.00,49,43,667.7438561
15.00,49,44,667.7410814
15.00,49,45,667.7291102
15.00,49,46,667.7181286
15.00,49,47,667.7080619
15.00,49,48,667.6985386
15.00,49,49,667.6894855
15.00,49,50,667.6807276
15.00,49,51,667.6790168
15.00,49,52,667.6665616
15.00,49,53,667.6554849
15.00,49,54,667.6451919
15.00,49,55,667.6356034
15.00,49,56,667.6264435
15.00,49,57,667.6176469
15.00,49,58,667.6170211
15.00,49,59,667.6044095
15.00,49,60,667.5929337
15.00,49,61,667.5825293
15.00,49,62,667.572751
15.00,49,63,667.5635225
15.00,49,64,667.5546352
15.00,49,65,667.5460323
15.00,49,66,667.542219
15.00,49,67,667.5305998
15.00,49,68,667.5198916
15.00,49,69,667.510018
15.00,49,70,667.5006444
15.00,49,71,667.4917006
15.00,49,72,667.4830283
15.00,49,73,667.4802335
15.00,49,74,667.4681635
15.00,49,75,667.4573542
15.00,49,76,667.4472684
15.00,49,77,667.4378284
15.00,49,78,667.4287838
15.00,49,79,667.4200729
15.00,49,80,667.4183255
15.00,49,81,667.4060913
15.00,49,82,667.3949095
15.00,49,83,667.3847117
15.00,49,84,667.3750936
15.00,49,85,667.3659814
15.00,49,86,667.3571851
15.00,49,87,667.3566613
15.00,49,88,667.3438745
15.00,49,89,667.3325783
15.00,49,90,667.3221207
15.00,49,91,667.3124251
15.00,49,92,667.3031894
15.00,49,93,667.2943469
15.00,49,94,667.2857543
15.00,49,95,667.2819686
15.00,49,96,667.2702522
15.00,49,97,667.2596893
15.00,49,98,667.2497946
15.00,49,99,667.2404921
15.00,49,100,667.2315546
15.00,49,101,667.2229237
15.00,49,102,667.2201472
15.00,49,103,667.2082613
15.00,49,104,667.1973507
15.00,49,105,667.1873441
15.00,49,106,667.1778745
15.00,49,107,667.1688707
15.00,49,108,667.1601594
15.00,49,109,667.1585593
15.00,49,110,667.1461552
15.00,49,111,667.1351239
15.00,49,112,667.1248722
15.00,49,113,667.1153239
15.00,49,114,667.1062029
15.00,49,115,667.0974455
15.00,49,116,667.0970621
15.00,49,117,667.0844632
15.00,49,118,667.0730013
15.00,49,119,667.0626173
15.00,49,120,667.0528621
15.00,49,121,667.0436612
15.00,49,122,667.0348038
15.00,49,123,667.026234
15.00,49,124,667.0227495
15.00,49,125,667.0111126
15.00,49,126,667.0003962
15.00,49,127,666.9905282
15.00,49,128,666.981167
15.00,49,129,666.9722435
15.00,49,130,666.9635962
15.00,49,131,666.9612638
15.00,49,132,666.9491296
15.00,49,133,666.9382869
15.00,49,134,666.9281823
15.00,49,135,666.9187406
15.00,49,136,666.9097035
15.00,49,137,666.9010097
15.00,49,138,666.899877
15.00,49,139,666.88754
15.00,49,140,666.876283
15.00,49,141,666.8660442
15.00,49,142,666.8564026
15.00,49,143,666.8472855
15.00,49,144,666.8384947
15.00,49,145,666.8299764
15.00,49,146,666.8259431
15.00,49,147,666.8145059
15.00,49,148,666.8039457
15.00,49,149,666.79419
15.00,49,150,666.7849171
15.00,49,151,666.7760602
15.00,49,152,666.7674664
15.00,49,153,666.7645714
15.00,49,154,666.7526514
15.00,49,155,666.7419593
15.00,49,156,666.7319728
15.00,49,157,666.7226176
15.00,49,158,666.7136493
15.00,49,159,666.7050084
15.00,49,160,666.703306
15.00,49,161,666.6911754
15.00,49,162,666.6800802
15.00,49,163,666.6699571
15.00,49,164,666.6604066
15.00,49,165,666.6513576
15.00,49,166,666.6426216
15.00,49,167,666.6423145
15.00,49,168,666.6295785
15.00,49,169,666.6183309
15.00,49,170,666.6079189
15.00,49,171,666.5982704
15.00,49,172,666.589082
15.00,49,173,666.5802888
15.00,49,174,666.5717465
15.00,49,175,666.5683191
15.00,49,176,666.5566028
15.00,49,177,666.5460545
15.00,49,178,666.5361808
15.00,49,179,666.5269085
15.00,49,180,666.5180063
15.00,49,181,666.5094164
15.00,49,182,666.5071732
15.00,49,183,666.4952396
15.00,49,184,666.484299
15.00,49,185,666.4742867
15.00,49,186,666.4648236
15.00,49,187,666.4558402
15.00,49,188,666.4471571
15.00,49,189,666.446299
15.00,49,190,666.433774
15.00,49,191,666.4226743
15.00,49,192,666.4123785
15.00,49,193,666.4028149
15.00,49,194,666.3936941
15.00,49,195,666.3849529
15.00,49,196,666.3764532
15.00,49,197,666.3726386
15.00,49,198,666.3610785
15.00,49,199,666.3506417
15.00,49,200,666.3408559
15.00,50,1,820.2268124
15.00,50,2,820.1650426
15.00,50,3,820.1108379
15.00,50,4,820.065164
15.00,50,5,820.0319865
15.00,50,6,820.015805
15.00,50,7,819.8414851
15.00,50,8,819.7129557
15.00,50,9,819.5468194
15.00,50,10,819.4102
15.00,50,11,819.2529779
15.00,50,12,819.1077523
15.00,50,13,819.1054968
15.00,50,14,818.8953614
15.00,50,15,818.7831225
15.00,50,16,818.6025803
15.00,50,17,818.4660846
15.00,50,18,818.4658809
15.00,50,19,818.2467952
15.00,50,20,818.1586581
15.00,50,21,817.955458
15.00,50,22,817.8520229
15.00,50,23,817.6647062
15.00,50,24,817.5462155
15.00,50,25,817.3745414
15.00,50,26,817.2414579
15.00,50,27,817.0849645
15.00,50,28,817.074598
15.00,50,29,816.5452858
15.00,50,30,816.4976826
15.00,50,31,816.4793343
15.00,50,32,816.3158944
15.00,50,33,816.2797573
15.00,50,34,815.7775679
15.00,50,35,815.7127515
15.00,50,36,815.6834806
15.00,50,37,815.6727601
15.00,50,38,815.4876733
15.00,50,39,815.3520316
15.00,50,40,815.3486495
15.00,50,41,815.1392134
15.00,50,42,815.0372993
15.00,50,43,814.8539084
15.00,50,44,814.7290208
15.00,50,45,814.5692044
15.00,50,46,814.5553962
15.00,50,47,814.0384012
15.00,50,48,813.986691
15.00,50,49,813.964722
15.00,50,50,813.9617091
15.00,50,51,813.7513125
15.00,50,52,813.6482266
15.00,50,53,813.4686693
15.00,50,54,813.3392946
15.00,50,55,813.3386517
15.00,50,56,813.1247
15.00,50,57,813.0075312
15.00,50,58,812.8431283
15.00,50,59,812.7878089
15.00,50,60,812.3170028
15.00,50,61,812.2465488
15.00,50,62,812.2129377
15.00,50,63,812.1941244
15.00,50,64,812.0341923
15.00,50,65,811.9596296
15.00,50,66,811.5107827
15.00,50,67,811.437467
15.00,50,68,811.4020911
15.00,50,69,811.3802773
15.00,50,70,811.3763718
15.00,50,71,811.1689233
15.00,50,72,811.0599514
15.00,50,73,810.8912017
15.00,50,74,810.8860448
15.00,50,75,810.3733335
15.00,50,76,810.3182958
15.00,50,77,810.2928351
15.00,50,78,810.2832795
15.00,50,79,810.0934325
15.00,50,80,809.9694177
15.00,50,81,809.9677138
15.00,50,82,809.7572281
15.00,50,83,809.6337661
15.00,50,84,809.6301186
15.00,50,85,809.4220017
15.00,50,86,809.3114026
15.00,50,87,809.147571
15.00,50,88,809.1135096
15.00,50,89,808.6354443
15.00,50,90,808.5744049
15.00,50,91,808.5450883
15.00,50,92,808.5293912
15.00,50,93,808.3592114
15.00,50,94,808.3418997
15.00,50,95,807.8499453
15.00,50,96,807.7904081
15.00,50,97,807.7615834
15.00,50,98,807.7463021
15.00,50,99,807.5750939
15.00,50,100,807.5560571
15.00,50,101,807.0684922
15.00,50,102,807.007933
15.00,50,103,806.9783
15.00,50,104,806.9616017
15.00,50,105,806.7951747
15.00,50,106,806.7552622
15.00,50,107,806.2910474
15.00,50,108,806.2269922
15.00,50,109,806.195311
15.00,50,110,806.1754622
15.00,50,111,806.1752409
15.00,50,112,805.9603938
15.00,50,113,805.8356805
15.00,50,114,805.8276863
15.00,50,115,805.6337117
15.00,50,116,805.508871
15.00,50,117,805.5021717
15.00,50,118,805.3075796
15.00,50,119,805.2897766
15.00,50,120,804.8077653
15.00,50,121,804.7355812
15.00,50,122,804.6988924
15.00,50,123,804.6728393
15.00,50,124,804.6603534
15.00,50,125,804.4811246
15.00,50,126,804.467352
15.00,50,127,803.9850436
15.00,50,128,803.922297
15.00,50,129,803.8905485
15.00,50,130,803.8698612
15.00,50,131,803.8674647
15.00,50,132,803.6594953
15.00,50,133,803.5287426
15.00,50,134,803.5159883
15.00,50,135,803.3379254
15.00,50,136,803.3129563
15.00,50,137,802.8455874
15.00,50,138,802.7805147
15.00,50,139,802.7472899
15.00,50,140,802.7241957
15.00,50,141,802.7177644
15.00,50,142,802.5227349
15.00,50,143,802.4863209
15.00,50,144,802.0322203
15.00,50,145,802.0280245
15.00,50,146,801.7704257
15.00,50,147,801.664401
15.00,50,148,801.6606584
15.00,50,149,801.4529731
15.00,50,150,801.33369
15.00,50,151,801.3256195
15.00,50,152,801.1360707
15.00,50,153,801.0771006
15.00,50,154,800.6500862
15.00,50,155,800.6271098
15.00,50,156,800.390903
15.00,50,157,800.2720957
15.00,50,158,800.2616899
15.00,50,159,800.0764758
15.00,50,160,800.0512289
15.00,50,161,799.594957
15.00,50,162,799.5274758
15.00,50,163,799.4922705
15.00,50,164,799.4655117
15.00,50,165,799.4525088
15.00,50,166,799.2794704
15.00,50,167,799.1710157
15.00,50,168,798.7994376
15.00,50,169,798.7439533
15.00,50,170,798.5438052
15.00,50,171,798.492815
15.00,50,172,798.0664375
15.00,50,173,798.034202
15.00,50,174,797.8118946
15.00,50,175,797.8048172
15.00,50,176,797.3370981
15.00,50,177,797.3209203
15.00,50,178,797.0836892
15.00,50,179,796.9620092
15.00,50,180,796.9477559
15.00,50,181,796.776396
15.00,50,182,796.6942321
15.00,50,183,796.3052957
15.00,50,184,796.2864607
15.00,50,185,796.0539685
15.00,50,186,795.944302
15.00,50,187,795.9357137
15.00,50,188,795.7486722
15.00,50,189,795.6525843
15.00,50,190,795.2802723
15.00,50,191,795.2159638
15.00,50,192,795.0308855
15.00,50,193,794.9269332
15.00,50,194,794.5647872
15.00,50,195,794.4944333
15.00,50,196,794.3166985
15.00,50,197,794.1942288
15.00,50,198,793.8528479
15.00,50,199,793.7722412
15.00,50,200,793.7715606
