SNR_dB,mc_idx,iter_idx,L_val
10.00,1,1,715.5337691
10.00,1,2,715.2329584
10.00,1,3,715.1064157
10.00,1,4,715.0633561
10.00,1,5,715.0442251
10.00,1,6,715.0339026
10.00,1,7,715.0137909
10.00,1,8,715.0051164
10.00,1,9,714.983561
10.00,1,10,714.9766351
10.00,1,11,714.9534214
10.00,1,12,714.9485028
10.00,1,13,714.9233843
10.00,1,14,714.9207713
10.00,1,15,714.8934639
10.00,1,16,714.8785099
10.00,1,17,714.8636047
10.00,1,18,714.8480079
10.00,1,19,714.8338717
10.00,1,20,714.8175462
10.00,1,21,714.8042803
10.00,1,22,714.7871287
10.00,1,23,714.7748473
10.00,1,24,714.7567599
10.00,1,25,714.7455917
10.00,1,26,714.7264451
10.00,1,27,714.7165348
10.00,1,28,714.6961897
10.00,1,29,714.6877003
10.00,1,30,714.6660002
10.00,1,31,714.6591147
10.00,1,32,714.6358836
10.00,1,33,714.6308075
10.00,1,34,714.6058477
10.00,1,35,714.6028114
10.00,1,36,714.5759012
10.00,1,37,714.5751629
10.00,1,38,714.5460539
10.00,1,39,714.5307475
10.00,1,40,714.5164009
10.00,1,41,714.500373
10.00,1,42,714.4868987
10.00,1,43,714.4700459
10.00,1,44,714.457568
10.00,1,45,714.4397719
10.00,1,46,714.4284324
10.00,1,47,714.4095574
10.00,1,48,714.3995191
10.00,1,49,714.3794101
10.00,1,50,714.3708593
10.00,1,51,714.3493384
10.00,1,52,714.3424888
10.00,1,53,714.3193524
10.00,1,54,714.3144492
10.00,1,55,714.2894636
10.00,1,56,714.286788
10.00,1,57,714.2596849
10.00,1,58,714.2595601
10.00,1,59,714.2300319
10.00,1,60,714.214518
10.00,1,61,714.2004352
10.00,1,62,714.1842175
10.00,1,63,714.1709714
10.00,1,64,714.1539588
10.00,1,65,714.1416558
10.00,1,66,714.1237459
10.00,1,67,714.1125056
10.00,1,68,714.0935835
10.00,1,69,714.0835398
10.00,1,70,714.0634766
10.00,1,71,714.0547798
10.00,1,72,714.0334309
10.00,1,73,714.0262491
10.00,1,74,714.0034526
10.00,1,75,713.9979741
10.00,1,76,713.9735488
10.00,1,77,713.9699839
10.00,1,78,713.9437272
10.00,1,79,713.9423106
10.00,1,80,713.9139962
10.00,1,81,713.8989557
10.00,1,82,713.8844443
10.00,1,83,713.868732
10.00,1,84,713.8550295
10.00,1,85,713.8385518
10.00,1,86,713.8257697
10.00,1,87,713.80842
10.00,1,88,713.7966855
10.00,1,89,713.7783423
10.00,1,90,713.7678007
10.00,1,91,713.7483252
10.00,1,92,713.7391422
10.00,1,93,713.7183761
10.00,1,94,713.7107412
10.00,1,95,713.6885036
10.00,1,96,713.682633
10.00,1,97,713.6587175
10.00,1,98,713.6548586
10.00,1,99,713.6290291
10.00,1,100,713.6274647
10.00,1,101,713.5994512
10.00,1,102,713.584409
10.00,1,103,713.5699223
10.00,1,104,713.5542502
10.00,1,105,713.5405099
10.00,1,106,713.5241285
10.00,1,107,713.5112268
10.00,1,108,713.4940475
10.00,1,109,713.4820875
10.00,1,110,713.4640111
10.00,1,111,713.4531081
10.00,1,112,713.4340234
10.00,1,113,713.4243063
10.00,1,114,713.4040892
10.00,1,115,713.3957018
10.00,1,116,713.3742138
10.00,1,117,713.3673165
10.00,1,118,713.3444029
10.00,1,119,713.3391745
10.00,1,120,713.3146629
10.00,1,121,713.3113024
10.00,1,122,713.2850008
10.00,1,123,713.2837297
10.00,1,124,713.2554245
10.00,1,125,713.2404415
10.00,1,126,713.2260212
10.00,1,127,713.2103864
10.00,1,128,713.1967471
10.00,1,129,713.1803725
10.00,1,130,713.1676186
10.00,1,131,713.1504043
10.00,1,132,713.1386545
10.00,1,133,713.1204868
10.00,1,134,713.1098763
10.00,1,135,713.0906261
10.00,1,136,713.0813082
10.00,1,137,713.0608288
10.00,1,138,713.0529782
10.00,1,139,713.0311025
10.00,1,140,713.024918
10.00,1,141,713.0014561
10.00,1,142,712.9971641
10.00,1,143,712.9718994
10.00,1,144,712.9697579
10.00,1,145,712.942444
10.00,1,146,712.9276489
10.00,1,147,712.9130312
10.00,1,148,712.8976493
10.00,1,149,712.883724
10.00,1,150,712.867684
10.00,1,151,712.8545337
10.00,1,152,712.8377558
10.00,1,153,712.8254728
10.00,1,154,712.8078682
10.00,1,155,712.7965552
10.00,1,156,712.7780248
10.00,1,157,712.7677963
10.00,1,158,712.7482297
10.00,1,159,712.7392129
10.00,1,160,712.7184874
10.00,1,161,712.7108239
10.00,1,162,712.6888027
10.00,1,163,712.6826497
10.00,1,164,712.6591813
10.00,1,165,712.6547132
10.00,1,166,712.629629
10.00,1,167,712.6270393
10.00,1,168,712.6001524
10.00,1,169,712.5996554
10.00,1,170,712.5707587
10.00,1,171,712.5556754
10.00,1,172,712.5415382
10.00,1,173,712.5258027
10.00,1,174,712.512443
10.00,1,175,712.49597
10.00,1,176,712.4834885
10.00,1,177,712.4661814
10.00,1,178,712.4546922
10.00,1,179,712.4364419
10.00,1,180,712.4260742
10.00,1,181,712.4067568
10.00,1,182,712.3976569
10.00,1,183,712.3771323
10.00,1,184,712.3694663
10.00,1,185,712.3475755
10.00,1,186,712.3415316
10.00,1,187,712.3180945
10.00,1,188,712.3138861
10.00,1,189,712.2886983
10.00,1,190,712.2865679
10.00,1,191,712.2593976
10.00,1,192,712.2446977
10.00,1,193,712.2301333
10.00,1,194,712.2148707
10.00,1,195,712.2009673
10.00,1,196,712.1850759
10.00,1,197,712.1719095
10.00,1,198,712.1553158
10.00,1,199,712.1429711
10.00,1,200,712.1255934
10.00,2,1,670.634018
10.00,2,2,670.3600634
10.00,2,3,670.1426555
10.00,2,4,669.7818878
10.00,2,5,669.4966451
10.00,2,6,669.3349751
10.00,2,7,668.94069
10.00,2,8,668.6425578
10.00,2,9,668.5482382
10.00,2,10,668.1176164
10.00,2,11,667.8010201
10.00,2,12,667.7855593
10.00,2,13,667.3035796
10.00,2,14,666.9688564
10.00,2,15,666.699853
10.00,2,16,666.5091733
10.00,2,17,666.1482584
10.00,2,18,665.869316
10.00,2,19,665.7319496
10.00,2,20,665.3427303
10.00,2,21,665.0498254
10.00,2,22,664.9738526
10.00,2,23,664.5454562
10.00,2,24,664.238762
10.00,2,25,664.2342411
10.00,2,26,663.7674735
10.00,2,27,663.4394457
10.00,2,28,663.1791204
10.00,2,29,663.0009004
10.00,2,30,662.6513803
10.00,2,31,662.3808751
10.00,2,32,662.2496674
10.00,2,33,661.8710555
10.00,2,34,661.5903282
10.00,2,35,661.5135609
10.00,2,36,661.1061351
10.00,2,37,660.8099948
10.00,2,38,660.7961396
10.00,2,39,660.3469573
10.00,2,40,660.0372807
10.00,2,41,659.7888254
10.00,2,42,659.603609
10.00,2,43,659.2735967
10.00,2,44,659.0180072
10.00,2,45,658.8727615
10.00,2,46,658.522122
10.00,2,47,658.2561117
10.00,2,48,658.1563968
10.00,2,49,657.7767984
10.00,2,50,657.5012458
10.00,2,51,657.4530434
10.00,2,52,657.0464762
10.00,2,53,656.7556635
10.00,2,54,656.5207752
10.00,2,55,656.3244851
10.00,2,56,656.0190424
10.00,2,57,655.7772336
10.00,2,58,655.614115
10.00,2,59,655.2886883
10.00,2,60,655.0402579
10.00,2,61,654.9147411
10.00,2,62,654.5700747
10.00,2,63,654.3113966
10.00,2,64,654.2291105
10.00,2,65,653.8564741
10.00,2,66,653.5890528
10.00,2,67,653.5548624
10.00,2,68,653.1573161
10.00,2,69,652.8751482
10.00,2,70,652.6488352
10.00,2,71,652.4653134
10.00,2,72,652.169674
10.00,2,73,651.936661
10.00,2,74,651.7843345
10.00,2,75,651.4696593
10.00,2,76,651.2306218
10.00,2,77,651.113177
10.00,2,78,650.7808091
10.00,2,79,650.5319582
10.00,2,80,650.4551436
10.00,2,81,650.0962687
10.00,2,82,649.8394341
10.00,2,83,649.8073519
10.00,2,84,649.4254853
10.00,2,85,649.1545948
10.00,2,86,648.9375818
10.00,2,87,648.7610662
10.00,2,88,648.4777382
10.00,2,89,648.254267
10.00,2,90,648.1072584
10.00,2,91,647.8057839
10.00,2,92,647.5767593
10.00,2,93,647.4624555
10.00,2,94,647.1444756
10.00,2,95,646.9059893
10.00,2,96,646.8304275
10.00,2,97,646.4870609
10.00,2,98,646.2410962
10.00,2,99,646.2079688
10.00,2,100,645.8428441
10.00,2,101,645.5832609
10.00,2,102,645.3751593
10.00,2,103,645.2045039
10.00,2,104,644.9330986
10.00,2,105,644.7186027
10.00,2,106,644.5766353
10.00,2,107,644.2874443
10.00,2,108,644.0676171
10.00,2,109,643.9573046
10.00,2,110,643.6521206
10.00,2,111,643.4228516
10.00,2,112,643.3508056
10.00,2,113,643.0204312
10.00,2,114,642.7838087
10.00,2,115,642.7536511
10.00,2,116,642.4017255
10.00,2,117,642.1513514
10.00,2,118,641.950874
10.00,2,119,641.7886502
10.00,2,120,641.5264504
10.00,2,121,641.3193108
10.00,2,122,641.186287
10.00,2,123,640.9057676
10.00,2,124,640.6931793
10.00,2,125,640.5923695
10.00,2,126,640.2954431
10.00,2,127,640.0728902
10.00,2,128,640.0119282
10.00,2,129,639.6885742
10.00,2,130,639.4582936
10.00,2,131,639.4411154
10.00,2,132,639.095044
10.00,2,133,638.8500013
10.00,2,134,638.6551052
10.00,2,135,638.5071396
10.00,2,136,638.2494239
10.00,2,137,638.0470956
10.00,2,138,637.9307507
10.00,2,139,637.6528583
10.00,2,140,637.4445032
10.00,2,141,637.3632056
10.00,2,142,637.0672118
10.00,2,143,636.847552
10.00,2,144,636.8106917
10.00,2,145,636.484898
10.00,2,146,636.2564414
10.00,2,147,636.0695541
10.00,2,148,635.9145813
10.00,2,149,635.6704197
10.00,2,150,635.4788249
10.00,2,151,635.3523628
10.00,2,152,635.0936519
10.00,2,153,634.8932145
10.00,2,154,634.8032579
10.00,2,155,634.5208105
10.00,2,156,634.3131825
10.00,2,157,634.2641046
10.00,2,158,633.9601955
10.00,2,159,633.7388224
10.00,2,160,633.5591005
10.00,2,161,633.4055879
10.00,2,162,633.171974
10.00,2,163,632.9849033
10.00,2,164,632.8629475
10.00,2,165,632.6093013
10.00,2,166,632.4160824
10.00,2,167,632.3297817
10.00,2,168,632.0574685
10.00,2,169,631.8525097
10.00,2,170,631.8131399
10.00,2,171,631.5096182
10.00,2,172,631.2950354
10.00,2,173,631.1184025
10.00,2,174,630.9745851
10.00,2,175,630.7425899
10.00,2,176,630.560582
10.00,2,177,630.4486594
10.00,2,178,630.2000443
10.00,2,179,630.0076813
10.00,2,180,629.9383447
10.00,2,181,629.6618893
10.00,2,182,629.4607561
10.00,2,183,629.4404849
10.00,2,184,629.1378103
10.00,2,185,628.9196893
10.00,2,186,628.7453676
10.00,2,187,628.6211318
10.00,2,188,628.3873168
10.00,2,189,628.203221
10.00,2,190,628.1199469
10.00,2,191,627.859632
10.00,2,192,627.6670456
10.00,2,193,627.6315917
10.00,2,194,627.3456742
10.00,2,195,627.1366044
10.00,2,196,626.9677402
10.00,2,197,626.8395427
10.00,2,198,626.6148997
10.00,2,199,626.4362942
10.00,2,200,626.3494221
10.00,3,1,731.8926037
10.00,3,2,731.8116522
10.00,3,3,731.7865682
10.00,3,4,731.7646654
10.00,3,5,731.743368
10.00,3,6,731.7226286
10.00,3,7,731.7025108
10.00,3,8,731.6831927
10.00,3,9,731.6647607
10.00,3,10,731.6474884
10.00,3,11,731.6314792
10.00,3,12,731.6171537
10.00,3,13,731.6046248
10.00,3,14,731.5945433
10.00,3,15,731.5870098
10.00,3,16,731.5830393
10.00,3,17,731.5826684
10.00,3,18,731.4298584
10.00,3,19,731.4030331
10.00,3,20,731.0374275
10.00,3,21,730.9874231
10.00,3,22,730.9721338
10.00,3,23,730.95898
10.00,3,24,730.9480517
10.00,3,25,730.939421
10.00,3,26,730.9339936
10.00,3,27,730.9317706
10.00,3,28,730.7876391
10.00,3,29,730.7217534
10.00,3,30,730.3972783
10.00,3,31,730.381625
10.00,3,32,730.1965694
10.00,3,33,730.1242695
10.00,3,34,730.0896056
10.00,3,35,730.0838371
10.00,3,36,730.0836776
10.00,3,37,729.9251277
10.00,3,38,729.8493516
10.00,3,39,729.5376462
10.00,3,40,729.4984469
10.00,3,41,729.4903048
10.00,3,42,729.3146982
10.00,3,43,729.3031142
10.00,3,44,728.93269
10.00,3,45,728.9218446
10.00,3,46,728.8512446
10.00,3,47,728.8316264
10.00,3,48,728.8158516
10.00,3,49,728.8014109
10.00,3,50,728.7886815
10.00,3,51,728.7776245
10.00,3,52,728.7689326
10.00,3,53,728.7625025
10.00,3,54,728.7593757
10.00,3,55,728.759291
10.00,4,1,808.2346191
10.00,4,2,808.225993
10.00,4,3,808.1878464
10.00,4,4,808.1674261
10.00,4,5,808.156789
10.00,4,6,808.1238878
10.00,4,7,808.1182644
10.00,4,8,808.0657249
10.00,4,9,808.0508868
10.00,4,10,808.0274669
10.00,4,11,808.0076068
10.00,4,12,807.9727751
10.00,4,13,807.9561519
10.00,4,14,807.9487171
10.00,4,15,807.9188986
10.00,4,16,807.9023707
10.00,4,17,807.8935338
10.00,4,18,807.8674519
10.00,4,19,807.8624271
10.00,4,20,807.8204534
10.00,4,21,807.8084107
10.00,4,22,807.7894411
10.00,4,23,807.7734288
10.00,4,24,807.7449471
10.00,4,25,807.7314426
10.00,4,26,807.7255922
10.00,4,27,807.7008906
10.00,4,28,807.6874264
10.00,4,29,807.6804569
10.00,4,30,807.6586182
10.00,4,31,807.6555646
10.00,4,32,807.6199111
10.00,4,33,807.6102087
10.00,4,34,807.5941111
10.00,4,35,807.5817414
10.00,4,36,807.5571637
10.00,4,37,807.5461078
10.00,4,38,807.5418407
10.00,4,39,807.5203162
10.00,4,40,807.5092295
10.00,4,41,807.5039705
10.00,4,42,807.4847813
10.00,4,43,807.4841608
10.00,4,44,807.4522314
10.00,4,45,807.4444438
10.00,4,46,807.4301912
10.00,4,47,807.4210732
10.00,4,48,807.3988323
10.00,4,49,807.3896931
10.00,4,50,807.3869052
10.00,4,51,807.3672828
10.00,4,52,807.3580428
10.00,4,53,807.3543097
10.00,4,54,807.3367006
10.00,4,55,807.3273851
10.00,4,56,807.3227748
10.00,4,57,807.3070539
10.00,4,58,807.3062424
10.00,4,59,807.2797552
10.00,4,60,807.2732174
10.00,4,61,807.2611448
10.00,4,62,807.2537227
10.00,4,63,807.2345956
10.00,4,64,807.2269222
10.00,4,65,807.2248887
10.00,4,66,807.207647
10.00,4,67,807.199815
10.00,4,68,807.196841
10.00,4,69,807.1813991
10.00,4,70,807.1734737
10.00,4,71,807.1698083
10.00,4,72,807.1557751
10.00,4,73,807.1477717
10.00,4,74,807.1434551
10.00,4,75,807.1307562
10.00,4,76,807.1287897
10.00,4,77,807.1074851
10.00,4,78,807.1016414
10.00,4,79,807.0916843
10.00,4,80,807.0845293
10.00,4,81,807.0688354
10.00,4,82,807.0620519
10.00,4,83,807.0598474
10.00,4,84,807.0455491
10.00,4,85,807.038617
10.00,4,86,807.0356722
10.00,4,87,807.0227189
10.00,4,88,807.0156856
10.00,4,89,807.0121804
10.00,4,90,807.0002924
10.00,4,91,806.9995132
10.00,4,92,806.9793882
10.00,4,93,806.9742848
10.00,4,94,806.9650408
10.00,4,95,806.9590282
10.00,4,96,806.9443333
10.00,4,97,806.9382405
10.00,4,98,806.9364457
10.00,4,99,806.9231172
10.00,4,100,806.9168723
10.00,4,101,806.9144518
10.00,4,102,806.9022001
10.00,4,103,806.8958146
10.00,4,104,806.8927877
10.00,4,105,806.8815817
10.00,4,106,806.875092
10.00,4,107,806.8715949
10.00,4,108,806.8612252
10.00,4,109,806.8595655
10.00,4,110,806.8421014
10.00,4,111,806.8372346
10.00,4,112,806.829037
10.00,4,113,806.8229223
10.00,4,114,806.8099718
10.00,4,115,806.8042315
10.00,4,116,806.8022344
10.00,4,117,806.7903934
10.00,4,118,806.784506
10.00,4,119,806.781969
10.00,4,120,806.7710095
10.00,4,121,806.7649843
10.00,4,122,806.7619207
10.00,4,123,806.7518233
10.00,4,124,806.7511448
10.00,4,125,806.7338245
10.00,4,126,806.7294434
10.00,4,127,806.7213565
10.00,4,128,806.7163663
10.00,4,129,806.7033106
10.00,4,130,806.6980441
10.00,4,131,806.6967108
10.00,4,132,806.6846361
10.00,4,133,806.6791824
10.00,4,134,806.6772154
10.00,4,135,806.6661169
10.00,4,136,806.660513
10.00,4,137,806.6580447
10.00,4,138,806.6477248
10.00,4,139,806.6419789
10.00,4,140,806.6390185
10.00,4,141,806.6294659
10.00,4,142,806.6286919
10.00,4,143,806.6122848
10.00,4,144,806.608072
10.00,4,145,806.6003706
10.00,4,146,806.5955244
10.00,5,1,878.7637488
10.00,5,2,878.7141506
10.00,5,3,878.6862148
10.00,5,4,878.6642049
10.00,5,5,878.6512029
10.00,5,6,878.5949281
10.00,5,7,878.5711421
10.00,5,8,878.4517274
10.00,5,9,878.4378709
10.00,5,10,878.3689529
10.00,5,11,878.3298486
10.00,5,12,878.3219711
10.00,5,13,878.2556154
10.00,5,14,878.2480582
10.00,5,15,878.1125861
10.00,5,16,878.0998605
10.00,5,17,878.0297868
10.00,5,18,877.9892162
10.00,5,19,877.9794228
10.00,5,20,877.9168249
10.00,5,21,877.9104068
10.00,5,22,877.7746578
10.00,5,23,877.7692137
10.00,5,24,877.6919276
10.00,5,25,877.6571839
10.00,5,26,877.6533236
10.00,5,27,877.579036
10.00,5,28,877.5404383
10.00,5,29,877.532378
10.00,5,30,877.466394
10.00,5,31,877.4261564
10.00,5,32,877.416966
10.00,5,33,877.3537281
10.00,5,34,877.3392308
10.00,5,35,877.2114007
10.00,5,36,877.1956468
10.00,5,37,877.1292088
10.00,5,38,877.1223636
10.00,5,39,876.9872198
10.00,5,40,876.9745663
10.00,5,41,876.9050157
10.00,5,42,876.8645997
10.00,5,43,876.8546864
10.00,5,44,876.7928695
10.00,5,45,876.7849359
10.00,5,46,876.6516829
10.00,5,47,876.6451731
10.00,5,48,876.5695845
10.00,5,49,876.5343646
10.00,5,50,876.5297585
10.00,5,51,876.457513
10.00,5,52,876.4184062
10.00,5,53,876.4096064
10.00,5,54,876.3456847
10.00,5,55,876.3435986
10.00,5,56,876.2050403
10.00,5,57,876.2012833
10.00,5,58,876.1230725
10.00,5,59,876.0892829
10.00,5,60,876.0859323
10.00,5,61,876.0113069
10.00,5,62,875.9733663
10.00,5,63,875.9655452
10.00,5,64,875.899795
10.00,5,65,875.8599862
10.00,5,66,875.8508235
10.00,5,67,875.7882622
10.00,5,68,875.7729562
10.00,5,69,875.6473431
10.00,5,70,875.6309855
10.00,5,71,875.5660049
10.00,5,72,875.5564688
10.00,5,73,875.4253866
10.00,5,74,875.4113432
10.00,5,75,875.3440667
10.00,5,76,875.3399896
10.00,5,77,875.2037425
10.00,5,78,875.1918766
10.00,5,79,875.1224462
10.00,5,80,875.0825793
10.00,5,81,875.0727643
10.00,5,82,875.0115826
10.00,5,83,875.002884
10.00,5,84,874.8719785
10.00,5,85,874.8646137
10.00,5,86,874.7908442
10.00,5,87,874.7553103
10.00,5,88,874.749956
10.00,5,89,874.6800593
10.00,5,90,874.6405393
10.00,5,91,874.6309446
10.00,5,92,874.5695112
10.00,5,93,874.5617079
10.00,5,94,874.4303233
10.00,5,95,874.4232789
10.00,5,96,874.3494067
10.00,5,97,874.3140656
10.00,5,98,874.3087857
10.00,5,99,874.2389363
10.00,5,100,874.1995433
10.00,5,101,874.1899657
10.00,5,102,874.128703
10.00,5,103,874.1206768
10.00,5,104,873.989903
10.00,5,105,873.9826355
10.00,5,106,873.909224
10.00,5,107,873.873802
10.00,5,108,873.8683364
10.00,5,109,873.7990697
10.00,5,110,873.7595761
10.00,5,111,873.7498059
10.00,5,112,873.6891511
10.00,5,113,873.6797526
10.00,5,114,873.5507104
10.00,5,115,873.5426649
10.00,5,116,873.4702889
10.00,5,117,873.4345087
10.00,5,118,873.4285948
10.00,5,119,873.360453
10.00,5,120,873.359247
10.00,5,121,873.2219574
10.00,5,122,873.2108808
10.00,5,123,873.1416634
10.00,5,124,873.1023681
10.00,5,125,873.0926332
10.00,5,126,873.0322119
10.00,5,127,873.0225449
10.00,5,128,872.8943482
10.00,5,129,872.8860088
10.00,5,130,872.8142778
10.00,5,131,872.7784004
10.00,5,132,872.7722351
10.00,5,133,872.7049108
10.00,5,134,872.7021075
10.00,5,135,872.5669728
10.00,5,136,872.5551379
10.00,5,137,872.4870519
10.00,5,138,872.4860923
10.00,5,139,872.3493386
10.00,5,140,872.3382022
10.00,5,141,872.2695003
10.00,5,142,872.2302778
10.00,5,143,872.2204158
10.00,5,144,872.1606673
10.00,5,145,872.1497009
10.00,5,146,872.0235447
10.00,5,147,872.0143677
10.00,5,148,871.9439558
10.00,5,149,871.9077299
10.00,5,150,871.9010255
10.00,5,151,871.8352118
10.00,5,152,871.8293306
10.00,5,153,871.6979949
10.00,5,154,871.6847808
10.00,5,155,871.618584
10.00,5,156,871.6136776
10.00,5,157,871.4815754
10.00,5,158,871.4687139
10.00,5,159,871.4022609
10.00,5,160,871.398037
10.00,5,161,871.2654552
10.00,5,162,871.2528293
10.00,5,163,871.186242
10.00,5,164,871.1824209
10.00,5,165,871.0496339
10.00,5,166,871.0371323
10.00,5,167,870.9705266
10.00,5,168,870.966843
10.00,5,169,870.8341113
10.00,5,170,870.8216284
10.00,5,171,870.7551142
10.00,5,172,870.7513179
10.00,5,173,870.6188871
10.00,5,174,870.6063239
10.00,5,175,870.5400042
10.00,5,176,870.535861
10.00,5,177,870.403961
10.00,5,178,870.391225
10.00,5,179,870.325196
10.00,5,180,870.3204881
10.00,5,181,870.1893327
10.00,5,182,870.1763382
10.00,5,183,870.1106892
10.00,5,184,870.1052149
10.00,5,185,869.975002
10.00,5,186,869.96167
10.00,5,187,869.8964832
10.00,5,188,869.8900573
10.00,5,189,869.7609686
10.00,5,190,869.7472266
10.00,5,191,869.6825775
10.00,5,192,869.6750309
10.00,5,193,869.5472322
10.00,5,194,869.5330143
10.00,5,195,869.4689715
10.00,5,196,869.4601507
10.00,5,197,869.3337927
10.00,5,198,869.3190392
10.00,5,199,869.2556647
10.00,5,200,869.2454315
10.00,6,1,783.9278214
10.00,6,2,782.5959131
10.00,6,3,780.8779544
10.00,6,4,779.9908935
10.00,6,5,778.2540964
10.00,6,6,775.89342
10.00,6,7,775.8109512
10.00,6,8,775.7359741
10.00,6,9,775.6695787
10.00,6,10,775.6081437
10.00,6,11,775.037321
10.00,6,12,771.8886173
10.00,6,13,771.2168541
10.00,6,14,770.1659271
10.00,6,15,768.0420539
10.00,6,16,762.1146516
10.00,6,17,761.4136584
10.00,6,18,761.0470045
10.00,6,19,759.4330409
10.00,6,20,758.5295699
10.00,6,21,757.8850991
10.00,6,22,757.1758503
10.00,6,23,756.7153025
10.00,6,24,755.2265231
10.00,6,25,754.3463242
10.00,6,26,754.1612308
10.00,6,27,752.4666269
10.00,6,28,752.4255359
10.00,6,29,740.8791036
10.00,6,30,738.8846235
10.00,6,31,738.2017169
10.00,6,32,737.724404
10.00,6,33,737.620453
10.00,6,34,736.0128641
10.00,6,35,734.0057766
10.00,6,36,733.9904849
10.00,6,37,730.017944
10.00,6,38,723.0700306
10.00,6,39,722.8186141
10.00,6,40,721.7265967
10.00,6,41,721.0699636
10.00,6,42,720.16791
10.00,6,43,719.5821138
10.00,6,44,719.4319334
10.00,6,45,717.3830823
10.00,6,46,717.3355604
10.00,6,47,717.2989602
10.00,6,48,717.2777127
10.00,6,49,717.264315
10.00,6,50,717.0433815
10.00,6,51,716.9245556
10.00,6,52,708.6093239
10.00,6,53,707.718897
10.00,6,54,707.1458473
10.00,6,55,706.2047078
10.00,6,56,705.7137626
10.00,6,57,704.9195618
10.00,6,58,704.7898418
10.00,6,59,702.5845455
10.00,6,60,695.3193026
10.00,6,61,694.8512019
10.00,6,62,693.9840714
10.00,6,63,693.5217985
10.00,6,64,693.1514561
10.00,6,65,690.7174112
10.00,6,66,690.562746
10.00,6,67,690.4612616
10.00,6,68,690.4244828
10.00,6,69,689.7133
10.00,6,70,689.5847838
10.00,6,71,689.3374846
10.00,6,72,689.2594483
10.00,6,73,683.8181985
10.00,6,74,683.1536538
10.00,6,75,682.8562024
10.00,6,76,682.125593
10.00,6,77,681.1237343
10.00,6,78,679.4537693
10.00,6,79,679.3989321
10.00,6,80,679.3557517
10.00,6,81,679.3214276
10.00,6,82,679.2959093
10.00,6,83,679.2774628
10.00,6,84,679.2693125
10.00,6,85,679.2690785
10.00,6,86,679.1166154
10.00,6,87,679.0461916
10.00,6,88,679.0357702
10.00,6,89,679.0304084
10.00,6,90,678.9127324
10.00,6,91,678.8600023
10.00,6,92,677.7126531
10.00,6,93,673.8730509
10.00,6,94,673.3992049
10.00,6,95,672.974219
10.00,6,96,672.3409618
10.00,6,97,672.0850733
10.00,6,98,670.0610279
10.00,6,99,669.1828581
10.00,6,100,669.1548822
10.00,6,101,669.1408157
10.00,6,102,669.1359055
10.00,6,103,669.0305653
10.00,6,104,668.9634463
10.00,6,105,668.7920664
10.00,6,106,665.2711999
10.00,6,107,664.7697465
10.00,6,108,662.0041605
10.00,6,109,662.0013052
10.00,6,110,661.770066
10.00,6,111,661.6935739
10.00,6,112,661.5870728
10.00,6,113,661.5682829
10.00,6,114,661.3644061
10.00,6,115,658.6023861
10.00,6,116,657.9827377
10.00,6,117,656.4174805
10.00,6,118,654.8674974
10.00,6,119,654.824956
10.00,6,120,654.796669
10.00,6,121,654.7806236
10.00,6,122,654.7798726
10.00,6,123,654.661917
10.00,6,124,654.6065361
10.00,6,125,654.606144
10.00,6,126,654.5141232
10.00,6,127,654.4702284
10.00,6,128,654.4400981
10.00,6,129,651.7088831
10.00,6,130,651.3016711
10.00,6,131,651.0083506
10.00,6,132,648.701009
10.00,6,133,647.7842238
10.00,6,134,647.7374075
10.00,6,135,647.6219472
10.00,6,136,647.5462294
10.00,6,137,647.4708904
10.00,6,138,647.4194542
10.00,6,139,647.4167987
10.00,6,140,647.343972
10.00,6,141,647.3021315
10.00,6,142,647.0819511
10.00,6,143,645.0675574
10.00,6,144,644.718759
10.00,6,145,644.5322403
10.00,6,146,644.4495136
10.00,6,147,644.4092933
10.00,6,148,641.0368642
10.00,6,149,641.0312151
10.00,6,150,640.9429318
10.00,6,151,640.9006796
10.00,6,152,640.8304012
10.00,6,153,640.7921755
10.00,6,154,640.7343484
10.00,6,155,639.5252462
10.00,6,156,639.1947318
10.00,6,157,637.1984817
10.00,6,158,635.4061561
10.00,6,159,635.3827339
10.00,6,160,635.3683308
10.00,6,161,635.3653297
10.00,6,162,635.2909775
10.00,6,163,635.2579807
10.00,6,164,635.1916278
10.00,6,165,634.5523324
10.00,6,166,630.4053346
10.00,6,167,630.4035904
10.00,6,168,630.1534399
10.00,6,169,630.1038695
10.00,6,170,630.0274376
10.00,6,171,629.9933176
10.00,6,172,629.906362
10.00,6,173,629.8845793
10.00,6,174,629.8771442
10.00,6,175,629.8766365
10.00,6,176,629.8181571
10.00,6,177,629.8034961
10.00,6,178,629.7325804
10.00,6,179,629.708559
10.00,6,180,629.6715405
10.00,6,181,629.3665804
10.00,6,182,628.4601581
10.00,6,183,625.0269915
10.00,6,184,624.5736404
10.00,6,185,624.5334485
10.00,6,186,624.5059719
10.00,6,187,624.4909189
10.00,6,188,624.4896263
10.00,6,189,624.4161677
10.00,6,190,624.3887544
10.00,6,191,624.3812184
10.00,6,192,624.3414044
10.00,6,193,624.3070033
10.00,6,194,624.257374
10.00,6,195,624.2390483
10.00,6,196,624.1761487
10.00,6,197,623.914993
10.00,6,198,620.3635188
10.00,6,199,619.5376763
10.00,6,200,619.5313585
10.00,7,1,851.0328456
10.00,7,2,850.8633584
10.00,7,3,850.7907268
10.00,7,4,850.7823067
10.00,7,5,850.6273692
10.00,7,6,850.574155
10.00,7,7,850.4950496
10.00,7,8,850.4411406
10.00,7,9,850.3118584
10.00,7,10,850.2624083
10.00,7,11,850.2582011
10.00,7,12,850.1295193
10.00,7,13,850.0805669
10.00,7,14,850.0742667
10.00,7,15,849.9502447
10.00,7,16,849.901595
10.00,7,17,849.8955341
10.00,7,18,849.771628
10.00,7,19,849.7224137
10.00,7,20,849.7137686
10.00,7,21,849.5939137
10.00,7,22,849.5446526
10.00,7,23,849.5361491
10.00,7,24,849.4160989
10.00,7,25,849.366247
10.00,7,26,849.3554629
10.00,7,27,849.2388731
10.00,7,28,849.1890223
10.00,7,29,849.1786221
10.00,7,30,849.0614606
10.00,7,31,849.0111363
10.00,7,32,848.9988619
10.00,7,33,848.8845796
10.00,7,34,848.8343641
10.00,7,35,848.8227843
10.00,7,36,848.7075103
10.00,7,37,848.656953
10.00,7,38,848.6438973
10.00,7,39,848.5309553
10.00,7,40,848.4806258
10.00,7,41,848.4686013
10.00,7,42,848.3542162
10.00,7,43,848.3036743
10.00,7,44,848.290552
10.00,7,45,848.1779859
10.00,7,46,848.1277973
10.00,7,47,848.1160686
10.00,7,48,848.0015718
10.00,7,49,847.9512979
10.00,7,50,847.9388362
10.00,7,51,847.825669
10.00,7,52,847.7758833
10.00,7,53,847.7652139
10.00,7,54,847.6495774
10.00,7,55,847.5998355
10.00,7,56,847.5887959
10.00,7,57,847.4740079
10.00,7,58,847.4249034
10.00,7,59,847.4161067
10.00,7,60,847.298239
10.00,7,61,847.2493139
10.00,7,62,847.2405214
10.00,7,63,847.1230121
10.00,7,64,847.0748943
10.00,7,65,847.0688671
10.00,7,66,846.9475687
10.00,7,67,846.8997783
10.00,7,68,846.8941561
10.00,7,69,846.772698
10.00,7,70,846.7259134
10.00,7,71,846.7236762
10.00,7,72,846.5975864
10.00,7,73,846.551296
10.00,7,74,846.5499085
10.00,7,75,846.4230909
10.00,7,76,846.3780438
10.00,7,77,846.3096316
10.00,7,78,846.2574419
10.00,7,79,846.1415364
10.00,7,80,846.0937006
10.00,7,81,846.0882423
10.00,7,82,845.9670084
10.00,7,83,845.9199325
10.00,7,84,845.9161386
10.00,7,85,845.7930746
10.00,7,86,845.7474865
10.00,7,87,845.6801983
10.00,7,88,845.6264789
10.00,7,89,845.5124771
10.00,7,90,845.464579
10.00,7,91,845.4587866
10.00,7,92,845.3385297
10.00,7,93,845.2916736
10.00,7,94,845.2883802
10.00,7,95,845.1651885
10.00,7,96,845.1201338
10.00,7,97,845.0525328
10.00,7,98,845.0011268
10.00,7,99,844.8854912
10.00,7,100,844.838524
10.00,7,101,844.8353211
10.00,7,102,844.7121418
10.00,7,103,844.6665544
10.00,7,104,844.5998894
10.00,7,105,844.5448365
10.00,7,106,844.432526
10.00,7,107,844.3842203
10.00,7,108,844.3765275
10.00,7,109,844.2599372
10.00,7,110,844.2137256
10.00,7,111,844.2126195
10.00,7,112,844.0871883
10.00,7,113,844.0427148
10.00,7,114,843.9749596
10.00,7,115,843.9242564
10.00,7,116,843.8084118
10.00,7,117,843.7615414
10.00,7,118,843.7579105
10.00,7,119,843.6364756
10.00,7,120,843.5921629
10.00,7,121,843.5245354
10.00,7,122,843.4769258
10.00,7,123,843.3589994
10.00,7,124,843.3138932
10.00,7,125,843.2474844
10.00,7,126,843.1971755
10.00,7,127,843.0819337
10.00,7,128,843.0362657
10.00,7,129,842.9707667
10.00,7,130,842.9185958
10.00,7,131,842.8052692
10.00,7,132,842.7592589
10.00,7,133,842.7584952
10.00,7,134,842.63387
10.00,7,135,842.5903922
10.00,7,136,842.5222207
10.00,7,137,842.4762477
10.00,7,138,842.3571646
10.00,7,139,842.3123575
10.00,7,140,842.2461067
10.00,7,141,842.1956015
10.00,7,142,842.0809011
10.00,7,143,842.035076
10.00,7,144,842.0342433
10.00,7,145,841.9106159
10.00,7,146,841.8684326
10.00,7,147,841.7990713
10.00,7,148,841.7608636
10.00,7,149,841.6356856
10.00,7,150,841.5942187
10.00,7,151,841.5240891
10.00,7,152,841.488851
10.00,7,153,841.3611799
10.00,7,154,841.3207252
10.00,7,155,841.2494421
10.00,7,156,841.2183192
10.00,7,157,841.087114
10.00,7,158,841.0480036
10.00,7,159,840.9751359
10.00,7,160,840.9494267
10.00,7,161,840.8135096
10.00,7,162,840.7761249
10.00,7,163,840.7011793
10.00,7,164,840.6823877
10.00,7,165,840.5403965
10.00,7,166,840.5051845
10.00,7,167,840.4275841
10.00,7,168,840.4174871
10.00,7,169,840.2678148
10.00,7,170,840.2353095
10.00,7,171,840.1543671
10.00,7,172,840.1004326
10.00,7,173,840.0754868
10.00,7,174,839.9846903
10.00,7,175,839.933449
10.00,7,176,839.916246
10.00,7,177,839.8156718
10.00,7,178,839.7681319
10.00,7,179,839.7623775
10.00,7,180,839.6468353
10.00,7,181,839.6033061
10.00,7,182,839.536997
10.00,7,183,839.493713
10.00,7,184,839.3744296
10.00,7,185,839.3322767
10.00,7,186,839.2643397
10.00,7,187,839.2265174
10.00,7,188,839.1024447
10.00,7,189,839.0620047
10.00,7,190,838.9920073
10.00,7,191,838.9609629
10.00,7,192,838.8309031
10.00,7,193,838.7925649
10.00,7,194,838.7200086
10.00,7,195,838.6972721
10.00,7,196,838.5598344
10.00,7,197,838.5240534
10.00,7,198,838.4483555
10.00,7,199,838.4357283
10.00,7,200,838.2892762
10.00,8,1,789.9114374
10.00,8,2,789.8621147
10.00,8,3,789.8569823
10.00,8,4,789.8157321
10.00,8,5,789.8060669
10.00,8,6,789.7702463
10.00,8,7,789.7566342
10.00,8,8,789.7250546
10.00,8,9,789.7083291
10.00,8,10,789.6800804
10.00,8,11,789.6608929
10.00,8,12,789.6352673
10.00,8,13,789.6141257
10.00,8,14,789.5905713
10.00,8,15,789.5875642
10.00,8,16,789.5272998
10.00,8,17,789.5025662
10.00,8,18,789.4807776
10.00,8,19,789.4801833
10.00,8,20,789.4347301
10.00,8,21,789.4292254
10.00,8,22,789.3889836
10.00,8,23,789.3795021
10.00,8,24,789.3434644
10.00,8,25,789.3307495
10.00,8,26,789.2981133
10.00,8,27,789.2827589
10.00,8,28,789.2528829
10.00,8,29,789.2353643
10.00,8,30,789.2077346
10.00,8,31,789.1884337
10.00,8,32,789.1626369
10.00,8,33,789.1418613
10.00,8,34,789.1175635
10.00,8,35,789.0955616
10.00,8,36,789.0724924
10.00,8,37,789.0686854
10.00,8,38,789.008869
10.00,8,39,788.9835394
10.00,8,40,788.9624007
10.00,8,41,788.9382394
10.00,8,42,788.9161035
10.00,8,43,788.892903
10.00,8,44,788.8906127
10.00,8,45,788.8293184
10.00,8,46,788.8033951
10.00,8,47,788.7828379
10.00,8,48,788.757771
10.00,8,49,788.7364431
10.00,8,50,788.7120718
10.00,8,51,788.6900982
10.00,8,52,788.6662835
10.00,8,53,788.6437727
10.00,8,54,788.620393
10.00,8,55,788.5974412
10.00,8,56,788.5970079
10.00,8,57,788.5511041
10.00,8,58,788.5496856
10.00,8,59,788.5047231
10.00,8,60,788.5026597
10.00,8,61,788.4582838
10.00,8,62,788.4559072
10.00,8,63,788.4117746
10.00,8,64,788.4094196
10.00,8,65,788.3651876
10.00,8,66,788.3632049
10.00,8,67,788.3185185
10.00,8,68,788.3172886
10.00,8,69,788.2717675
10.00,8,70,788.2717179
10.00,8,71,788.2249404
10.00,8,72,788.2010945
10.00,8,73,788.1780088
10.00,8,74,788.1535831
10.00,8,75,788.1310305
10.00,8,76,788.105862
10.00,8,77,788.0840398
10.00,8,78,788.0579295
10.00,8,79,788.0370885
10.00,8,80,788.0097889
10.00,8,81,787.9902537
10.00,8,82,787.9614501
10.00,8,83,787.9436478
10.00,8,84,787.9129339
10.00,8,85,787.8974344
10.00,8,86,787.8642762
10.00,8,87,787.8518515
10.00,8,88,787.8155365
10.00,8,89,787.8072472
10.00,8,90,787.7668089
10.00,8,91,787.7641338
10.00,8,92,787.7182412
10.00,8,93,787.6927763
10.00,8,94,787.6698809
10.00,8,95,787.6421358
10.00,8,96,787.6221635
10.00,8,97,787.5913415
10.00,8,98,787.5755857
10.00,8,99,787.5405356
10.00,8,100,787.5309271
10.00,8,101,787.4899562
10.00,8,102,787.4894253
10.00,8,103,787.4399985
10.00,8,104,787.4121609
10.00,8,105,787.3911848
10.00,8,106,787.3592325
10.00,8,107,787.3446718
10.00,8,108,787.3066036
10.00,8,109,787.3022878
10.00,8,110,787.2548972
10.00,8,111,787.2265593
10.00,8,112,787.2049189
10.00,8,113,787.1715216
10.00,8,114,787.1586541
10.00,8,115,787.1172154
10.00,8,116,787.0900986
10.00,8,117,787.064689
10.00,8,118,787.0327557
10.00,8,119,787.0162496
10.00,8,120,786.9762532
10.00,8,121,786.9762173
10.00,8,122,786.9222323
10.00,8,123,786.8892395
10.00,8,124,786.8734836
10.00,8,125,786.8309708
10.00,8,126,786.8015966
10.00,8,127,786.7763236
10.00,8,128,786.7400083
10.00,8,129,786.7306645
10.00,8,130,786.6811805
10.00,8,131,786.6479121
10.00,8,132,786.6293887
10.00,8,133,786.5854181
10.00,8,134,786.5536326
10.00,8,135,786.5291011
10.00,8,136,786.4879997
10.00,8,137,786.4565701
10.00,8,138,786.4281749
10.00,8,139,786.3880024
10.00,8,140,786.3853492
10.00,8,141,786.325902
10.00,8,142,786.2852019
10.00,8,143,786.2829256
10.00,8,144,786.2218103
10.00,8,145,786.1790738
10.00,8,146,786.1444441
10.00,8,147,786.1153429
10.00,8,148,786.0692912
10.00,8,149,786.0320864
10.00,8,150,786.0081901
10.00,8,151,785.9564251
10.00,8,152,785.9154413
10.00,8,153,785.9033588
10.00,8,154,785.8422559
10.00,8,155,785.7951895
10.00,8,156,785.755011
10.00,8,157,785.7299886
10.00,8,158,785.6731261
10.00,8,159,785.6264316
10.00,8,160,785.5848956
10.00,8,161,785.5548054
10.00,8,162,785.4969427
10.00,8,163,785.4477938
10.00,8,164,785.4032543
10.00,8,165,785.3763958
10.00,8,166,785.3129976
10.00,8,167,785.2585423
10.00,8,168,785.2090968
10.00,8,169,785.2009855
10.00,8,170,785.125669
10.00,8,171,785.0614227
10.00,8,172,785.0038745
10.00,8,173,784.9499897
10.00,8,174,784.8981183
10.00,8,175,784.8675843
10.00,8,176,784.79567
10.00,8,177,784.7298707
10.00,8,178,784.6679644
10.00,8,179,784.6081349
10.00,8,180,784.549402
10.00,8,181,784.5344105
10.00,8,182,784.4528866
10.00,8,183,784.376308
10.00,8,184,784.3033084
10.00,8,185,784.2321364
10.00,8,186,784.1621004
10.00,8,187,784.092301
10.00,8,188,784.0223678
10.00,8,189,783.9518012
10.00,8,190,783.8803862
10.00,8,191,783.8078174
10.00,8,192,783.7907967
10.00,8,193,783.7065085
10.00,8,194,783.623581
10.00,8,195,783.5405747
10.00,8,196,783.4582935
10.00,8,197,783.3756769
10.00,8,198,783.293742
10.00,8,199,783.2117074
10.00,8,200,783.1309904
10.00,9,1,997.6878744
10.00,9,2,997.1933664
10.00,9,3,996.8886724
10.00,9,4,996.6496682
10.00,9,5,996.4759832
10.00,9,6,996.3305402
10.00,9,7,996.2083754
10.00,9,8,996.0977563
10.00,9,9,995.9956458
10.00,9,10,995.930243
10.00,9,11,995.7903034
10.00,9,12,995.6679799
10.00,9,13,995.5591908
10.00,9,14,995.5571349
10.00,9,15,995.3897815
10.00,9,16,995.2490617
10.00,9,17,995.129898
10.00,9,18,995.0215115
10.00,9,19,995.0099843
10.00,9,20,994.8427545
10.00,9,21,994.7088869
10.00,9,22,994.590919
10.00,9,23,994.4849213
10.00,9,24,994.4608115
10.00,9,25,994.3035565
10.00,9,26,994.1700709
10.00,9,27,994.0553232
10.00,9,28,993.9500701
10.00,9,29,993.9151604
10.00,9,30,993.7595882
10.00,9,31,993.6325648
10.00,9,32,993.5194025
10.00,9,33,993.4164466
10.00,9,34,993.3686278
10.00,9,35,993.222373
10.00,9,36,993.0966108
10.00,9,37,992.9865506
10.00,9,38,992.8845685
10.00,9,39,992.8256194
10.00,9,40,992.6821218
10.00,9,41,992.5621808
10.00,9,42,992.4539126
10.00,9,43,992.4490594
10.00,9,44,992.2798206
10.00,9,45,992.1457486
10.00,9,46,992.028361
10.00,9,47,991.9233574
10.00,9,48,991.8989789
10.00,9,49,991.7430466
10.00,9,50,991.6113142
10.00,9,51,991.4982934
10.00,9,52,991.3947454
10.00,9,53,991.3539751
10.00,9,54,991.2026104
10.00,9,55,991.0787574
10.00,9,56,990.9683223
10.00,9,57,990.8675627
10.00,9,58,990.8096728
10.00,9,59,990.6693421
10.00,9,60,990.5482694
10.00,9,61,990.441558
10.00,9,62,990.4368688
10.00,9,63,990.2727878
10.00,9,64,990.1361324
10.00,9,65,990.0207825
10.00,9,66,989.9160852
10.00,9,67,989.8894309
10.00,9,68,989.7320207
10.00,9,69,989.605316
10.00,9,70,989.4934159
10.00,9,71,989.3921817
10.00,9,72,989.3436584
10.00,9,73,989.1999158
10.00,9,74,989.0770466
10.00,9,75,988.9697152
10.00,9,76,988.8703592
10.00,9,77,988.8039226
10.00,9,78,988.6665249
10.00,9,79,988.5511966
10.00,9,80,988.4468601
10.00,9,81,988.4217607
10.00,9,82,988.2643688
10.00,9,83,988.1381606
10.00,9,84,988.0269642
10.00,9,85,987.9264917
10.00,9,86,987.8765884
10.00,9,87,987.7342975
10.00,9,88,987.6128162
10.00,9,89,987.506656
10.00,9,90,987.5059654
10.00,9,91,987.3413414
10.00,9,92,987.2053673
10.00,9,93,987.0912582
10.00,9,94,986.9880397
10.00,9,95,986.9584593
10.00,9,96,986.804066
10.00,9,97,986.6799734
10.00,9,98,986.5705091
10.00,9,99,986.4713732
10.00,9,100,986.4153355
10.00,9,101,986.2767115
10.00,9,102,986.1580333
10.00,9,103,986.0538255
10.00,9,104,986.0411094
10.00,9,105,985.8826716
10.00,9,106,985.7512589
10.00,9,107,985.6400898
10.00,9,108,985.5390612
10.00,9,109,985.4968016
10.00,9,110,985.3495249
10.00,9,111,985.2297743
10.00,9,112,985.1234338
10.00,9,113,985.1233623
10.00,9,114,984.9552315
10.00,9,115,984.8243258
10.00,9,116,984.7110047
10.00,9,117,984.6101618
10.00,9,118,984.574292
10.00,9,119,984.4273375
10.00,9,120,984.303842
10.00,9,121,984.197449
10.00,9,122,984.0997287
10.00,9,123,984.0365679
10.00,9,124,983.9006016
10.00,9,125,983.7874641
10.00,9,126,983.6856297
10.00,9,127,983.6551182
10.00,9,128,983.5030294
10.00,9,129,983.3812502
10.00,9,130,983.27409
10.00,9,131,983.1770455
10.00,9,132,983.1152862
10.00,9,133,982.9813157
10.00,9,134,982.8665502
10.00,9,135,982.7653687
10.00,9,136,982.7379471
10.00,9,137,982.5880165
10.00,9,138,982.4631791
10.00,9,139,982.3565456
10.00,9,140,982.2590814
10.00,9,141,982.1999125
10.00,9,142,982.0631203
10.00,9,143,981.9500694
10.00,9,144,981.8487179
10.00,9,145,981.8198577
10.00,9,146,981.6679749
10.00,9,147,981.5468902
10.00,9,148,981.4406255
10.00,9,149,981.3445186
10.00,9,150,981.281512
10.00,9,151,981.1492653
10.00,9,152,981.036095
10.00,9,153,980.9362583
10.00,9,154,980.9037475
10.00,9,155,980.75721
10.00,9,156,980.6351046
10.00,9,157,980.5304609
10.00,9,158,980.4346226
10.00,9,159,980.3691488
10.00,9,160,980.2367325
10.00,9,161,980.1265834
10.00,9,162,980.0274489
10.00,9,163,979.9874462
10.00,9,164,979.8423025
10.00,9,165,979.7254047
10.00,9,166,979.6221935
10.00,9,167,979.6130552
10.00,9,168,979.4523218
10.00,9,169,979.327225
10.00,9,170,979.2190187
10.00,9,171,979.1223689
10.00,9,172,979.0707801
10.00,9,173,978.934419
10.00,9,174,978.8192744
10.00,9,175,978.7189121
10.00,9,176,978.6969873
10.00,9,177,978.5465809
10.00,9,178,978.4227006
10.00,9,179,978.3176825
10.00,9,180,978.2220976
10.00,9,181,978.1616783
10.00,9,182,978.028128
10.00,9,183,977.9179947
10.00,9,184,977.8193737
10.00,9,185,977.7819738
10.00,9,186,977.6368198
10.00,9,187,977.5205864
10.00,9,188,977.4183154
10.00,9,189,977.4080627
10.00,9,190,977.2490868
10.00,9,191,977.1256394
10.00,9,192,977.0190191
10.00,9,193,976.9237699
10.00,9,194,976.8684607
10.00,9,195,976.7352399
10.00,9,196,976.6226648
10.00,9,197,976.5242578
10.00,9,198,976.4938181
10.00,9,199,976.3487256
10.00,9,200,976.2288551
10.00,10,1,799.23376
10.00,10,2,799.0916418
10.00,10,3,798.9789776
10.00,10,4,798.877036
10.00,10,5,798.7907872
10.00,10,6,798.7114081
10.00,10,7,798.6405063
10.00,10,8,798.5738604
10.00,10,9,798.5118547
10.00,10,10,798.4524301
10.00,10,11,798.3955745
10.00,10,12,798.3402636
10.00,10,13,798.2863897
10.00,10,14,798.2673185
10.00,10,15,798.1952348
10.00,10,16,798.127671
10.00,10,17,798.0650785
10.00,10,18,798.0052276
10.00,10,19,797.9481207
10.00,10,20,797.8926527
10.00,10,21,797.8387152
10.00,10,22,797.8244185
10.00,10,23,797.7512283
10.00,10,24,797.6828099
10.00,10,25,797.6196773
10.00,10,26,797.5594377
10.00,10,27,797.5021073
10.00,10,28,797.4465044
10.00,10,29,797.3925195
10.00,10,30,797.3826049
10.00,10,31,797.3084081
10.00,10,32,797.2392167
10.00,10,33,797.1756034
10.00,10,34,797.115023
10.00,10,35,797.057504
10.00,10,36,797.0017938
10.00,10,37,796.9477819
10.00,10,38,796.9417823
10.00,10,39,796.8666997
10.00,10,40,796.796835
10.00,10,41,796.732812
10.00,10,42,796.6719481
10.00,10,43,796.614282
10.00,10,44,796.5584975
10.00,10,45,796.5044824
10.00,10,46,796.5018633
10.00,10,47,796.4260353
10.00,10,48,796.3556129
10.00,10,49,796.2912622
10.00,10,50,796.2301808
10.00,10,51,796.1724151
10.00,10,52,796.1165938
10.00,10,53,796.0626027
10.00,10,54,796.009757
10.00,10,55,795.9853993
10.00,10,56,795.914797
10.00,10,57,795.8503813
10.00,10,58,795.7892935
10.00,10,59,795.7315782
10.00,10,60,795.6758388
10.00,10,61,795.6219571
10.00,10,62,795.5692372
10.00,10,63,795.5456715
10.00,10,64,795.4750378
10.00,10,65,795.4106617
10.00,10,66,795.3496517
10.00,10,67,795.2920464
10.00,10,68,795.2364358
10.00,10,69,795.1826971
10.00,10,70,795.1301289
10.00,10,71,795.1068348
10.00,10,72,795.036323
10.00,10,73,794.972093
10.00,10,74,794.911246
10.00,10,75,794.8538109
10.00,10,76,794.7983763
10.00,10,77,794.7448143
10.00,10,78,794.6924238
10.00,10,79,794.6688868
10.00,10,80,794.5986498
10.00,10,81,794.5346718
10.00,10,82,794.4740723
10.00,10,83,794.4168669
10.00,10,84,794.3616549
10.00,10,85,794.3083027
10.00,10,86,794.2561155
10.00,10,87,794.2318376
10.00,10,88,794.1620244
10.00,10,89,794.0984016
10.00,10,90,794.0381316
10.00,10,91,793.9812135
10.00,10,92,793.926269
10.00,10,93,793.8731586
10.00,10,94,793.8716969
10.00,10,95,793.796617
10.00,10,96,793.7271314
10.00,10,97,793.6637977
10.00,10,98,793.6038037
10.00,10,99,793.5471347
10.00,10,100,793.4924273
10.00,10,101,793.4395364
10.00,10,102,793.4368582
10.00,10,103,793.3622953
10.00,10,104,793.2932841
10.00,10,105,793.2303397
10.00,10,106,793.1707011
10.00,10,107,793.1143369
10.00,10,108,793.0599098
10.00,10,109,793.007269
10.00,10,110,793.002771
10.00,10,111,792.9288962
10.00,10,112,792.8604975
10.00,10,113,792.7980377
10.00,10,114,792.7388295
10.00,10,115,792.6828227
10.00,10,116,792.6287165
10.00,10,117,792.5763547
10.00,10,118,792.569478
10.00,10,119,792.4964519
10.00,10,120,792.4287936
10.00,10,121,792.3669072
10.00,10,122,792.3081985
10.00,10,123,792.2525978
10.00,10,124,792.1988499
10.00,10,125,792.1467933
10.00,10,126,792.1370338
10.00,10,127,792.0650027
10.00,10,128,791.998201
10.00,10,129,791.9369681
10.00,10,130,791.8788214
10.00,10,131,791.8236703
10.00,10,132,791.7703138
10.00,10,133,791.718586
10.00,10,134,791.7055023
10.00,10,135,791.6345961
10.00,10,136,791.5687531
10.00,10,137,791.5082443
10.00,10,138,791.4507137
10.00,10,139,791.3960502
10.00,10,140,791.3431139
10.00,10,141,791.291735
10.00,10,142,791.2749542
10.00,10,143,791.2052848
10.00,10,144,791.1404867
10.00,10,145,791.080762
10.00,10,146,791.023893
10.00,10,147,790.969749
10.00,10,148,790.9172565
10.00,10,149,790.8662431
10.00,10,150,790.8454651
10.00,10,151,790.7771244
10.00,10,152,790.7134411
10.00,10,153,790.6545492
10.00,10,154,790.598378
10.00,10,155,790.5447789
10.00,10,156,790.4927487
10.00,10,157,790.4912522
10.00,10,158,790.4161806
10.00,10,159,790.3494702
10.00,10,160,790.2871393
10.00,10,161,790.2292463
10.00,10,162,790.1739009
10.00,10,163,790.1209371
10.00,10,164,790.069438
10.00,10,165,790.0610393
10.00,10,166,789.988277
10.00,10,167,789.9232094
10.00,10,168,789.8622333
10.00,10,169,789.8053415
10.00,10,170,789.7508206
10.00,10,171,789.6984912
10.00,10,172,789.647521
10.00,10,173,789.6322948
10.00,10,174,789.561825
10.00,10,175,789.4983915
10.00,10,176,789.4387573
10.00,10,177,789.3828581
10.00,10,178,789.3291522
10.00,10,179,789.2774503
10.00,10,180,789.227002
10.00,10,181,789.2051045
10.00,10,182,789.1368852
10.00,10,183,789.0750597
10.00,10,184,789.0167404
10.00,10,185,788.9618159
10.00,10,186,788.9089079
10.00,10,187,788.8578214
10.00,10,188,788.8521729
10.00,10,189,788.7803405
10.00,10,190,788.714092
10.00,10,191,788.6536852
10.00,10,192,788.5965262
10.00,10,193,788.5424682
10.00,10,194,788.4902714
10.00,10,195,788.4397385
10.00,10,196,788.4265452
10.00,10,197,788.3570744
10.00,10,198,788.2927659
10.00,10,199,788.2337571
10.00,10,200,788.1777372
10.00,11,1,731.8745304
10.00,11,2,731.2407464
10.00,11,3,730.8047846
10.00,11,4,730.4965855
10.00,11,5,730.1944991
10.00,11,6,729.970025
10.00,11,7,729.7505653
10.00,11,8,729.5761531
10.00,11,9,729.407998
10.00,11,10,729.2659121
10.00,11,11,729.1295335
10.00,11,12,729.0084084
10.00,11,13,728.8918094
10.00,11,14,728.7842506
10.00,11,15,728.6800338
10.00,11,16,728.5812426
10.00,11,17,728.4848205
10.00,11,18,728.3916945
10.00,11,19,728.3002074
10.00,11,20,728.2107475
10.00,11,21,728.1224057
10.00,11,22,728.0951392
10.00,11,23,727.9788688
10.00,11,24,727.8716559
10.00,11,25,727.7677607
10.00,11,26,727.669331
10.00,11,27,727.5732559
10.00,11,28,727.48051
10.00,11,29,727.3893988
10.00,11,30,727.3003394
10.00,11,31,727.2123991
10.00,11,32,727.1908431
10.00,11,33,727.074265
10.00,11,34,726.9669652
10.00,11,35,726.8629605
10.00,11,36,726.7645723
10.00,11,37,726.6685413
10.00,11,38,726.5759419
10.00,11,39,726.4849903
10.00,11,40,726.3961599
10.00,11,41,726.3084643
10.00,11,42,726.296813
10.00,11,43,726.1790093
10.00,11,44,726.0709693
10.00,11,45,725.9662234
10.00,11,46,725.8674116
10.00,11,47,725.7709867
10.00,11,48,725.6782012
10.00,11,49,725.5871022
10.00,11,50,725.498261
10.00,11,51,725.4105919
10.00,11,52,725.3243407
10.00,11,53,725.2969705
10.00,11,54,725.1868748
10.00,11,55,725.0800694
10.00,11,56,724.9798973
10.00,11,57,724.8821944
10.00,11,58,724.7885676
10.00,11,59,724.6967185
10.00,11,60,724.6074073
10.00,11,61,724.5193487
10.00,11,62,724.4328896
10.00,11,63,724.4295337
10.00,11,64,724.3158462
10.00,11,65,724.2054721
10.00,11,66,724.1028638
10.00,11,67,724.0028386
10.00,11,68,723.9076058
10.00,11,69,723.814281
10.00,11,70,723.7239531
10.00,11,71,723.6349966
10.00,11,72,723.5479365
10.00,11,73,723.4618469
10.00,11,74,723.4596175
10.00,11,75,723.3439241
10.00,11,76,723.2376244
10.00,11,77,723.1340127
10.00,11,78,723.0362634
10.00,11,79,722.9405625
10.00,11,80,722.8485502
10.00,11,81,722.7580515
10.00,11,82,722.669899
10.00,11,83,722.5828417
10.00,11,84,722.4972937
10.00,11,85,722.4125285
10.00,11,86,722.3912643
10.00,11,87,722.2815438
10.00,11,88,722.1795007
10.00,11,89,722.0796401
10.00,11,90,721.9846529
10.00,11,91,721.8913478
10.00,11,92,721.8011612
10.00,11,93,721.7122343
10.00,11,94,721.6253238
10.00,11,95,721.5393385
10.00,11,96,721.4546714
10.00,11,97,721.3706759
10.00,11,98,721.3457222
10.00,11,99,721.2385514
10.00,11,100,721.1383736
10.00,11,101,721.0400055
10.00,11,102,720.9461535
10.00,11,103,720.8537364
10.00,11,104,720.7642578
10.00,11,105,720.6758815
10.00,11,106,720.5894365
10.00,11,107,720.5038202
10.00,11,108,720.4194865
10.00,11,109,720.3357678
10.00,11,110,720.3230671
10.00,11,111,720.2153186
10.00,11,112,720.1148024
10.00,11,113,720.0157599
10.00,11,114,719.9214708
10.00,11,115,719.8284206
10.00,11,116,719.7385153
10.00,11,117,719.6496065
10.00,11,118,719.5627981
10.00,11,119,719.4767678
10.00,11,120,719.3921541
10.00,11,121,719.3081367
10.00,11,122,719.2250843
10.00,11,123,719.2206876
10.00,11,124,719.116869
10.00,11,125,719.0139452
10.00,11,126,718.916968
10.00,11,127,718.8209437
10.00,11,128,718.7289076
10.00,11,129,718.6377324
10.00,11,130,718.5492627
10.00,11,131,718.4615196
10.00,11,132,718.3756297
10.00,11,133,718.2903304
10.00,11,134,718.2063123
10.00,11,135,718.1227635
10.00,11,136,718.0401085
10.00,11,137,717.9578211
10.00,11,138,717.9439934
10.00,11,139,717.8414488
10.00,11,140,717.7448307
10.00,11,141,717.6486329
10.00,11,142,717.5565508
10.00,11,143,717.4649495
10.00,11,144,717.3762198
10.00,11,145,717.2879586
10.00,11,146,717.2017165
10.00,11,147,717.1158949
10.00,11,148,717.0315048
10.00,11,149,716.9474748
10.00,11,150,716.864468
10.00,11,151,716.781761
10.00,11,152,716.6997912
10.00,11,153,716.6180663
10.00,11,154,716.612028
10.00,11,155,716.5114664
10.00,11,156,716.416485
10.00,11,157,716.3211979
10.00,11,158,716.2299396
10.00,11,159,716.1386013
10.00,11,160,716.0501808
10.00,11,161,715.9618058
10.00,11,162,715.8755586
10.00,11,163,715.7894178
10.00,11,164,715.7048401
10.00,11,165,715.6203921
10.00,11,166,715.5371009
10.00,11,167,715.4539418
10.00,11,168,715.3716449
10.00,11,169,715.2894718
10.00,11,170,715.2079457
10.00,11,171,715.1265304
10.00,11,172,715.0456036
10.00,11,173,714.9647729
10.00,11,174,714.954123
10.00,11,175,714.8586003
10.00,11,176,714.7676082
10.00,11,177,714.6755204
10.00,11,178,714.5869072
10.00,11,179,714.4975089
10.00,11,180,714.4107808
10.00,11,181,714.3234899
10.00,11,182,714.2382638
10.00,11,183,714.1526302
10.00,11,184,714.0686046
10.00,11,185,713.98428
10.00,11,186,713.9012164
10.00,11,187,713.8179298
10.00,11,188,713.7356389
10.00,11,189,713.6531785
10.00,11,190,713.5715096
10.00,11,191,713.489709
10.00,11,192,713.4085419
10.00,11,193,713.3272698
10.00,11,194,713.2465079
10.00,11,195,713.1656601
10.00,11,196,713.0852258
10.00,11,197,713.0047192
10.00,11,198,712.9245498
10.00,11,199,712.8443178
10.00,11,200,712.7643624
10.00,12,1,827.3661439
10.00,12,2,827.3368115
10.00,12,3,827.2659203
10.00,12,4,827.2245571
10.00,12,5,827.1361353
10.00,12,6,827.120415
10.00,12,7,827.0071539
10.00,12,8,826.9661366
10.00,12,9,826.9419582
10.00,12,10,826.8722559
10.00,12,11,826.8307901
10.00,12,12,826.7429435
10.00,12,13,826.7280131
10.00,12,14,826.6144374
10.00,12,15,826.5737191
10.00,12,16,826.5500949
10.00,12,17,826.4798066
10.00,12,18,826.4387701
10.00,12,19,826.3507929
10.00,12,20,826.3351398
10.00,12,21,826.222511
10.00,12,22,826.1816414
10.00,12,23,826.1573412
10.00,12,24,826.0883649
10.00,12,25,826.0462596
10.00,12,26,825.9597267
10.00,12,27,825.9431469
10.00,12,28,825.8318555
10.00,12,29,825.7910617
10.00,12,30,825.7667737
10.00,12,31,825.6980431
10.00,12,32,825.6551952
10.00,12,33,825.569674
10.00,12,34,825.5507821
10.00,12,35,825.4419905
10.00,12,36,825.4008523
10.00,12,37,825.3754194
10.00,12,38,825.3087249
10.00,12,39,825.2637475
10.00,12,40,825.180699
10.00,12,41,825.1593568
10.00,12,42,825.0533797
10.00,12,43,825.0121166
10.00,12,44,824.9861996
10.00,12,45,824.9205175
10.00,12,46,824.8737674
10.00,12,47,824.7927391
10.00,12,48,824.7677671
10.00,12,49,824.6655843
10.00,12,50,824.6238276
10.00,12,51,824.5964105
10.00,12,52,824.5333161
10.00,12,53,824.4836131
10.00,12,54,824.4058533
10.00,12,55,824.3772213
10.00,12,56,824.2790218
10.00,12,57,824.2369779
10.00,12,58,824.2086747
10.00,12,59,824.1472167
10.00,12,60,824.0949539
10.00,12,61,824.0199888
10.00,12,62,823.9867999
10.00,12,63,823.8933128
10.00,12,64,823.8861693
10.00,12,65,823.7673431
10.00,12,66,823.7279682
10.00,12,67,823.7058673
10.00,12,68,823.6351523
10.00,12,69,823.5968172
10.00,12,70,823.5087512
10.00,12,71,823.4951669
10.00,12,72,823.3830586
10.00,12,73,823.3430774
10.00,12,74,823.3193222
10.00,12,75,823.2514288
10.00,12,76,823.2087038
10.00,12,77,823.1252026
10.00,12,78,823.1043306
10.00,12,79,822.9995781
10.00,12,80,822.9586436
10.00,12,81,822.9322656
10.00,12,82,822.8687024
10.00,12,83,822.8206379
10.00,12,84,822.7427342
10.00,12,85,822.7150096
10.00,12,86,822.6173573
10.00,12,87,822.5757469
10.00,12,88,822.5475376
10.00,12,89,822.487078
10.00,12,90,822.4344251
10.00,12,91,822.3612948
10.00,12,92,822.3263103
10.00,12,93,822.2360123
10.00,12,94,822.2248669
10.00,12,95,822.1113613
10.00,12,96,822.0717813
10.00,12,97,822.0481995
10.00,12,98,821.9808942
10.00,12,99,821.9385919
10.00,12,100,821.8558306
10.00,12,101,821.8352964
10.00,12,102,821.7313801
10.00,12,103,821.6908302
10.00,12,104,821.6647085
10.00,12,105,821.6016085
10.00,12,106,821.5531348
10.00,12,107,821.4766869
10.00,12,108,821.4466847
10.00,12,109,821.3522726
10.00,12,110,821.3470289
10.00,12,111,821.2284955
10.00,12,112,821.1897866
10.00,12,113,821.1678176
10.00,12,114,821.0985928
10.00,12,115,821.0594317
10.00,12,116,820.9743607
10.00,12,117,820.9573639
10.00,12,118,820.8507386
10.00,12,119,820.8107862
10.00,12,120,820.7856186
10.00,12,121,820.7216284
10.00,12,122,820.6748754
10.00,12,123,820.5975042
10.00,12,124,820.5691382
10.00,12,125,820.4738748
10.00,12,126,820.4699953
10.00,12,127,820.3508631
10.00,12,128,820.3124684
10.00,12,129,820.2907555
10.00,12,130,820.2217136
10.00,12,131,820.1827375
10.00,12,132,820.0982363
10.00,12,133,820.0807367
10.00,12,134,819.9753414
10.00,12,135,819.9354873
10.00,12,136,819.9100566
10.00,12,137,819.8470657
10.00,12,138,819.7994367
10.00,12,139,819.7236755
10.00,12,140,819.6934796
10.00,12,141,819.6007505
10.00,12,142,819.593625
10.00,12,143,819.4784015
10.00,12,144,819.4397685
10.00,12,145,819.4169731
10.00,12,146,819.3501989
10.00,12,147,819.3085359
10.00,12,148,819.2274063
10.00,12,149,819.205553
10.00,12,150,819.105148
10.00,12,151,819.0649273
10.00,12,152,819.0381077
10.00,12,153,818.9778726
10.00,12,154,818.9270027
10.00,12,155,818.8551618
10.00,12,156,818.8200409
10.00,12,157,818.7328733
10.00,12,158,818.7184661
10.00,12,159,818.6111023
10.00,12,160,818.5717591
10.00,12,161,818.5467457
10.00,12,162,818.4840169
10.00,12,163,818.4372743
10.00,12,164,818.3618535
10.00,12,165,818.3325118
10.00,12,166,818.2401622
10.00,12,167,818.2339913
10.00,12,168,818.1190644
10.00,12,169,818.0809089
10.00,12,170,818.0585618
10.00,12,171,817.9919851
10.00,12,172,817.9501974
10.00,12,173,817.870296
10.00,12,174,817.8464214
10.00,12,175,817.7490599
10.00,12,176,817.7485667
10.00,12,177,817.6283784
10.00,12,178,817.5908467
10.00,12,179,817.5696731
10.00,12,180,817.5015792
10.00,12,181,817.4626537
10.00,12,182,817.3804121
10.00,12,183,817.3607307
10.00,12,184,817.2597442
10.00,12,185,817.2201307
10.00,12,186,817.1937554
10.00,12,187,817.1340643
10.00,12,188,817.0835379
10.00,12,189,817.0129337
10.00,12,190,816.9770081
10.00,12,191,816.8921848
10.00,12,192,816.8752061
10.00,12,193,816.7718965
10.00,12,194,816.7325914
10.00,12,195,816.706646
10.00,12,196,816.6466055
10.00,12,197,816.5972558
10.00,12,198,816.5259482
10.00,12,199,816.4918307
10.00,12,200,816.4056986
10.00,13,1,793.820622
10.00,13,2,793.7403661
10.00,13,3,793.6913033
10.00,13,4,793.6810944
10.00,13,5,793.6765276
10.00,13,6,793.6727093
10.00,13,7,793.4756987
10.00,13,8,793.3029285
10.00,13,9,793.0828604
10.00,13,10,792.9386589
10.00,13,11,792.6912583
10.00,13,12,792.5857197
10.00,13,13,792.3024061
10.00,13,14,792.2244454
10.00,13,15,792.1720965
10.00,13,16,792.1564245
10.00,13,17,792.14483
10.00,13,18,792.133981
10.00,13,19,792.1258395
10.00,13,20,792.1183477
10.00,13,21,792.1144479
10.00,13,22,792.1111645
10.00,14,1,828.6685476
10.00,14,2,828.6561146
10.00,14,3,828.6290957
10.00,14,4,828.5393231
10.00,14,5,828.5205335
10.00,14,6,828.2648088
10.00,14,7,828.2262433
10.00,14,8,828.2063018
10.00,14,9,828.1958614
10.00,14,10,828.1946431
10.00,14,11,828.0841823
10.00,14,12,828.0420772
10.00,14,13,827.9379307
10.00,14,14,827.88956
10.00,14,15,827.7918215
10.00,14,16,827.7370574
10.00,14,17,827.6458573
10.00,14,18,827.5848088
10.00,14,19,827.5000386
10.00,14,20,827.4326859
10.00,14,21,827.3543718
10.00,14,22,827.3536406
10.00,14,23,827.0830978
10.00,14,24,827.0633172
10.00,14,25,827.0560871
10.00,14,26,826.9667225
10.00,14,27,826.9392045
10.00,14,28,826.6942875
10.00,14,29,826.6550355
10.00,14,30,826.6361749
10.00,14,31,826.6250667
10.00,14,32,826.6225903
10.00,14,33,826.5163684
10.00,14,34,826.4696358
10.00,14,35,826.3716236
10.00,14,36,826.3169744
10.00,14,37,826.227023
10.00,14,38,826.1646254
10.00,14,39,826.0825691
10.00,14,40,826.0128073
10.00,14,41,826.011464
10.00,14,42,825.9063772
10.00,14,43,825.8378203
10.00,14,44,825.8346981
10.00,14,45,825.7306819
10.00,14,46,825.6816363
10.00,14,47,825.5866895
10.00,14,48,825.5290346
10.00,14,49,825.4428427
10.00,14,50,825.3769094
10.00,14,51,825.2991444
10.00,14,52,825.2919518
10.00,14,53,825.0312765
10.00,14,54,825.009421
10.00,14,55,825.0008822
10.00,14,56,824.9167867
10.00,14,57,824.8707976
10.00,14,58,824.6479101
10.00,14,59,824.6453303
10.00,14,60,824.5043721
10.00,14,61,824.4566596
10.00,14,62,824.3612886
10.00,14,63,824.3485931
10.00,14,64,824.0939386
10.00,14,65,824.0552331
10.00,14,66,824.0355474
10.00,14,67,824.0237436
10.00,14,68,824.0199093
10.00,14,69,823.9186
10.00,14,70,823.8666596
10.00,14,71,823.7763319
10.00,14,72,823.7142807
10.00,14,73,823.6342131
10.00,14,74,823.6337009
10.00,14,75,823.3693306
10.00,14,76,823.3480864
10.00,14,77,823.3396021
10.00,14,78,823.2560899
10.00,14,79,823.206161
10.00,14,80,822.990133
10.00,14,81,822.9817445
10.00,14,82,822.8481924
10.00,14,83,822.7956711
10.00,14,84,822.7066911
10.00,14,85,822.6709225
10.00,14,86,822.4417693
10.00,14,87,822.4392538
10.00,14,88,822.3003028
10.00,14,89,822.2506827
10.00,14,90,822.1593035
10.00,14,91,822.129122
10.00,14,92,821.8954422
10.00,14,93,821.8552884
10.00,14,94,821.835371
10.00,14,95,821.821889
10.00,14,96,821.8153958
10.00,14,97,821.7230941
10.00,14,98,821.6627526
10.00,14,99,821.5829076
10.00,14,100,821.5783366
10.00,14,101,821.3215109
10.00,14,102,821.2984695
10.00,14,103,821.2886243
10.00,14,104,821.2869453
10.00,14,105,821.1795446
10.00,14,106,821.1326558
10.00,14,107,821.0398403
10.00,14,108,820.9799662
10.00,14,109,820.9002924
10.00,14,110,820.8938698
10.00,14,111,820.6400547
10.00,14,112,820.6164839
10.00,14,113,820.6062118
10.00,14,114,820.6038675
10.00,14,115,820.498759
10.00,14,116,820.4496837
10.00,14,117,820.3596927
10.00,14,118,820.2973388
10.00,14,119,820.2972683
10.00,14,120,820.1900862
10.00,14,121,820.1223742
10.00,14,122,820.1173469
10.00,14,123,820.0209316
10.00,14,124,819.9641367
10.00,14,125,819.8823262
10.00,14,126,819.812941
10.00,14,127,819.8090573
10.00,14,128,819.713279
10.00,14,129,819.690165
10.00,14,130,819.4536408
10.00,14,131,819.4510349
10.00,14,132,819.3149512
10.00,14,133,819.2625994
10.00,14,134,819.176766
10.00,14,135,819.1277125
10.00,14,136,818.9179675
10.00,14,137,818.9020024
10.00,14,138,818.7799142
10.00,14,139,818.7209409
10.00,14,140,818.7182107
10.00,14,141,818.612319
10.00,14,142,818.5636645
10.00,14,143,818.4749978
10.00,14,144,818.4115094
10.00,14,145,818.4099963
10.00,14,146,818.3075224
10.00,14,147,818.298379
10.00,14,148,818.0503721
10.00,14,149,818.0114208
10.00,14,150,817.9919061
10.00,14,151,817.9782875
10.00,14,152,817.9710414
10.00,14,153,817.8824246
10.00,14,154,817.8189371
10.00,14,155,817.8172202
10.00,14,156,817.715618
10.00,14,157,817.7031723
10.00,14,158,817.459466
10.00,14,159,817.4577269
10.00,14,160,817.3226025
10.00,14,161,817.269137
10.00,14,162,817.1862757
10.00,14,163,817.1279656
10.00,14,164,816.9309736
10.00,14,165,816.9079682
10.00,14,166,816.7949775
10.00,14,167,816.7340031
10.00,14,168,816.7245866
10.00,14,169,816.6293
10.00,14,170,816.5716055
10.00,14,171,816.4938367
10.00,14,172,816.4748288
10.00,14,173,816.2412402
10.00,14,174,816.2140471
10.00,14,175,816.20047
10.00,14,176,816.1937829
10.00,14,177,816.1039426
10.00,14,178,816.0415422
10.00,14,179,816.039626
10.00,14,180,815.9391186
10.00,14,181,815.9206478
10.00,14,182,815.6859763
10.00,14,183,815.678155
10.00,14,184,815.5507771
10.00,14,185,815.4930232
10.00,14,186,815.4905977
10.00,14,187,815.3868179
10.00,14,188,815.3358326
10.00,14,189,815.2524492
10.00,14,190,815.2519506
10.00,14,191,815.0018533
10.00,14,192,814.9769008
10.00,14,193,814.964974
10.00,14,194,814.9596007
10.00,14,195,814.8658449
10.00,14,196,814.8066627
10.00,14,197,814.8058338
10.00,14,198,814.7023806
10.00,14,199,814.6884341
10.00,14,200,814.4513479
10.00,15,1,832.184434
10.00,15,2,831.9280011
10.00,15,3,831.7271097
10.00,15,4,831.5876985
10.00,15,5,831.4746638
10.00,15,6,831.3857885
10.00,15,7,831.3089135
10.00,15,8,831.2417848
10.00,15,9,831.1799823
10.00,15,10,831.1221857
10.00,15,11,831.0964655
10.00,15,12,831.0151039
10.00,15,13,830.943516
10.00,15,14,830.8796845
10.00,15,15,830.8201711
10.00,15,16,830.812081
10.00,15,17,830.7222917
10.00,15,18,830.6474082
10.00,15,19,830.5803509
10.00,15,20,830.5193686
10.00,15,21,830.4618297
10.00,15,22,830.4343528
10.00,15,23,830.352976
10.00,15,24,830.2832417
10.00,15,25,830.2197694
10.00,15,26,830.1610641
10.00,15,27,830.1499299
10.00,15,28,830.063381
10.00,15,29,829.9882878
10.00,15,30,829.9224414
10.00,15,31,829.86167
10.00,15,32,829.8046999
10.00,15,33,829.7759878
10.00,15,34,829.6966548
10.00,15,35,829.6266295
10.00,15,36,829.5639483
10.00,15,37,829.5053723
10.00,15,38,829.4932305
10.00,15,39,829.4060058
10.00,15,40,829.3328674
10.00,15,41,829.2671669
10.00,15,42,829.2072096
10.00,15,43,829.1505197
10.00,15,44,829.1199183
10.00,15,45,829.0407102
10.00,15,46,828.9724878
10.00,15,47,828.9102049
10.00,15,48,828.8524217
10.00,15,49,828.8371434
10.00,15,50,828.7530649
10.00,15,51,828.679848
10.00,15,52,828.6153393
10.00,15,53,828.5556331
10.00,15,54,828.499508
10.00,15,55,828.4675125
10.00,15,56,828.3903144
10.00,15,57,828.3219199
10.00,15,58,828.2604286
10.00,15,59,828.2028132
10.00,15,60,828.1862876
10.00,15,61,828.1017555
10.00,15,62,828.0304378
10.00,15,63,827.9661416
10.00,15,64,827.9072362
10.00,15,65,827.85141
10.00,15,66,827.8174397
10.00,15,67,827.7404906
10.00,15,68,827.6738332
10.00,15,69,827.6127719
10.00,15,70,827.5559282
10.00,15,71,827.5362329
10.00,15,72,827.4547249
10.00,15,73,827.3834475
10.00,15,74,827.3203131
10.00,15,75,827.2616933
10.00,15,76,827.2599806
10.00,15,77,827.1697849
10.00,15,78,827.0951876
10.00,15,79,827.0287401
10.00,15,80,826.9686318
10.00,15,81,826.912104
10.00,15,82,826.8897641
10.00,15,83,826.808516
10.00,15,84,826.7393772
10.00,15,85,826.676726
10.00,15,86,826.6190197
10.00,15,87,826.6131614
10.00,15,88,826.5267301
10.00,15,89,826.4521253
10.00,15,90,826.3870838
10.00,15,91,826.3272744
10.00,15,92,826.2713865
10.00,15,93,826.2470148
10.00,15,94,826.1681729
10.00,15,95,826.0988942
10.00,15,96,826.037169
10.00,15,97,825.9796551
10.00,15,98,825.9718701
10.00,15,99,825.8850633
10.00,15,100,825.8126961
10.00,15,101,825.7479332
10.00,15,102,825.6890437
10.00,15,103,825.6334888
10.00,15,104,825.6064702
10.00,15,105,825.5280138
10.00,15,106,825.4607552
10.00,15,107,825.3995386
10.00,15,108,825.3428984
10.00,15,109,825.3310593
10.00,15,110,825.2477974
10.00,15,111,825.1755498
10.00,15,112,825.1121308
10.00,15,113,825.0535734
10.00,15,114,824.998639
10.00,15,115,824.9695407
10.00,15,116,824.8933774
10.00,15,117,824.8260991
10.00,15,118,824.7657822
10.00,15,119,824.7093699
10.00,15,120,824.6954806
10.00,15,121,824.6120636
10.00,15,122,824.541928
10.00,15,123,824.4788444
10.00,15,124,824.4211687
10.00,15,125,824.3665797
10.00,15,126,824.3348758
10.00,15,127,824.2592014
10.00,15,128,824.1938169
10.00,15,129,824.1340257
10.00,15,130,824.0784437
10.00,15,131,824.060641
10.00,15,132,823.9805359
10.00,15,133,823.9106278
10.00,15,134,823.8488195
10.00,15,135,823.7915019
10.00,15,136,823.7911592
10.00,15,137,823.7025805
10.00,15,138,823.6294641
10.00,15,139,823.5644328
10.00,15,140,823.5056754
10.00,15,141,823.4504628
10.00,15,142,823.4293542
10.00,15,143,823.3497856
10.00,15,144,823.2821612
10.00,15,145,823.2209426
10.00,15,146,823.1645943
10.00,15,147,823.1593453
10.00,15,148,823.0747947
10.00,15,149,823.0018919
10.00,15,150,822.9383753
10.00,15,151,822.8800003
10.00,15,152,822.8254686
10.00,15,153,822.80172
10.00,15,154,822.7247592
10.00,15,155,822.6571728
10.00,15,156,822.5969637
10.00,15,157,822.5408734
10.00,15,158,822.5329636
10.00,15,159,822.4483786
10.00,15,160,822.377848
10.00,15,161,822.3147374
10.00,15,162,822.2573371
10.00,15,163,822.2031832
10.00,15,164,822.1762678
10.00,15,165,822.0999371
10.00,15,166,822.0344559
10.00,15,167,821.9748436
10.00,15,168,821.9196603
10.00,15,169,821.9071224
10.00,15,170,821.8262367
10.00,15,171,821.7560261
10.00,15,172,821.6943289
10.00,15,173,821.6373321
10.00,15,174,821.5838252
10.00,15,175,821.5543451
10.00,15,176,821.4804374
10.00,15,177,821.4151006
10.00,15,178,821.3564458
10.00,15,179,821.3015482
10.00,15,180,821.2863627
10.00,15,181,821.2056345
10.00,15,182,821.1376102
10.00,15,183,821.0763588
10.00,15,184,821.020276
10.00,15,185,820.9671506
10.00,15,186,820.9346724
10.00,15,187,820.8614639
10.00,15,188,820.7980567
10.00,15,189,820.7399978
10.00,15,190,820.6859451
10.00,15,191,820.666437
10.00,15,192,820.5890852
10.00,15,193,820.5214648
10.00,15,194,820.461525
10.00,15,195,820.4058593
10.00,15,196,820.4025838
10.00,15,197,820.3173614
10.00,15,198,820.2467497
10.00,15,199,820.1838207
10.00,15,200,820.1268176
10.00,16,1,902.6506332
10.00,16,2,902.5838549
10.00,16,3,902.5752386
10.00,16,4,902.4705206
10.00,16,5,902.3804044
10.00,16,6,902.1938885
10.00,16,7,902.1347373
10.00,16,8,902.1287367
10.00,16,9,902.0142495
10.00,16,10,901.9452877
10.00,16,11,901.7384876
10.00,16,12,901.6892416
10.00,16,13,901.6869234
10.00,16,14,901.559278
10.00,16,15,901.5115044
10.00,16,16,901.2843228
10.00,16,17,901.2413949
10.00,16,18,901.241115
10.00,16,19,901.1055855
10.00,16,20,901.0757758
10.00,16,21,900.8314906
10.00,16,22,900.7974267
10.00,16,23,900.6852168
10.00,16,24,900.6099116
10.00,16,25,900.4116959
10.00,16,26,900.3581729
10.00,16,27,900.3537865
10.00,16,28,900.2339693
10.00,16,29,900.1692155
10.00,16,30,899.9612064
10.00,16,31,899.9097616
10.00,16,32,899.905865
10.00,16,33,899.7839784
10.00,16,34,899.7256314
10.00,16,35,899.5120172
10.00,16,36,899.4643439
10.00,16,37,899.4618195
10.00,16,38,899.3352473
10.00,16,39,899.2813629
10.00,16,40,899.0640173
10.00,16,41,899.0157452
10.00,16,42,899.0127105
10.00,16,43,898.8877573
10.00,16,44,898.8336047
10.00,16,45,898.617304
10.00,16,46,898.5701841
10.00,16,47,898.5675593
10.00,16,48,898.4415139
10.00,16,49,898.3851119
10.00,16,50,898.1717658
10.00,16,51,898.1214227
10.00,16,52,898.117345
10.00,16,53,897.9964996
10.00,16,54,897.9333227
10.00,16,55,897.7275012
10.00,16,56,897.6757038
10.00,16,57,897.6710883
10.00,16,58,897.5527209
10.00,16,59,897.4812642
10.00,16,60,897.2844076
10.00,16,61,897.2273163
10.00,16,62,897.2205393
10.00,16,63,897.1101623
10.00,16,64,897.0268216
10.00,16,65,896.8425744
10.00,16,66,896.7819258
10.00,16,67,896.7738541
10.00,16,68,896.6688297
10.00,16,69,896.572933
10.00,16,70,896.4019154
10.00,16,71,896.3347857
10.00,16,72,896.3241838
10.00,16,73,896.3209756
10.00,16,74,896.1975035
10.00,16,75,896.1328969
10.00,16,76,895.9314503
10.00,16,77,895.8754929
10.00,16,78,895.8687198
10.00,16,79,895.7586623
10.00,16,80,895.6731516
10.00,16,81,895.4933015
10.00,16,82,895.4305269
10.00,16,83,895.4213205
10.00,16,84,895.4196312
10.00,16,85,895.290034
10.00,16,86,895.2379379
10.00,16,87,895.0255372
10.00,16,88,894.9749079
10.00,16,89,894.9698628
10.00,16,90,894.853668
10.00,16,91,894.7747535
10.00,16,92,894.5897907
10.00,16,93,894.5273075
10.00,16,94,894.5178627
10.00,16,95,894.5159774
10.00,16,96,894.3876495
10.00,16,97,894.3283409
10.00,16,98,894.1245844
10.00,16,99,894.0687069
10.00,16,100,894.0614367
10.00,16,101,893.9537339
10.00,16,102,893.8621654
10.00,16,103,893.6913213
10.00,16,104,893.6247321
10.00,16,105,893.6137108
10.00,16,106,893.6093609
10.00,16,107,893.4903461
10.00,16,108,893.4173304
10.00,16,109,893.228738
10.00,16,110,893.1685339
10.00,16,111,893.1596159
10.00,16,112,893.1580084
10.00,16,113,893.0283047
10.00,16,114,892.9725067
10.00,16,115,892.7674924
10.00,16,116,892.713096
10.00,16,117,892.706065
10.00,16,118,892.5980644
10.00,16,119,892.5030567
10.00,16,120,892.3378343
10.00,16,121,892.3344464
10.00,16,122,892.0782337
10.00,16,123,892.039565
10.00,16,124,892.0376071
10.00,16,125,891.9093958
10.00,16,126,891.8493596
10.00,16,127,891.6503868
10.00,16,128,891.5933416
10.00,16,129,891.5850943
10.00,16,130,891.5841711
10.00,16,131,891.4518978
10.00,16,132,891.3977006
10.00,16,133,891.1936397
10.00,16,134,891.1382515
10.00,16,135,891.1304466
10.00,16,136,891.130049
10.00,16,137,890.9957081
10.00,16,138,890.9440613
10.00,16,139,890.7381906
10.00,16,140,890.6832717
10.00,16,141,890.6755025
10.00,16,142,890.6750932
10.00,16,143,890.5408186
10.00,16,144,890.4882762
10.00,16,145,890.2840301
10.00,16,146,890.2283756
10.00,16,147,890.2202353
10.00,16,148,890.2192766
10.00,16,149,890.0872228
10.00,16,150,890.0303852
10.00,16,151,889.8311518
10.00,16,152,889.7736061
10.00,16,153,889.7647089
10.00,16,154,889.7626928
10.00,16,155,889.6349146
10.00,16,156,889.5706206
10.00,16,157,889.3795511
10.00,16,158,889.3190697
10.00,16,159,889.3090718
10.00,16,160,889.3055468
10.00,16,161,889.1838891
10.00,16,162,889.1093835
10.00,16,163,888.9292241
10.00,16,164,888.8649269
10.00,16,165,888.8535437
10.00,16,166,888.8481374
10.00,16,167,888.7341414
10.00,16,168,888.6472088
10.00,16,169,888.4801678
10.00,16,170,888.4747805
10.00,16,171,888.2267668
10.00,16,172,888.1849439
10.00,16,173,888.1808782
10.00,16,174,888.0619732
10.00,16,175,887.9789767
10.00,16,176,887.8090574
10.00,16,177,887.8010054
10.00,16,178,887.5566793
10.00,16,179,887.5113189
10.00,16,180,887.505754
10.00,16,181,887.3926215
10.00,16,182,887.3029451
10.00,16,183,887.1407768
10.00,16,184,887.1248164
10.00,16,185,886.8894853
10.00,16,186,886.8426419
10.00,16,187,886.8365353
10.00,16,188,886.7261037
10.00,16,189,886.6293467
10.00,16,190,886.4752888
10.00,16,191,886.4410035
10.00,16,192,886.2250129
10.00,16,193,886.1702251
10.00,16,194,886.1611968
10.00,16,195,886.158863
10.00,16,196,886.03308
10.00,16,197,885.9575375
10.00,16,198,885.7833932
10.00,16,199,885.7767475
10.00,16,200,885.5342473
10.00,17,1,677.8803856
10.00,17,2,673.9123846
10.00,17,3,673.6042579
10.00,17,4,665.8275675
10.00,17,5,665.7562261
10.00,17,6,665.0921168
10.00,17,7,664.886059
10.00,17,8,664.8004388
10.00,17,9,664.4866781
10.00,17,10,664.3596464
10.00,17,11,664.0395733
10.00,17,12,663.9844865
10.00,17,13,663.633808
10.00,17,14,663.632483
10.00,17,15,663.2381972
10.00,17,16,661.5755372
10.00,17,17,652.8203261
10.00,17,18,651.2217497
10.00,17,19,644.139642
10.00,17,20,643.0750051
10.00,17,21,642.8803033
10.00,17,22,642.5930956
10.00,17,23,642.4450573
10.00,17,24,642.1139734
10.00,17,25,641.9991344
10.00,17,26,641.9557928
10.00,17,27,641.7314599
10.00,17,28,641.6172319
10.00,17,29,641.5542113
10.00,17,30,641.3706306
10.00,17,31,641.29629
10.00,17,32,641.0298245
10.00,17,33,640.9258201
10.00,17,34,640.8802563
10.00,17,35,640.6777865
10.00,17,36,640.5662335
10.00,17,37,640.5019119
10.00,17,38,640.3266037
10.00,17,39,638.9269081
10.00,17,40,635.3486933
10.00,17,41,628.2083691
10.00,17,42,623.5439729
10.00,17,43,622.5393838
10.00,17,44,622.3347783
10.00,17,45,622.2121422
10.00,17,46,622.2032656
10.00,17,47,621.955999
10.00,17,48,621.8833932
10.00,17,49,621.7345205
10.00,17,50,621.6329792
10.00,17,51,621.6029816
10.00,17,52,621.414263
10.00,17,53,621.3380154
10.00,17,54,621.2074389
10.00,17,55,621.1064986
10.00,17,56,621.0716194
10.00,17,57,620.8915233
10.00,17,58,620.810167
10.00,17,59,620.6871354
10.00,17,60,620.6506359
10.00,17,61,620.3892102
10.00,17,62,620.3436618
10.00,17,63,620.1780811
10.00,17,64,620.093024
10.00,17,65,619.9753195
10.00,17,66,619.9273044
10.00,17,67,619.6773514
10.00,17,68,619.6307256
10.00,17,69,619.4675367
10.00,17,70,619.3834976
10.00,17,71,619.2652346
10.00,17,72,619.2277682
10.00,17,73,618.9696629
10.00,17,74,618.930492
10.00,17,75,618.7595036
10.00,17,76,618.6812194
10.00,17,77,618.5567934
10.00,17,78,618.5537835
10.00,17,79,618.266629
10.00,17,80,618.24522
10.00,17,81,618.0544406
10.00,17,82,617.9881487
10.00,17,83,617.8503569
10.00,17,84,617.758609
10.00,17,85,617.7561219
10.00,17,86,617.5464376
10.00,17,87,617.4993216
10.00,17,88,617.3409836
10.00,17,89,617.2650722
10.00,17,90,617.1398518
10.00,17,91,617.0453888
10.00,17,92,617.0367424
10.00,17,93,616.8333922
10.00,17,94,616.7788004
10.00,17,95,616.6288714
10.00,17,96,616.5467421
10.00,17,97,616.428691
10.00,17,98,616.4272123
10.00,17,99,616.1427182
10.00,17,100,616.1355126
10.00,17,101,615.9322962
10.00,17,102,615.882079
10.00,17,103,615.7282919
10.00,17,104,615.6511746
10.00,17,105,615.5281643
10.00,17,106,615.4338892
10.00,17,107,615.4270045
10.00,17,108,615.2271324
10.00,17,109,615.1865669
10.00,17,110,615.0242332
10.00,17,111,614.9595429
10.00,17,112,614.8240692
10.00,17,113,614.7420751
10.00,17,114,614.6258411
10.00,17,115,614.5314033
10.00,17,116,614.5275297
10.00,17,117,614.3237643
10.00,17,118,614.2826001
10.00,17,119,614.1207897
10.00,17,120,614.0544713
10.00,17,121,613.920837
10.00,17,122,613.8372506
10.00,17,123,613.7228776
10.00,17,124,613.6272484
10.00,17,125,613.6192282
10.00,17,126,613.4242175
10.00,17,127,613.3910702
10.00,17,128,613.2233792
10.00,17,129,613.1707707
10.00,17,130,613.0242072
10.00,17,131,612.956481
10.00,17,132,612.8263009
10.00,17,133,612.7467882
10.00,17,134,612.6293557
10.00,17,135,612.5406156
10.00,17,136,612.4331403
10.00,17,137,612.3371431
10.00,17,138,612.3322744
10.00,17,139,612.1339475
10.00,17,140,612.1026622
10.00,17,141,611.9332061
10.00,17,142,611.8822397
10.00,17,143,611.734208
10.00,17,144,611.6683809
10.00,17,145,611.5364637
10.00,17,146,611.4592779
10.00,17,147,611.3396303
10.00,17,148,611.2536652
10.00,17,149,611.1434644
10.00,17,150,611.0506444
10.00,17,151,610.9477905
10.00,17,152,610.9417168
10.00,17,153,610.6715246
10.00,17,154,610.5629325
10.00,17,155,610.472163
10.00,17,156,610.3678608
10.00,17,157,610.2737277
10.00,17,158,610.1729604
10.00,17,159,610.0760569
10.00,17,160,610.0733521
10.00,17,161,609.877146
10.00,17,162,609.8603507
10.00,17,163,609.6791827
10.00,17,164,609.6511275
10.00,17,165,609.4819579
10.00,17,166,609.4448922
10.00,17,167,609.2853144
10.00,17,168,609.241054
10.00,17,169,609.0891338
10.00,17,170,609.039169
10.00,17,171,608.8933268
10.00,17,172,608.8389033
10.00,17,173,608.6978256
10.00,17,174,608.640007
10.00,17,175,608.5025796
10.00,17,176,608.4422956
10.00,17,177,608.3075519
10.00,17,178,608.2456371
10.00,17,179,608.1127162
10.00,17,180,608.0499426
10.00,17,181,607.9180562
10.00,17,182,607.8551603
10.00,17,183,607.7235636
10.00,17,184,607.661272
10.00,17,185,607.5292379
10.00,17,186,607.4682912
10.00,17,187,607.3350865
10.00,17,188,607.2762634
10.00,17,189,607.1411247
10.00,17,190,607.0852677
10.00,17,191,606.9473768
10.00,17,192,606.8954205
10.00,17,193,606.7538767
10.00,17,194,606.7068809
10.00,17,195,606.5606701
10.00,17,196,606.5198587
10.00,17,197,606.3678167
10.00,17,198,606.3346247
10.00,17,199,606.1753932
10.00,17,200,606.1515243
10.00,18,1,876.3885365
10.00,18,2,876.3521527
10.00,18,3,876.3154468
10.00,18,4,876.279501
10.00,18,5,876.2431081
10.00,18,6,876.2073516
10.00,18,7,876.1711583
10.00,18,8,876.1355431
10.00,18,9,876.0995251
10.00,18,10,876.0640418
10.00,18,11,876.0281915
10.00,18,12,875.992837
10.00,18,13,875.9571489
10.00,18,14,875.9219204
10.00,18,15,875.8863892
10.00,18,16,875.8512837
10.00,18,17,875.8159037
10.00,18,18,875.7809179
10.00,18,19,875.7456837
10.00,18,20,875.7108142
10.00,18,21,875.6757201
10.00,18,22,875.6409636
10.00,18,23,875.6060044
10.00,18,24,875.5713573
10.00,18,25,875.5365276
10.00,18,26,875.5019867
10.00,18,27,875.4672816
10.00,18,28,875.4328434
10.00,18,29,875.3982578
10.00,18,30,875.363919
10.00,18,31,875.3294483
10.00,18,32,875.2952057
10.00,18,33,875.2608452
10.00,18,34,875.2266955
10.00,18,35,875.1924408
10.00,18,36,875.158381
10.00,18,37,875.1242278
10.00,18,38,875.0902546
10.00,18,39,875.0561988
10.00,18,40,875.0223094
10.00,18,41,874.988347
10.00,18,42,874.9545383
10.00,18,43,874.9206654
10.00,18,44,874.8869347
10.00,18,45,874.8531477
10.00,18,46,874.819492
10.00,18,47,874.7857873
10.00,18,48,874.752204
10.00,18,49,874.7185783
10.00,18,50,874.6850647
10.00,18,51,874.6515146
10.00,18,52,874.6180683
10.00,18,53,874.5845906
10.00,18,54,874.551209
10.00,18,55,874.5178009
10.00,18,56,874.4844815
10.00,18,57,874.45114
10.00,18,58,874.4178806
10.00,18,59,874.3846029
10.00,18,60,874.3514013
10.00,18,61,874.3181847
10.00,18,62,874.2850387
10.00,18,63,874.2518808
10.00,18,64,874.2187883
10.00,18,65,874.1856866
10.00,18,66,874.1526455
10.00,18,67,874.1195978
10.00,18,68,874.0866063
10.00,18,69,874.0536103
10.00,18,70,874.0206664
10.00,18,71,873.98772
10.00,18,72,873.9548221
10.00,18,73,873.9219232
10.00,18,74,873.8890695
10.00,18,75,873.8562164
10.00,18,76,873.8234052
10.00,18,77,873.7905959
10.00,18,78,873.7578257
10.00,18,79,873.7250586
10.00,18,80,873.6923278
10.00,18,81,873.6596012
10.00,18,82,873.6269085
10.00,18,83,873.5942207
10.00,18,84,873.5615647
10.00,18,85,873.5289143
10.00,18,86,873.4962937
10.00,18,87,873.4636793
10.00,18,88,873.4310928
10.00,18,89,873.4303586
10.00,18,90,873.3956089
10.00,18,91,873.3607039
10.00,18,92,873.3261256
10.00,18,93,873.2914131
10.00,18,94,873.2569976
10.00,18,95,873.2224666
10.00,18,96,873.1882056
10.00,18,97,873.1538455
10.00,18,98,873.1197309
10.00,18,99,873.0855319
10.00,18,100,873.051556
10.00,18,101,873.0175086
10.00,18,102,872.9836641
10.00,18,103,872.9497596
10.00,18,104,872.9160395
10.00,18,105,872.8822694
10.00,18,106,872.8486671
10.00,18,107,872.8150235
10.00,18,108,872.7815327
10.00,18,109,872.7480084
10.00,18,110,872.714623
10.00,18,111,872.6812109
10.00,18,112,872.6479253
10.00,18,113,872.6146188
10.00,18,114,872.5814277
10.00,18,115,872.5482207
10.00,18,116,872.5151189
10.00,18,117,872.4820056
10.00,18,118,872.4489882
10.00,18,119,872.4159632
10.00,18,120,872.3830258
10.00,18,121,872.350084
10.00,18,122,872.3172221
10.00,18,123,872.2843587
10.00,18,124,872.2515684
10.00,18,125,872.2187789
10.00,18,126,872.1860563
10.00,18,127,872.1533365
10.00,18,128,872.1206779
10.00,18,129,872.0880239
10.00,18,130,872.055426
10.00,18,131,872.0228341
10.00,18,132,871.9902937
10.00,18,133,871.9577604
10.00,18,134,871.9252744
10.00,18,135,871.8927965
10.00,18,136,871.8603621
10.00,18,137,871.8279367
10.00,18,138,871.7955513
10.00,18,139,871.7631753
10.00,18,140,871.7308364
10.00,18,141,871.6985074
10.00,18,142,871.6662126
10.00,18,143,871.6339281
10.00,18,144,871.6016752
10.00,18,145,871.60031
10.00,18,146,871.5655765
10.00,18,147,871.5307271
10.00,18,148,871.4962232
10.00,18,149,871.4616241
10.00,18,150,871.4273347
10.00,18,151,871.392968
10.00,18,152,871.3588791
10.00,18,153,871.3247281
10.00,18,154,871.2908264
10.00,18,155,871.2568757
10.00,18,156,871.2231487
10.00,18,157,871.1893838
10.00,18,158,871.15582
10.00,18,159,871.1222276
10.00,18,160,871.0888159
10.00,18,161,871.0553837
10.00,18,162,871.0221139
10.00,18,163,870.9888303
10.00,18,164,870.9556928
10.00,18,165,870.9225473
10.00,18,166,870.8895333
10.00,18,167,870.856516
10.00,18,168,870.8236171
10.00,18,169,870.7907188
10.00,18,170,870.7579273
10.00,18,171,870.7251396
10.00,18,172,870.6924483
10.00,18,173,870.6597635
10.00,18,174,870.6271656
10.00,18,175,870.5945764
10.00,18,176,870.5620658
10.00,18,177,870.5295654
10.00,18,178,870.4971363
10.00,18,179,870.4647187
10.00,18,180,870.4323656
10.00,18,181,870.4000251
10.00,18,182,870.3677431
10.00,18,183,870.3354744
10.00,18,184,870.3032588
10.00,18,185,870.271057
10.00,18,186,870.2389036
10.00,18,187,870.2067644
10.00,18,188,870.1746691
10.00,18,189,870.1425882
10.00,18,190,870.1105475
10.00,18,191,870.0785212
10.00,18,192,870.0465316
10.00,18,193,870.0145564
10.00,18,194,870.0126401
10.00,18,195,869.9777039
10.00,18,196,869.9431528
10.00,18,197,869.9085324
10.00,18,198,869.8742535
10.00,18,199,869.8399229
10.00,18,200,869.8058954
10.00,19,1,768.5611428
10.00,19,2,767.0890275
10.00,19,3,765.7853084
10.00,19,4,764.3241277
10.00,19,5,763.0275429
10.00,19,6,761.5809516
10.00,19,7,760.2919441
10.00,19,8,758.8641851
10.00,19,9,757.5843468
10.00,19,10,756.1797382
10.00,19,11,754.911442
10.00,19,12,753.5339483
10.00,19,13,752.2799685
10.00,19,14,750.9328915
10.00,19,15,749.6960586
10.00,19,16,748.3818571
10.00,19,17,747.1647783
10.00,19,18,745.8850068
10.00,19,19,744.6898688
10.00,19,20,743.4452115
10.00,19,21,742.2736668
10.00,19,22,741.0640373
10.00,19,23,739.9171658
10.00,19,24,738.7418451
10.00,19,25,737.6201742
10.00,19,26,736.4779628
10.00,19,27,735.3815297
10.00,19,28,734.2708959
10.00,19,29,733.1993331
10.00,19,30,732.1185451
10.00,19,31,731.0711757
10.00,19,32,730.0184124
10.00,19,33,728.9943425
10.00,19,34,727.9677799
10.00,19,35,727.8351965
10.00,19,36,726.5682438
10.00,19,37,725.4532059
10.00,19,38,724.2689658
10.00,19,39,723.1986394
10.00,19,40,722.0836168
10.00,19,41,721.0543671
10.00,19,42,719.9971519
10.00,19,43,719.004984
10.00,19,44,717.9960946
10.00,19,45,717.0370308
10.00,19,46,716.0686946
10.00,19,47,715.1390076
10.00,19,48,714.2049202
10.00,19,49,713.3012581
10.00,19,50,712.3963476
10.00,19,51,711.5157851
10.00,19,52,711.4293077
10.00,19,53,710.3886141
10.00,19,54,709.290361
10.00,19,55,708.3116881
10.00,19,56,707.300384
10.00,19,57,706.3731385
10.00,19,58,705.428344
10.00,19,59,704.543494
10.00,19,60,703.6500854
10.00,19,61,702.800175
10.00,19,62,701.9469855
10.00,19,63,701.1260027
10.00,19,64,700.3047943
10.00,19,65,699.5079738
10.00,19,66,698.7126679
10.00,19,67,698.6220704
10.00,19,68,697.5968898
10.00,19,69,696.6916005
10.00,19,70,695.7601386
10.00,19,71,694.9100297
10.00,19,72,694.0472406
10.00,19,73,693.2406138
10.00,19,74,692.4288399
10.00,19,75,691.6566288
10.00,19,76,690.8833934
10.00,19,77,690.1386769
10.00,19,78,689.3951378
10.00,19,79,688.6726883
10.00,19,80,687.952556
10.00,19,81,687.8734464
10.00,19,82,686.9445512
10.00,19,83,686.1205548
10.00,19,84,685.2768805
10.00,19,85,684.5036682
10.00,19,86,683.7215497
10.00,19,87,682.987631
10.00,19,88,682.2506874
10.00,19,89,681.5474099
10.00,19,90,680.8442477
10.00,19,91,680.1651596
10.00,19,92,679.4878123
10.00,19,93,678.8281331
10.00,19,94,678.1709982
10.00,19,95,678.1362307
10.00,19,96,677.2895451
10.00,19,97,676.5359562
10.00,19,98,675.7639705
10.00,19,99,675.054856
10.00,19,100,674.3370011
10.00,19,101,673.6623272
10.00,19,102,672.9843449
10.00,19,103,672.336587
10.00,19,104,671.6885316
10.00,19,105,671.0620835
10.00,19,106,670.4369722
10.00,19,107,669.827672
10.00,19,108,669.2205675
10.00,19,109,668.6253293
10.00,19,110,668.0327144
10.00,19,111,667.892638
10.00,19,112,667.1614446
10.00,19,113,666.4967785
10.00,19,114,665.817265
10.00,19,115,665.184095
10.00,19,116,664.5431295
10.00,19,117,663.9349187
10.00,19,118,663.3231886
10.00,19,119,662.7349757
10.00,19,120,662.1458298
10.00,19,121,661.5738594
10.00,19,122,661.0025126
10.00,19,123,660.4439432
10.00,19,124,659.8869263
10.00,19,125,659.339605
10.00,19,126,658.7943821
10.00,19,127,658.2566723
10.00,19,128,658.2543442
10.00,19,129,657.6387012
10.00,19,130,656.9950579
10.00,19,131,656.4052112
10.00,19,132,655.7969522
10.00,19,133,655.2282031
10.00,19,134,654.6475337
10.00,19,135,654.0961868
10.00,19,136,653.5373497
10.00,19,137,653.0005059
10.00,19,138,652.459219
10.00,19,139,651.9346043
10.00,19,140,651.4076594
10.00,19,141,650.8934884
10.00,19,142,650.3784638
10.00,19,143,649.8733307
10.00,19,144,649.3683846
10.00,19,145,648.8711782
10.00,19,146,648.3748981
10.00,19,147,647.8847361
10.00,19,148,647.3960297
10.00,19,149,646.9122073
10.00,19,150,646.4302227
10.00,19,151,645.9521729
10.00,19,152,645.4762398
10.00,19,153,645.0035034
10.00,19,154,644.5330893
10.00,19,155,644.0652912
10.00,19,156,643.5999693
10.00,19,157,643.5600952
10.00,19,158,643.0475101
10.00,19,159,642.5718097
10.00,19,160,642.0729651
10.00,19,161,641.6059036
10.00,19,162,641.1190159
10.00,19,163,640.6599001
10.00,19,164,640.1835642
10.00,19,165,639.7318575
10.00,19,166,639.2649718
10.00,19,167,638.8202759
10.00,19,168,638.3619847
10.00,19,169,637.9240272
10.00,19,170,637.4736793
10.00,19,171,637.0423065
10.00,19,172,636.5994253
10.00,19,173,636.1746008
10.00,19,174,635.7388637
10.00,19,175,635.3206727
10.00,19,176,634.8919002
10.00,19,177,634.4805604
10.00,19,178,634.0587115
10.00,19,179,633.6545922
10.00,19,180,633.2397685
10.00,19,181,632.8434182
10.00,19,182,632.4358755
10.00,19,183,632.048063
10.00,19,184,631.6482322
10.00,19,185,631.2700029
10.00,19,186,630.8785212
10.00,19,187,630.5112754
10.00,19,188,630.1290307
10.00,19,189,629.7746317
10.00,19,190,629.4028233
10.00,19,191,629.063745
10.00,19,192,628.7039652
10.00,19,193,628.3834972
10.00,19,194,628.0378389
10.00,19,195,627.7403685
10.00,19,196,627.4115654
10.00,19,197,627.1429708
10.00,19,198,626.8345781
10.00,19,199,626.6027743
10.00,19,200,626.3193955
10.00,20,1,830.3443072
10.00,20,2,830.2919805
10.00,20,3,830.2477478
10.00,20,4,830.2102772
10.00,20,5,830.1767264
10.00,20,6,830.1462454
10.00,20,7,830.1176393
10.00,20,8,830.0904393
10.00,20,9,830.0792864
10.00,20,10,830.0412521
10.00,20,11,830.0073115
10.00,20,12,829.9765855
10.00,20,13,829.9478176
10.00,20,14,829.9205206
10.00,20,15,829.911061
10.00,20,16,829.8724555
10.00,20,17,829.8381196
10.00,20,18,829.8071452
10.00,20,19,829.7782132
10.00,20,20,829.7508178
10.00,20,21,829.7430667
10.00,20,22,829.7038838
10.00,20,23,829.6691481
10.00,20,24,829.6379226
10.00,20,25,829.6088246
10.00,20,26,829.5813297
10.00,20,27,829.5752984
10.00,20,28,829.5355334
10.00,20,29,829.5003944
10.00,20,30,829.468916
10.00,20,31,829.4396505
10.00,20,32,829.4120551
10.00,20,33,829.4077509
10.00,20,34,829.3674007
10.00,20,35,829.3318558
10.00,20,36,829.3001231
10.00,20,37,829.2706892
10.00,20,38,829.2429929
10.00,20,39,829.2404186
10.00,20,40,829.1994815
10.00,20,41,829.1635296
10.00,20,42,829.131542
10.00,20,43,829.1019393
10.00,20,44,829.0741419
10.00,20,45,829.073296
10.00,20,46,829.0317719
10.00,20,47,828.9954127
10.00,20,48,828.9631706
10.00,20,49,828.9333991
10.00,20,50,828.9055008
10.00,20,51,828.878774
10.00,20,52,828.8639341
10.00,20,53,828.8272771
10.00,20,54,828.7948523
10.00,20,55,828.7649627
10.00,20,56,828.7369972
10.00,20,57,828.7102334
10.00,20,58,828.6962728
10.00,20,59,828.6593285
10.00,20,60,828.626728
10.00,20,61,828.5967253
10.00,20,62,828.5686959
10.00,20,63,828.5418973
10.00,20,64,828.528784
10.00,20,65,828.4915641
10.00,20,66,828.4587957
10.00,20,67,828.4286853
10.00,20,68,828.4005956
10.00,20,69,828.373765
10.00,20,70,828.3614638
10.00,20,71,828.323981
10.00,20,72,828.2910533
10.00,20,73,828.2608412
10.00,20,74,828.2326954
10.00,20,75,828.2058353
10.00,20,76,828.1943084
10.00,20,77,828.1565766
10.00,20,78,828.1234989
10.00,20,79,828.0931916
10.00,20,80,828.0649939
10.00,20,81,828.0381075
10.00,20,82,828.0273142
10.00,20,83,827.9893484
10.00,20,84,827.9561305
10.00,20,85,827.925735
10.00,20,86,827.8974901
10.00,20,87,827.8705806
10.00,20,88,827.8604776
10.00,20,89,827.8222939
10.00,20,90,827.7889463
10.00,20,91,827.7584702
10.00,20,92,827.7301829
10.00,20,93,827.7032538
10.00,20,94,827.6937954
10.00,20,95,827.6554108
10.00,20,96,827.6219447
10.00,20,97,827.5913956
10.00,20,98,827.5630713
10.00,20,99,827.5361262
10.00,20,100,827.5272646
10.00,20,101,827.4886968
10.00,20,102,827.455124
10.00,20,103,827.4245103
10.00,20,104,827.3961544
10.00,20,105,827.3691971
10.00,20,106,827.3608822
10.00,20,107,827.32215
10.00,20,108,827.2884826
10.00,20,109,827.257813
10.00,20,110,827.2294312
10.00,20,111,827.2024657
10.00,20,112,827.1946457
10.00,20,113,827.1557684
10.00,20,114,827.1220193
10.00,20,115,827.0913026
10.00,20,116,827.0629009
10.00,20,117,827.0359312
10.00,20,118,827.0285526
10.00,20,119,826.9895504
10.00,20,120,826.9557326
10.00,20,121,826.9249781
10.00,20,122,826.8965625
10.00,20,123,826.869593
10.00,20,124,826.8626009
10.00,20,125,826.8234944
10.00,20,126,826.7896214
10.00,20,127,826.7588386
10.00,20,128,826.7304155
10.00,20,129,826.7034504
10.00,20,130,826.6967886
10.00,20,131,826.6575991
10.00,20,132,826.6236847
10.00,20,133,826.5928833
10.00,20,134,826.564459
10.00,20,135,826.5375029
10.00,20,136,826.5311143
10.00,20,137,826.4918633
10.00,20,138,826.4579216
10.00,20,139,826.4271115
10.00,20,140,826.3986925
10.00,20,141,826.3717498
10.00,20,142,826.3655766
10.00,20,143,826.3262861
10.00,20,144,826.2923312
10.00,20,145,826.2615224
10.00,20,146,826.2331154
10.00,20,147,826.2061906
10.00,20,148,826.2001747
10.00,20,149,826.1608667
10.00,20,150,826.126913
10.00,20,151,826.0961156
10.00,20,152,826.0677271
10.00,20,153,826.0408249
10.00,20,154,826.0349076
10.00,20,155,825.9956044
10.00,20,156,825.9616665
10.00,20,157,825.9308906
10.00,20,158,825.9025272
10.00,20,159,825.8756522
10.00,20,160,825.8697752
10.00,20,161,825.830499
10.00,20,162,825.7965911
10.00,20,163,825.7658469
10.00,20,164,825.7375153
10.00,20,165,825.7106722
10.00,20,166,825.7047772
10.00,20,167,825.6655503
10.00,20,168,825.6316868
10.00,20,169,825.6009843
10.00,20,170,825.5726912
10.00,20,171,825.5458844
10.00,20,172,825.5399138
10.00,20,173,825.5007582
10.00,20,174,825.4669534
10.00,20,175,825.4363026
10.00,20,176,825.4080545
10.00,20,177,825.3812885
10.00,20,178,825.3751855
10.00,20,179,825.3361229
10.00,20,180,825.302391
10.00,20,181,825.2718017
10.00,20,182,825.243605
10.00,20,183,825.2168844
10.00,20,184,825.210593
10.00,20,185,825.1716448
10.00,20,186,825.1379996
10.00,20,187,825.1074816
10.00,20,188,825.0793426
10.00,20,189,825.0526717
10.00,20,190,825.0461372
10.00,20,191,825.0073245
10.00,20,192,824.9737795
10.00,20,193,824.9433422
10.00,20,194,824.9152673
10.00,20,195,824.8886502
10.00,20,196,824.8818195
10.00,20,197,824.8431627
10.00,20,198,824.8097311
10.00,20,199,824.7793838
10.00,20,200,824.7513788
10.00,21,1,720.580589
10.00,21,2,720.5368299
10.00,21,3,720.4978497
10.00,21,4,720.4658978
10.00,21,5,720.4437245
10.00,21,6,720.439379
10.00,21,7,720.2954433
10.00,21,8,720.2151583
10.00,21,9,720.0716726
10.00,21,10,719.9910386
10.00,21,11,719.8483127
10.00,21,12,719.7669586
10.00,21,13,719.6253628
10.00,21,14,719.5430249
10.00,21,15,719.4028218
10.00,21,16,719.3191839
10.00,21,17,719.180689
10.00,21,18,719.0955368
10.00,21,19,718.9589631
10.00,21,20,718.8720367
10.00,21,21,718.7376436
10.00,21,22,718.6487775
10.00,21,23,718.5167293
10.00,21,24,718.4257174
10.00,21,25,718.2962194
10.00,21,26,718.2029421
10.00,21,27,718.0761129
10.00,21,28,717.9804141
10.00,21,29,717.8564088
10.00,21,30,717.7582102
10.00,21,31,717.6371061
10.00,21,32,717.5362968
10.00,21,33,717.418204
10.00,21,34,717.3147415
10.00,21,35,717.1997012
10.00,21,36,717.093514
10.00,21,37,716.981597
10.00,21,38,716.9798257
10.00,21,39,716.574551
10.00,21,40,716.5375495
10.00,21,41,716.52561
10.00,21,42,716.4023491
10.00,21,43,716.3217984
10.00,21,44,716.1859741
10.00,21,45,716.1202787
10.00,21,46,715.9700268
10.00,21,47,715.9213902
10.00,21,48,715.754513
10.00,21,49,715.7256084
10.00,21,50,715.5394404
10.00,21,51,715.5334808
10.00,21,52,715.324819
10.00,21,53,715.2671198
10.00,21,54,715.2431997
10.00,21,55,715.2315371
10.00,21,56,715.1086081
10.00,21,57,715.0281247
10.00,21,58,714.8945343
10.00,21,59,714.8264594
10.00,21,60,714.6808702
10.00,21,61,714.6267244
10.00,21,62,714.4676189
10.00,21,63,714.4292243
10.00,21,64,714.254784
10.00,21,65,714.2342473
10.00,21,66,714.042371
10.00,21,67,714.0422447
10.00,21,68,713.8303864
10.00,21,69,713.7738527
10.00,21,70,713.7502826
10.00,21,71,713.7387023
10.00,21,72,713.6168056
10.00,21,73,713.5356865
10.00,21,74,713.4053621
10.00,21,75,713.3338733
10.00,21,76,713.1943098
10.00,21,77,713.1333311
10.00,21,78,712.9836495
10.00,21,79,712.9342143
10.00,21,80,712.7733822
10.00,21,81,712.7366289
10.00,21,82,712.5635094
10.00,21,83,712.5407828
10.00,21,84,712.3540332
10.00,21,85,712.3468409
10.00,21,86,712.1449563
10.00,21,87,712.0869202
10.00,21,88,712.0619964
10.00,21,89,712.0479345
10.00,21,90,711.934436
10.00,21,91,711.8446733
10.00,21,92,711.7259185
10.00,21,93,711.6420561
10.00,21,94,711.5177732
10.00,21,95,711.4400676
10.00,21,96,711.3099991
10.00,21,97,711.2387512
10.00,21,98,711.1025953
10.00,21,99,711.0380941
10.00,21,100,710.8955612
10.00,21,101,710.838144
10.00,21,102,710.6888958
10.00,21,103,710.6388914
10.00,21,104,710.4825984
10.00,21,105,710.4403898
10.00,21,106,710.2766684
10.00,21,107,710.2426347
10.00,21,108,710.0711051
10.00,21,109,710.0456864
10.00,21,110,709.8659079
10.00,21,111,709.8495474
10.00,21,112,709.6610765
10.00,21,113,709.6542877
10.00,21,114,709.4566102
10.00,21,115,709.3986793
10.00,21,116,709.3732138
10.00,21,117,709.3576281
10.00,21,118,709.2508083
10.00,21,119,709.1552895
10.00,21,120,709.0469206
10.00,21,121,708.9531696
10.00,21,122,708.8433839
10.00,21,123,708.75123
10.00,21,124,708.6401967
10.00,21,125,708.549478
10.00,21,126,708.437358
10.00,21,127,708.3478769
10.00,21,128,708.2348662
10.00,21,129,708.1464332
10.00,21,130,708.0327203
10.00,21,131,707.9451126
10.00,21,132,707.8309189
10.00,21,133,707.7439218
10.00,21,134,707.6294609
10.00,21,135,707.5428301
10.00,21,136,707.428345
10.00,21,137,707.3418447
10.00,21,138,707.22757
10.00,21,139,707.1409396
10.00,21,140,707.0271348
10.00,21,141,706.9401238
10.00,21,142,706.8270384
10.00,21,143,706.7393768
10.00,21,144,706.6272797
10.00,21,145,706.5387107
10.00,21,146,706.4278576
10.00,21,147,706.3381111
10.00,21,148,706.2287712
10.00,21,149,706.137594
10.00,21,150,706.0300195
10.00,21,151,705.9371524
10.00,21,152,705.8316018
10.00,21,153,705.7368064
10.00,21,154,705.6335172
10.00,21,155,705.5365569
10.00,21,156,705.536372
10.00,21,157,705.3922407
10.00,21,158,705.314824
10.00,21,159,705.1946417
10.00,21,160,705.0990323
10.00,21,161,705.096978
10.00,21,162,704.9545655
10.00,21,163,704.8975458
10.00,21,164,704.7579543
10.00,21,165,704.6981071
10.00,21,166,704.561669
10.00,21,167,704.4986288
10.00,21,168,704.365709
10.00,21,169,704.2991744
10.00,21,170,704.1700736
10.00,21,171,704.0997275
10.00,21,172,703.9747624
10.00,21,173,703.9003543
10.00,21,174,703.7797749
10.00,21,175,703.7010537
10.00,21,176,703.5851107
10.00,21,177,703.5018941
10.00,21,178,703.3907696
10.00,21,179,703.3028873
10.00,21,180,703.1967513
10.00,21,181,703.1041019
10.00,21,182,703.0030556
10.00,21,183,703.0007617
10.00,21,184,702.6423423
10.00,21,185,702.6168277
10.00,21,186,702.6090613
10.00,21,187,702.488271
10.00,21,188,702.3944201
10.00,21,189,702.3914426
10.00,21,190,702.2536385
10.00,21,191,702.1923912
10.00,21,192,702.061481
10.00,21,193,701.9935259
10.00,21,194,701.8696405
10.00,21,195,701.7948934
10.00,21,196,701.6781169
10.00,21,197,701.5965772
10.00,21,198,701.4869106
10.00,21,199,701.3986287
10.00,21,200,701.2960216
10.00,22,1,772.5011254
10.00,22,2,772.3611841
10.00,22,3,772.2378241
10.00,22,4,772.1449249
10.00,22,5,772.0913097
10.00,22,6,771.6931651
10.00,22,7,771.4053944
10.00,22,8,770.9354008
10.00,22,9,770.7488515
10.00,22,10,770.1828604
10.00,22,11,770.1314319
10.00,22,12,769.4357499
10.00,22,13,769.2462701
10.00,22,14,769.1747592
10.00,22,15,769.1508475
10.00,22,16,768.6860661
10.00,22,17,768.5106155
10.00,22,18,767.9473646
10.00,22,19,767.9123338
10.00,22,20,767.2139945
10.00,22,21,767.0326522
10.00,22,22,766.9659649
10.00,22,23,766.9479753
10.00,22,24,766.4777883
10.00,22,25,766.3277147
10.00,22,26,765.752573
10.00,22,27,765.5456062
10.00,22,28,765.4612656
10.00,22,29,765.4165681
10.00,22,30,765.0260753
10.00,22,31,764.7803115
10.00,22,32,764.3089647
10.00,22,33,764.1786234
10.00,22,34,763.5967897
10.00,22,35,763.3984234
10.00,22,36,763.3191959
10.00,22,37,763.2809038
10.00,22,38,762.8830376
10.00,22,39,762.6637462
10.00,22,40,762.1787234
10.00,22,41,762.0846141
10.00,22,42,761.4793032
10.00,22,43,761.2937371
10.00,22,44,761.2225041
10.00,22,45,761.1949301
10.00,22,46,760.7777848
10.00,22,47,760.6010498
10.00,22,48,760.0859869
10.00,22,49,760.0510759
10.00,22,50,759.3991072
10.00,22,51,759.2322306
10.00,22,52,759.1730753
10.00,22,53,759.1622918
10.00,22,54,758.7092874
10.00,22,55,758.5983593
10.00,22,56,758.0298038
10.00,22,57,757.8461339
10.00,22,58,757.7751222
10.00,22,59,757.746113
10.00,22,60,757.348417
10.00,22,61,757.1713575
10.00,22,62,756.6762402
10.00,22,63,756.6413715
10.00,22,64,756.0088167
10.00,22,65,755.8479646
10.00,22,66,755.7919474
10.00,22,67,755.7841676
10.00,22,68,755.3384239
10.00,22,69,755.2440328
10.00,22,70,754.6781053
10.00,22,71,754.5043516
10.00,22,72,754.4390859
10.00,22,73,754.4169315
10.00,22,74,754.0156325
10.00,22,75,753.8689598
10.00,22,76,753.3623203
10.00,22,77,753.1773604
10.00,22,78,753.1039978
10.00,22,79,753.0690811
10.00,22,80,752.7075644
10.00,22,81,752.5149573
10.00,22,82,752.06116
10.00,22,83,752.0044661
10.00,22,84,751.4192428
10.00,22,85,751.2606125
10.00,22,86,751.2047855
10.00,22,87,751.1951006
10.00,22,88,750.7746366
10.00,22,89,750.6798584
10.00,22,90,750.1394632
10.00,22,91,749.9731315
10.00,22,92,749.9115894
10.00,22,93,749.8927547
10.00,22,94,749.5021225
10.00,22,95,749.3743714
10.00,22,96,748.8735918
10.00,22,97,748.7007152
10.00,22,98,748.6342517
10.00,22,99,748.6074079
10.00,22,100,748.2433448
10.00,22,101,748.0869954
10.00,22,102,747.6213564
10.00,22,103,747.6169427
10.00,22,104,747.0038099
10.00,22,105,746.8663752
10.00,22,106,746.8240004
10.00,22,107,746.5155925
10.00,22,108,746.2284955
10.00,22,109,745.900784
10.00,22,110,745.6373787
10.00,22,111,745.289229
10.00,22,112,745.050311
10.00,22,113,744.6808981
10.00,22,114,744.4675259
10.00,22,115,744.0757594
10.00,22,116,743.8885745
10.00,22,117,743.4737841
10.00,22,118,743.3137752
10.00,22,119,742.8749405
10.00,22,120,742.7425466
10.00,22,121,742.279201
10.00,22,122,742.1753269
10.00,22,123,741.6865337
10.00,22,124,741.6113756
10.00,22,125,741.0969124
10.00,22,126,741.0512947
10.00,22,127,740.5103052
10.00,22,128,740.4941504
10.00,22,129,739.9266873
10.00,22,130,739.7639222
10.00,22,131,739.6986969
10.00,22,132,739.6781341
10.00,22,133,739.3423968
10.00,22,134,739.1296823
10.00,22,135,738.7647229
10.00,22,136,738.5862116
10.00,22,137,738.1899781
10.00,22,138,738.0470736
10.00,22,139,737.6181363
10.00,22,140,737.5126602
10.00,22,141,737.0491667
10.00,22,142,736.9820595
10.00,22,143,736.4830439
10.00,22,144,736.4558429
10.00,22,145,735.919736
10.00,22,146,735.7625003
10.00,22,147,735.7000502
10.00,22,148,735.6813661
10.00,22,149,735.3556491
10.00,22,150,735.1580467
10.00,22,151,734.797863
10.00,22,152,734.6404494
10.00,22,153,734.2428466
10.00,22,154,734.1279431
10.00,22,155,733.6905748
10.00,22,156,733.6207997
10.00,22,157,733.1410174
10.00,22,158,733.1180488
10.00,22,159,732.5941488
10.00,22,160,732.4438907
10.00,22,161,732.3853413
10.00,22,162,732.3710641
10.00,22,163,732.0463366
10.00,22,164,731.8687038
10.00,22,165,731.5046701
10.00,22,166,731.3728727
10.00,22,167,730.9656497
10.00,22,168,730.8828641
10.00,22,169,730.4292513
10.00,22,170,730.3989454
10.00,22,171,729.8954439
10.00,22,172,729.7486007
10.00,22,173,729.6917467
10.00,22,174,729.6785313
10.00,22,175,729.3606463
10.00,22,176,729.1925263
10.00,22,177,728.8317947
10.00,22,178,728.7138686
10.00,22,179,728.3054969
10.00,22,180,728.2419062
10.00,22,181,727.7817293
10.00,22,182,727.7768209
10.00,22,183,727.2604611
10.00,22,184,727.1230243
10.00,22,185,727.0719414
10.00,22,186,727.066994
10.00,22,187,726.7379281
10.00,22,188,726.5986154
10.00,22,189,726.221397
10.00,22,190,726.1384366
10.00,22,191,725.7073322
10.00,22,192,725.685702
10.00,22,193,725.1957099
10.00,22,194,725.0588186
10.00,22,195,725.0076474
10.00,22,196,725.0011523
10.00,22,197,724.6828766
10.00,22,198,724.5444672
10.00,22,199,724.1758173
10.00,22,200,724.0968836
10.00,23,1,845.5286279
10.00,23,2,845.4554495
10.00,23,3,845.4051129
10.00,23,4,845.3665719
10.00,23,5,845.3339892
10.00,23,6,845.3137347
10.00,23,7,845.268431
10.00,23,8,845.2324552
10.00,23,9,845.2299195
10.00,23,10,845.1743163
10.00,23,11,845.1329714
10.00,23,12,845.0990256
10.00,23,13,845.0861488
10.00,23,14,845.0366514
10.00,23,15,844.9984687
10.00,23,16,844.9661472
10.00,23,17,844.9450417
10.00,23,18,844.900417
10.00,23,19,844.8647575
10.00,23,20,844.8607521
10.00,23,21,844.8060227
10.00,23,22,844.7653156
10.00,23,23,844.7316848
10.00,23,24,844.717431
10.00,23,25,844.6687911
10.00,23,26,844.631192
10.00,23,27,844.5991715
10.00,23,28,844.5768244
10.00,23,29,844.5330053
10.00,23,30,844.49787
10.00,23,31,844.4917005
10.00,23,32,844.4384557
10.00,23,33,844.398421
10.00,23,34,844.3652231
10.00,23,35,844.3492501
10.00,23,36,844.301811
10.00,23,37,844.2647764
10.00,23,38,844.233117
10.00,23,39,844.209404
10.00,23,40,844.1665628
10.00,23,41,844.1319038
10.00,23,42,844.1234879
10.00,23,43,844.0715925
10.00,23,44,844.0324171
10.00,23,45,843.9996526
10.00,23,46,843.9817309
10.00,23,47,843.9355003
10.00,23,48,843.8992119
10.00,23,49,843.8679403
10.00,23,50,843.842569
10.00,23,51,843.8007897
10.00,23,52,843.7667732
10.00,23,53,843.7555879
10.00,23,54,843.705525
10.00,23,55,843.667217
10.00,23,56,843.6349752
10.00,23,57,843.614876
10.00,23,58,843.57011
10.00,23,59,843.5345332
10.00,23,60,843.5313379
10.00,23,61,843.4765377
10.00,23,62,843.4359694
10.00,23,63,843.4025569
10.00,23,64,843.3885297
10.00,23,65,843.3401906
10.00,23,66,843.3029066
10.00,23,67,843.2711884
10.00,23,68,843.2487246
10.00,23,69,843.2054299
10.00,23,70,843.1707137
10.00,23,71,843.1636651
10.00,23,72,843.1113509
10.00,23,73,843.0719641
10.00,23,74,843.0392404
10.00,23,75,843.0222087
10.00,23,76,842.9758315
10.00,23,77,842.9395
10.00,23,78,842.908337
10.00,23,79,842.8835321
10.00,23,80,842.8417923
10.00,23,81,842.807847
10.00,23,82,842.7970948
10.00,23,83,842.7470051
10.00,23,84,842.7089096
10.00,23,85,842.67684
10.00,23,86,842.6567733
10.00,23,87,842.6122586
10.00,23,88,842.5769942
10.00,23,89,842.5732753
10.00,23,90,842.519177
10.00,23,91,842.4789535
10.00,23,92,842.4458719
10.00,23,93,842.4312504
10.00,23,94,842.3836432
10.00,23,95,842.3467538
10.00,23,96,842.3153712
10.00,23,97,842.2923116
10.00,23,98,842.2497432
10.00,23,99,842.2154417
10.00,23,100,842.2070458
10.00,23,101,842.1557435
10.00,23,102,842.1171105
10.00,23,103,842.0848303
10.00,23,104,842.0664304
10.00,23,105,842.0211237
10.00,23,106,841.9855289
10.00,23,107,841.9840109
10.00,23,108,841.9287889
10.00,23,109,841.8880685
10.00,23,110,841.8548015
10.00,23,111,841.8416981
10.00,23,112,841.7933833
10.00,23,113,841.7562044
10.00,23,114,841.7247381
10.00,23,115,841.702722
10.00,23,116,841.6597366
10.00,23,117,841.6252895
10.00,23,118,841.6181738
10.00,23,119,841.5662941
10.00,23,120,841.5274451
10.00,23,121,841.4951185
10.00,23,122,841.4775482
10.00,23,123,841.4319438
10.00,23,124,841.3962685
10.00,23,125,841.3956765
10.00,23,126,841.3400818
10.00,23,127,841.2992488
10.00,23,128,841.2659906
10.00,23,129,841.2534173
10.00,23,130,841.2049777
10.00,23,131,841.1678067
10.00,23,132,841.1364067
10.00,23,133,841.1146716
10.00,23,134,841.071719
10.00,23,135,841.0373555
10.00,23,136,841.0303667
10.00,23,137,840.9785949
10.00,23,138,840.9398746
10.00,23,139,840.9076767
10.00,23,140,840.8900554
10.00,23,141,840.8446766
10.00,23,142,840.8091839
10.00,23,143,840.8081946
10.00,23,144,840.7530113
10.00,23,145,840.7124652
10.00,23,146,840.6794164
10.00,23,147,840.6663659
10.00,23,148,840.6183987
10.00,23,149,840.5815392
10.00,23,150,840.550358
10.00,23,151,840.5281403
10.00,23,152,840.4856738
10.00,23,153,840.4516237
10.00,23,154,840.4436212
10.00,23,155,840.3926387
10.00,23,156,840.3543882
10.00,23,157,840.3224916
10.00,23,158,840.3039636
10.00,23,159,840.2593217
10.00,23,160,840.2242675
10.00,23,161,840.2216112
10.00,23,162,840.167596
10.00,23,163,840.1277201
10.00,23,164,840.0950724
10.00,23,165,840.0805956
10.00,23,166,840.033667
10.00,23,167,839.9974051
10.00,23,168,839.9665856
10.00,23,169,839.9431789
10.00,23,170,839.90162
10.00,23,171,839.8680958
10.00,23,172,839.858039
10.00,23,173,839.808471
10.00,23,174,839.7710018
10.00,23,175,839.7395632
10.00,23,176,839.7193626
10.00,23,177,839.6759178
10.00,23,178,839.6415311
10.00,23,179,839.6360876
10.00,23,180,839.5839124
10.00,23,181,839.5450449
10.00,23,182,839.5129665
10.00,23,183,839.4962429
10.00,23,184,839.4508455
10.00,23,185,839.4154285
10.00,23,186,839.4150812
10.00,23,187,839.3598269
10.00,23,188,839.3195705
10.00,23,189,839.2867702
10.00,23,190,839.2737035
10.00,23,191,839.2261273
10.00,23,192,839.1897258
10.00,23,193,839.1588883
10.00,23,194,839.1363256
10.00,23,195,839.0944946
10.00,23,196,839.0609819
10.00,23,197,839.0517577
10.00,23,198,839.0020221
10.00,23,199,838.964463
10.00,23,200,838.9331022
10.00,24,1,819.6705989
10.00,24,2,819.5779746
10.00,24,3,819.527199
10.00,24,4,819.50576
10.00,24,5,819.4428816
10.00,24,6,819.4014481
10.00,24,7,819.3619587
10.00,24,8,819.3141229
10.00,24,9,819.2864979
10.00,24,10,819.2286432
10.00,24,11,819.2194599
10.00,24,12,819.1459752
10.00,24,13,819.101535
10.00,24,14,819.0682539
10.00,24,15,819.0154908
10.00,24,16,818.9980237
10.00,24,17,818.9320519
10.00,24,18,818.8896454
10.00,24,19,818.8522429
10.00,24,20,818.8028962
10.00,24,21,818.7782703
10.00,24,22,818.7181098
10.00,24,23,818.7132589
10.00,24,24,818.6363018
10.00,24,25,818.5908385
10.00,24,26,818.5597516
10.00,24,27,818.5053952
10.00,24,28,818.4911177
10.00,24,29,818.422698
10.00,24,30,818.3795452
10.00,24,31,818.3437917
10.00,24,32,818.2932994
10.00,24,33,818.2709732
10.00,24,34,818.2090929
10.00,24,35,818.207463
10.00,24,36,818.1279689
10.00,24,37,818.0817922
10.00,24,38,818.0522963
10.00,24,39,817.9968471
10.00,24,40,817.9847864
10.00,24,41,817.9147267
10.00,24,42,817.8711097
10.00,24,43,817.836474
10.00,24,44,817.785283
10.00,24,45,817.7644222
10.00,24,46,817.7015267
10.00,24,47,817.6608303
10.00,24,48,817.6213267
10.00,24,49,817.5745092
10.00,24,50,817.5464535
10.00,24,51,817.4900335
10.00,24,52,817.4799391
10.00,24,53,817.4084436
10.00,24,54,817.3644346
10.00,24,55,817.3307739
10.00,24,56,817.2790018
10.00,24,57,817.2593788
10.00,24,58,817.1956577
10.00,24,59,817.1547905
10.00,24,60,817.1158997
10.00,24,61,817.0688198
10.00,24,62,817.0414865
10.00,24,63,816.9846963
10.00,24,64,816.9754309
10.00,24,65,816.9034516
10.00,24,66,816.8593798
10.00,24,67,816.8260918
10.00,24,68,816.7742498
10.00,24,69,816.7549364
10.00,24,70,816.6911802
10.00,24,71,816.6503991
10.00,24,72,816.6116416
10.00,24,73,816.5647021
10.00,24,74,816.5373406
10.00,24,75,816.4808115
10.00,24,76,816.4711986
10.00,24,77,816.399725
10.00,24,78,816.3559302
10.00,24,79,816.3224035
10.00,24,80,816.2710131
10.00,24,81,816.2510777
10.00,24,82,816.1880837
10.00,24,83,816.1476458
10.00,24,84,816.1085491
10.00,24,85,816.0621488
10.00,24,86,816.0340276
10.00,24,87,815.9783777
10.00,24,88,815.9672842
10.00,24,89,815.8972741
10.00,24,90,815.8540828
10.00,24,91,815.819739
10.00,24,92,815.7692955
10.00,24,93,815.7478673
10.00,24,94,815.6863839
10.00,24,95,815.6844922
10.00,24,96,815.6062543
10.00,24,97,815.5610291
10.00,24,98,815.5309952
10.00,24,99,815.477203
10.00,24,100,815.4628546
10.00,24,101,815.3958136
10.00,24,102,815.3537359
10.00,24,103,815.3176798
10.00,24,104,815.2689528
10.00,24,105,815.2446897
10.00,24,106,815.1858737
10.00,24,107,815.1793912
10.00,24,108,815.1053126
10.00,24,109,815.0615254
10.00,24,110,815.0291239
10.00,24,111,814.9775802
10.00,24,112,814.9593028
10.00,24,113,814.8958114
10.00,24,114,814.8550382
10.00,24,115,814.8169502
10.00,24,116,814.7702174
10.00,24,117,814.7426592
10.00,24,118,814.6869122
10.00,24,119,814.6751802
10.00,24,120,814.6058386
10.00,24,121,814.563669
10.00,24,122,814.5286017
10.00,24,123,814.4795662
10.00,24,124,814.4569341
10.00,24,125,814.3973648
10.00,24,126,814.3938235
10.00,24,127,814.3180767
10.00,24,128,814.2732523
10.00,24,129,814.2425791
10.00,24,130,814.1897524
10.00,24,131,814.173078
10.00,24,132,814.1082187
10.00,24,133,814.0675803
10.00,24,134,814.0300312
10.00,24,135,813.9833537
10.00,24,136,813.9566854
10.00,24,137,813.900779
10.00,24,138,813.8907417
10.00,24,139,813.8207199
10.00,24,140,813.7779408
10.00,24,141,813.7439439
10.00,24,142,813.6942235
10.00,24,143,813.6723295
10.00,24,144,813.6122018
10.00,24,145,813.6083418
10.00,24,146,813.5326566
10.00,24,147,813.4886839
10.00,24,148,813.4574044
10.00,24,149,813.4056624
10.00,24,150,813.3883052
10.00,24,151,813.3247297
10.00,24,152,813.2842256
10.00,24,153,813.2465368
10.00,24,154,813.2002468
10.00,24,155,813.1726191
10.00,24,156,813.1176773
10.00,24,157,813.1050011
10.00,24,158,813.0371589
10.00,24,159,812.9957776
10.00,24,160,812.9601406
10.00,24,161,812.9123593
10.00,24,162,812.8881293
10.00,24,163,812.8306403
10.00,24,164,812.8237198
10.00,24,165,812.7514924
10.00,24,166,812.7081824
10.00,24,167,812.6756447
10.00,24,168,812.6251861
10.00,24,169,812.6049706
10.00,24,170,812.5438798
10.00,24,171,812.5418803
10.00,24,172,812.4650226
10.00,24,173,812.4209009
10.00,24,174,812.3904082
10.00,24,175,812.338504
10.00,24,176,812.3218082
10.00,24,177,812.2581395
10.00,24,178,812.217805
10.00,24,179,812.1804073
10.00,24,180,812.1343974
10.00,24,181,812.1067633
10.00,24,182,812.0523321
10.00,24,183,812.0390975
10.00,24,184,811.9722053
10.00,24,185,811.9313325
10.00,24,186,811.8953706
10.00,24,187,811.8483892
10.00,24,188,811.8231985
10.00,24,189,811.7670223
10.00,24,190,811.7580491
10.00,24,191,811.6880205
10.00,24,192,811.6456622
10.00,24,193,811.6120259
10.00,24,194,811.5630369
10.00,24,195,811.5407178
10.00,24,196,811.4819388
10.00,24,197,811.4762294
10.00,24,198,811.4030372
10.00,24,199,811.3602893
10.00,24,200,811.3279067
10.00,25,1,889.0572156
10.00,25,2,888.8684441
10.00,25,3,888.7457082
10.00,25,4,888.6617384
10.00,25,5,888.5987542
10.00,25,6,888.5478519
10.00,25,7,888.5035962
10.00,25,8,888.489632
10.00,25,9,888.4239326
10.00,25,10,888.3715229
10.00,25,11,888.3264216
10.00,25,12,888.3184967
10.00,25,13,888.2497248
10.00,25,14,888.195607
10.00,25,15,888.1495445
10.00,25,16,888.1484641
10.00,25,17,888.0762054
10.00,25,18,888.0201464
10.00,25,19,887.9729882
10.00,25,20,887.9309226
10.00,25,21,887.9036084
10.00,25,22,887.8452727
10.00,25,23,887.7968251
10.00,25,24,887.7540452
10.00,25,25,887.7319414
10.00,25,26,887.6709914
10.00,25,27,887.6210594
10.00,25,28,887.5774545
10.00,25,29,887.5613452
10.00,25,30,887.4973833
10.00,25,31,887.4457365
10.00,25,32,887.401176
10.00,25,33,887.3919906
10.00,25,34,887.3245465
10.00,25,35,887.2709119
10.00,25,36,887.2252409
10.00,25,37,887.2240854
10.00,25,38,887.1526004
10.00,25,39,887.0966533
10.00,25,40,887.0496875
10.00,25,41,887.0077086
10.00,25,42,886.981516
10.00,25,43,886.9229436
10.00,25,44,886.8745048
10.00,25,45,886.8316916
10.00,25,46,886.8115921
10.00,25,47,886.7499534
10.00,25,48,886.6997912
10.00,25,49,886.6559981
10.00,25,50,886.6430333
10.00,25,51,886.5777997
10.00,25,52,886.5256136
10.00,25,53,886.4806662
10.00,25,54,886.4760915
10.00,25,55,886.4066268
10.00,25,56,886.3520555
10.00,25,57,886.3057431
10.00,25,58,886.2642001
10.00,25,59,886.2367462
10.00,25,60,886.1792942
10.00,25,61,886.1313278
10.00,25,62,886.0888532
10.00,25,63,886.0683054
10.00,25,64,886.0074175
10.00,25,65,885.9574726
10.00,25,66,885.9138804
10.00,25,67,885.9016039
10.00,25,68,885.8365996
10.00,25,69,885.7842776
10.00,25,70,885.7393393
10.00,25,71,885.7370196
10.00,25,72,885.6670611
10.00,25,73,885.6118699
10.00,25,74,885.5653035
10.00,25,75,885.5235718
10.00,25,76,885.4988952
10.00,25,77,885.4403027
10.00,25,78,885.3918022
10.00,25,79,885.3489578
10.00,25,80,885.3325671
10.00,25,81,885.2698455
10.00,25,82,885.2189936
10.00,25,83,885.1747912
10.00,25,84,885.1685049
10.00,25,85,885.100747
10.00,25,86,885.0470228
10.00,25,87,885.0011561
10.00,25,88,884.9598744
10.00,25,89,884.9334544
10.00,25,90,884.8761487
10.00,25,91,884.8281998
10.00,25,92,884.7857283
10.00,25,93,884.7683252
10.00,25,94,884.7065844
10.00,25,95,884.6560485
10.00,25,96,884.6120953
10.00,25,97,884.6059294
10.00,25,98,884.5386658
10.00,25,99,884.4848983
10.00,25,100,884.4390902
10.00,25,101,884.3977874
10.00,25,102,884.3726492
10.00,25,103,884.3148982
10.00,25,104,884.266799
10.00,25,105,884.2241612
10.00,25,106,884.2092077
10.00,25,107,884.1464432
10.00,25,108,884.0954559
10.00,25,109,884.0511292
10.00,25,110,884.0490749
10.00,25,111,883.9799641
10.00,25,112,883.9253163
10.00,25,113,883.8788412
10.00,25,114,883.8371924
10.00,25,115,883.8161798
10.00,25,116,883.7568028
10.00,25,117,883.7075421
10.00,25,118,883.6642803
10.00,25,119,883.655822
10.00,25,120,883.5903545
10.00,25,121,883.537494
10.00,25,122,883.4921434
10.00,25,123,883.4510841
10.00,25,124,883.4264384
10.00,25,125,883.3689719
10.00,25,126,883.3209432
10.00,25,127,883.2783051
10.00,25,128,883.2660259
10.00,25,129,883.2025519
10.00,25,130,883.1510254
10.00,25,131,883.1063173
10.00,25,132,883.065667
10.00,25,133,883.0390458
10.00,25,134,882.9828723
10.00,25,135,882.9354036
10.00,25,136,882.893139
10.00,25,137,882.8794071
10.00,25,138,882.81706
10.00,25,139,882.76591
10.00,25,140,882.7214879
10.00,25,141,882.6809465
10.00,25,142,882.654261
10.00,25,143,882.5982364
10.00,25,144,882.5509521
10.00,25,145,882.5087063
10.00,25,146,882.4957307
10.00,25,147,882.4331352
10.00,25,148,882.381987
10.00,25,149,882.337431
10.00,25,150,882.2968379
10.00,25,151,882.2717018
10.00,25,152,882.2152512
10.00,25,153,882.1675121
10.00,25,154,882.1250376
10.00,25,155,882.1153481
10.00,25,156,882.0516052
10.00,25,157,881.9994705
10.00,25,158,881.954393
10.00,25,159,881.9134216
10.00,25,160,881.8921275
10.00,25,161,881.8339554
10.00,25,162,881.785296
10.00,25,163,881.7421664
10.00,25,164,881.738747
10.00,25,165,881.6721339
10.00,25,166,881.6184608
10.00,25,167,881.5722973
10.00,25,168,881.5307068
10.00,25,169,881.5157781
10.00,25,170,881.4549666
10.00,25,171,881.4044648
10.00,25,172,881.3602818
10.00,25,173,881.3198077
10.00,25,174,881.2961139
10.00,25,175,881.2394624
10.00,25,176,881.1915977
10.00,25,177,881.148885
10.00,25,178,881.1442332
10.00,25,179,881.0787128
10.00,25,180,881.0255322
10.00,25,181,880.9795732
10.00,25,182,880.9380537
10.00,25,183,880.9244382
10.00,25,184,880.8634522
10.00,25,185,880.8127047
10.00,25,186,880.7682965
10.00,25,187,880.7276403
10.00,25,188,880.7071436
10.00,25,189,880.6493782
10.00,25,190,880.6007298
10.00,25,191,880.5574691
10.00,25,192,880.5175354
10.00,25,193,880.4916383
10.00,25,194,880.4366215
10.00,25,195,880.3894309
10.00,25,196,880.347108
10.00,25,197,880.3425092
10.00,25,198,880.2778609
10.00,25,199,880.2246979
10.00,25,200,880.1787379
10.00,26,1,649.2940183
10.00,26,2,648.7771329
10.00,26,3,648.6466097
10.00,26,4,648.5858898
10.00,26,5,648.4638338
10.00,26,6,648.3824973
10.00,26,7,648.3232948
10.00,26,8,648.2206171
10.00,26,9,648.134579
10.00,26,10,648.1276482
10.00,26,11,647.9924898
10.00,26,12,647.8962244
10.00,26,13,647.8123178
10.00,26,14,647.7978233
10.00,26,15,647.6677285
10.00,26,16,647.5738208
10.00,26,17,647.4914167
10.00,26,18,647.4703531
10.00,26,19,647.344703
10.00,26,20,647.252793
10.00,26,21,647.1717487
10.00,26,22,647.1448995
10.00,26,23,647.0232236
10.00,26,24,646.9331031
10.00,26,25,646.8532875
10.00,26,26,646.8213496
10.00,26,27,646.7032174
10.00,26,28,646.6147126
10.00,26,29,646.5360098
10.00,26,30,646.4995933
10.00,26,31,646.3846274
10.00,26,32,646.2975863
10.00,26,33,646.2198949
10.00,26,34,646.1795353
10.00,26,35,646.0674052
10.00,26,36,645.9816934
10.00,26,37,645.9049241
10.00,26,38,645.8610937
10.00,26,39,645.7515087
10.00,26,40,645.6670072
10.00,26,41,645.591081
10.00,26,42,645.5441982
10.00,26,43,645.4369016
10.00,26,44,645.3535037
10.00,26,45,645.2783506
10.00,26,46,645.228788
10.00,26,47,645.1235517
10.00,26,48,645.041162
10.00,26,49,644.9667194
10.00,26,50,644.9148105
10.00,26,51,644.8114307
10.00,26,52,644.7299632
10.00,26,53,644.6561748
10.00,26,54,644.6022198
10.00,26,55,644.5005135
10.00,26,56,644.4198903
10.00,26,57,644.3467054
10.00,26,58,644.2909754
10.00,26,59,644.1907778
10.00,26,60,644.1109278
10.00,26,61,644.1100476
10.00,26,62,643.9875232
10.00,26,63,643.8854694
10.00,26,64,643.8049499
10.00,26,65,643.7319452
10.00,26,66,643.6785115
10.00,26,67,643.5778905
10.00,26,68,643.4980759
10.00,26,69,643.4255944
10.00,26,70,643.3708265
10.00,26,71,643.2714494
10.00,26,72,643.1922864
10.00,26,73,643.1202852
10.00,26,74,643.0644019
10.00,26,75,642.9661337
10.00,26,76,642.8875665
10.00,26,77,642.8858734
10.00,26,78,642.765547
10.00,26,79,642.6651316
10.00,26,80,642.5857604
10.00,26,81,642.513736
10.00,26,82,642.4612672
10.00,26,83,642.3619058
10.00,26,84,642.2830723
10.00,26,85,642.2114625
10.00,26,86,642.1582438
10.00,26,87,642.0597732
10.00,26,88,641.9814335
10.00,26,89,641.9102019
10.00,26,90,641.8564197
10.00,26,91,641.7587252
10.00,26,92,641.6808317
10.00,26,93,641.6099463
10.00,26,94,641.555774
10.00,26,95,641.4587511
10.00,26,96,641.3812579
10.00,26,97,641.3106887
10.00,26,98,641.2562903
10.00,26,99,641.1598405
10.00,26,100,641.0827036
10.00,26,101,641.0124221
10.00,26,102,640.9579546
10.00,26,103,640.861984
10.00,26,104,640.7851614
10.00,26,105,640.7851304
10.00,26,106,640.6670888
10.00,26,107,640.5683859
10.00,26,108,640.4904943
10.00,26,109,640.4198284
10.00,26,110,640.3708081
10.00,26,111,640.2725377
10.00,26,112,640.1949062
10.00,26,113,640.1244736
10.00,26,114,640.0757008
10.00,26,115,639.9777239
10.00,26,116,639.9003182
10.00,26,117,639.8300885
10.00,26,118,639.7817208
10.00,26,119,639.6839408
10.00,26,120,639.6067212
10.00,26,121,639.536667
10.00,26,122,639.4888565
10.00,26,123,639.3911826
10.00,26,124,639.3141091
10.00,26,125,639.2442037
10.00,26,126,639.1971005
10.00,26,127,639.0994436
10.00,26,128,639.0224763
10.00,26,129,638.9526933
10.00,26,130,638.9064471
10.00,26,131,638.8087185
10.00,26,132,638.7318178
10.00,26,133,638.6621308
10.00,26,134,638.6168915
10.00,26,135,638.5190024
10.00,26,136,638.4421288
10.00,26,137,638.3725115
10.00,26,138,638.3284303
10.00,26,139,638.2302912
10.00,26,140,638.1534051
10.00,26,141,638.0838306
10.00,26,142,638.0410611
10.00,26,143,637.9425814
10.00,26,144,637.8656426
10.00,26,145,637.7960838
10.00,26,146,637.7547823
10.00,26,147,637.6558697
10.00,26,148,637.5788376
10.00,26,149,637.509267
10.00,26,150,637.4695937
10.00,26,151,637.3701537
10.00,26,152,637.2929868
10.00,26,153,637.223376
10.00,26,154,637.1854959
10.00,26,155,637.0854312
10.00,26,156,637.0080873
10.00,26,157,636.9384071
10.00,26,158,636.9024905
10.00,26,159,636.8017007
10.00,26,160,636.7241362
10.00,26,161,636.6543566
10.00,26,162,636.6205801
10.00,26,163,636.5189611
10.00,26,164,636.4411313
10.00,26,165,636.371221
10.00,26,166,636.3397682
10.00,26,167,636.2372119
10.00,26,168,636.1590706
10.00,26,169,636.0889972
10.00,26,170,636.0600596
10.00,26,171,635.9564528
10.00,26,172,635.8779523
10.00,26,173,635.807682
10.00,26,174,635.7814598
10.00,26,175,635.6766845
10.00,26,176,635.5977752
10.00,26,177,635.5272725
10.00,26,178,635.5039755
10.00,26,179,635.3979077
10.00,26,180,635.318538
10.00,26,181,635.2477661
10.00,26,182,635.2276141
10.00,26,183,635.1201238
10.00,26,184,635.0402402
10.00,26,185,634.9691602
10.00,26,186,634.9523844
10.00,26,187,634.8433347
10.00,26,188,634.7628814
10.00,26,189,634.6914525
10.00,26,190,634.6782959
10.00,26,191,634.5675427
10.00,26,192,634.4864614
10.00,26,193,634.4146409
10.00,26,194,634.4053593
10.00,26,195,634.2927505
10.00,26,196,634.2109806
10.00,26,197,634.1387234
10.00,26,198,634.1335861
10.00,26,199,634.0189614
10.00,26,200,633.9364396
10.00,27,1,743.4407081
10.00,27,2,738.9436382
10.00,27,3,735.456379
10.00,27,4,732.0547766
10.00,27,5,729.0843178
10.00,27,6,726.2622335
10.00,27,7,723.6321603
10.00,27,8,721.1473773
10.00,27,9,718.7526808
10.00,27,10,716.4823013
10.00,27,11,715.3383447
10.00,27,12,712.3485523
10.00,27,13,709.7772477
10.00,27,14,707.3401561
10.00,27,15,705.0824643
10.00,27,16,702.9547521
10.00,27,17,700.9061963
10.00,27,18,698.9672843
10.00,27,19,698.3150129
10.00,27,20,695.667905
10.00,27,21,693.411542
10.00,27,22,691.2761213
10.00,27,23,689.3050885
10.00,27,24,687.4507293
10.00,27,25,685.666035
10.00,27,26,683.9792143
10.00,27,27,683.7187322
10.00,27,28,681.3362976
10.00,27,29,679.3235961
10.00,27,30,677.4175132
10.00,27,31,675.6661465
10.00,27,32,674.019702
10.00,27,33,672.4372162
10.00,27,34,670.9434578
10.00,27,35,669.4754089
10.00,27,36,669.1039129
10.00,27,37,667.2291243
10.00,27,38,665.4387201
10.00,27,39,663.8260908
10.00,27,40,662.3078541
10.00,27,41,660.8631266
10.00,27,42,659.5020828
10.00,27,43,658.1695636
10.00,27,44,656.9059794
10.00,27,45,656.5799994
10.00,27,46,654.8610072
10.00,27,47,653.3514881
10.00,27,48,651.9218849
10.00,27,49,650.5808494
10.00,27,50,649.3172422
10.00,27,51,648.0884036
10.00,27,52,646.9261918
10.00,27,53,645.7752185
10.00,27,54,644.6792233
10.00,27,55,644.186825
10.00,27,56,642.7679952
10.00,27,57,641.4803589
10.00,27,58,640.2594716
10.00,27,59,639.0936851
10.00,27,60,637.9919829
10.00,27,61,636.9102093
10.00,27,62,635.8844487
10.00,27,63,634.8628466
10.00,27,64,633.8884845
10.00,27,65,633.5617643
10.00,27,66,632.2967086
10.00,27,67,631.1439011
10.00,27,68,630.0428097
10.00,27,69,628.9901385
10.00,27,70,627.9912467
10.00,27,71,627.0096274
10.00,27,72,626.0776437
10.00,27,73,625.1481162
10.00,27,74,624.2622531
10.00,27,75,623.3722819
10.00,27,76,622.5199765
10.00,27,77,622.1570107
10.00,27,78,621.0956024
10.00,27,79,620.1044472
10.00,27,80,619.1519216
10.00,27,81,618.2294585
10.00,27,82,617.3492196
10.00,27,83,616.4780028
10.00,27,84,615.6478001
10.00,27,85,614.8158902
10.00,27,86,614.0218467
10.00,27,87,613.2209646
10.00,27,88,612.4542291
10.00,27,89,611.6785576
10.00,27,90,610.9333645
10.00,27,91,610.6645452
10.00,27,92,609.7637609
10.00,27,93,608.9111354
10.00,27,94,608.0815473
10.00,27,95,607.2735295
10.00,27,96,606.4947415
10.00,27,97,605.722011
10.00,27,98,604.9806932
10.00,27,99,604.2364862
10.00,27,100,603.5237427
10.00,27,101,602.8030918
10.00,27,102,602.1128714
10.00,27,103,601.4120845
10.00,27,104,600.7401958
10.00,27,105,600.0564942
10.00,27,106,599.3999823
10.00,27,107,598.7312467
10.00,27,108,598.087991
10.00,27,109,597.432582
10.00,27,110,596.8010324
10.00,27,111,596.7068102
10.00,27,112,595.9845465
10.00,27,113,595.2958685
10.00,27,114,594.6084991
10.00,27,115,593.9410775
10.00,27,116,593.2816185
10.00,27,117,592.6326217
10.00,27,118,591.9960175
10.00,27,119,591.3632374
10.00,27,120,590.7457832
10.00,27,121,590.1274913
10.00,27,122,589.5264453
10.00,27,123,588.9212884
10.00,27,124,588.3346069
10.00,27,125,587.7415303
10.00,27,126,587.1676864
10.00,27,127,586.5858797
10.00,27,128,586.0237369
10.00,27,129,585.4525964
10.00,27,130,584.9013219
10.00,27,131,584.3404272
10.00,27,132,583.799433
10.00,27,133,583.2485346
10.00,27,134,582.7174397
10.00,27,135,582.1764592
10.00,27,136,581.6550672
10.00,27,137,581.1241077
10.00,27,138,580.6123985
10.00,27,139,580.091769
10.00,27,140,579.5899026
10.00,27,141,579.0801574
10.00,27,142,578.5884893
10.00,27,143,578.0904877
10.00,27,144,577.6095979
10.00,27,145,577.1245905
10.00,27,146,576.6553264
10.00,27,147,576.1850772
10.00,27,148,575.7286151
10.00,27,149,575.2755741
10.00,27,150,574.8334999
10.00,27,151,574.4010451
10.00,27,152,573.9754604
10.00,27,153,573.568238
10.00,27,154,573.1618916
10.00,27,155,572.786292
10.00,27,156,572.4027373
10.00,27,157,572.067562
10.00,27,158,571.7113286
10.00,27,159,571.4287168
10.00,27,160,571.1054674
10.00,27,161,570.8921716
10.00,27,162,570.6087751
10.00,27,163,570.4878859
10.00,27,164,570.2522675
10.00,27,165,566.996692
10.00,27,166,564.9165286
10.00,27,167,564.7604747
10.00,27,168,564.5910476
10.00,27,169,562.20858
10.00,27,170,560.395906
10.00,27,171,560.3736667
10.00,27,172,558.0433447
10.00,27,173,555.3688145
10.00,27,174,555.154987
10.00,27,175,555.0028461
10.00,27,176,554.914833
10.00,27,177,553.2084393
10.00,27,178,552.4784519
10.00,27,179,549.7587283
10.00,27,180,549.476937
10.00,27,181,547.959978
10.00,27,182,547.1232449
10.00,27,183,547.0320836
10.00,27,184,545.8038198
10.00,27,185,544.6128804
10.00,27,186,542.5400244
10.00,27,187,541.9470283
10.00,27,188,540.836723
10.00,27,189,540.5724283
10.00,27,190,537.6969837
10.00,27,191,537.3038505
10.00,27,192,537.1653323
10.00,27,193,537.152347
10.00,27,194,536.039315
10.00,27,195,535.4898453
10.00,27,196,534.4127404
10.00,27,197,533.9737164
10.00,27,198,532.8039735
10.00,27,199,532.6259457
10.00,27,200,531.2133669
10.00,28,1,786.9321855
10.00,28,2,778.0769724
10.00,28,3,759.7438374
10.00,28,4,758.2696833
10.00,28,5,757.0107623
10.00,28,6,755.9976328
10.00,28,7,755.118952
10.00,28,8,754.3905196
10.00,28,9,753.7462346
10.00,28,10,753.1953044
10.00,28,11,752.6971738
10.00,28,12,752.2577911
10.00,28,13,751.8516436
10.00,28,14,751.4828739
10.00,28,15,751.1351114
10.00,28,16,750.8113789
10.00,28,17,750.5010003
10.00,28,18,750.2062375
10.00,28,19,749.9200323
10.00,28,20,749.6440966
10.00,28,21,749.6177518
10.00,28,22,749.3167045
10.00,28,23,748.997211
10.00,28,24,748.7112556
10.00,28,25,748.4126127
10.00,28,26,748.1379404
10.00,28,27,747.8545708
10.00,28,28,747.5885045
10.00,28,29,747.3165201
10.00,28,30,747.0571445
10.00,28,31,746.7937917
10.00,28,32,746.5397124
10.00,28,33,746.2830124
10.00,28,34,746.0331972
10.00,28,35,745.7817081
10.00,28,36,745.0878776
10.00,28,37,738.1624295
10.00,28,38,715.619109
10.00,28,39,715.3391824
10.00,28,40,715.3160485
10.00,28,41,715.012366
10.00,28,42,714.7505515
10.00,28,43,714.4790248
10.00,28,44,714.2368596
10.00,28,45,713.9875087
10.00,28,46,713.7590393
10.00,28,47,713.5252686
10.00,28,48,713.3065423
10.00,28,49,713.083929
10.00,28,50,712.8722867
10.00,28,51,712.657821
10.00,28,52,712.4514489
10.00,28,53,712.2430523
10.00,28,54,712.0406933
10.00,28,55,711.8369086
10.00,28,56,711.6376777
10.00,28,57,711.4374678
10.00,28,58,711.2407304
10.00,28,59,711.0433462
10.00,28,60,710.8486397
10.00,28,61,710.6535321
10.00,28,62,710.4605132
10.00,28,63,710.2672739
10.00,28,64,710.2667952
10.00,28,65,710.0321034
10.00,28,66,709.8199317
10.00,28,67,709.5949581
10.00,28,68,709.3872271
10.00,28,69,709.1700625
10.00,28,70,708.9661572
10.00,28,71,708.7553116
10.00,28,72,708.5547074
10.00,28,73,708.3490108
10.00,28,74,708.1512607
10.00,28,75,707.9497896
10.00,28,76,707.754514
10.00,28,77,707.5565359
10.00,28,78,707.3634128
10.00,28,79,707.1683438
10.00,28,80,706.9771004
10.00,28,81,706.7844735
10.00,28,82,706.5948792
10.00,28,83,706.4043192
10.00,28,84,706.216179
10.00,28,85,706.0273835
10.00,28,86,705.8405329
10.00,28,87,705.6532571
10.00,28,88,705.4675572
10.00,28,89,705.2816027
10.00,28,90,705.2507625
10.00,28,91,705.0309782
10.00,28,92,704.8297349
10.00,28,93,704.6172592
10.00,28,94,704.4193283
10.00,28,95,704.2128671
10.00,28,96,704.0178558
10.00,28,97,703.8163713
10.00,28,98,703.6239334
10.00,28,99,703.4265902
10.00,28,100,703.2364222
10.00,28,101,703.0425457
10.00,28,102,702.8543834
10.00,28,103,702.6634269
10.00,28,104,702.477041
10.00,28,105,702.2885603
10.00,28,106,702.1037526
10.00,28,107,701.9173854
10.00,28,108,701.7339849
10.00,28,109,701.5494349
10.00,28,110,701.3672946
10.00,28,111,701.1843191
10.00,28,112,701.0033125
10.00,28,113,700.8217118
10.00,28,114,700.6417305
10.00,28,115,700.46134
10.00,28,116,700.282291
10.00,28,117,700.2719729
10.00,28,118,700.0768474
10.00,28,119,699.8671376
10.00,28,120,699.674899
10.00,28,121,699.4712132
10.00,28,122,699.2815668
10.00,28,123,699.082928
10.00,28,124,698.8956068
10.00,28,125,698.7012174
10.00,28,126,698.5159813
10.00,28,127,698.3251884
10.00,28,128,698.1418232
10.00,28,129,697.9540903
10.00,28,130,697.7724063
10.00,28,131,697.5872916
10.00,28,132,697.407121
10.00,28,133,697.2242595
10.00,28,134,697.0454548
10.00,28,135,696.8645441
10.00,28,136,696.6869759
10.00,28,137,696.5077647
10.00,28,138,696.3313197
10.00,28,139,696.1535989
10.00,28,140,695.978178
10.00,28,141,695.801773
10.00,28,142,695.6272897
10.00,28,143,695.4520543
10.00,28,144,695.2784334
10.00,28,145,695.1042448
10.00,28,146,694.9314204
10.00,28,147,694.7581756
10.00,28,148,694.5860905
10.00,28,149,694.5749473
10.00,28,150,694.3906436
10.00,28,151,694.1920281
10.00,28,152,694.0097462
10.00,28,153,693.8157885
10.00,28,154,693.635361
10.00,28,155,693.4453921
10.00,28,156,693.2666633
10.00,28,157,693.0801253
10.00,28,158,692.9029526
10.00,28,159,692.7193791
10.00,28,160,692.543632
10.00,28,161,692.3626321
10.00,28,162,692.1881926
10.00,28,163,692.0094378
10.00,28,164,691.8361994
10.00,28,165,691.6594128
10.00,28,166,691.4872798
10.00,28,167,691.3122276
10.00,28,168,691.1411143
10.00,28,169,690.9675986
10.00,28,170,690.7974284
10.00,28,171,690.6252813
10.00,28,172,690.4559857
10.00,28,173,690.2850642
10.00,28,174,690.1165824
10.00,28,175,689.9467648
10.00,28,176,689.7790425
10.00,28,177,689.6102247
10.00,28,178,689.4432137
10.00,28,179,689.2753064
10.00,28,180,689.1089638
10.00,28,181,688.9418907
10.00,28,182,688.7761784
10.00,28,183,688.6098735
10.00,28,184,688.4447576
10.00,28,185,688.2791641
10.00,28,186,688.1146145
10.00,28,187,687.9496835
10.00,28,188,687.9377469
10.00,28,189,687.7509107
10.00,28,190,687.5798819
10.00,28,191,687.3963664
10.00,28,192,687.2264805
10.00,28,193,687.0458877
10.00,28,194,686.8770785
10.00,28,195,686.6990677
10.00,28,196,686.5312719
10.00,28,197,686.3555507
10.00,28,198,686.188709
10.00,28,199,686.015026
10.00,28,200,685.8490827
10.00,29,1,884.304522
10.00,29,2,884.2364953
10.00,29,3,884.1991366
10.00,29,4,884.1770404
10.00,29,5,884.1631458
10.00,29,6,884.1535827
10.00,29,7,884.1499606
10.00,29,8,884.1397819
10.00,29,9,884.1326423
10.00,29,10,884.1269639
10.00,29,11,884.1234938
10.00,30,1,717.1393317
10.00,30,2,717.1153643
10.00,30,3,717.1059258
10.00,30,4,717.1044811
10.00,30,5,717.0983706
10.00,30,6,717.0956606
10.00,30,7,717.0912452
10.00,30,8,717.0912054
10.00,31,1,780.8582396
10.00,31,2,780.8044732
10.00,31,3,780.7561162
10.00,31,4,780.7106143
10.00,31,5,780.6687424
10.00,31,6,780.6289534
10.00,31,7,780.5916842
10.00,31,8,780.5559546
10.00,31,9,780.5219915
10.00,31,10,780.489165
10.00,31,11,780.4575832
10.00,31,12,780.4268378
10.00,31,13,780.3969724
10.00,31,14,780.3677206
10.00,31,15,780.3390931
10.00,31,16,780.3109145
10.00,31,17,780.28318
10.00,31,18,780.2557736
10.00,31,19,780.2286841
10.00,31,20,780.201834
10.00,31,21,780.1752108
10.00,31,22,780.169652
10.00,31,23,780.1363151
10.00,31,24,780.1040532
10.00,31,25,780.0729536
10.00,31,26,780.0426436
10.00,31,27,780.0131549
10.00,31,28,779.9842438
10.00,31,29,779.9559146
10.00,31,30,779.9280069
10.00,31,31,779.9005125
10.00,31,32,779.8733253
10.00,31,33,779.8464326
10.00,31,34,779.8197636
10.00,31,35,779.8180221
10.00,31,36,779.7838886
10.00,31,37,779.7512703
10.00,31,38,779.7196538
10.00,31,39,779.6891035
10.00,31,40,779.6592862
10.00,31,41,779.6302212
10.00,31,42,779.6016907
10.00,31,43,779.5736923
10.00,31,44,779.5460829
10.00,31,45,779.5188511
10.00,31,46,779.4919019
10.00,31,47,779.4652214
10.00,31,48,779.4387462
10.00,31,49,779.432202
10.00,31,50,779.3989823
10.00,31,51,779.3671322
10.00,31,52,779.3362011
10.00,31,53,779.3062326
10.00,31,54,779.2769343
10.00,31,55,779.2483142
10.00,31,56,779.2201814
10.00,31,57,779.1925278
10.00,31,58,779.1652278
10.00,31,59,779.1382674
10.00,31,60,779.1115632
10.00,31,61,779.0851005
10.00,31,62,779.0809078
10.00,31,63,779.0474727
10.00,31,64,779.0151788
10.00,31,65,778.9841069
10.00,31,66,778.9538674
10.00,31,67,778.9244856
10.00,31,68,778.8957086
10.00,31,69,778.8675353
10.00,31,70,778.8398003
10.00,31,71,778.8124914
10.00,31,72,778.7854997
10.00,31,73,778.7588096
10.00,31,74,778.732349
10.00,31,75,778.7300358
10.00,31,76,778.6961401
10.00,31,77,778.6637741
10.00,31,78,778.6324278
10.00,31,79,778.6021515
10.00,31,80,778.5726159
10.00,31,81,778.5438305
10.00,31,82,778.5155815
10.00,31,83,778.48786
10.00,31,84,778.460526
10.00,31,85,778.433564
10.00,31,86,778.4068817
10.00,31,87,778.3804625
10.00,31,88,778.379372
10.00,31,89,778.3454741
10.00,31,90,778.3128136
10.00,31,91,778.2814769
10.00,31,92,778.2510392
10.00,31,93,778.2215264
10.00,31,94,778.1926642
10.00,31,95,778.1644499
10.00,31,96,778.1367051
10.00,31,97,778.1094156
10.00,31,98,778.0824643
10.00,31,99,778.0558338
10.00,31,100,778.0294468
10.00,31,101,778.0290114
10.00,31,102,777.9948571
10.00,31,103,777.9623181
10.00,31,104,777.9308552
10.00,31,105,777.9005172
10.00,31,106,777.8709576
10.00,31,107,777.8421833
10.00,31,108,777.8139701
10.00,31,109,777.7863068
10.00,31,110,777.7590471
10.00,31,111,777.7321735
10.00,31,112,777.70559
10.00,31,113,777.6792783
10.00,31,114,777.6787813
10.00,31,115,777.6448609
10.00,31,116,777.6122173
10.00,31,117,777.5809302
10.00,31,118,777.5505665
10.00,31,119,777.5211467
10.00,31,120,777.4923922
10.00,31,121,777.4642962
10.00,31,122,777.4366782
10.00,31,123,777.409521
10.00,31,124,777.3827067
10.00,31,125,777.3562157
10.00,31,126,777.3299705
10.00,31,127,777.3288407
10.00,31,128,777.2949012
10.00,31,129,777.2625749
10.00,31,130,777.2313294
10.00,31,131,777.201203
10.00,31,132,777.1718547
10.00,31,133,777.1432848
10.00,31,134,777.1152732
10.00,31,135,777.0878045
10.00,31,136,777.0607357
10.00,31,137,777.0340465
10.00,31,138,777.0076435
10.00,31,139,776.9815069
10.00,31,140,776.979073
10.00,31,141,776.9455897
10.00,31,142,776.9133603
10.00,31,143,776.8824467
10.00,31,144,776.8524355
10.00,31,145,776.8233367
10.00,31,146,776.7948848
10.00,31,147,776.7670672
10.00,31,148,776.7397123
10.00,31,149,776.7127996
10.00,31,150,776.6862173
10.00,31,151,776.6599443
10.00,31,152,776.6339072
10.00,31,153,776.6296853
10.00,31,154,776.5964161
10.00,31,155,776.5646723
10.00,31,156,776.5339615
10.00,31,157,776.5043055
10.00,31,158,776.4753894
10.00,31,159,776.4472045
10.00,31,160,776.4195481
10.00,31,161,776.3923999
10.00,31,162,776.3656285
10.00,31,163,776.3392114
10.00,31,164,776.3130627
10.00,31,165,776.2871617
10.00,31,166,776.2806177
10.00,31,167,776.2479804
10.00,31,168,776.2165158
10.00,31,169,776.1862601
10.00,31,170,776.1568438
10.00,31,171,776.1282633
10.00,31,172,776.1002815
10.00,31,173,776.0728789
10.00,31,174,776.0459026
10.00,31,175,776.0193288
10.00,31,176,775.993058
10.00,31,177,775.967068
10.00,31,178,775.9657646
10.00,31,179,775.9322008
10.00,31,180,775.8999544
10.00,31,181,775.8690787
10.00,31,182,775.8391451
10.00,31,183,775.8101563
10.00,31,184,775.7818386
10.00,31,185,775.754174
10.00,31,186,775.7269863
10.00,31,187,775.7002513
10.00,31,188,775.6738547
10.00,31,189,775.6477727
10.00,31,190,775.6219308
10.00,31,191,775.6171128
10.00,31,192,775.5840943
10.00,31,193,775.5526078
10.00,31,194,775.5221652
10.00,31,195,775.492776
10.00,31,196,775.4641296
10.00,31,197,775.4362094
10.00,31,198,775.4088163
10.00,31,199,775.3819253
10.00,31,200,775.3554076
10.00,32,1,704.0569383
10.00,32,2,702.1289653
10.00,32,3,700.7356336
10.00,32,4,699.7576192
10.00,32,5,697.9719805
10.00,32,6,696.6496549
10.00,32,7,695.6030167
10.00,32,8,693.9461828
10.00,32,9,693.9190311
10.00,32,10,691.550466
10.00,32,11,690.0691111
10.00,32,12,689.7340136
10.00,32,13,687.6978361
10.00,32,14,686.3430446
10.00,32,15,685.7545891
10.00,32,16,683.9678839
10.00,32,17,682.7520885
10.00,32,18,681.9473143
10.00,32,19,680.4082595
10.00,32,20,679.2954243
10.00,32,21,678.3288033
10.00,32,22,676.9747275
10.00,32,23,676.6932359
10.00,32,24,674.855496
10.00,32,25,673.6721149
10.00,32,26,673.0954172
10.00,32,27,671.5596897
10.00,32,28,670.4933488
10.00,32,29,669.7093189
10.00,32,30,668.4404584
10.00,32,31,668.2374852
10.00,32,32,657.8089022
10.00,32,33,656.3921036
10.00,32,34,655.9477167
10.00,32,35,649.2478174
10.00,32,36,646.2750761
10.00,32,37,644.6546976
10.00,32,38,643.6356314
10.00,32,39,642.8632486
10.00,32,40,642.2503322
10.00,32,41,641.2643507
10.00,32,42,640.5092204
10.00,32,43,639.9250166
10.00,32,44,638.9549427
10.00,32,45,638.2127977
10.00,32,46,637.6689624
10.00,32,47,636.7021254
10.00,32,48,635.9624399
10.00,32,49,635.3275178
10.00,32,50,635.1460204
10.00,32,51,635.1069999
10.00,32,52,634.8735877
10.00,32,53,634.8218127
10.00,32,54,634.4750817
10.00,32,55,634.3660948
10.00,32,56,633.8668242
10.00,32,57,626.5225629
10.00,32,58,625.4595959
10.00,32,59,624.672839
10.00,32,60,624.1450725
10.00,32,61,624.0139255
10.00,32,62,623.5569495
10.00,32,63,623.3863672
10.00,32,64,623.3741779
10.00,32,65,623.3725877
10.00,32,66,623.3289957
10.00,32,67,623.3227719
10.00,32,68,623.2789725
10.00,32,69,623.2752534
10.00,32,70,623.2308374
10.00,32,71,623.2296151
10.00,32,72,623.1841764
10.00,32,73,623.1688972
10.00,32,74,623.0147564
10.00,32,75,622.0134684
10.00,32,76,621.5563073
10.00,32,77,614.1196961
10.00,32,78,613.3186818
10.00,32,79,612.6521354
10.00,32,80,612.0551212
10.00,32,81,611.5131202
10.00,32,82,611.3000249
10.00,32,83,610.5318955
10.00,32,84,609.8691685
10.00,32,85,609.2862479
10.00,32,86,608.7402846
10.00,32,87,608.2309425
10.00,32,88,607.9041817
10.00,32,89,607.56645
10.00,32,90,607.4486527
10.00,32,91,605.9322826
10.00,32,92,605.8768709
10.00,32,93,604.4833079
10.00,32,94,603.061939
10.00,32,95,601.6659973
10.00,32,96,601.6576134
10.00,32,97,601.5858916
10.00,32,98,601.5739264
10.00,32,99,601.5357728
10.00,32,100,601.5156124
10.00,32,101,601.5140784
10.00,32,102,601.4695181
10.00,32,103,601.457046
10.00,32,104,601.4288807
10.00,32,105,601.4114063
10.00,32,106,601.4089368
10.00,32,107,601.3720304
10.00,32,108,601.3594071
10.00,32,109,601.3371413
10.00,32,110,601.3345555
10.00,32,111,601.2893506
10.00,32,112,601.2824939
10.00,32,113,601.2569168
10.00,32,114,601.2438383
10.00,32,115,601.2270487
10.00,32,116,601.2158768
10.00,32,117,601.1837716
10.00,32,118,601.1746591
10.00,32,119,601.1550686
10.00,32,120,601.1417415
10.00,32,121,601.1376681
10.00,32,122,601.1129686
10.00,32,123,601.102847
10.00,32,124,601.085938
10.00,32,125,601.0851361
10.00,32,126,601.0481787
10.00,32,127,601.0443069
10.00,32,128,601.0206964
10.00,32,129,601.0110019
10.00,32,130,600.9946908
10.00,32,131,600.9941626
10.00,32,132,600.9581738
10.00,32,133,600.9545491
10.00,32,134,600.9313824
10.00,32,135,600.922018
10.00,32,136,600.9059237
10.00,32,137,600.8934841
10.00,32,138,600.8890701
10.00,32,139,600.8670012
10.00,32,140,600.5758672
10.00,32,141,596.9590955
10.00,32,142,596.3599883
10.00,32,143,595.7751838
10.00,32,144,595.2255002
10.00,32,145,593.6301171
10.00,32,146,593.616468
10.00,32,147,591.812037
10.00,32,148,591.7399159
10.00,32,149,591.705815
10.00,32,150,591.6767126
10.00,32,151,591.6463158
10.00,32,152,591.6198164
10.00,32,153,591.5924802
10.00,32,154,591.5682086
10.00,32,155,591.5434141
10.00,32,156,591.5210391
10.00,32,157,591.4983647
10.00,32,158,591.4775976
10.00,32,159,591.4566977
10.00,32,160,591.437289
10.00,32,161,591.4178792
10.00,32,162,591.3996145
10.00,32,163,591.3814591
10.00,32,164,591.3641555
10.00,32,165,591.3470586
10.00,32,166,591.3469794
10.00,32,167,591.3017829
10.00,32,168,591.2837958
10.00,32,169,591.2714277
10.00,32,170,591.2538514
10.00,32,171,591.2421733
10.00,32,172,591.2249146
10.00,32,173,591.2138507
10.00,32,174,591.1968273
10.00,32,175,591.1863179
10.00,32,176,591.1694563
10.00,32,177,591.159456
10.00,32,178,591.1426896
10.00,32,179,591.1331654
10.00,32,180,591.116433
10.00,32,181,591.1073627
10.00,32,182,591.0906074
10.00,32,183,591.0819786
10.00,32,184,591.0651466
10.00,32,185,591.0569555
10.00,32,186,591.0399947
10.00,32,187,591.0322457
10.00,32,188,591.0151053
10.00,32,189,591.0078104
10.00,32,190,590.9904394
10.00,32,191,590.9836179
10.00,32,192,590.9659647
10.00,32,193,590.9596431
10.00,32,194,590.9416542
10.00,32,195,590.9358665
10.00,32,196,590.917486
10.00,32,197,590.9122734
10.00,32,198,590.8934418
10.00,32,199,590.8888538
10.00,32,200,590.8695072
10.00,33,1,930.5813341
10.00,33,2,930.5460977
10.00,33,3,930.2821715
10.00,33,4,930.0796657
10.00,33,5,929.7244983
10.00,33,6,929.6566714
10.00,33,7,929.1713399
10.00,33,8,929.0503316
10.00,33,9,929.0220438
10.00,33,10,929.0103348
10.00,33,11,928.7427604
10.00,33,12,928.5448173
10.00,33,13,928.1903471
10.00,33,14,928.1200903
10.00,33,15,927.6429302
10.00,33,16,927.5197503
10.00,33,17,927.4887613
10.00,33,18,927.4747796
10.00,33,19,927.2175881
10.00,33,20,927.0049528
10.00,33,21,926.6703314
10.00,33,22,926.5709129
10.00,33,23,926.1286132
10.00,33,24,925.9958425
10.00,33,25,925.9596481
10.00,33,26,925.940434
10.00,33,27,925.9375591
10.00,33,28,925.6425632
10.00,33,29,924.6365686
10.00,33,30,920.2088609
10.00,33,31,918.0743801
10.00,33,32,894.4326043
10.00,33,33,894.3351067
10.00,33,34,894.3058015
10.00,33,35,894.2930495
10.00,33,36,894.0474616
10.00,33,37,894.0089162
10.00,33,38,893.1910888
10.00,33,39,893.1368426
10.00,33,40,893.110943
10.00,33,41,893.1005263
10.00,33,42,892.8445937
10.00,33,43,892.8374548
10.00,33,44,891.9941107
10.00,33,45,891.9436795
10.00,33,46,891.9199319
10.00,33,47,891.9105686
10.00,33,48,891.650886
10.00,33,49,891.6507346
10.00,33,50,890.8062331
10.00,33,51,890.7548741
10.00,33,52,890.7319307
10.00,33,53,890.7222142
10.00,33,54,890.4662112
10.00,33,55,890.446675
10.00,33,56,889.6273179
10.00,33,57,889.5701112
10.00,33,58,889.5466318
10.00,33,59,889.5351495
10.00,33,60,889.2904469
10.00,33,61,889.22568
10.00,33,62,888.4572401
10.00,33,63,888.389602
10.00,33,64,888.3643748
10.00,33,65,888.3498494
10.00,33,66,888.3460434
10.00,33,67,888.0729672
10.00,33,68,887.9919608
10.00,33,69,887.2428766
10.00,33,70,887.1434113
10.00,33,71,887.1154022
10.00,33,72,887.0940017
10.00,33,73,887.0781769
10.00,33,74,887.0715465
10.00,33,75,886.8148898
10.00,33,76,886.6822572
10.00,33,77,885.9909415
10.00,33,78,885.8836543
10.00,33,79,885.8546063
10.00,33,80,885.8308946
10.00,33,81,885.8121113
10.00,33,82,885.8014967
10.00,33,83,885.7979639
10.00,33,84,885.5174709
10.00,33,85,885.3143535
10.00,33,86,885.3091592
10.00,33,87,885.0460563
10.00,33,88,884.9251417
10.00,33,89,884.2314055
10.00,33,90,884.1245196
10.00,33,91,884.095404
10.00,33,92,884.0713975
10.00,33,93,884.0520935
10.00,33,94,884.0405951
10.00,33,95,884.0358284
10.00,33,96,883.7632644
10.00,33,97,883.5545542
10.00,33,98,883.5471354
10.00,33,99,883.5470204
10.00,33,100,883.2484247
10.00,33,101,883.0597371
10.00,33,102,883.0566067
10.00,33,103,882.7838305
10.00,33,104,882.6808609
10.00,33,105,881.9809619
10.00,33,106,881.8749841
10.00,33,107,881.8458661
10.00,33,108,881.8216159
10.00,33,109,881.8018137
10.00,33,110,881.7894104
10.00,33,111,881.7833406
10.00,33,112,881.5195539
10.00,33,113,881.4834079
10.00,33,114,880.7237459
10.00,33,115,880.6500509
10.00,33,116,880.6286423
10.00,33,117,880.6120325
10.00,33,118,880.6035699
10.00,33,119,880.6019016
10.00,33,120,880.3135747
10.00,33,121,880.1177915
10.00,33,122,880.1115192
10.00,33,123,879.8577097
10.00,33,124,879.6968363
10.00,33,125,879.069776
10.00,33,126,879.0407041
10.00,33,127,878.6646902
10.00,33,128,878.4949652
10.00,33,129,878.4916968
10.00,33,130,878.2137242
10.00,33,131,878.2094691
10.00,33,132,877.4347969
10.00,33,133,877.3631032
10.00,33,134,877.3416821
10.00,33,135,877.3247789
10.00,33,136,877.315565
10.00,33,137,877.312666
10.00,33,138,877.033229
10.00,33,139,877.0289039
10.00,33,140,876.2602153
10.00,33,141,876.1873726
10.00,33,142,876.1655852
10.00,33,143,876.1481288
10.00,33,144,876.1380726
10.00,33,145,876.1340834
10.00,33,146,875.8617286
10.00,33,147,875.8319943
10.00,33,148,875.0945109
10.00,33,149,875.0165681
10.00,33,150,874.9935349
10.00,33,151,874.9745385
10.00,33,152,874.9623945
10.00,33,153,874.9558982
10.00,33,154,874.6991002
10.00,33,155,874.6199616
10.00,33,156,873.937555
10.00,33,157,873.8509571
10.00,33,158,873.8259308
10.00,33,159,873.8045372
10.00,33,160,873.7892288
10.00,33,161,873.7790005
10.00,33,162,873.7779006
10.00,33,163,873.4993174
10.00,33,164,873.3810562
10.00,33,165,872.743278
10.00,33,166,872.7069603
10.00,33,167,872.3545163
10.00,33,168,872.1715084
10.00,33,169,872.1626943
10.00,33,170,871.9216988
10.00,33,171,871.7907887
10.00,33,172,871.1737345
10.00,33,173,871.0775643
10.00,33,174,871.0502172
10.00,33,175,871.0259831
10.00,33,176,871.0068174
10.00,33,177,870.9919303
10.00,33,178,870.9845816
10.00,33,179,870.9831373
10.00,33,180,870.6985216
10.00,33,181,870.6869252
10.00,33,182,869.9566938
10.00,33,183,869.8776041
10.00,33,184,869.8538472
10.00,33,185,869.833605
10.00,33,186,869.81935
10.00,33,187,869.8099599
10.00,33,188,869.8094842
10.00,33,189,869.5296239
10.00,33,190,869.4037099
10.00,33,191,868.7929263
10.00,33,192,868.7367638
10.00,33,193,868.4141188
10.00,33,194,868.377632
10.00,33,195,867.6828975
10.00,33,196,867.6648045
10.00,33,197,867.3069318
10.00,33,198,867.1298708
10.00,33,199,867.1173756
10.00,33,200,867.1153024
10.00,34,1,842.885917
10.00,34,2,842.6470266
10.00,34,3,842.4865565
10.00,34,4,842.3703842
10.00,34,5,842.2799408
10.00,34,6,842.2041389
10.00,34,7,842.1368045
10.00,34,8,842.1059179
10.00,34,9,842.0088922
10.00,34,10,841.9293672
10.00,34,11,841.8599589
10.00,34,12,841.8446817
10.00,34,13,841.7399111
10.00,34,14,841.6559993
10.00,34,15,841.5841417
10.00,34,16,841.5191565
10.00,34,17,841.4731747
10.00,34,18,841.3841355
10.00,34,19,841.3094103
10.00,34,20,841.2428334
10.00,34,21,841.2089579
10.00,34,22,841.1139277
10.00,34,23,841.0358478
10.00,34,24,840.9674023
10.00,34,25,840.947532
10.00,34,26,840.8455268
10.00,34,27,840.7635384
10.00,34,28,840.6929095
10.00,34,29,840.6891964
10.00,34,30,840.5790996
10.00,34,31,840.4925748
10.00,34,32,840.4194061
10.00,34,33,840.3539206
10.00,34,34,840.3149544
10.00,34,35,840.2231325
10.00,34,36,840.1469923
10.00,34,37,840.0798687
10.00,34,38,840.0532182
10.00,34,39,839.9552792
10.00,34,40,839.8757024
10.00,34,41,839.8066793
10.00,34,42,839.7941226
10.00,34,43,839.6891437
10.00,34,44,839.6056076
10.00,34,45,839.5343913
10.00,34,46,839.4701594
10.00,34,47,839.4248192
10.00,34,48,839.3367603
10.00,34,49,839.2630348
10.00,34,50,839.1974239
10.00,34,51,839.1624852
10.00,34,52,839.069258
10.00,34,53,838.9926619
10.00,34,54,838.925468
10.00,34,55,838.9022994
10.00,34,56,838.8031876
10.00,34,57,838.7233203
10.00,34,58,838.6543173
10.00,34,59,838.6444307
10.00,34,60,838.5386416
10.00,34,61,838.4550606
10.00,34,62,838.383999
10.00,34,63,838.3200971
10.00,34,64,838.2758265
10.00,34,65,838.1879999
10.00,34,66,838.1145799
10.00,34,67,838.0493946
10.00,34,68,838.0147765
10.00,34,69,837.9221535
10.00,34,70,837.8460653
10.00,34,71,837.7794234
10.00,34,72,837.7556084
10.00,34,73,837.6575857
10.00,34,74,837.5784897
10.00,34,75,837.5102019
10.00,34,76,837.4984452
10.00,34,77,837.3943635
10.00,34,78,837.3118893
10.00,34,79,837.2417493
10.00,34,80,837.178559
10.00,34,81,837.1325117
10.00,34,82,837.0462783
10.00,34,83,836.974074
10.00,34,84,836.9097646
10.00,34,85,836.8721321
10.00,34,86,836.7817102
10.00,34,87,836.7072034
10.00,34,88,836.6416415
10.00,34,89,836.6132947
10.00,34,90,836.5182227
10.00,34,91,836.4411574
10.00,34,92,836.3741997
10.00,34,93,836.3560707
10.00,34,94,836.2558538
10.00,34,95,836.1759559
10.00,34,96,836.1074494
10.00,34,97,836.1005314
10.00,34,98,835.9946413
10.00,34,99,835.911619
10.00,34,100,835.8414006
10.00,34,101,835.7784527
10.00,34,102,835.7347275
10.00,34,103,835.6482271
10.00,34,104,835.5760992
10.00,34,105,835.5121281
10.00,34,106,835.4760746
10.00,34,107,835.3857555
10.00,34,108,835.3115284
10.00,34,109,835.2464291
10.00,34,110,835.2187224
10.00,34,111,835.1242251
10.00,34,112,835.0476986
10.00,34,113,834.9813606
10.00,34,114,834.9627096
10.00,34,115,834.8636559
10.00,34,116,834.7846199
10.00,34,117,834.7169272
10.00,34,118,834.7080728
10.00,34,119,834.604067
10.00,34,120,834.5223014
10.00,34,121,834.4531331
10.00,34,122,834.3910102
10.00,34,123,834.3454315
10.00,34,124,834.2607288
10.00,34,125,834.1899707
10.00,34,126,834.127003
10.00,34,127,834.0877973
10.00,34,128,833.9999258
10.00,34,129,833.9274509
10.00,34,130,833.8635681
10.00,34,131,833.8311752
10.00,34,132,833.7398971
10.00,34,133,833.6655753
10.00,34,134,833.6007054
10.00,34,135,833.5755737
10.00,34,136,833.4806462
10.00,34,137,833.4043447
10.00,34,138,833.3384146
10.00,34,139,833.3209979
10.00,34,140,833.2221745
10.00,34,141,833.1437591
10.00,34,142,833.0766947
10.00,34,143,833.0674496
10.00,34,144,832.9644818
10.00,34,145,832.883817
10.00,34,146,832.815544
10.00,34,147,832.8149266
10.00,34,148,832.7075654
10.00,34,149,832.6245161
10.00,34,150,832.5549603
10.00,34,151,832.4929978
10.00,34,152,832.4515248
10.00,34,153,832.3659128
10.00,34,154,832.2949759
10.00,34,155,832.2322926
10.00,34,156,832.19627
10.00,34,157,832.1079539
10.00,34,158,832.0355586
10.00,34,159,831.9721124
10.00,34,160,831.9417929
10.00,34,161,831.8506339
10.00,34,162,831.7767044
10.00,34,163,831.7124543
10.00,34,164,831.688083
10.00,34,165,831.5939459
10.00,34,166,831.5184086
10.00,34,167,831.4533149
10.00,34,168,831.4351272
10.00,34,169,831.3378817
10.00,34,170,831.2606657
10.00,34,171,831.1946903
10.00,34,172,831.1829092
10.00,34,173,831.0824311
10.00,34,174,831.0034693
10.00,34,175,830.9365761
10.00,34,176,830.9314101
10.00,34,177,830.8275827
10.00,34,178,830.7468122
10.00,34,179,830.6789677
10.00,34,180,830.6182812
10.00,34,181,830.5732808
10.00,34,182,830.4906643
10.00,34,183,830.421849
10.00,34,184,830.3606695
10.00,34,185,830.3195463
10.00,34,186,830.2350348
10.00,34,187,830.165223
10.00,34,188,830.1035367
10.00,34,189,830.066362
10.00,34,190,829.9799135
10.00,34,191,829.9090833
10.00,34,192,829.8468786
10.00,34,193,829.8137098
10.00,34,194,829.7252894
10.00,34,195,829.6534231
10.00,34,196,829.5906909
10.00,34,197,829.5615699
10.00,34,198,829.4711511
10.00,34,199,829.3982354
10.00,34,200,829.3349688
10.00,35,1,879.9320804
10.00,35,2,879.8610618
10.00,35,3,879.8218108
10.00,35,4,879.7864612
10.00,35,5,879.7563513
10.00,35,6,879.7271849
10.00,35,7,879.6983441
10.00,35,8,879.6703379
10.00,35,9,879.6426797
10.00,35,10,879.616106
10.00,35,11,879.5899196
10.00,35,12,879.5651481
10.00,35,13,879.5407938
10.00,35,14,879.5182912
10.00,35,15,879.4962156
10.00,35,16,879.4765709
10.00,35,17,879.4573267
10.00,35,18,879.4412834
10.00,35,19,879.425553
10.00,35,20,879.41405
10.00,35,21,879.4026734
10.00,35,22,879.3968969
10.00,35,23,879.3909055
10.00,35,24,879.1041779
10.00,35,25,878.8583003
10.00,35,26,878.554723
10.00,35,27,878.3252845
10.00,35,28,878.0072847
10.00,35,29,877.8298934
10.00,35,30,877.7958846
10.00,35,31,877.4287867
10.00,35,32,877.2512121
10.00,35,33,877.1179597
10.00,35,34,877.1071397
10.00,35,35,877.1028201
10.00,35,36,876.7862429
10.00,35,37,876.5589972
10.00,35,38,876.2450398
10.00,35,39,876.1050218
10.00,35,40,876.0156424
10.00,35,41,876.0108816
10.00,35,42,875.6400347
10.00,35,43,875.4784783
10.00,35,44,875.4684926
10.00,35,45,875.069996
10.00,35,46,874.8232305
10.00,35,47,874.7542381
10.00,35,48,874.7455289
10.00,35,49,874.7393233
10.00,35,50,874.4371632
10.00,35,51,874.1778964
10.00,35,52,874.1747187
10.00,35,53,874.1710054
10.00,35,54,873.8392558
10.00,35,55,873.6043359
10.00,35,56,873.3078239
10.00,35,57,873.2933873
10.00,35,58,872.2684924
10.00,35,59,872.2238096
10.00,35,60,872.1637673
10.00,35,61,872.1355308
10.00,35,62,872.1101901
10.00,35,63,872.0851348
10.00,35,64,872.0614065
10.00,35,65,872.0378147
10.00,35,66,872.015904
10.00,35,67,871.9940681
10.00,35,68,871.974375
10.00,35,69,871.9546522
10.00,35,70,871.937667
10.00,35,71,871.9204839
10.00,35,72,871.9068063
10.00,35,73,871.892672
10.00,35,74,871.8830359
10.00,35,75,871.8725553
10.00,35,76,871.8678591
10.00,35,77,871.8617495
10.00,35,78,871.549008
10.00,35,79,871.5252691
10.00,35,80,870.5190029
10.00,35,81,870.4797393
10.00,35,82,870.4702591
10.00,35,83,870.4604544
10.00,35,84,870.4567404
10.00,35,85,870.4512648
10.00,35,86,870.1242267
10.00,35,87,870.1055603
10.00,35,88,869.1035294
10.00,35,89,869.0550944
10.00,35,90,869.043512
10.00,35,91,869.032038
10.00,35,92,869.0260704
10.00,35,93,869.0184363
10.00,35,94,869.0177458
10.00,36,1,853.3609349
10.00,36,2,853.3299598
10.00,36,3,853.3010838
10.00,36,4,853.2733427
10.00,36,5,853.2471653
10.00,36,6,853.2218866
10.00,36,7,853.197778
10.00,36,8,853.1743781
10.00,36,9,853.1518563
10.00,36,10,853.1298912
10.00,36,11,853.1085867
10.00,36,12,853.087718
10.00,36,13,853.0673475
10.00,36,14,853.0473174
10.00,36,15,853.0276638
10.00,36,16,853.0082755
10.00,36,17,852.9891724
10.00,36,18,852.9702757
10.00,36,19,852.9515955
10.00,36,20,852.9330758
10.00,36,21,852.9147208
10.00,36,22,852.8964903
10.00,36,23,852.8783854
10.00,36,24,852.8603772
10.00,36,25,852.8424649
10.00,36,26,852.8409312
10.00,36,27,852.8191032
10.00,36,28,852.7977569
10.00,36,29,852.7769773
10.00,36,30,852.7565759
10.00,36,31,852.7366038
10.00,36,32,852.7169278
10.00,36,33,852.6975776
10.00,36,34,852.678459
10.00,36,35,852.6595882
10.00,36,36,852.6408982
10.00,36,37,852.6223972
10.00,36,38,852.6040371
10.00,36,39,852.5858213
10.00,36,40,852.5677154
10.00,36,41,852.54972
10.00,36,42,852.5318102
10.00,36,43,852.5315566
10.00,36,44,852.5095496
10.00,36,45,852.4882045
10.00,36,46,852.4672881
10.00,36,47,852.4468741
10.00,36,48,852.4267975
10.00,36,49,852.4071031
10.00,36,50,852.3876738
10.00,36,51,852.3685358
10.00,36,52,852.3496057
10.00,36,53,852.3308982
10.00,36,54,852.3123536
10.00,36,55,852.2939793
10.00,36,56,852.2757325
10.00,36,57,852.2576164
10.00,36,58,852.2396
10.00,36,59,852.221684
10.00,36,60,852.203846
10.00,36,61,852.2015765
10.00,36,62,852.1799402
10.00,36,63,852.158909
10.00,36,64,852.1382706
10.00,36,65,852.1180933
10.00,36,66,852.0982264
10.00,36,67,852.0787115
10.00,36,68,852.0594414
10.00,36,69,852.0404408
10.00,36,70,852.0216327
10.00,36,71,852.0030313
10.00,36,72,851.9845814
10.00,36,73,851.9662902
10.00,36,74,851.9481181
10.00,36,75,851.9300682
10.00,36,76,851.9121117
10.00,36,77,851.8942496
10.00,36,78,851.8764608
10.00,36,79,851.8733236
10.00,36,80,851.8518946
10.00,36,81,851.8310385
10.00,36,82,851.8105533
10.00,36,83,851.7905062
10.00,36,84,851.7707532
10.00,36,85,851.7513361
10.00,36,86,851.7321518
10.00,36,87,851.7132255
10.00,36,88,851.6944832
10.00,36,89,851.6759394
10.00,36,90,851.6575409
10.00,36,91,851.6392955
10.00,36,92,851.6211646
10.00,36,93,851.6031521
10.00,36,94,851.5852299
10.00,36,95,851.5673994
10.00,36,96,851.54964
10.00,36,97,851.546693
10.00,36,98,851.5253267
10.00,36,99,851.5045222
10.00,36,100,851.4840783
10.00,36,101,851.4640656
10.00,36,102,851.4443402
10.00,36,103,851.4249464
10.00,36,104,851.4057809
10.00,36,105,851.3868712
10.00,36,106,851.3681425
10.00,36,107,851.3496114
10.00,36,108,851.3312238
10.00,36,109,851.3129891
10.00,36,110,851.294868
10.00,36,111,851.2768655
10.00,36,112,851.258953
10.00,36,113,851.2411326
10.00,36,114,851.2233834
10.00,36,115,851.2217031
10.00,36,116,851.2002585
10.00,36,117,851.1793848
10.00,36,118,851.1588721
10.00,36,119,851.1387991
10.00,36,120,851.1190149
10.00,36,121,851.0995701
10.00,36,122,851.0803559
10.00,36,123,851.0614041
10.00,36,124,851.0426361
10.00,36,125,851.0240715
10.00,36,126,851.0056532
10.00,36,127,850.9873928
10.00,36,128,850.9692488
10.00,36,129,850.9512277
10.00,36,130,850.933299
10.00,36,131,850.9154661
10.00,36,132,850.8977067
10.00,36,133,850.8800222
10.00,36,134,850.8768832
10.00,36,135,850.8558034
10.00,36,136,850.8350962
10.00,36,137,850.8148543
10.00,36,138,850.794912
10.00,36,139,850.7753299
10.00,36,140,850.7559882
10.00,36,141,850.736926
10.00,36,142,850.7180562
10.00,36,143,850.6994038
10.00,36,144,850.6809052
10.00,36,145,850.6625759
10.00,36,146,850.6443696
10.00,36,147,850.6262952
10.00,36,148,850.6083191
10.00,36,149,850.5904462
10.00,36,150,850.5726517
10.00,36,151,850.5549381
10.00,36,152,850.5372869
10.00,36,153,850.533924
10.00,36,154,850.5128856
10.00,36,155,850.4923567
10.00,36,156,850.4721471
10.00,36,157,850.4523331
10.00,36,158,850.4327767
10.00,36,159,850.4135281
10.00,36,160,850.3944868
10.00,36,161,850.3756854
10.00,36,162,850.3570507
10.00,36,163,850.3386033
10.00,36,164,850.3202898
10.00,36,165,850.3021229
10.00,36,166,850.2840632
10.00,36,167,850.2661186
10.00,36,168,850.2482599
10.00,36,169,850.2304916
10.00,36,170,850.2127922
10.00,36,171,850.1951639
10.00,36,172,850.192727
10.00,36,173,850.1717472
10.00,36,174,850.1511175
10.00,36,175,850.1309393
10.00,36,176,850.1110453
10.00,36,177,850.0915034
10.00,36,178,850.0721918
10.00,36,179,850.0531553
10.00,36,180,850.0343048
10.00,36,181,850.0156698
10.00,36,182,849.9971849
10.00,36,183,849.9788691
10.00,36,184,849.9606743
10.00,36,185,849.9426124
10.00,36,186,849.9246479
10.00,36,187,849.9067881
10.00,36,188,849.8890067
10.00,36,189,849.871308
10.00,36,190,849.8536723
10.00,36,191,849.8534761
10.00,36,192,849.8322315
10.00,36,193,849.811521
10.00,36,194,849.7911319
10.00,36,195,849.7711603
10.00,36,196,849.7514507
10.00,36,197,849.7320681
10.00,36,198,849.7128986
10.00,36,199,849.6939857
10.00,36,200,849.6752458
10.00,37,1,730.330537
10.00,37,2,730.2809717
10.00,37,3,730.2791648
10.00,37,4,730.0823158
10.00,37,5,730.0383565
10.00,37,6,729.7024416
10.00,37,7,729.6503771
10.00,37,8,729.4999607
10.00,37,9,729.370277
10.00,37,10,729.1216384
10.00,37,11,729.0332743
10.00,37,12,729.0202763
10.00,37,13,729.0156855
10.00,37,14,728.8321953
10.00,37,15,728.7655005
10.00,37,16,728.4561848
10.00,37,17,728.393868
10.00,37,18,728.3899797
10.00,37,19,728.2118687
10.00,37,20,728.0813563
10.00,37,21,727.8372469
10.00,37,22,727.7939073
10.00,37,23,727.4639005
10.00,37,24,727.3785476
10.00,37,25,727.3645628
10.00,37,26,727.3626793
10.00,37,27,727.1782787
10.00,37,28,727.0582493
10.00,37,29,726.8069249
10.00,37,30,726.7737951
10.00,37,31,726.436817
10.00,37,32,726.3545674
10.00,37,33,726.341377
10.00,37,34,726.3404478
10.00,37,35,726.1536686
10.00,37,36,726.0386009
10.00,37,37,725.7855327
10.00,37,38,725.7562484
10.00,37,39,725.418622
10.00,37,40,725.3373911
10.00,37,41,725.3243452
10.00,37,42,725.3234373
10.00,37,43,725.1379032
10.00,37,44,725.0231669
10.00,37,45,724.7729302
10.00,37,46,724.7413034
10.00,37,47,724.4091594
10.00,37,48,724.3275968
10.00,37,49,724.3142465
10.00,37,50,724.3127182
10.00,37,51,724.1308568
10.00,37,52,724.0131921
10.00,37,53,723.7689986
10.00,37,54,723.731326
10.00,37,55,723.4083231
10.00,37,56,723.3253183
10.00,37,57,723.3113218
10.00,37,58,723.3086866
10.00,37,59,723.1324016
10.00,37,60,723.0094255
10.00,37,61,722.7736089
10.00,37,62,722.726858
10.00,37,63,722.4159786
10.00,37,64,722.3308651
10.00,37,65,722.3160083
10.00,37,66,722.3119654
10.00,37,67,722.1424145
10.00,37,68,722.0126203
10.00,37,69,721.7866416
10.00,37,70,721.7291551
10.00,37,71,721.4320125
10.00,37,72,721.3443119
10.00,37,73,721.3284529
10.00,37,74,721.3228058
10.00,37,75,721.1607725
10.00,37,76,721.0232049
10.00,37,77,720.807974
10.00,37,78,720.7386017
10.00,37,79,720.4563006
10.00,37,80,720.3657665
10.00,37,81,720.3488314
10.00,37,82,720.3414827
10.00,37,83,720.1873556
10.00,37,84,720.041529
10.00,37,85,719.8374883
10.00,37,86,719.7557633
10.00,37,87,719.4887279
10.00,37,88,719.4843705
10.00,37,89,719.1410663
10.00,37,90,719.0674694
10.00,37,91,719.0557153
10.00,37,92,719.0555587
10.00,37,93,718.875007
10.00,37,94,718.7654256
10.00,37,95,718.5291061
10.00,37,96,718.4892289
10.00,37,97,718.1842891
10.00,37,98,718.1018214
10.00,37,99,718.087091
10.00,37,100,718.0825103
10.00,37,101,717.9204977
10.00,37,102,717.7893456
10.00,37,103,717.5774172
10.00,37,104,717.5090846
10.00,37,105,717.2354022
10.00,37,106,717.1460175
10.00,37,107,717.1289268
10.00,37,108,717.1208264
10.00,37,109,716.9738405
10.00,37,110,716.8254397
10.00,37,111,716.633545
10.00,37,112,716.5422302
10.00,37,113,716.2942989
10.00,37,114,716.2711707
10.00,37,115,715.9560967
10.00,37,116,715.8785264
10.00,37,117,715.8649751
10.00,37,118,715.8617131
10.00,37,119,715.6973184
10.00,37,120,715.573426
10.00,37,121,715.3607938
10.00,37,122,715.297011
10.00,37,123,715.0252986
10.00,37,124,714.9375978
10.00,37,125,714.9207072
10.00,37,126,714.9125385
10.00,37,127,714.9122272
10.00,37,128,714.729765
10.00,37,129,714.6862612
10.00,37,130,714.3965643
10.00,37,131,714.3397018
10.00,37,132,714.3343855
10.00,37,133,714.1800258
10.00,37,134,714.0465829
10.00,37,135,713.8479075
10.00,37,136,713.7696056
10.00,37,137,713.5167904
10.00,37,138,713.5030797
10.00,37,139,713.1866677
10.00,37,140,713.1120807
10.00,37,141,713.0990341
10.00,37,142,713.0960432
10.00,37,143,712.9340468
10.00,37,144,712.812478
10.00,37,145,712.6055327
10.00,37,146,712.5392802
10.00,37,147,712.278001
10.00,37,148,712.2755057
10.00,37,149,711.9514527
10.00,37,150,711.8799789
10.00,37,151,711.867709
10.00,37,152,711.865637
10.00,37,153,711.7015081
10.00,37,154,711.5848644
10.00,37,155,711.3765265
10.00,37,156,711.3139928
10.00,37,157,711.0525129
10.00,37,158,711.0515871
10.00,37,159,710.7294857
10.00,37,160,710.6587728
10.00,37,161,710.6465418
10.00,37,162,710.6443493
10.00,37,163,710.4821652
10.00,37,164,710.3654128
10.00,37,165,710.160649
10.00,37,166,710.0959541
10.00,37,167,709.8400929
10.00,37,168,709.8341095
10.00,37,169,709.5205465
10.00,37,170,709.4489918
10.00,37,171,709.4362996
10.00,37,172,709.4332928
10.00,37,173,709.2757796
10.00,37,174,709.1556081
10.00,37,175,708.9576661
10.00,37,176,708.8870349
10.00,37,177,708.6405135
10.00,37,178,708.6253321
10.00,37,179,708.3244236
10.00,37,180,708.2510119
10.00,37,181,708.2375413
10.00,37,182,708.2332955
10.00,37,183,708.0821179
10.00,37,184,707.956536
10.00,37,185,707.7673484
10.00,37,186,707.688582
10.00,37,187,707.4535531
10.00,37,188,707.4268619
10.00,37,189,707.1409162
10.00,37,190,707.0650454
10.00,37,191,707.0506055
10.00,37,192,707.0448853
10.00,37,193,706.9009515
10.00,37,194,706.7688947
10.00,37,195,706.5894718
10.00,37,196,706.5014673
10.00,37,197,706.2789974
10.00,37,198,706.2397557
10.00,37,199,705.9698384
10.00,37,200,705.8911755
10.00,38,1,685.509117
10.00,38,2,684.0386202
10.00,38,3,682.8597631
10.00,38,4,681.3862169
10.00,38,5,678.3343497
10.00,38,6,678.0285226
10.00,38,7,674.8195341
10.00,38,8,674.7608527
10.00,38,9,659.4204008
10.00,38,10,658.3147241
10.00,38,11,657.2414889
10.00,38,12,656.1703744
10.00,38,13,655.1195468
10.00,38,14,654.08269
10.00,38,15,653.0568379
10.00,38,16,652.1527831
10.00,38,17,651.9149608
10.00,38,18,648.8438126
10.00,38,19,641.2283943
10.00,38,20,639.4301206
10.00,38,21,638.2856418
10.00,38,22,636.8293418
10.00,38,23,635.7467962
10.00,38,24,634.5276091
10.00,38,25,633.5139704
10.00,38,26,629.733668
10.00,38,27,628.3629834
10.00,38,28,628.3326796
10.00,38,29,628.0758374
10.00,38,30,627.8925705
10.00,38,31,627.8873849
10.00,38,32,627.6757533
10.00,38,33,627.5213574
10.00,38,34,627.2225585
10.00,38,35,619.0837375
10.00,38,36,618.9133787
10.00,38,37,614.6467582
10.00,38,38,614.3552581
10.00,38,39,611.9622272
10.00,38,40,610.8053992
10.00,38,41,607.9220762
10.00,38,42,603.6882792
10.00,38,43,602.6902222
10.00,38,44,602.4319012
10.00,38,45,602.3566103
10.00,38,46,602.3134423
10.00,38,47,602.0014715
10.00,38,48,601.8627766
10.00,38,49,601.6530259
10.00,38,50,601.582527
10.00,38,51,601.4343213
10.00,38,52,601.3531594
10.00,38,53,598.2755302
10.00,38,54,597.4894719
10.00,38,55,596.660864
10.00,38,56,596.1193362
10.00,38,57,592.6649291
10.00,38,58,590.695444
10.00,38,59,590.5586562
10.00,38,60,590.4629687
10.00,38,61,590.4006041
10.00,38,62,590.3845168
10.00,38,63,590.127925
10.00,38,64,589.9813632
10.00,38,65,589.8427887
10.00,38,66,589.818679
10.00,38,67,589.5054053
10.00,38,68,586.4593647
10.00,38,69,586.3035129
10.00,38,70,583.3718895
10.00,38,71,580.4179027
10.00,38,72,578.9194385
10.00,38,73,578.2830571
10.00,38,74,578.2277108
10.00,38,75,572.8219013
10.00,38,76,571.7984837
10.00,38,77,571.7727278
10.00,38,78,571.7510456
10.00,38,79,571.7365882
10.00,38,80,571.7315007
10.00,38,81,571.6465553
10.00,38,82,571.6162586
10.00,38,83,571.507589
10.00,38,84,571.4692116
10.00,38,85,571.3457039
10.00,38,86,564.0000301
10.00,38,87,563.9534052
10.00,38,88,563.5447283
10.00,38,89,563.4189196
10.00,38,90,563.4083611
10.00,38,91,563.2271791
10.00,38,92,563.1678547
10.00,38,93,563.1662966
10.00,38,94,563.0452936
10.00,38,95,563.0411356
10.00,38,96,562.8801471
10.00,38,97,562.8554669
10.00,38,98,562.8536622
10.00,38,99,562.772253
10.00,38,100,562.7357176
10.00,38,101,562.7245068
10.00,38,102,562.6686264
10.00,38,103,562.6161882
10.00,38,104,562.5389956
10.00,38,105,562.5185791
10.00,38,106,562.4105142
10.00,38,107,562.3783141
10.00,38,108,562.3689637
10.00,38,109,562.3094907
10.00,38,110,562.2792428
10.00,38,111,562.1818984
10.00,38,112,562.1536887
10.00,38,113,562.1485436
10.00,38,114,562.0807429
10.00,38,115,562.049248
10.00,38,116,561.9528619
10.00,38,117,561.9184336
10.00,38,118,561.9074991
10.00,38,119,561.8522914
10.00,38,120,561.8157283
10.00,38,121,561.7250543
10.00,38,122,561.69513
10.00,38,123,561.6887326
10.00,38,124,561.6243209
10.00,38,125,561.5899491
10.00,38,126,561.4968534
10.00,38,127,561.4622518
10.00,38,128,561.4513093
10.00,38,129,561.3966299
10.00,38,130,561.3610155
10.00,38,131,561.2698354
10.00,38,132,561.2408547
10.00,38,133,561.2353968
10.00,38,134,561.1694107
10.00,38,135,561.1395943
10.00,38,136,561.0424007
10.00,38,137,561.0095943
10.00,38,138,561.0001836
10.00,38,139,560.942467
10.00,38,140,560.9151255
10.00,38,141,560.8162329
10.00,38,142,560.7910311
10.00,38,143,560.7889165
10.00,38,144,560.7160088
10.00,38,145,560.6992075
10.00,38,146,560.5895166
10.00,38,147,560.5608548
10.00,38,148,560.5548574
10.00,38,149,560.4898159
10.00,38,150,560.480144
10.00,38,151,560.3643139
10.00,38,152,560.3467816
10.00,38,153,560.291795
10.00,38,154,560.2618276
10.00,38,155,560.1661224
10.00,38,156,560.1408463
10.00,38,157,560.1389435
10.00,38,158,560.066394
10.00,38,159,560.0526414
10.00,38,160,559.9405345
10.00,38,161,559.9137249
10.00,38,162,559.9094577
10.00,38,163,559.8412779
10.00,38,164,559.8055185
10.00,38,165,559.7947634
10.00,38,166,559.7421537
10.00,38,167,559.697316
10.00,38,168,559.616332
10.00,38,169,559.581104
10.00,38,170,559.5701733
10.00,38,171,559.5175019
10.00,38,172,559.4861504
10.00,38,173,559.3925154
10.00,38,174,559.3678156
10.00,38,175,559.3667433
10.00,38,176,559.2933475
10.00,38,177,559.2854355
10.00,38,178,559.1682567
10.00,38,179,559.1443897
10.00,38,180,559.1428387
10.00,38,181,559.0695182
10.00,38,182,559.0369343
10.00,38,183,559.0291253
10.00,38,184,558.9708448
10.00,38,185,558.9390699
10.00,38,186,558.8458357
10.00,38,187,558.8154682
10.00,38,188,558.8087419
10.00,38,189,558.7474609
10.00,38,190,558.7392605
10.00,38,191,558.623626
10.00,38,192,558.6099455
10.00,38,193,558.551881
10.00,38,194,558.5373908
10.00,38,195,558.428101
10.00,38,196,558.412076
10.00,38,197,558.356567
10.00,38,198,558.3372218
10.00,38,199,558.2328677
10.00,38,200,558.2150908
10.00,39,1,806.6092799
10.00,39,2,805.0961895
10.00,39,3,804.3112333
10.00,39,4,801.8255081
10.00,39,5,801.6735733
10.00,39,6,797.4048214
10.00,39,7,796.1261165
10.00,39,8,795.6372274
10.00,39,9,791.8903041
10.00,39,10,771.8889261
10.00,39,11,767.5549156
10.00,39,12,766.7076351
10.00,39,13,765.0958932
10.00,39,14,764.7374
10.00,39,15,764.1114884
10.00,39,16,760.8147143
10.00,39,17,760.0566379
10.00,39,18,759.4663013
10.00,39,19,759.0870559
10.00,39,20,758.7530524
10.00,39,21,758.5578959
10.00,39,22,758.3451491
10.00,39,23,758.2409677
10.00,39,24,758.0846839
10.00,39,25,758.0271129
10.00,39,26,757.8961482
10.00,39,27,757.8641781
10.00,39,28,757.7434735
10.00,39,29,757.7272841
10.00,39,30,757.6094556
10.00,39,31,757.6045923
10.00,39,32,757.4859075
10.00,39,33,757.0173329
10.00,39,34,754.4908645
10.00,39,35,753.4618572
10.00,39,36,752.3729174
10.00,39,37,751.1101598
10.00,39,38,748.0647617
10.00,39,39,747.9564204
10.00,39,40,747.0678484
10.00,39,41,741.437896
10.00,39,42,740.9633942
10.00,39,43,739.2872677
10.00,39,44,736.513415
10.00,39,45,734.6300505
10.00,39,46,734.3908518
10.00,39,47,725.7772947
10.00,39,48,720.0477024
10.00,39,49,719.8485638
10.00,39,50,718.1515428
10.00,39,51,718.0668639
10.00,39,52,715.7411389
10.00,39,53,715.1043884
10.00,39,54,710.1846714
10.00,39,55,710.1087842
10.00,39,56,710.0345048
10.00,39,57,709.9659603
10.00,39,58,709.8967999
10.00,39,59,709.8318305
10.00,39,60,709.7651747
10.00,39,61,709.7019618
10.00,39,62,709.6365486
10.00,39,63,707.4230633
10.00,39,64,699.5204339
10.00,39,65,698.4925489
10.00,39,66,692.4067964
10.00,39,67,692.1565537
10.00,39,68,692.0997752
10.00,39,69,692.0347286
10.00,39,70,691.9826237
10.00,39,71,691.9206332
10.00,39,72,691.8708966
10.00,39,73,691.8103593
10.00,39,74,691.7618833
10.00,39,75,691.7020256
10.00,39,76,691.6542803
10.00,39,77,691.5947279
10.00,39,78,689.3772686
10.00,39,79,683.6707859
10.00,39,80,682.8423743
10.00,39,81,682.0910744
10.00,39,82,680.7581826
10.00,39,83,679.9921971
10.00,39,84,675.5054084
10.00,39,85,675.3302155
10.00,39,86,675.2436028
10.00,39,87,675.1658082
10.00,39,88,675.1026236
10.00,39,89,675.04074
10.00,39,90,674.989124
10.00,39,91,674.934905
10.00,39,92,674.8891864
10.00,39,93,674.8386671
10.00,39,94,674.7961506
10.00,39,95,674.7474219
10.00,39,96,674.7068448
10.00,39,97,674.6589844
10.00,39,98,674.6197753
10.00,39,99,674.5723337
10.00,39,100,674.5342569
10.00,39,101,674.4870103
10.00,39,102,673.1586747
10.00,39,103,668.7378459
10.00,39,104,668.6936536
10.00,39,105,667.442354
10.00,39,106,667.024127
10.00,39,107,666.8548922
10.00,39,108,664.5179482
10.00,39,109,664.1938715
10.00,39,110,660.2039714
10.00,39,111,660.1583163
10.00,39,112,660.1139206
10.00,39,113,660.0700181
10.00,39,114,660.0269452
10.00,39,115,659.9839798
10.00,39,116,659.9416853
10.00,39,117,659.8992797
10.00,39,118,658.9499394
10.00,39,119,656.0448097
10.00,39,120,655.6422605
10.00,39,121,655.5494496
10.00,39,122,649.6245676
10.00,39,123,649.6165495
10.00,39,124,648.3594042
10.00,39,125,648.3432227
10.00,39,126,648.3286795
10.00,39,127,648.3065436
10.00,39,128,648.3000988
10.00,39,129,648.2823099
10.00,39,130,647.9762388
10.00,39,131,647.8362275
10.00,39,132,645.0011468
10.00,39,133,644.6427801
10.00,39,134,636.2033254
10.00,39,135,635.1602993
10.00,39,136,634.9586667
10.00,39,137,634.7005539
10.00,39,138,634.5729661
10.00,39,139,634.3688708
10.00,39,140,634.2179645
10.00,39,141,634.2127171
10.00,39,142,634.2052902
10.00,39,143,633.984513
10.00,39,144,633.8564863
10.00,39,145,633.6760156
10.00,39,146,633.6454701
10.00,39,147,633.0810429
10.00,39,148,633.0607088
10.00,39,149,633.0531022
10.00,39,150,633.044341
10.00,39,151,632.8450031
10.00,39,152,632.7101328
10.00,39,153,632.7096095
10.00,39,154,632.7070231
10.00,39,155,632.4673678
10.00,39,156,632.3787904
10.00,39,157,632.1620626
10.00,39,158,632.0534678
10.00,39,159,631.8573578
10.00,39,160,631.7309927
10.00,39,161,631.5532495
10.00,39,162,631.4112706
10.00,39,163,631.4102001
10.00,39,164,631.4080114
10.00,39,165,631.1787586
10.00,39,166,631.0975439
10.00,39,167,630.8759992
10.00,39,168,630.7904199
10.00,39,169,630.573829
10.00,39,170,630.4868828
10.00,39,171,630.2722461
10.00,39,172,630.1873318
10.00,39,173,629.9712498
10.00,39,174,629.8924073
10.00,39,175,629.6708408
10.00,39,176,629.6031295
10.00,39,177,629.3710224
10.00,39,178,629.321139
10.00,39,179,629.071802
10.00,39,180,629.0491315
10.00,39,181,628.7731945
10.00,39,182,628.6972666
10.00,39,183,628.6788342
10.00,39,184,628.6616833
10.00,39,185,628.652476
10.00,39,186,628.6443588
10.00,39,187,628.4745576
10.00,39,188,628.3595218
10.00,39,189,628.1769682
10.00,39,190,628.0818004
10.00,39,191,627.8799642
10.00,39,192,627.8142045
10.00,39,193,627.5835629
10.00,39,194,627.5619563
10.00,39,195,627.2877987
10.00,39,196,627.2187222
10.00,39,197,627.203012
10.00,39,198,627.1890005
10.00,39,199,627.1844732
10.00,39,200,627.1815268
10.00,40,1,833.7338322
10.00,40,2,833.1213967
10.00,40,3,831.2023859
10.00,40,4,825.9627304
10.00,40,5,825.3149427
10.00,40,6,825.2043025
10.00,40,7,825.0603274
10.00,40,8,817.8163168
10.00,40,9,815.4396836
10.00,40,10,813.3412917
10.00,40,11,808.2644259
10.00,40,12,807.1607276
10.00,40,13,806.8111481
10.00,40,14,806.3043388
10.00,40,15,806.2699512
10.00,40,16,805.4420638
10.00,40,17,805.3402333
10.00,40,18,804.9732487
10.00,40,19,804.7822015
10.00,40,20,804.7199788
10.00,40,21,804.3603504
10.00,40,22,804.1946983
10.00,40,23,804.1676975
10.00,40,24,803.7797094
10.00,40,25,797.0186459
10.00,40,26,784.5658029
10.00,40,27,775.6603654
10.00,40,28,774.7333002
10.00,40,29,774.5141083
10.00,40,30,774.4088458
10.00,40,31,774.0358787
10.00,40,32,773.9175159
10.00,40,33,773.7254378
10.00,40,34,769.5871436
10.00,40,35,760.0719939
10.00,40,36,750.5041933
10.00,40,37,741.9757641
10.00,40,38,739.9696779
10.00,40,39,738.6221785
10.00,40,40,737.4523164
10.00,40,41,727.6645529
10.00,40,42,726.5526297
10.00,40,43,726.3040966
10.00,40,44,726.1417579
10.00,40,45,726.1136917
10.00,40,46,725.8295356
10.00,40,47,725.7363405
10.00,40,48,725.5711897
10.00,40,49,725.5574109
10.00,40,50,725.2284792
10.00,40,51,725.1760651
10.00,40,52,724.9938277
10.00,40,53,724.8938481
10.00,40,54,724.8771009
10.00,40,55,724.6556087
10.00,40,56,724.5752194
10.00,40,57,724.4346016
10.00,40,58,724.4084182
10.00,40,59,724.1189953
10.00,40,60,724.066364
10.00,40,61,723.8927902
10.00,40,62,723.7958571
10.00,40,63,722.2281584
10.00,40,64,719.0306803
10.00,40,65,717.670223
10.00,40,66,717.5688476
10.00,40,67,716.9933388
10.00,40,68,716.8123396
10.00,40,69,704.773259
10.00,40,70,704.1213054
10.00,40,71,702.3652198
10.00,40,72,701.7997171
10.00,40,73,701.4116156
10.00,40,74,701.4103914
10.00,40,75,700.8464747
10.00,40,76,700.8145955
10.00,40,77,700.4649902
10.00,40,78,700.4065585
10.00,40,79,700.1795902
10.00,40,80,700.1011408
10.00,40,81,699.9446748
10.00,40,82,699.8521873
10.00,40,83,699.7364123
10.00,40,84,699.7092595
10.00,40,85,698.5118498
10.00,40,86,697.4036541
10.00,40,87,696.5256167
10.00,40,88,696.3866972
10.00,40,89,683.5433437
10.00,40,90,682.9039268
10.00,40,91,682.704102
10.00,40,92,682.6513903
10.00,40,93,682.4943002
10.00,40,94,682.4336283
10.00,40,95,682.3057966
10.00,40,96,682.2361135
10.00,40,97,682.128659
10.00,40,98,682.0507626
10.00,40,99,681.9577089
10.00,40,100,681.9511189
10.00,40,101,681.718255
10.00,40,102,681.6285875
10.00,40,103,681.6212395
10.00,40,104,681.3950651
10.00,40,105,681.3035135
10.00,40,106,681.3018522
10.00,40,107,681.0688929
10.00,40,108,680.9793092
10.00,40,109,680.9777788
10.00,40,110,680.7485679
10.00,40,111,680.6562252
10.00,40,112,680.5752586
10.00,40,113,680.5654585
10.00,40,114,680.4060994
10.00,40,115,680.3759947
10.00,40,116,680.2386802
10.00,40,117,680.1925349
10.00,40,118,680.0726625
10.00,40,119,680.0138595
10.00,40,120,679.9077758
10.00,40,121,679.8389928
10.00,40,122,679.7438055
10.00,40,123,679.6671574
10.00,40,124,679.5805813
10.00,40,125,679.5700531
10.00,40,126,679.350502
10.00,40,127,679.2599597
10.00,40,128,679.1795444
10.00,40,129,679.1707509
10.00,40,130,679.0122147
10.00,40,131,678.9850472
10.00,40,132,678.8463198
10.00,40,133,678.8042878
10.00,40,134,678.6816079
10.00,40,135,678.6275585
10.00,40,136,678.5178739
10.00,40,137,678.4541121
10.00,40,138,678.3549508
10.00,40,139,678.2833407
10.00,40,140,678.1927037
10.00,40,141,678.114751
10.00,40,142,678.0310232
10.00,40,143,678.0127788
10.00,40,144,677.8019829
10.00,40,145,677.7130248
10.00,40,146,677.6334756
10.00,40,147,677.6268294
10.00,40,148,677.4681129
10.00,40,149,677.4451998
10.00,40,150,677.3038847
10.00,40,151,677.2674561
10.00,40,152,677.1406169
10.00,40,153,677.0929607
10.00,40,154,676.9781638
10.00,40,155,676.9211804
10.00,40,156,676.8164045
10.00,40,157,676.7516708
10.00,40,158,676.6552384
10.00,40,159,676.5840621
10.00,40,160,676.494582
10.00,40,161,676.4180476
10.00,40,162,676.3343662
10.00,40,163,676.3273287
10.00,40,164,676.1102759
10.00,40,165,676.019339
10.00,40,166,675.943571
10.00,40,167,675.8592926
10.00,40,168,675.8513113
10.00,40,169,675.6327327
10.00,40,170,675.5446685
10.00,40,171,675.4682936
10.00,40,172,675.3852969
10.00,40,173,675.3802557
10.00,40,174,675.1631551
10.00,40,175,675.0718926
10.00,40,176,674.9977118
10.00,40,177,674.9126074
10.00,40,178,674.8337559
10.00,40,179,674.8279338
10.00,40,180,674.6721249
10.00,40,181,674.6546569
10.00,40,182,674.5111513
10.00,40,183,674.4835518
10.00,40,184,674.3507605
10.00,40,185,674.3143421
10.00,40,186,674.1908877
10.00,40,187,674.1467881
10.00,40,188,674.031477
10.00,40,189,673.980682
10.00,40,190,673.8724799
10.00,40,191,673.8158439
10.00,40,192,673.7138546
10.00,40,193,673.6521185
10.00,40,194,673.5555649
10.00,40,195,673.4893714
10.00,40,196,673.3975797
10.00,40,197,673.3274865
10.00,40,198,673.2398719
10.00,40,199,673.1663636
10.00,40,200,673.0824181
10.00,41,1,825.0204795
10.00,41,2,824.4328343
10.00,41,3,824.3641911
10.00,41,4,824.1923984
10.00,41,5,824.0741678
10.00,41,6,823.8547798
10.00,41,7,823.8073581
10.00,41,8,823.5196839
10.00,41,9,823.4138825
10.00,41,10,823.3540868
10.00,41,11,823.171337
10.00,41,12,823.0929046
10.00,41,13,822.8390808
10.00,41,14,822.7327895
10.00,41,15,822.6728868
10.00,41,16,822.4911877
10.00,41,17,822.3930943
10.00,41,18,822.1574194
10.00,41,19,822.139334
10.00,41,20,821.8262205
10.00,41,21,821.7255093
10.00,41,22,821.6768047
10.00,41,23,821.4801213
10.00,41,24,821.431442
10.00,41,25,821.1522018
10.00,41,26,821.0517728
10.00,41,27,821.0054012
10.00,41,28,820.8060469
10.00,41,29,820.7393352
10.00,41,30,820.4761163
10.00,41,31,820.3699749
10.00,41,32,820.3064975
10.00,41,33,820.1340643
10.00,41,34,820.047412
10.00,41,35,819.8068845
10.00,41,36,819.7014074
10.00,41,37,819.6406904
10.00,41,38,819.4649766
10.00,41,39,819.3675126
10.00,41,40,819.1366133
10.00,41,41,819.1231782
10.00,41,42,818.8110471
10.00,41,43,818.7134566
10.00,41,44,818.6701223
10.00,41,45,818.4703042
10.00,41,46,818.4389359
10.00,41,47,818.1485255
10.00,41,48,818.0533391
10.00,41,49,818.0181145
10.00,41,50,817.8069864
10.00,41,51,817.7696442
10.00,41,52,817.4831594
10.00,41,53,817.3834996
10.00,41,54,817.3340222
10.00,41,55,817.1454941
10.00,41,56,817.0995322
10.00,41,57,816.8253495
10.00,41,58,816.7289575
10.00,41,59,816.6896315
10.00,41,60,816.4868019
10.00,41,61,816.4427837
10.00,41,62,816.1650909
10.00,41,63,816.0657281
10.00,41,64,816.0161616
10.00,41,65,815.8298972
10.00,41,66,815.7859881
10.00,41,67,815.5121093
10.00,41,68,815.4173271
10.00,41,69,815.3814147
10.00,41,70,815.1757115
10.00,41,71,815.1427169
10.00,41,72,814.8565806
10.00,41,73,814.7601018
10.00,41,74,814.7171565
10.00,41,75,814.5232811
10.00,41,76,814.5005347
10.00,41,77,814.2087775
10.00,41,78,814.1190317
10.00,41,79,814.0957964
10.00,41,80,813.8736275
10.00,41,81,813.7686427
10.00,41,82,813.7033869
10.00,41,83,813.5437724
10.00,41,84,813.4608455
10.00,41,85,813.2278206
10.00,41,86,813.1285592
10.00,41,87,813.079523
10.00,41,88,812.8968792
10.00,41,89,812.8388291
10.00,41,90,812.5807537
10.00,41,91,812.4829865
10.00,41,92,812.4357287
10.00,41,93,812.2518877
10.00,41,94,812.2231065
10.00,41,95,811.9408932
10.00,41,96,811.8527962
10.00,41,97,811.8331639
10.00,41,98,811.6097509
10.00,41,99,811.5076768
10.00,41,100,811.4488686
10.00,41,101,811.2833045
10.00,41,102,811.2239728
10.00,41,103,810.972197
10.00,41,104,810.8796583
10.00,41,105,810.847795
10.00,41,106,810.6438499
10.00,41,107,810.6358971
10.00,41,108,810.3331944
10.00,41,109,810.2460494
10.00,41,110,810.2258897
10.00,41,111,810.0067742
10.00,41,112,809.9091374
10.00,41,113,809.863203
10.00,41,114,809.6811826
10.00,41,115,809.6414955
10.00,41,116,809.3708736
10.00,41,117,809.2799158
10.00,41,118,809.2496957
10.00,41,119,809.0467041
10.00,41,120,808.9471124
10.00,41,121,808.8956024
10.00,41,122,808.7230928
10.00,41,123,808.6726812
10.00,41,124,808.4138345
10.00,41,125,808.3223892
10.00,41,126,808.2908601
10.00,41,127,808.0913985
10.00,41,128,807.9923856
10.00,41,129,807.9422608
10.00,41,130,807.7692353
10.00,41,131,807.7264099
10.00,41,132,807.4617555
10.00,41,133,807.3729935
10.00,41,134,807.3486878
10.00,41,135,807.1407015
10.00,41,136,807.0449152
10.00,41,137,807.0035984
10.00,41,138,806.8195561
10.00,41,139,806.805023
10.00,41,140,806.51481
10.00,41,141,806.4326243
10.00,41,142,806.4262088
10.00,41,143,806.1949125
10.00,41,144,806.1059126
10.00,41,145,806.0835658
10.00,41,146,805.8743606
10.00,41,147,805.7776844
10.00,41,148,805.7322475
10.00,41,149,805.5565299
10.00,41,150,805.455785
10.00,41,151,805.4006011
10.00,41,152,805.2384712
10.00,41,153,805.1933746
10.00,41,154,804.934631
10.00,41,155,804.8495291
10.00,41,156,804.8358901
10.00,41,157,804.6177199
10.00,41,158,804.5285111
10.00,41,159,804.5060071
10.00,41,160,804.2998246
10.00,41,161,804.2050384
10.00,41,162,804.1650631
10.00,41,163,803.9842817
10.00,41,164,803.8870232
10.00,41,165,803.841823
10.00,41,166,803.6681198
10.00,41,167,803.6609204
10.00,41,168,803.3686035
10.00,41,169,803.2940823
10.00,41,170,803.1614543
10.00,41,171,803.0688956
10.00,41,172,802.8577866
10.00,41,173,802.7665873
10.00,41,174,802.737146
10.00,41,175,802.5443696
10.00,41,176,802.452558
10.00,41,177,802.4234817
10.00,41,178,802.2299213
10.00,41,179,802.1358466
10.00,41,180,802.0986611
10.00,41,181,801.9173916
10.00,41,182,801.8236279
10.00,41,183,801.7892072
10.00,41,184,801.6039419
10.00,41,185,801.5089897
10.00,41,186,801.4696537
10.00,41,187,801.2922615
10.00,41,188,801.1985269
10.00,41,189,801.164534
10.00,41,190,800.9796833
10.00,41,191,800.8857129
10.00,41,192,800.8495465
10.00,41,193,800.6689012
10.00,41,194,800.5772092
10.00,41,195,800.5496298
10.00,41,196,800.3571648
10.00,41,197,800.2662511
10.00,41,198,800.2393116
10.00,41,199,800.0474469
10.00,41,200,799.9602539
10.00,42,1,817.3454241
10.00,42,2,817.2800163
10.00,42,3,817.237458
10.00,42,4,817.2048016
10.00,42,5,817.1765493
10.00,42,6,817.1349805
10.00,42,7,817.102659
10.00,42,8,817.0732984
10.00,42,9,817.0324938
10.00,42,10,817.0297565
10.00,42,11,816.9699699
10.00,42,12,816.9301512
10.00,42,13,816.9248259
10.00,42,14,816.8671304
10.00,42,15,816.8279368
10.00,42,16,816.8203196
10.00,42,17,816.7641037
10.00,42,18,816.7258003
10.00,42,19,816.7158346
10.00,42,20,816.6615088
10.00,42,21,816.6237862
10.00,42,22,816.6117326
10.00,42,23,816.5587712
10.00,42,24,816.5218514
10.00,42,25,816.5076709
10.00,42,26,816.4564156
10.00,42,27,816.4200336
10.00,42,28,816.4039557
10.00,42,29,816.3539551
10.00,42,30,816.3182964
10.00,42,31,816.3002962
10.00,42,32,816.2518334
10.00,42,33,816.2166714
10.00,42,34,816.1969507
10.00,42,35,816.1496388
10.00,42,36,816.1151277
10.00,42,37,816.0936732
10.00,42,38,816.0477456
10.00,42,39,816.013692
10.00,42,40,815.9906811
10.00,42,41,815.9458066
10.00,42,42,815.912338
10.00,42,43,815.8877666
10.00,42,44,815.8441365
10.00,42,45,815.8110882
10.00,42,46,815.7851122
10.00,42,47,815.7424432
10.00,42,48,815.7099204
10.00,42,49,815.6825427
10.00,42,50,815.6409909
10.00,42,51,815.6088532
10.00,42,52,815.5802109
10.00,42,53,815.5395344
10.00,42,54,815.5375251
10.00,42,55,815.477818
10.00,42,56,815.4382301
10.00,42,57,815.4333299
10.00,42,58,815.3759334
10.00,42,59,815.3370606
10.00,42,60,815.3295996
10.00,42,61,815.2738787
10.00,42,62,815.2359749
10.00,42,63,815.2259286
10.00,42,64,815.1722665
10.00,42,65,815.1350164
10.00,42,66,815.1226719
10.00,42,67,815.0705311
10.00,42,68,815.0341426
10.00,42,69,815.0194907
10.00,42,70,814.9691819
10.00,42,71,814.9333895
10.00,42,72,814.9166794
10.00,42,73,814.8677485
10.00,42,74,814.8327214
10.00,42,75,814.8139559
10.00,42,76,814.7666532
10.00,42,77,814.7321681
10.00,42,78,814.7115638
10.00,42,79,814.6655059
10.00,42,80,814.6317
10.00,42,81,814.6092684
10.00,42,82,814.5646558
10.00,42,83,814.5313415
10.00,42,84,814.5072707
10.00,42,85,814.46378
10.00,42,86,814.431068
10.00,42,87,814.405376
10.00,42,88,814.3631667
10.00,42,89,814.3308996
10.00,42,90,814.3037497
10.00,42,91,814.2625493
10.00,42,92,814.2308157
10.00,42,93,814.2022306
10.00,42,94,814.1621648
10.00,42,95,814.1597375
10.00,42,96,814.1010933
10.00,42,97,814.0618516
10.00,42,98,814.0565068
10.00,42,99,813.9997834
10.00,42,100,813.9616281
10.00,42,101,813.9533673
10.00,42,102,813.8989512
10.00,42,103,813.8615398
10.00,42,104,813.8506924
10.00,42,105,813.7979986
10.00,42,106,813.7615413
10.00,42,107,813.7481228
10.00,42,108,813.6974572
10.00,42,109,813.6616698
10.00,42,110,813.645963
10.00,42,111,813.5968378
10.00,42,112,813.5618877
10.00,42,113,813.5439182
10.00,42,114,813.496574
10.00,42,115,813.4622253
10.00,42,116,813.4422358
10.00,42,117,813.3962662
10.00,42,118,813.3626517
10.00,42,119,813.3406748
10.00,42,120,813.2962672
10.00,42,121,813.2631915
10.00,42,122,813.2394356
10.00,42,123,813.1962517
10.00,42,124,813.1638193
10.00,42,125,813.1383212
10.00,42,126,813.0965057
10.00,42,127,813.0645548
10.00,42,128,813.0374936
10.00,42,129,812.996765
10.00,42,130,812.9653775
10.00,42,131,812.9367921
10.00,42,132,812.8972611
10.00,42,133,812.8941099
10.00,42,134,812.8364814
10.00,42,135,812.7978355
10.00,42,136,812.7916065
10.00,42,137,812.7360249
10.00,42,138,812.6985056
10.00,42,139,812.6892343
10.00,42,140,812.6360449
10.00,42,141,812.5993145
10.00,42,142,812.587347
10.00,42,143,812.5359704
10.00,42,144,812.5002183
10.00,42,145,812.4855998
10.00,42,146,812.436302
10.00,42,147,812.4012512
10.00,42,148,812.3842759
10.00,42,149,812.3365797
10.00,42,150,812.3023778
10.00,42,151,812.2830967
10.00,42,152,812.2372051
10.00,42,153,812.2036252
10.00,42,154,812.1822886
10.00,42,155,812.1378087
10.00,42,156,812.1049648
10.00,42,157,812.0816267
10.00,42,158,812.0387117
10.00,42,159,812.0064182
10.00,42,160,811.9812912
10.00,42,161,811.9396178
10.00,42,162,811.9079622
10.00,42,163,811.8811012
10.00,42,164,811.8407834
10.00,42,165,811.8096137
10.00,42,166,811.7811995
10.00,42,167,811.7419714
10.00,42,168,811.7383144
10.00,42,169,811.6813029
10.00,42,170,811.6433275
10.00,42,171,811.6362802
10.00,42,172,811.581926
10.00,42,173,811.544832
10.00,42,174,811.5347893
10.00,42,175,811.482454
10.00,42,176,811.4464369
10.00,42,177,811.4334686
10.00,42,178,811.3834197
10.00,42,179,811.3481784
10.00,42,180,811.332617
10.00,42,181,811.2843343
10.00,42,182,811.2500182
10.00,42,183,811.2319369
10.00,42,184,811.1856195
10.00,42,185,811.1519847
10.00,42,186,811.1316634
10.00,42,187,811.0868876
10.00,42,188,811.0540471
10.00,42,189,811.0315594
10.00,42,190,810.9884713
10.00,42,191,810.9562277
10.00,42,192,810.9318093
10.00,42,193,810.8900638
10.00,42,194,810.8585019
10.00,42,195,810.8322245
10.00,42,196,810.791927
10.00,42,197,810.760887
10.00,42,198,810.7329493
10.00,42,199,810.6938187
10.00,42,200,810.6906312
10.00,43,1,790.1377669
10.00,43,2,790.0321505
10.00,43,3,789.9566418
10.00,43,4,789.8549537
10.00,43,5,789.7804888
10.00,43,6,789.6819904
10.00,43,7,789.6082477
10.00,43,8,789.5125639
10.00,43,9,789.4394318
10.00,43,10,789.346325
10.00,43,11,789.2737674
10.00,43,12,789.1830573
10.00,43,13,789.1110656
10.00,43,14,789.0225994
10.00,43,15,788.9511744
10.00,43,16,788.8648155
10.00,43,17,788.7939606
10.00,43,18,788.7095835
10.00,43,19,788.6393018
10.00,43,20,788.5567899
10.00,43,21,788.4870833
10.00,43,22,788.4063271
10.00,43,23,788.3371956
10.00,43,24,788.2580926
10.00,43,25,788.1895345
10.00,43,26,788.111988
10.00,43,27,788.0439997
10.00,43,28,787.9679188
10.00,43,29,787.9004951
10.00,43,30,787.825794
10.00,43,31,787.7589281
10.00,43,32,787.6855259
10.00,43,33,787.6192096
10.00,43,34,787.54703
10.00,43,35,787.4812539
10.00,43,36,787.410225
10.00,43,37,787.3449786
10.00,43,38,787.2750325
10.00,43,39,787.2103043
10.00,43,40,787.1413771
10.00,43,41,787.0771547
10.00,43,42,787.0091859
10.00,43,43,786.9454565
10.00,43,44,786.8783891
10.00,43,45,786.815139
10.00,43,46,786.7489194
10.00,43,47,786.6861346
10.00,43,48,786.6207121
10.00,43,49,786.5583782
10.00,43,50,786.4937051
10.00,43,51,786.4318075
10.00,43,52,786.3678387
10.00,43,53,786.3063625
10.00,43,54,786.2430557
10.00,43,55,786.181986
10.00,43,56,786.1193012
10.00,43,57,786.058623
10.00,43,58,785.9965226
10.00,43,59,785.9362212
10.00,43,60,785.8746696
10.00,43,61,785.8147301
10.00,43,62,785.7536942
10.00,43,63,785.694102
10.00,43,64,785.6335503
10.00,43,65,785.5742911
10.00,43,66,785.514194
10.00,43,67,785.4552536
10.00,43,68,785.3955834
10.00,43,69,785.3369481
10.00,43,70,785.2776788
10.00,43,71,785.2193349
10.00,43,72,785.1604419
10.00,43,73,785.1023764
10.00,43,74,785.0438368
10.00,43,75,784.986037
10.00,43,76,784.9278291
10.00,43,77,784.8702825
10.00,43,78,784.8123863
10.00,43,79,784.755081
10.00,43,80,784.6974772
10.00,43,81,784.6404018
10.00,43,82,784.5830728
10.00,43,83,784.5262161
10.00,43,84,784.4691453
10.00,43,85,784.4124967
10.00,43,86,784.3556684
10.00,43,87,784.2992178
10.00,43,88,784.2426174
10.00,43,89,784.186355
10.00,43,90,784.129969
10.00,43,91,784.0738855
10.00,43,92,784.017701
10.00,43,93,783.9617877
10.00,43,94,783.9057928
10.00,43,95,783.8500411
10.00,43,96,783.7942249
10.00,43,97,783.7386268
10.00,43,98,783.6829788
10.00,43,99,783.6275269
10.00,43,100,783.5720375
10.00,43,101,783.5167244
10.00,43,102,783.4613846
10.00,43,103,783.4062037
10.00,43,104,783.3510051
10.00,43,105,783.2959499
10.00,43,106,783.2408848
10.00,43,107,783.1859493
10.00,43,108,783.1310105
10.00,43,109,783.076189
10.00,43,110,783.0213697
10.00,43,111,782.9666569
10.00,43,112,782.9119509
10.00,43,113,782.8573418
10.00,43,114,782.8525439
10.00,43,115,782.7934672
10.00,43,116,782.7336924
10.00,43,117,782.6750963
10.00,43,118,782.6159174
10.00,43,119,782.5577692
10.00,43,120,782.4991367
10.00,43,121,782.4414057
10.00,43,122,782.3832743
10.00,43,123,782.3259316
10.00,43,124,782.26826
10.00,43,125,782.2112786
10.00,43,126,782.1540289
10.00,43,127,782.0973836
10.00,43,128,782.0405213
10.00,43,129,781.9841884
10.00,43,130,781.927682
10.00,43,131,781.8716397
10.00,43,132,781.8154604
10.00,43,133,781.7596881
10.00,43,134,781.7038095
10.00,43,135,781.6482884
10.00,43,136,781.5926865
10.00,43,137,781.5373988
10.00,43,138,781.4820517
10.00,43,139,781.4269812
10.00,43,140,781.371869
10.00,43,141,781.3170005
10.00,43,142,781.2621049
10.00,43,143,781.2074245
10.00,43,144,781.1527289
10.00,43,145,781.0982237
10.00,43,146,781.0437131
10.00,43,147,780.9893711
10.00,43,148,780.9350317
10.00,43,149,780.8808421
10.00,43,150,780.8266614
10.00,43,151,780.772614
10.00,43,152,780.7185806
10.00,43,153,780.6646662
10.00,43,154,780.6107698
10.00,43,155,780.6107389
10.00,43,156,780.5505264
10.00,43,157,780.4917023
10.00,43,158,780.4323091
10.00,43,159,780.3741086
10.00,43,160,780.3154529
10.00,43,161,780.2578223
10.00,43,162,780.1998309
10.00,43,163,780.142721
10.00,43,164,780.0853282
10.00,43,165,780.0286939
10.00,43,166,779.9718408
10.00,43,167,779.9156408
10.00,43,168,779.8592744
10.00,43,169,779.803471
10.00,43,170,779.7475439
10.00,43,171,779.6921027
10.00,43,172,779.6365722
10.00,43,173,779.5814617
10.00,43,174,779.52629
10.00,43,175,779.4714815
10.00,43,176,779.4166342
10.00,43,177,779.3621017
10.00,43,178,779.3075482
10.00,43,179,779.2532681
10.00,43,180,779.198981
10.00,43,181,779.1449317
10.00,43,182,779.0908865
10.00,43,183,779.0370486
10.00,43,184,778.9832232
10.00,43,185,778.929579
10.00,43,186,778.8759538
10.00,43,187,778.8224873
10.00,43,188,778.7690448
10.00,43,189,778.7157416
10.00,43,190,778.6624659
10.00,43,191,778.609313
10.00,43,192,778.6090433
10.00,43,193,778.5500135
10.00,43,194,778.4904524
10.00,43,195,778.4322232
10.00,43,196,778.3735867
10.00,43,197,778.3160781
10.00,43,198,778.2582618
10.00,43,199,778.2014016
10.00,43,200,778.1443133
10.00,44,1,783.1323254
10.00,44,2,783.1268589
10.00,44,3,783.0077204
10.00,44,4,783.0005717
10.00,44,5,782.8663283
10.00,44,6,782.8209927
10.00,44,7,782.7905829
10.00,44,8,782.7203108
10.00,44,9,782.6543698
10.00,44,10,782.5801461
10.00,44,11,782.5186387
10.00,44,12,782.4401661
10.00,44,13,782.383316
10.00,44,14,782.3003502
10.00,44,15,782.2483769
10.00,44,16,782.1606955
10.00,44,17,782.1138035
10.00,44,18,782.0212003
10.00,44,19,781.9795772
10.00,44,20,781.8818631
10.00,44,21,781.845677
10.00,44,22,781.7426823
10.00,44,23,781.7120795
10.00,44,24,781.603656
10.00,44,25,781.5787587
10.00,44,26,781.4647821
10.00,44,27,781.4456863
10.00,44,28,781.3260587
10.00,44,29,781.3128321
10.00,44,30,781.1874835
10.00,44,31,781.1801643
10.00,44,32,781.0490542
10.00,44,33,781.0476503
10.00,44,34,780.9107686
10.00,44,35,780.8652997
10.00,44,36,780.832749
10.00,44,37,780.8310167
10.00,44,38,780.715458
10.00,44,39,780.6980281
10.00,44,40,780.5774712
10.00,44,41,780.5651901
10.00,44,42,780.4396271
10.00,44,43,780.4324714
10.00,44,44,780.3019238
10.00,44,45,780.299843
10.00,44,46,780.1643592
10.00,44,47,780.1189929
10.00,44,48,780.0862302
10.00,44,49,780.0834706
10.00,44,50,779.9700928
10.00,44,51,779.9504609
10.00,44,52,779.8328299
10.00,44,53,779.8175539
10.00,44,54,779.6957059
10.00,44,55,779.6847235
10.00,44,56,779.558719
10.00,44,57,779.5519464
10.00,44,58,779.4218674
10.00,44,59,779.4192008
10.00,44,60,779.2851498
10.00,44,61,779.2399252
10.00,44,62,779.2069655
10.00,44,63,779.2031293
10.00,44,64,779.092108
10.00,44,65,779.0701433
10.00,44,66,778.9556975
10.00,44,67,778.9372174
10.00,44,68,778.8194219
10.00,44,69,778.8043315
10.00,44,70,778.68328
10.00,44,71,778.6714685
10.00,44,72,778.5472704
10.00,44,73,778.5386131
10.00,44,74,778.4113921
10.00,44,75,778.4057511
10.00,44,76,778.275644
10.00,44,77,778.2728698
10.00,44,78,778.1400252
10.00,44,79,778.1399578
10.00,44,80,778.0045349
10.00,44,81,777.9598151
10.00,44,82,777.9272545
10.00,44,83,777.9234754
10.00,44,84,777.8132164
10.00,44,85,777.7906085
10.00,44,86,777.6780456
10.00,44,87,777.657758
10.00,44,88,777.5430053
10.00,44,89,777.5249118
10.00,44,90,777.4080946
10.00,44,91,777.3920608
10.00,44,92,777.2733127
10.00,44,93,777.259198
10.00,44,94,777.1386592
10.00,44,95,777.1263175
10.00,44,96,777.0041333
10.00,44,97,776.9934145
10.00,44,98,776.8697348
10.00,44,99,776.8604854
10.00,44,100,776.7354631
10.00,44,101,776.7275275
10.00,44,102,776.601318
10.00,44,103,776.5945394
10.00,44,104,776.4672992
10.00,44,105,776.4615203
10.00,44,106,776.3334064
10.00,44,107,776.3284707
10.00,44,108,776.1996395
10.00,44,109,776.1953918
10.00,44,110,776.0659983
10.00,44,111,776.0622855
10.00,44,112,775.9324829
10.00,44,113,775.9291545
10.00,44,114,775.7990932
10.00,44,115,775.7960023
10.00,44,116,775.6658291
10.00,44,117,775.6628328
10.00,44,118,775.5326908
10.00,44,119,775.5296505
10.00,44,120,775.3996783
10.00,44,121,775.3964603
10.00,44,122,775.2667917
10.00,44,123,775.2632676
10.00,44,124,775.1340311
10.00,44,125,775.130078
10.00,44,126,775.0013967
10.00,44,127,774.9968973
10.00,44,128,774.8688886
10.00,44,129,774.8637317
10.00,44,130,774.7365069
10.00,44,131,774.7305872
10.00,44,132,774.6042519
10.00,44,133,774.5974703
10.00,44,134,774.4721237
10.00,44,135,774.4643873
10.00,44,136,774.3401224
10.00,44,137,774.3313445
10.00,44,138,774.2082482
10.00,44,139,774.1983481
10.00,44,140,774.0765014
10.00,44,141,774.0654044
10.00,44,142,773.9448819
10.00,44,143,773.9325196
10.00,44,144,773.8133901
10.00,44,145,773.7996997
10.00,44,146,773.6820259
10.00,44,147,773.6669504
10.00,44,148,773.5507897
10.00,44,149,773.5342775
10.00,44,150,773.4196814
10.00,44,151,773.4016866
10.00,44,152,773.2887012
10.00,44,153,773.2691828
10.00,44,154,773.1578492
10.00,44,155,773.1367714
10.00,44,156,773.0271254
10.00,44,157,773.0044572
10.00,44,158,772.89653
10.00,44,159,772.872245
10.00,44,160,772.766063
10.00,44,161,772.7401392
10.00,44,162,772.6357245
10.00,44,163,772.6081441
10.00,44,164,772.5055144
10.00,44,165,772.4762636
10.00,44,166,772.3754328
10.00,44,167,772.3445017
10.00,44,168,772.2454798
10.00,44,169,772.2128619
10.00,44,170,772.1156553
10.00,44,171,772.0813477
10.00,44,172,771.9859592
10.00,44,173,771.9499621
10.00,44,174,771.8563917
10.00,44,175,771.8187082
10.00,44,176,771.7269525
10.00,44,177,771.6875887
10.00,44,178,771.5976418
10.00,44,179,771.5566063
10.00,44,180,771.4684593
10.00,44,181,771.4257632
10.00,44,182,771.3394051
10.00,44,183,771.2950618
10.00,44,184,771.210479
10.00,44,185,771.1645041
10.00,44,186,771.081681
10.00,44,187,771.0340918
10.00,44,188,770.9530109
10.00,44,189,770.9038269
10.00,44,190,770.8244687
10.00,44,191,770.7737107
10.00,44,192,770.6960542
10.00,44,193,770.6437446
10.00,44,194,770.5677673
10.00,44,195,770.51393
10.00,44,196,770.4396078
10.00,44,197,770.384268
10.00,44,198,770.3115757
10.00,44,199,770.2547596
10.00,44,200,770.1836707
10.00,45,1,813.5542246
10.00,45,2,812.7379279
10.00,45,3,812.645158
10.00,45,4,812.3574067
10.00,45,5,799.8101201
10.00,45,6,798.9734662
10.00,45,7,797.9692312
10.00,45,8,797.2577266
10.00,45,9,795.3500706
10.00,45,10,795.3010088
10.00,45,11,790.1049632
10.00,45,12,785.9471192
10.00,45,13,785.3105171
10.00,45,14,785.1557645
10.00,45,15,785.1434483
10.00,45,16,784.8319326
10.00,45,17,784.7049121
10.00,45,18,782.0116819
10.00,45,19,780.3222836
10.00,45,20,777.7878211
10.00,45,21,776.5781715
10.00,45,22,775.1330843
10.00,45,23,774.2529531
10.00,45,24,767.4431026
10.00,45,25,762.8543035
10.00,45,26,762.5160083
10.00,45,27,762.3969744
10.00,45,28,762.3393515
10.00,45,29,762.1429891
10.00,45,30,755.9851329
10.00,45,31,755.3220378
10.00,45,32,754.7354385
10.00,45,33,744.4562623
10.00,45,34,744.2610419
10.00,45,35,744.1485695
10.00,45,36,743.9347576
10.00,45,37,743.9082563
10.00,45,38,743.6385922
10.00,45,39,743.5444678
10.00,45,40,743.4727359
10.00,45,41,742.079324
10.00,45,42,740.5492897
10.00,45,43,739.6608667
10.00,45,44,738.8340329
10.00,45,45,728.2285261
10.00,45,46,727.6051945
10.00,45,47,727.5488068
10.00,45,48,727.4092972
10.00,45,49,725.7531471
10.00,45,50,725.159288
10.00,45,51,723.3050747
10.00,45,52,714.3232652
10.00,45,53,713.8983613
10.00,45,54,713.8330682
10.00,45,55,713.7188446
10.00,45,56,713.6189788
10.00,45,57,713.4840021
10.00,45,58,713.4133637
10.00,45,59,713.2502679
10.00,45,60,713.219349
10.00,45,61,713.0179162
10.00,45,62,712.9423923
10.00,45,63,712.8935425
10.00,45,64,712.7747887
10.00,45,65,712.2040912
10.00,45,66,711.8120887
10.00,45,67,701.1678792
10.00,45,68,700.7559903
10.00,45,69,700.6863655
10.00,45,70,700.6852686
10.00,45,71,700.5106449
10.00,45,72,700.4423525
10.00,45,73,700.3991466
10.00,45,74,700.290706
10.00,45,75,700.2065151
10.00,45,76,700.0791689
10.00,45,77,700.0196791
10.00,45,78,699.8683701
10.00,45,79,699.8398471
10.00,45,80,699.6583892
10.00,45,81,699.5898325
10.00,45,82,699.5444546
10.00,45,83,699.4406618
10.00,45,84,699.3596648
10.00,45,85,699.231255
10.00,45,86,699.1872143
10.00,45,87,699.0232445
10.00,45,88,698.9548182
10.00,45,89,698.9099931
10.00,45,90,698.8062565
10.00,45,91,698.7196454
10.00,45,92,698.5971232
10.00,45,93,698.5354282
10.00,45,94,698.3887494
10.00,45,95,698.3587376
10.00,45,96,698.1812288
10.00,45,97,698.1134935
10.00,45,98,698.0688995
10.00,45,99,697.9660368
10.00,45,100,697.8874388
10.00,45,101,697.7590932
10.00,45,102,697.7192396
10.00,45,103,697.5536303
10.00,45,104,697.4866989
10.00,45,105,697.4443392
10.00,45,106,697.3388989
10.00,45,107,697.2581662
10.00,45,108,697.1322514
10.00,45,109,697.0789709
10.00,45,110,696.9264209
10.00,45,111,696.9084432
10.00,45,112,696.7215215
10.00,45,113,696.6561552
10.00,45,114,696.616137
10.00,45,115,696.5082901
10.00,45,116,696.4410008
10.00,45,117,696.3040225
10.00,45,118,696.281716
10.00,45,119,696.101478
10.00,45,120,696.0378569
10.00,45,121,696.0025583
10.00,45,122,695.8882807
10.00,45,123,695.8230242
10.00,45,124,695.6842489
10.00,45,125,695.6520639
10.00,45,126,695.4811451
10.00,45,127,695.4149582
10.00,45,128,695.3719799
10.00,45,129,695.2704799
10.00,45,130,695.1968374
10.00,45,131,695.0679829
10.00,45,132,695.0369916
10.00,45,133,694.8671594
10.00,45,134,694.8031713
10.00,45,135,694.7659508
10.00,45,136,694.6564134
10.00,45,137,694.5880726
10.00,45,138,694.4542854
10.00,45,139,694.4191646
10.00,45,140,694.2531159
10.00,45,141,694.1873939
10.00,45,142,694.1445961
10.00,45,143,694.0445461
10.00,45,144,693.9719095
10.00,45,145,693.8440014
10.00,45,146,693.8153237
10.00,45,147,693.6452095
10.00,45,148,693.5823464
10.00,45,149,693.5469751
10.00,45,150,693.4363277
10.00,45,151,693.3727667
10.00,45,152,693.2362169
10.00,45,153,693.2085418
10.00,45,154,693.0371395
10.00,45,155,692.9731251
10.00,45,156,692.9335787
10.00,45,157,692.8302364
10.00,45,158,692.7659964
10.00,45,159,692.6318497
10.00,45,160,692.6169168
10.00,45,161,692.4354501
10.00,45,162,692.3753344
10.00,45,163,692.3459513
10.00,45,164,692.2278347
10.00,45,165,692.1779261
10.00,45,166,692.0298975
10.00,45,167,692.0217568
10.00,45,168,691.8331308
10.00,45,169,691.7723305
10.00,45,170,691.7397831
10.00,45,171,691.6274207
10.00,45,172,691.5808805
10.00,45,173,691.4314934
10.00,45,174,691.3675438
10.00,45,175,691.327678
10.00,45,176,691.2269988
10.00,45,177,691.1554838
10.00,45,178,691.0301355
10.00,45,179,690.9938291
10.00,45,180,690.8343555
10.00,45,181,690.7707404
10.00,45,182,690.7305333
10.00,45,183,690.6312385
10.00,45,184,690.5666167
10.00,45,185,690.436202
10.00,45,186,690.422558
10.00,45,187,690.2432969
10.00,45,188,690.1848784
10.00,45,189,690.1581479
10.00,45,190,690.039086
10.00,45,191,689.996919
10.00,45,192,689.8447077
10.00,45,193,689.7809968
10.00,45,194,689.7398226
10.00,45,195,689.6433377
10.00,45,196,689.5768904
10.00,45,197,689.4497227
10.00,45,198,689.4340674
10.00,45,199,689.2582709
10.00,45,200,689.2002393
10.00,46,1,684.6568885
10.00,46,2,684.3821286
10.00,46,3,684.3412977
10.00,46,4,684.0147799
10.00,46,5,683.8243222
10.00,46,6,683.6556671
10.00,46,7,683.4448128
10.00,46,8,683.308011
10.00,46,9,683.0697896
10.00,46,10,683.0370395
10.00,46,11,683.0232968
10.00,46,12,683.0168931
10.00,46,13,683.0029114
10.00,46,14,682.754381
10.00,46,15,682.4327251
10.00,46,16,682.2468014
10.00,46,17,682.1015676
10.00,46,18,682.0648496
10.00,46,19,682.0603654
10.00,46,20,680.499609
10.00,46,21,678.6340827
10.00,46,22,677.966202
10.00,46,23,677.6845563
10.00,46,24,677.6781548
10.00,46,25,677.3432747
10.00,46,26,677.1571365
10.00,46,27,677.0093634
10.00,46,28,676.8030122
10.00,46,29,676.6857987
10.00,46,30,676.4528888
10.00,46,31,676.3751696
10.00,46,32,676.1075066
10.00,46,33,676.0807518
10.00,46,34,675.7677979
10.00,46,35,675.5909827
10.00,46,36,675.4369307
10.00,46,37,675.2419263
10.00,46,38,675.115973
10.00,46,39,674.8967818
10.00,46,40,674.8076781
10.00,46,41,674.5563783
10.00,46,42,674.5156912
10.00,46,43,674.2218174
10.00,46,44,674.0513491
10.00,46,45,673.8931497
10.00,46,46,673.7068208
10.00,46,47,673.5725904
10.00,46,48,673.3655756
10.00,46,49,673.2620397
10.00,46,50,673.0281549
10.00,46,51,672.9638897
10.00,46,52,672.6952376
10.00,46,53,672.576199
10.00,46,54,672.4913899
10.00,46,55,670.7314782
10.00,46,56,666.7940172
10.00,46,57,665.5075583
10.00,46,58,665.0703532
10.00,46,59,665.0551015
10.00,46,60,664.8938254
10.00,46,61,664.8230314
10.00,46,62,664.8114678
10.00,46,63,664.7805787
10.00,46,64,664.6061613
10.00,46,65,663.4118036
10.00,46,66,663.002178
10.00,46,67,662.8077635
10.00,46,68,662.7232363
10.00,46,69,662.5054647
10.00,46,70,662.4536629
10.00,46,71,662.2065835
10.00,46,72,662.1953869
10.00,46,73,661.9116536
10.00,46,74,661.755945
10.00,46,75,661.7167933
10.00,46,76,661.7088673
10.00,46,77,661.6870866
10.00,46,78,661.66402
10.00,46,79,661.594375
10.00,46,80,661.4358527
10.00,46,81,661.4341309
10.00,46,82,661.4106205
10.00,46,83,661.0543131
10.00,46,84,661.0054921
10.00,46,85,660.9867382
10.00,46,86,660.9783686
10.00,46,87,660.9027298
10.00,46,88,660.7910052
10.00,46,89,660.723053
10.00,46,90,660.71195
10.00,46,91,660.6730075
10.00,46,92,660.6725684
10.00,46,93,660.6123207
10.00,46,94,660.5698212
10.00,46,95,660.5553969
10.00,46,96,652.9318452
10.00,46,97,649.287681
10.00,46,98,648.1376697
10.00,46,99,647.7582733
10.00,46,100,647.5867294
10.00,46,101,647.5190421
10.00,46,102,647.3297462
10.00,46,103,647.2857259
10.00,46,104,647.0749749
10.00,46,105,647.0592936
10.00,46,106,646.8226774
10.00,46,107,646.6924046
10.00,46,108,646.5743138
10.00,46,109,646.4346812
10.00,46,110,646.3297229
10.00,46,111,646.1785817
10.00,46,112,646.0895749
10.00,46,113,645.9242963
10.00,46,114,645.8546925
10.00,46,115,645.6720589
10.00,46,116,645.6260859
10.00,46,117,645.4221582
10.00,46,118,645.4049962
10.00,46,119,645.17495
10.00,46,120,645.0486842
10.00,46,121,644.9299604
10.00,46,122,644.7953539
10.00,46,123,644.688137
10.00,46,124,644.5434446
10.00,46,125,644.4499386
10.00,46,126,644.2930804
10.00,46,127,644.2159051
10.00,46,128,644.044407
10.00,46,129,643.986669
10.00,46,130,643.7975951
10.00,46,131,643.7629683
10.00,46,132,643.5528435
10.00,46,133,643.4324194
10.00,46,134,643.311264
10.00,46,135,643.1833334
10.00,46,136,643.0727094
10.00,46,137,642.9356192
10.00,46,138,642.8376701
10.00,46,139,642.6894142
10.00,46,140,642.606743
10.00,46,141,642.4448868
10.00,46,142,642.3806554
10.00,46,143,642.2022426
10.00,46,144,642.1602933
10.00,46,145,641.9617335
10.00,46,146,641.9467368
10.00,46,147,641.7236673
10.00,46,148,641.6020271
10.00,46,149,641.487555
10.00,46,150,641.3582216
10.00,46,151,641.2542655
10.00,46,152,641.1157026
10.00,46,153,641.0241829
10.00,46,154,640.8745736
10.00,46,155,640.7977561
10.00,46,156,640.634955
10.00,46,157,640.5755075
10.00,46,158,640.396987
10.00,46,159,640.3198337
10.00,46,160,640.2981996
10.00,46,161,640.292974
10.00,46,162,640.2903733
10.00,46,163,640.1560012
10.00,46,164,640.15522
10.00,46,165,640.1211825
10.00,46,166,640.0022137
10.00,46,167,639.8726199
10.00,46,168,639.6987523
10.00,46,169,639.5550863
10.00,46,170,639.4561749
10.00,46,171,639.4094287
10.00,46,172,639.3992548
10.00,46,173,639.3941886
10.00,46,174,639.3916592
10.00,46,175,639.3868669
10.00,47,1,808.7396833
10.00,47,2,808.3325733
10.00,47,3,808.0262193
10.00,47,4,807.7144135
10.00,47,5,807.4621347
10.00,47,6,807.2087102
10.00,47,7,806.9935067
10.00,47,8,806.779398
10.00,47,9,806.5912374
10.00,47,10,806.405231
10.00,47,11,806.2374681
10.00,47,12,806.0722501
10.00,47,13,805.9201424
10.00,47,14,805.7706018
10.00,47,15,805.6306188
10.00,47,16,805.4930333
10.00,47,17,805.3624863
10.00,47,18,805.2340802
10.00,47,19,805.1108983
10.00,47,20,804.9895736
10.00,47,21,804.8721521
10.00,47,22,804.7563102
10.00,47,23,804.643402
10.00,47,24,804.5318188
10.00,47,25,804.4224533
10.00,47,26,804.3141884
10.00,47,27,804.2076096
10.00,47,28,804.1019391
10.00,47,29,803.9975581
10.00,47,30,803.8939237
10.00,47,31,803.791282
10.00,47,32,803.6892527
10.00,47,33,803.5879931
10.00,47,34,803.487236
10.00,47,35,803.3870804
10.00,47,36,803.3698359
10.00,47,37,803.2493416
10.00,47,38,803.1307218
10.00,47,39,803.0157608
10.00,47,40,802.9023727
10.00,47,41,802.7917307
10.00,47,42,802.6823936
10.00,47,43,802.5751286
10.00,47,44,802.4689379
10.00,47,45,802.3643193
10.00,47,46,802.2605804
10.00,47,47,802.1580417
10.00,47,48,802.056221
10.00,47,49,801.9553225
10.00,47,50,801.8550097
10.00,47,51,801.7554108
10.00,47,52,801.65629
10.00,47,53,801.645552
10.00,47,54,801.5241593
10.00,47,55,801.4071714
10.00,47,56,801.2920015
10.00,47,57,801.1801151
10.00,47,58,801.0697358
10.00,47,59,800.9618172
10.00,47,60,800.8551365
10.00,47,61,800.75031
10.00,47,62,800.6464937
10.00,47,63,800.5440826
10.00,47,64,800.4424928
10.00,47,65,800.3419746
10.00,47,66,800.2421226
10.00,47,67,800.1430936
10.00,47,68,800.0446052
10.00,47,69,799.9467537
10.00,47,70,799.9363052
10.00,47,71,799.8173105
10.00,47,72,799.7003786
10.00,47,73,799.5872748
10.00,47,74,799.4758793
10.00,47,75,799.3673348
10.00,47,76,799.2601904
10.00,47,77,799.155181
10.00,47,78,799.0513107
10.00,47,79,798.949048
10.00,47,80,798.8477078
10.00,47,81,798.7475854
10.00,47,82,798.6482079
10.00,47,83,798.5497592
10.00,47,84,798.4519115
10.00,47,85,798.3547774
10.00,47,86,798.2581291
10.00,47,87,798.2429305
10.00,47,88,798.1246396
10.00,47,89,798.0106528
10.00,47,90,797.8985562
10.00,47,91,797.7896483
10.00,47,92,797.6822851
10.00,47,93,797.5772968
10.00,47,94,797.473561
10.00,47,95,797.3716039
10.00,47,96,797.2706568
10.00,47,97,797.1710497
10.00,47,98,797.0722546
10.00,47,99,796.9744755
10.00,47,100,796.8773484
10.00,47,101,796.7809972
10.00,47,102,796.68517
10.00,47,103,796.6830917
10.00,47,104,796.5639377
10.00,47,105,796.4494744
10.00,47,106,796.3370583
10.00,47,107,796.2281008
10.00,47,108,796.1208105
10.00,47,109,796.0160842
10.00,47,110,795.9127044
10.00,47,111,795.811236
10.00,47,112,795.710849
10.00,47,113,795.6118952
10.00,47,114,795.5138068
10.00,47,115,795.4167996
10.00,47,116,795.3204842
10.00,47,117,795.2249902
10.00,47,118,795.1300494
10.00,47,119,795.0357377
10.00,47,120,795.0181795
10.00,47,121,794.9036278
10.00,47,122,794.7912553
10.00,47,123,794.6825446
10.00,47,124,794.5756015
10.00,47,125,794.4713619
10.00,47,126,794.3685441
10.00,47,127,794.2677332
10.00,47,128,794.1680594
10.00,47,129,794.069884
10.00,47,130,793.9726146
10.00,47,131,793.876471
10.00,47,132,793.7810481
10.00,47,133,793.686477
10.00,47,134,793.5924794
10.00,47,135,793.4991311
10.00,47,136,793.4856486
10.00,47,137,793.3715825
10.00,47,138,793.259789
10.00,47,139,793.1517589
10.00,47,140,793.0455636
10.00,47,141,792.942137
10.00,47,142,792.8401793
10.00,47,143,792.7402699
10.00,47,144,792.6415298
10.00,47,145,792.5443137
10.00,47,146,792.4480252
10.00,47,147,792.3528777
10.00,47,148,792.2584647
10.00,47,149,792.1649119
10.00,47,150,792.0719412
10.00,47,151,791.9796239
10.00,47,152,791.9659056
10.00,47,153,791.8529306
10.00,47,154,791.7422766
10.00,47,155,791.6353802
10.00,47,156,791.5303475
10.00,47,157,791.4280713
10.00,47,158,791.3272797
10.00,47,159,791.2285214
10.00,47,160,791.1309392
10.00,47,161,791.0348657
10.00,47,162,790.9397209
10.00,47,163,790.8457024
10.00,47,164,790.7524162
10.00,47,165,790.6599767
10.00,47,166,790.5681151
10.00,47,167,790.476895
10.00,47,168,790.4588926
10.00,47,169,790.3475968
10.00,47,170,790.2386218
10.00,47,171,790.1332948
10.00,47,172,790.0298201
10.00,47,173,789.9290152
10.00,47,174,789.8296779
10.00,47,175,789.7323055
10.00,47,176,789.6360902
10.00,47,177,789.5413294
10.00,47,178,789.4474781
10.00,47,179,789.3547104
10.00,47,180,789.2626568
10.00,47,181,789.1714163
10.00,47,182,789.0807371
10.00,47,183,789.077724
10.00,47,184,788.9640293
10.00,47,185,788.8550509
10.00,47,186,788.7483351
10.00,47,187,788.6450462
10.00,47,188,788.5435515
10.00,47,189,788.4445609
10.00,47,190,788.3469836
10.00,47,191,788.2512462
10.00,47,192,788.1566175
10.00,47,193,788.0633488
10.00,47,194,787.9709476
10.00,47,195,787.8795581
10.00,47,196,787.7888473
10.00,47,197,787.6988946
10.00,47,198,787.6094736
10.00,47,199,787.5934457
10.00,47,200,787.4828697
10.00,48,1,765.4280228
10.00,48,2,765.2536556
10.00,48,3,763.8014155
10.00,48,4,763.6254725
10.00,48,5,763.0570383
10.00,48,6,762.8920061
10.00,48,7,762.618284
10.00,48,8,762.4525964
10.00,48,9,762.4114084
10.00,48,10,762.1212123
10.00,48,11,762.0082723
10.00,48,12,761.8279189
10.00,48,13,761.7733169
10.00,48,14,754.7380936
10.00,48,15,754.372185
10.00,48,16,751.4271523
10.00,48,17,750.2852837
10.00,48,18,737.0022426
10.00,48,19,736.7865714
10.00,48,20,736.7359876
10.00,48,21,736.369357
10.00,48,22,736.3133295
10.00,48,23,736.1184672
10.00,48,24,736.012079
10.00,48,25,735.9910612
10.00,48,26,733.5962156
10.00,48,27,731.2390336
10.00,48,28,730.2918156
10.00,48,29,730.0095324
10.00,48,30,724.1936414
10.00,48,31,716.9027145
10.00,48,32,716.0618917
10.00,48,33,715.8715098
10.00,48,34,715.7925605
10.00,48,35,715.6713435
10.00,48,36,715.6236674
10.00,48,37,715.3808517
10.00,48,38,714.6873304
10.00,48,39,713.8587846
10.00,48,40,700.697269
10.00,48,41,699.4548591
10.00,48,42,699.2203798
10.00,48,43,699.1804681
10.00,48,44,699.0268701
10.00,48,45,698.9584216
10.00,48,46,698.84869
10.00,48,47,698.762919
10.00,48,48,698.7370891
10.00,48,49,698.5807786
10.00,48,50,698.5169688
10.00,48,51,698.4069544
10.00,48,52,698.3226623
10.00,48,53,698.2971764
10.00,48,54,698.14282
10.00,48,55,698.0817764
10.00,48,56,697.9697467
10.00,48,57,697.8882112
10.00,48,58,697.8719544
10.00,48,59,697.7066036
10.00,48,60,697.6488994
10.00,48,61,697.5332261
10.00,48,62,697.4529097
10.00,48,63,697.4392206
10.00,48,64,697.272465
10.00,48,65,697.2192422
10.00,48,66,697.0992977
10.00,48,67,697.0229547
10.00,48,68,696.930484
10.00,48,69,696.8798442
10.00,48,70,696.6819897
10.00,48,71,696.6457045
10.00,48,72,696.5067452
10.00,48,73,696.4408891
10.00,48,74,696.3369107
10.00,48,75,696.253655
10.00,48,76,696.2293931
10.00,48,77,696.0762418
10.00,48,78,696.0157882
10.00,48,79,695.9057543
10.00,48,80,695.8250645
10.00,48,81,695.808045
10.00,48,82,695.6478791
10.00,48,83,695.5943883
10.00,48,84,695.4771471
10.00,48,85,695.4018563
10.00,48,86,695.3103624
10.00,48,87,695.2645248
10.00,48,88,695.0656738
10.00,48,89,695.0335324
10.00,48,90,694.8922289
10.00,48,91,694.8303275
10.00,48,92,694.7239926
10.00,48,93,694.644165
10.00,48,94,694.6293773
10.00,48,95,694.4676309
10.00,48,96,694.4142233
10.00,48,97,694.2981946
10.00,48,98,694.2227133
10.00,48,99,694.2211454
10.00,48,100,694.0456297
10.00,48,101,694.0033883
10.00,48,102,693.8753856
10.00,48,103,693.808207
10.00,48,104,693.7094219
10.00,48,105,693.7066891
10.00,48,106,693.4741072
10.00,48,107,693.4639592
10.00,48,108,693.2996295
10.00,48,109,693.2529292
10.00,48,110,693.1311922
10.00,48,111,693.0618698
10.00,48,112,692.9665751
10.00,48,113,692.9522673
10.00,48,114,692.7310119
10.00,48,115,692.7166679
10.00,48,116,692.5583888
10.00,48,117,692.5098898
10.00,48,118,692.3912994
10.00,48,119,692.321445
10.00,48,120,692.2277476
10.00,48,121,692.2105265
10.00,48,122,691.9931843
10.00,48,123,691.9786325
10.00,48,124,691.8217697
10.00,48,125,691.7739621
10.00,48,126,691.6556233
10.00,48,127,691.5867927
10.00,48,128,691.4928817
10.00,48,129,691.4813252
10.00,48,130,691.2605934
10.00,48,131,691.2499294
10.00,48,132,691.08977
10.00,48,133,691.0452968
10.00,48,134,690.9241671
10.00,48,135,690.8580679
10.00,48,136,690.7619759
10.00,48,137,690.6821016
10.00,48,138,690.6621308
10.00,48,139,690.5127288
10.00,48,140,690.4605863
10.00,48,141,690.3486592
10.00,48,142,690.2769594
10.00,48,143,690.1878369
10.00,48,144,690.154324
10.00,48,145,689.9527122
10.00,48,146,689.9292964
10.00,48,147,689.7849963
10.00,48,148,689.7315265
10.00,48,149,689.6221279
10.00,48,150,689.5501635
10.00,48,151,689.462267
10.00,48,152,689.4273468
10.00,48,153,689.2283061
10.00,48,154,689.2053433
10.00,48,155,689.0616189
10.00,48,156,689.009208
10.00,48,157,688.8995731
10.00,48,158,688.8288272
10.00,48,159,688.7404396
10.00,48,160,688.7121855
10.00,48,161,688.5087569
10.00,48,162,688.490008
10.00,48,163,688.3425344
10.00,48,164,688.2935682
10.00,48,165,688.1809594
10.00,48,166,688.1129681
10.00,48,167,688.022329
10.00,48,168,688.0093362
10.00,48,169,687.7941498
10.00,48,170,687.7837667
10.00,48,171,687.6278133
10.00,48,172,687.5850088
10.00,48,173,687.4663371
10.00,48,174,687.4029025
10.00,48,175,687.3079653
10.00,48,176,687.231298
10.00,48,177,687.2176539
10.00,48,178,687.0671912
10.00,48,179,687.0255159
10.00,48,180,686.9068354
10.00,48,181,686.8460583
10.00,48,182,686.7490911
10.00,48,183,686.6753349
10.00,48,184,686.6720779
10.00,48,185,686.5097551
10.00,48,186,686.4729841
10.00,48,187,686.348998
10.00,48,188,686.2905174
10.00,48,189,686.1913703
10.00,48,190,686.1187122
10.00,48,191,686.117867
10.00,48,192,685.9547835
10.00,48,193,685.9234485
10.00,48,194,685.7947158
10.00,48,195,685.7421723
10.00,48,196,685.6373865
10.00,48,197,685.5701306
10.00,48,198,685.4820052
10.00,48,199,685.4806775
10.00,48,200,685.2628022
10.00,49,1,667.4466424
10.00,49,2,667.3552136
10.00,49,3,667.3199217
10.00,49,4,667.1973055
10.00,49,5,667.1499483
10.00,49,6,667.1262848
10.00,49,7,667.0389667
10.00,49,8,667.0189726
10.00,49,9,666.8887353
10.00,49,10,666.8444225
10.00,49,11,666.8290496
10.00,49,12,666.7299021
10.00,49,13,666.7228475
10.00,49,14,666.579685
10.00,49,15,666.5361743
10.00,49,16,666.5217591
10.00,49,17,666.4217987
10.00,49,18,666.372409
10.00,49,19,666.3431221
10.00,49,20,666.2650221
10.00,49,21,666.2237478
10.00,49,22,666.1143626
10.00,49,23,666.0658597
10.00,49,24,666.0380941
10.00,49,25,665.9582814
10.00,49,26,665.9269974
10.00,49,27,665.809269
10.00,49,28,665.7636119
10.00,49,29,665.7435973
10.00,49,30,665.6527588
10.00,49,31,665.6345966
10.00,49,32,665.5039318
10.00,49,33,665.4593544
10.00,49,34,665.4411628
10.00,49,35,665.3482169
10.00,49,36,665.343529
10.00,49,37,665.2015117
10.00,49,38,665.1608362
10.00,49,39,665.1534561
10.00,49,40,665.044973
10.00,49,41,664.9971979
10.00,49,42,664.9702799
10.00,49,43,664.8906855
10.00,49,44,664.8617438
10.00,49,45,664.7435157
10.00,49,46,664.6988533
10.00,49,47,664.6804191
10.00,49,48,664.5887368
10.00,49,49,664.5747776
10.00,49,50,664.441801
10.00,49,51,664.3984953
10.00,49,52,664.3825935
10.00,49,53,664.2877756
10.00,49,54,664.2391889
10.00,49,55,664.2098688
10.00,49,56,664.1347049
10.00,49,57,664.0935899
10.00,49,58,663.9875049
10.00,49,59,663.9401966
10.00,49,60,663.9134691
10.00,49,61,663.8350225
10.00,49,62,663.8066017
10.00,49,63,663.6895723
10.00,49,64,663.6455774
10.00,49,65,663.6278767
10.00,49,66,663.5365631
10.00,49,67,663.5247175
10.00,49,68,663.391412
10.00,49,69,663.3490479
10.00,49,70,663.3346047
10.00,49,71,663.239104
10.00,49,72,663.1914874
10.00,49,73,663.1636931
10.00,49,74,663.0877024
10.00,49,75,663.0505472
10.00,49,76,662.9423275
10.00,49,77,662.8962148
10.00,49,78,662.8715953
10.00,49,79,662.7914817
10.00,49,80,662.7689622
10.00,49,81,662.6479913
10.00,49,82,662.6056097
10.00,49,83,662.5911898
10.00,49,84,662.4965075
10.00,49,85,662.4931861
10.00,49,86,662.3533476
10.00,49,87,662.3129316
10.00,49,88,662.3025903
10.00,49,89,662.2025497
10.00,49,90,662.1566133
10.00,49,91,662.1322648
10.00,49,92,662.0526315
10.00,49,93,662.0243426
10.00,49,94,661.9092406
10.00,49,95,661.8651066
10.00,49,96,661.844665
10.00,49,97,661.7598656
10.00,49,98,661.7491672
10.00,49,99,661.6186168
10.00,49,100,661.5789193
10.00,49,101,661.5706792
10.00,49,102,661.4683988
10.00,49,103,661.4224752
10.00,49,104,661.3969432
10.00,49,105,661.3201006
10.00,49,106,661.2949921
10.00,49,107,661.1787961
10.00,49,108,661.1367445
10.00,49,109,661.1217764
10.00,49,110,661.0298665
10.00,49,111,661.0255922
10.00,49,112,660.8890138
10.00,49,113,660.8492975
10.00,49,114,660.839435
10.00,49,115,660.7406812
10.00,49,116,660.6956782
10.00,49,117,660.6723812
10.00,49,118,660.5931433
10.00,49,119,660.5677507
10.00,49,120,660.4521663
10.00,49,121,660.4092954
10.00,49,122,660.3907872
10.00,49,123,660.3051162
10.00,49,124,660.3000059
10.00,49,125,660.1664474
10.00,49,126,660.128571
10.00,49,127,660.1238277
10.00,49,128,660.0184311
10.00,49,129,659.9741839
10.00,49,130,659.9516667
10.00,49,131,659.8723557
10.00,49,132,659.8558041
10.00,49,133,659.7337551
10.00,49,134,659.6940289
10.00,49,135,659.6839049
10.00,49,136,659.5868889
10.00,49,137,659.5415523
10.00,49,138,659.5157712
10.00,49,139,659.4417308
10.00,49,140,659.4158457
10.00,49,141,659.3033021
10.00,49,142,659.2621005
10.00,49,143,659.2475996
10.00,49,144,659.1574922
10.00,49,145,659.1549231
10.00,49,146,659.019655
10.00,49,147,658.9812845
10.00,49,148,658.9732411
10.00,49,149,658.8743534
10.00,49,150,658.8308651
10.00,49,151,658.8098056
10.00,49,152,658.7297484
10.00,49,153,658.7103957
10.00,49,154,658.5919127
10.00,49,155,658.551038
10.00,49,156,658.5360391
10.00,49,157,658.4477367
10.00,49,158,658.4025434
10.00,49,159,658.376487
10.00,49,160,658.3042012
10.00,49,161,658.2719476
10.00,49,162,658.1664999
10.00,49,163,658.1237251
10.00,49,164,658.1033417
10.00,49,165,658.023343
10.00,49,166,658.0129375
10.00,49,167,657.8879209
10.00,49,168,657.8503175
10.00,49,169,657.844156
10.00,49,170,657.7438432
10.00,49,171,657.7005098
10.00,49,172,657.6782638
10.00,49,173,657.6014848
10.00,49,174,657.5856978
10.00,49,175,657.4664145
10.00,49,176,657.4280367
10.00,49,177,657.419389
10.00,49,178,657.3232183
10.00,49,179,657.2794894
10.00,49,180,657.2558092
10.00,49,181,657.1816253
10.00,49,182,657.1616786
10.00,49,183,657.046966
10.00,49,184,657.008034
10.00,49,185,656.9974943
10.00,49,186,656.9045982
10.00,49,187,656.8606171
10.00,49,188,656.8358813
10.00,49,189,656.763741
10.00,49,190,656.7407161
10.00,49,191,656.6295449
10.00,49,192,656.5902541
10.00,49,193,656.578351
10.00,49,194,656.4879586
10.00,49,195,656.4438542
10.00,49,196,656.4184038
10.00,49,197,656.3478106
10.00,49,198,656.3226849
10.00,49,199,656.2141247
10.00,49,200,656.1746528
10.00,50,1,822.7998652
10.00,50,2,822.3052363
10.00,50,3,822.2220899
10.00,50,4,822.1471323
10.00,50,5,822.0955499
10.00,50,6,822.0377766
10.00,50,7,821.9977443
10.00,50,8,821.9459108
10.00,50,9,821.9113479
10.00,50,10,821.861919
10.00,50,11,821.8310253
10.00,50,12,821.7828378
10.00,50,13,821.7551481
10.00,50,14,821.7077761
10.00,50,15,821.6832553
10.00,50,16,821.6365032
10.00,50,17,821.6152637
10.00,50,18,821.5690061
10.00,50,19,821.551218
10.00,50,20,821.5053466
10.00,50,21,821.4912073
10.00,50,22,821.4456118
10.00,50,23,821.4353352
10.00,50,24,821.3898959
10.00,50,25,821.3837077
10.00,50,26,821.3382913
10.00,50,27,821.336427
10.00,50,28,821.2908842
10.00,50,29,820.0540734
10.00,50,30,819.2993276
10.00,50,31,819.2973343
10.00,50,32,819.2418063
10.00,50,33,817.8654629
10.00,50,34,817.0037892
10.00,50,35,816.9805474
10.00,50,36,816.9139804
10.00,50,37,816.894054
10.00,50,38,816.8276728
10.00,50,39,816.8098334
10.00,50,40,816.7428292
10.00,50,41,816.7266055
10.00,50,42,816.6586233
10.00,50,43,816.6438058
10.00,50,44,816.5746579
10.00,50,45,816.5611337
10.00,50,46,816.4907004
10.00,50,47,816.4783941
10.00,50,48,816.4065879
10.00,50,49,816.3954387
10.00,50,50,816.3221888
10.00,50,51,816.3121412
10.00,50,52,816.237388
10.00,50,53,816.228387
10.00,50,54,816.1520784
10.00,50,55,816.1440674
10.00,50,56,816.0661579
10.00,50,57,816.0590778
10.00,50,58,815.9795276
10.00,50,59,815.973316
10.00,50,60,815.8920911
10.00,50,61,815.8866823
10.00,50,62,815.8037543
10.00,50,63,815.799079
10.00,50,64,815.7144253
10.00,50,65,815.7104109
10.00,50,66,815.6240148
10.00,50,67,815.6205856
10.00,50,68,815.5324363
10.00,50,69,815.5295136
10.00,50,70,815.4396067
10.00,50,71,815.4371092
10.00,50,72,815.3454464
10.00,50,73,815.3432904
10.00,50,74,815.2498796
10.00,50,75,815.2479793
10.00,50,76,815.152835
10.00,50,77,815.151103
10.00,50,78,815.0542459
10.00,50,79,815.0525933
10.00,50,80,814.9540505
10.00,50,81,814.9523875
10.00,50,82,814.8521922
10.00,50,83,814.8504284
10.00,50,84,814.74862
10.00,50,85,814.7466646
10.00,50,86,814.6432883
10.00,50,87,814.6410509
10.00,50,88,814.5361576
10.00,50,89,814.5335484
10.00,50,90,814.4271945
10.00,50,91,814.4241245
10.00,50,92,814.3163714
10.00,50,93,814.312753
10.00,50,94,814.2036671
10.00,50,95,814.1994146
10.00,50,96,814.0890667
10.00,50,97,814.0840963
10.00,50,98,813.9725615
10.00,50,99,813.9667918
10.00,50,100,813.8541489
10.00,50,101,813.8475014
10.00,50,102,813.7338326
10.00,50,103,813.7262319
10.00,50,104,813.6116222
10.00,50,105,813.6029965
10.00,50,106,813.4875335
10.00,50,107,813.4778143
10.00,50,108,813.3615878
10.00,50,109,813.3507109
10.00,50,110,813.2338121
10.00,50,111,813.2217173
10.00,50,112,813.1042389
10.00,50,113,813.0908705
10.00,50,114,812.9729057
10.00,50,115,812.9582125
10.00,50,116,812.8398551
10.00,50,117,812.8237906
10.00,50,118,812.7051342
10.00,50,119,812.6876568
10.00,50,120,812.5687945
10.00,50,121,812.5498675
10.00,50,122,812.4308916
10.00,50,123,812.4104832
10.00,50,124,812.2914849
10.00,50,125,812.2695685
10.00,50,126,812.1506371
10.00,50,127,812.127191
10.00,50,128,812.0084142
10.00,50,129,811.9834219
10.00,50,130,811.8648849
10.00,50,131,811.8383346
10.00,50,132,811.7201204
10.00,50,133,811.6920055
10.00,50,134,811.5741939
10.00,50,135,811.5445125
10.00,50,136,811.4271807
10.00,50,137,811.3959354
10.00,50,138,811.2791573
10.00,50,139,811.2463556
10.00,50,140,811.1302014
10.00,50,141,811.0958551
10.00,50,142,810.9803917
10.00,50,143,810.9445167
10.00,50,144,810.8298074
10.00,50,145,810.7924237
10.00,50,146,810.6785277
10.00,50,147,810.6396591
10.00,50,148,810.526632
10.00,50,149,810.4863061
10.00,50,150,810.3741994
10.00,50,151,810.3324469
10.00,50,152,810.2213081
10.00,50,153,810.1781631
10.00,50,154,810.0680358
10.00,50,155,810.0235352
10.00,50,156,809.914459
10.00,50,157,809.8686423
10.00,50,158,809.7606528
10.00,50,159,809.713562
10.00,50,160,809.6066908
10.00,50,161,809.55837
10.00,50,162,809.4526451
10.00,50,163,809.4031402
10.00,50,164,809.2985856
10.00,50,165,809.2479442
10.00,50,166,809.1445803
10.00,50,167,809.0928514
10.00,50,168,808.990695
10.00,50,169,808.9379287
10.00,50,170,808.8369932
10.00,50,171,808.7832404
10.00,50,172,808.6835357
10.00,50,173,808.628848
10.00,50,174,808.530381
10.00,50,175,808.4748104
10.00,50,176,808.3775847
10.00,50,177,808.3211834
10.00,50,178,808.2251999
10.00,50,179,808.1680199
10.00,50,180,808.0732766
10.00,50,181,808.0153699
10.00,50,182,807.9218623
10.00,50,183,807.8632802
10.00,50,184,807.7710011
10.00,50,185,807.7117947
10.00,50,186,807.6207348
10.00,50,187,807.560954
10.00,50,188,807.4711017
10.00,50,189,807.4107957
10.00,50,190,807.3221375
10.00,50,191,807.2613543
10.00,50,192,807.173875
10.00,50,193,807.1126613
10.00,50,194,807.0263438
10.00,50,195,806.9647453
10.00,50,196,806.8795709
10.00,50,197,806.8176315
10.00,50,198,806.7335805
10.00,50,199,806.6713426
10.00,50,200,806.5883937
