SNR_dB,mc_idx,iter_idx,L_val
5.00,1,1,720.0215797
5.00,1,2,719.6203257
5.00,1,3,719.3402813
5.00,1,4,719.2811205
5.00,1,5,718.9478814
5.00,1,6,718.7406599
5.00,1,7,718.5932878
5.00,1,8,718.5236533
5.00,1,9,718.3539748
5.00,1,10,718.2413155
5.00,1,11,718.2225078
5.00,1,12,718.0768405
5.00,1,13,717.9830981
5.00,1,14,717.913123
5.00,1,15,717.8551169
5.00,1,16,717.7732259
5.00,1,17,717.712107
5.00,1,18,717.6620064
5.00,1,19,717.5878528
5.00,1,20,717.5322201
5.00,1,21,717.4836408
5.00,1,22,717.4154593
5.00,1,23,717.4107805
5.00,1,24,717.3134343
5.00,1,25,717.2497338
5.00,1,26,717.236576
5.00,1,27,717.1473656
5.00,1,28,717.0877023
5.00,1,29,717.0659091
5.00,1,30,716.9843697
5.00,1,31,716.9278295
5.00,1,32,716.8981727
5.00,1,33,716.8229157
5.00,1,34,716.7692531
5.00,1,35,716.7324421
5.00,1,36,716.6629528
5.00,1,37,716.6115749
5.00,1,38,715.7241464
5.00,1,39,712.2654718
5.00,1,40,698.9182769
5.00,1,41,697.7660449
5.00,1,42,697.3247945
5.00,1,43,697.1349522
5.00,1,44,697.043426
5.00,1,45,696.988351
5.00,1,46,696.4780775
5.00,1,47,683.9504402
5.00,1,48,682.0332139
5.00,1,49,681.2143394
5.00,1,50,680.8600653
5.00,1,51,680.6804012
5.00,1,52,680.5740511
5.00,1,53,680.5590924
5.00,1,54,680.4294231
5.00,1,55,680.3520555
5.00,1,56,680.3368358
5.00,1,57,680.2406952
5.00,1,58,680.1818887
5.00,1,59,680.1593556
5.00,1,60,680.0866617
5.00,1,61,680.0392563
5.00,1,62,680.0085981
5.00,1,63,679.9513508
5.00,1,64,679.9506124
5.00,1,65,679.8733569
5.00,1,66,679.8266502
5.00,1,67,679.8079007
5.00,1,68,679.7479735
5.00,1,69,679.7079717
5.00,1,70,679.6769232
5.00,1,71,679.6282571
5.00,1,72,679.6176409
5.00,1,73,679.5532505
5.00,1,74,679.512152
5.00,1,75,679.4858298
5.00,1,76,679.434597
5.00,1,77,679.4311611
5.00,1,78,679.3618558
5.00,1,79,679.3189887
5.00,1,80,679.2971505
5.00,1,81,679.2426959
5.00,1,82,679.2053989
5.00,1,83,679.1716344
5.00,1,84,679.1269342
5.00,1,85,679.1096147
5.00,1,86,679.0518181
5.00,1,87,679.0132766
5.00,1,88,678.9824127
5.00,1,89,678.9355178
5.00,1,90,678.9229848
5.00,1,91,678.8614
5.00,1,92,678.8216446
5.00,1,93,678.7937487
5.00,1,94,678.7446514
5.00,1,95,678.7373569
5.00,1,96,678.671792
5.00,1,97,678.6305053
5.00,1,98,678.6060099
5.00,1,99,678.554253
5.00,1,100,678.5526218
5.00,1,101,678.4824991
5.00,1,102,678.4397602
5.00,1,103,678.4187684
5.00,1,104,678.3643806
5.00,1,105,678.327226
5.00,1,106,678.294017
5.00,1,107,678.2494717
5.00,1,108,678.232416
5.00,1,109,678.1749106
5.00,1,110,678.1367581
5.00,1,111,678.1060051
5.00,1,112,678.0596462
5.00,1,113,678.0469302
5.00,1,114,677.9861407
5.00,1,115,677.9467281
5.00,1,116,677.9187995
5.00,1,117,677.8702482
5.00,1,118,677.862228
5.00,1,119,677.797678
5.00,1,120,677.7570714
5.00,1,121,677.7320514
5.00,1,122,677.6813332
5.00,1,123,677.6784863
5.00,1,124,677.6100087
5.00,1,125,677.567871
5.00,1,126,677.5462159
5.00,1,127,677.4928512
5.00,1,128,677.4563108
5.00,1,129,677.4227041
5.00,1,130,677.379079
5.00,1,131,677.3610064
5.00,1,132,677.3049476
5.00,1,133,677.2673816
5.00,1,134,677.2361047
5.00,1,135,677.1906918
5.00,1,136,677.1764773
5.00,1,137,677.1173501
5.00,1,138,677.0788143
5.00,1,139,677.0499278
5.00,1,140,677.0027524
5.00,1,141,676.9927648
5.00,1,142,676.9304447
5.00,1,143,676.8906741
5.00,1,144,676.8645328
5.00,1,145,676.8152202
5.00,1,146,676.8097658
5.00,1,147,676.7438016
5.00,1,148,676.7028903
5.00,1,149,676.6795353
5.00,1,150,676.6281521
5.00,1,151,676.6276554
5.00,1,152,676.5579364
5.00,1,153,676.5155496
5.00,1,154,676.4954126
5.00,1,155,676.4414925
5.00,1,156,676.4049451
5.00,1,157,676.3723893
5.00,1,158,676.3285996
5.00,1,159,676.3118513
5.00,1,160,676.2553898
5.00,1,161,676.2178698
5.00,1,162,676.1875128
5.00,1,163,676.1420351
5.00,1,164,676.1289029
5.00,1,165,676.0695599
5.00,1,166,676.0311415
5.00,1,167,676.0030096
5.00,1,168,675.9558987
5.00,1,169,675.9466977
5.00,1,170,675.884395
5.00,1,171,675.8448258
5.00,1,172,675.8192416
5.00,1,173,675.7701476
5.00,1,174,675.7651232
5.00,1,175,675.6994571
5.00,1,176,675.6588501
5.00,1,177,675.6358156
5.00,1,178,675.5848366
5.00,1,179,675.5843452
5.00,1,180,675.5152586
5.00,1,181,675.4733
5.00,1,182,675.4532021
5.00,1,183,675.399909
5.00,1,184,675.3637743
5.00,1,185,675.3313401
5.00,1,186,675.2881218
5.00,1,187,675.2710834
5.00,1,188,675.2155072
5.00,1,189,675.1784965
5.00,1,190,675.1480439
5.00,1,191,675.10331
5.00,1,192,675.0895067
5.00,1,193,675.0313544
5.00,1,194,674.993552
5.00,1,195,674.9650792
5.00,1,196,674.918904
5.00,1,197,674.9085904
5.00,1,198,674.8478244
5.00,1,199,674.8090029
5.00,1,200,674.7827881
5.00,2,1,668.7502327
5.00,2,2,667.1555799
5.00,2,3,666.6529365
5.00,2,4,664.8250789
5.00,2,5,664.7395716
5.00,2,6,662.5956557
5.00,2,7,661.39799
5.00,2,8,660.4460322
5.00,2,9,659.150029
5.00,2,10,658.3967184
5.00,2,11,656.9715826
5.00,2,12,656.4540196
5.00,2,13,654.8623809
5.00,2,14,654.6258474
5.00,2,15,652.8226427
5.00,2,16,651.815122
5.00,2,17,650.8832935
5.00,2,18,649.7951202
5.00,2,19,649.0378639
5.00,2,20,647.8368033
5.00,2,21,647.3003601
5.00,2,22,645.9432318
5.00,2,23,645.6909187
5.00,2,24,644.1195098
5.00,2,25,643.1988431
5.00,2,26,642.3542341
5.00,2,27,641.3631547
5.00,2,28,640.6640469
5.00,2,29,639.5772073
5.00,2,30,639.057802
5.00,2,31,637.8424357
5.00,2,32,637.5474075
5.00,2,33,636.1611683
5.00,2,34,636.1484719
5.00,2,35,634.5367629
5.00,2,36,633.6728654
5.00,2,37,633.0025609
5.00,2,38,632.0443157
5.00,2,39,631.5614701
5.00,2,40,630.4673826
5.00,2,41,630.2386906
5.00,2,42,628.9496164
5.00,2,43,628.178551
5.00,2,44,627.48601
5.00,2,45,626.6406285
5.00,2,46,626.0963241
5.00,2,47,625.1448592
5.00,2,48,624.7972322
5.00,2,49,623.6956043
5.00,2,50,623.6122595
5.00,2,51,622.2992415
5.00,2,52,621.5645119
5.00,2,53,620.9866628
5.00,2,54,620.1561526
5.00,2,55,619.7735195
5.00,2,56,618.7973234
5.00,2,57,618.6988423
5.00,2,58,617.5009889
5.00,2,59,616.7927047
5.00,2,60,616.2690635
5.00,2,61,615.4613793
5.00,2,62,615.1332625
5.00,2,63,614.1755131
5.00,2,64,614.1292305
5.00,2,65,612.9458693
5.00,2,66,612.2757727
5.00,2,67,611.8098445
5.00,2,68,611.0266917
5.00,2,69,610.8006167
5.00,2,70,609.8349006
5.00,2,71,609.2224633
5.00,2,72,608.7099069
5.00,2,73,608.0046961
5.00,2,74,607.6881663
5.00,2,75,606.8335052
5.00,2,76,606.8196572
5.00,2,77,605.7250592
5.00,2,78,605.0976595
5.00,2,79,604.7269106
5.00,2,80,603.9664419
5.00,2,81,603.8963005
5.00,2,82,602.9073006
5.00,2,83,602.2973434
5.00,2,84,601.9429636
5.00,2,85,601.1997145
5.00,2,86,601.139014
5.00,2,87,600.1678592
5.00,2,88,599.5892746
5.00,2,89,599.2556216
5.00,2,90,598.5383947
5.00,2,91,598.0350483
5.00,2,92,597.561826
5.00,2,93,596.9700224
5.00,2,94,596.712839
5.00,2,95,595.9600879
5.00,2,96,595.4611011
5.00,2,97,595.0491162
5.00,2,98,594.4442898
5.00,2,99,594.3127211
5.00,2,100,593.5043581
5.00,2,101,592.9709589
5.00,2,102,592.6859779
5.00,2,103,592.0053194
5.00,2,104,591.5375008
5.00,2,105,591.1433508
5.00,2,106,590.5699263
5.00,2,107,590.0878348
5.00,2,108,589.8328987
5.00,2,109,589.5307608
5.00,2,110,588.8798362
5.00,2,111,588.7663083
5.00,2,112,588.5789586
5.00,2,113,588.1112904
5.00,2,114,586.4845281
5.00,2,115,585.589384
5.00,2,116,585.046551
5.00,2,117,584.6270301
5.00,2,118,584.2580542
5.00,2,119,583.9554222
5.00,2,120,583.780493
5.00,2,121,583.6740955
5.00,2,122,583.6518889
5.00,2,123,583.3192327
5.00,2,124,583.3155936
5.00,2,125,583.2615067
5.00,2,126,583.2384612
5.00,2,127,583.0840977
5.00,2,128,582.632329
5.00,2,129,577.8391393
5.00,2,130,577.464023
5.00,2,131,577.1512145
5.00,2,132,576.6658691
5.00,2,133,576.2749302
5.00,2,134,576.0376453
5.00,2,135,575.467814
5.00,2,136,575.4265729
5.00,2,137,575.0258704
5.00,2,138,574.9965263
5.00,2,139,574.9334238
5.00,2,140,574.9131552
5.00,2,141,574.8813947
5.00,2,142,574.8661631
5.00,2,143,574.8138817
5.00,2,144,574.7989032
5.00,2,145,574.7724526
5.00,2,146,574.761672
5.00,2,147,574.7164741
5.00,2,148,574.7034483
5.00,2,149,574.6802038
5.00,2,150,574.669687
5.00,2,151,574.6294938
5.00,2,152,574.6169384
5.00,2,153,574.5958009
5.00,2,154,574.5838653
5.00,2,155,574.5474456
5.00,2,156,574.5347332
5.00,2,157,574.5150984
5.00,2,158,574.501182
5.00,2,159,574.4677526
5.00,2,160,574.454644
5.00,2,161,574.2650655
5.00,2,162,572.4545184
5.00,2,163,571.8079174
5.00,2,164,571.8049982
5.00,2,165,571.7622757
5.00,2,166,571.7472961
5.00,2,167,571.7233318
5.00,2,168,571.7134727
5.00,2,169,571.6700956
5.00,2,170,571.6588558
5.00,2,171,571.6350611
5.00,2,172,571.6328899
5.00,2,173,571.587129
5.00,2,174,571.5783461
5.00,2,175,571.5537116
5.00,2,176,571.5385183
5.00,2,177,571.5327229
5.00,2,178,571.5048876
5.00,2,179,571.402495
5.00,2,180,570.2153817
5.00,2,181,570.0895805
5.00,2,182,569.1656935
5.00,2,183,569.0470166
5.00,2,184,568.7385425
5.00,2,185,568.3590586
5.00,2,186,568.2864691
5.00,2,187,567.688809
5.00,2,188,567.6561688
5.00,2,189,567.6467779
5.00,2,190,567.5938401
5.00,2,191,567.5734062
5.00,2,192,567.542466
5.00,2,193,567.5359767
5.00,2,194,567.4770222
5.00,2,195,567.4682292
5.00,2,196,567.4358622
5.00,2,197,567.4198198
5.00,2,198,567.3993339
5.00,2,199,567.3861249
5.00,2,200,567.348036
5.00,3,1,687.8487479
5.00,3,2,686.6448435
5.00,3,3,686.4707234
5.00,3,4,686.3122212
5.00,3,5,686.1445315
5.00,3,6,685.9870586
5.00,3,7,685.8207153
5.00,3,8,685.6636029
5.00,3,9,685.498592
5.00,3,10,685.3419392
5.00,3,11,685.1782352
5.00,3,12,685.0220748
5.00,3,13,684.8596112
5.00,3,14,684.7039514
5.00,3,15,684.542657
5.00,3,16,684.3875
5.00,3,17,684.2273077
5.00,3,18,684.0726533
5.00,3,19,683.9135012
5.00,3,20,683.759348
5.00,3,21,683.6011792
5.00,3,22,683.4475249
5.00,3,23,683.2902875
5.00,3,24,683.1371287
5.00,3,25,682.980775
5.00,3,26,682.8281081
5.00,3,27,682.6725943
5.00,3,28,682.5204148
5.00,3,29,682.3657007
5.00,3,30,682.214004
5.00,3,31,682.0600527
5.00,3,32,681.9088337
5.00,3,33,681.7556111
5.00,3,34,681.6048645
5.00,3,35,681.4523396
5.00,3,36,681.3020599
5.00,3,37,681.1502037
5.00,3,38,681.0003853
5.00,3,39,680.8491714
5.00,3,40,680.6998086
5.00,3,41,680.5492126
5.00,3,42,680.4002997
5.00,3,43,680.250299
5.00,3,44,680.1018304
5.00,3,45,679.9524041
5.00,3,46,679.804374
5.00,3,47,679.655503
5.00,3,48,679.5079058
5.00,3,49,679.3595723
5.00,3,50,679.2124025
5.00,3,51,679.06459
5.00,3,52,678.9178421
5.00,3,53,678.7705355
5.00,3,54,678.624204
5.00,3,55,678.4773891
5.00,3,56,678.331469
5.00,3,57,678.1851327
5.00,3,58,678.0396188
5.00,3,59,678.0366364
5.00,3,60,677.8884433
5.00,3,61,677.726313
5.00,3,62,677.5784448
5.00,3,63,677.4181635
5.00,3,64,677.2707152
5.00,3,65,677.1121824
5.00,3,66,676.9651828
5.00,3,67,676.8082777
5.00,3,68,676.6617385
5.00,3,69,676.5063453
5.00,3,70,676.3602728
5.00,3,71,676.2062856
5.00,3,72,676.0606832
5.00,3,73,675.9080057
5.00,3,74,675.7628749
5.00,3,75,675.6114197
5.00,3,76,675.4667604
5.00,3,77,675.3164481
5.00,3,78,675.1722588
5.00,3,79,675.0230172
5.00,3,80,674.8792957
5.00,3,81,674.7310591
5.00,3,82,674.5878019
5.00,3,83,674.4405107
5.00,3,84,674.2977137
5.00,3,85,674.1513133
5.00,3,86,674.008972
5.00,3,87,673.8634128
5.00,3,88,673.7215221
5.00,3,89,673.5767587
5.00,3,90,673.4353132
5.00,3,91,673.2913042
5.00,3,92,673.1502983
5.00,3,93,673.0070059
5.00,3,94,672.8664336
5.00,3,95,672.7238232
5.00,3,96,672.5836786
5.00,3,97,672.4417184
5.00,3,98,672.3019957
5.00,3,99,672.1606566
5.00,3,100,672.0213496
5.00,3,101,671.880605
5.00,3,102,671.7417077
5.00,3,103,671.6015332
5.00,3,104,671.4630398
5.00,3,105,671.3234128
5.00,3,106,671.1853173
5.00,3,107,671.0462172
5.00,3,108,670.908514
5.00,3,109,670.7699218
5.00,3,110,670.6326052
5.00,3,111,670.4945034
5.00,3,112,670.357568
5.00,3,113,670.2199403
5.00,3,114,670.0833807
5.00,3,115,669.9462124
5.00,3,116,669.8100234
5.00,3,117,669.6733007
5.00,3,118,669.5374773
5.00,3,119,669.4011875
5.00,3,120,669.2657248
5.00,3,121,669.1298561
5.00,3,122,668.9947494
5.00,3,123,668.8592909
5.00,3,124,668.8556483
5.00,3,125,668.7056854
5.00,3,126,668.5686768
5.00,3,127,668.4202724
5.00,3,128,668.283611
5.00,3,129,668.136716
5.00,3,130,668.0004407
5.00,3,131,667.8549606
5.00,3,132,667.7190834
5.00,3,133,667.5749214
5.00,3,134,667.4394471
5.00,3,135,667.2965131
5.00,3,136,667.1614437
5.00,3,137,667.0196555
5.00,3,138,666.8849915
5.00,3,139,666.7442744
5.00,3,140,666.6100152
5.00,3,141,666.4703012
5.00,3,142,666.3364452
5.00,3,143,666.1976725
5.00,3,144,666.0642173
5.00,3,145,665.9263295
5.00,3,146,665.7932721
5.00,3,147,665.6562178
5.00,3,148,665.5235548
5.00,3,149,665.3872872
5.00,3,150,665.2550147
5.00,3,151,665.119491
5.00,3,152,664.9876047
5.00,3,153,664.8527858
5.00,3,154,664.7212812
5.00,3,155,664.5871313
5.00,3,156,664.4560039
5.00,3,157,664.3224903
5.00,3,158,664.1917353
5.00,3,159,664.0588279
5.00,3,160,663.9284406
5.00,3,161,663.7961119
5.00,3,162,663.6660874
5.00,3,163,663.534312
5.00,3,164,663.4046455
5.00,3,165,663.2734004
5.00,3,166,663.1440871
5.00,3,167,663.0133508
5.00,3,168,662.8843859
5.00,3,169,662.7541388
5.00,3,170,662.6255178
5.00,3,171,662.4957417
5.00,3,172,662.3674599
5.00,3,173,662.2381382
5.00,3,174,662.1101912
5.00,3,175,661.9813085
5.00,3,176,661.8536918
5.00,3,177,661.7252339
5.00,3,178,661.5979433
5.00,3,179,661.469897
5.00,3,180,661.3429283
5.00,3,181,661.2152815
5.00,3,182,661.0886308
5.00,3,183,660.9613721
5.00,3,184,660.8350354
5.00,3,185,660.7081545
5.00,3,186,660.5821281
5.00,3,187,660.4556153
5.00,3,188,660.3298954
5.00,3,189,660.2037416
5.00,3,190,660.0783248
5.00,3,191,659.9525218
5.00,3,192,659.8274046
5.00,3,193,659.7019444
5.00,3,194,659.5771236
5.00,3,195,659.5770109
5.00,3,196,659.4511289
5.00,3,197,659.3137673
5.00,3,198,659.1880885
5.00,3,199,659.0519507
5.00,3,200,658.9265419
5.00,4,1,811.930115
5.00,4,2,811.9150645
5.00,4,3,811.8437825
5.00,4,4,811.80025
5.00,4,5,811.6933211
5.00,4,6,811.6660372
5.00,4,7,811.6633923
5.00,4,8,811.5952974
5.00,4,9,811.591267
5.00,4,10,811.486493
5.00,4,11,811.4726051
5.00,4,12,811.4313561
5.00,4,13,811.4061184
5.00,4,14,811.3431206
5.00,4,15,811.3241802
5.00,4,16,811.3206382
5.00,4,17,811.2803617
5.00,4,18,811.2719487
5.00,4,19,811.2060058
5.00,4,20,811.1941979
5.00,4,21,811.1657137
5.00,4,22,811.1435893
5.00,4,23,811.0980328
5.00,4,24,811.0818777
5.00,4,25,811.078202
5.00,4,26,811.0468786
5.00,4,27,811.0342026
5.00,4,28,810.9837816
5.00,4,29,810.9704677
5.00,4,30,810.9684791
5.00,4,31,810.9351508
5.00,4,32,810.9309483
5.00,4,33,810.8747363
5.00,4,34,810.8650824
5.00,4,35,810.8403842
5.00,4,36,810.821352
5.00,4,37,810.7810591
5.00,4,38,810.7663606
5.00,4,39,810.762853
5.00,4,40,810.7346498
5.00,4,41,810.7221653
5.00,4,42,810.6762312
5.00,4,43,810.6633226
5.00,4,44,810.6611081
5.00,4,45,810.630289
5.00,4,46,810.6247386
5.00,4,47,810.5725047
5.00,4,48,810.5625621
5.00,4,49,810.5393374
5.00,4,50,810.519558
5.00,4,51,810.4816303
5.00,4,52,810.466775
5.00,4,53,810.4629363
5.00,4,54,810.4361872
5.00,4,55,810.4222702
5.00,4,56,810.3787128
5.00,4,57,810.3654207
5.00,4,58,810.3627761
5.00,4,59,810.3333593
5.00,4,60,810.3258744
5.00,4,61,810.2761374
5.00,4,62,810.2655679
5.00,4,63,810.2652412
5.00,4,64,810.2307662
5.00,4,65,810.214528
5.00,4,66,810.209443
5.00,4,67,810.1856082
5.00,4,68,810.167529
5.00,4,69,810.1283659
5.00,4,70,810.1141272
5.00,4,71,810.1107378
5.00,4,72,810.0831909
5.00,4,73,810.0710787
5.00,4,74,810.0260495
5.00,4,75,810.0133677
5.00,4,76,810.0111759
5.00,4,77,809.98089
5.00,4,78,809.9753025
5.00,4,79,809.9239315
5.00,4,80,809.9140225
5.00,4,81,809.8911629
5.00,4,82,809.8713509
5.00,4,83,809.8340578
5.00,4,84,809.8192205
5.00,4,85,809.8153045
5.00,4,86,809.7890207
5.00,4,87,809.7746856
5.00,4,88,809.7319965
5.00,4,89,809.718584
5.00,4,90,809.7157635
5.00,4,91,809.6869677
5.00,4,92,809.6785821
5.00,4,93,809.6301052
5.00,4,94,809.6192115
5.00,4,95,809.6185407
5.00,4,96,809.5850175
5.00,4,97,809.5839496
5.00,4,98,809.5282358
5.00,4,99,809.519135
5.00,4,100,809.4955147
5.00,4,101,809.4763608
5.00,4,102,809.43856
5.00,4,103,809.4235657
5.00,4,104,809.4194215
5.00,4,105,809.3936766
5.00,4,106,809.3794959
5.00,4,107,809.3368608
5.00,4,108,809.3239495
5.00,4,109,809.3215772
5.00,4,110,809.291934
5.00,4,111,809.2838144
5.00,4,112,809.2351929
5.00,4,113,809.223783
5.00,4,114,809.2225491
5.00,4,115,809.1902728
5.00,4,116,809.1886023
5.00,4,117,809.1337072
5.00,4,118,809.1250992
5.00,4,119,809.1010692
5.00,4,120,809.0836661
5.00,4,121,809.0443326
5.00,4,122,809.0302994
5.00,4,123,809.0269698
5.00,4,124,808.9995378
5.00,4,125,808.9874204
5.00,4,126,808.9428716
5.00,4,127,808.9301484
5.00,4,128,808.9278108
5.00,4,129,808.8980862
5.00,4,130,808.8915567
5.00,4,131,808.8415765
5.00,4,132,808.8312682
5.00,4,133,808.8309927
5.00,4,134,808.7967317
5.00,4,135,808.7806437
5.00,4,136,808.7755448
5.00,4,137,808.7520937
5.00,4,138,808.7336506
5.00,4,139,808.695488
5.00,4,140,808.6810839
5.00,4,141,808.6774132
5.00,4,142,808.6508202
5.00,4,143,808.6372186
5.00,4,144,808.594281
5.00,4,145,808.5810603
5.00,4,146,808.5782807
5.00,4,147,808.5496251
5.00,4,148,808.5410877
5.00,4,149,808.4932322
5.00,4,150,808.4822084
5.00,4,151,808.4813031
5.00,4,152,808.4485244
5.00,4,153,808.4461331
5.00,4,154,808.3921964
5.00,4,155,808.3825778
5.00,4,156,808.3597775
5.00,4,157,808.3393392
5.00,4,158,808.3032801
5.00,4,159,808.2878379
5.00,4,160,808.2832195
5.00,4,161,808.2587861
5.00,4,162,808.2422837
5.00,4,163,808.2024092
5.00,4,164,808.1886464
5.00,4,165,808.185454
5.00,4,166,808.1578838
5.00,4,167,808.1461054
5.00,4,168,808.1015686
5.00,4,169,808.0889119
5.00,4,170,808.0865407
5.00,4,171,808.0570578
5.00,4,172,808.0501248
5.00,4,173,808.0008878
5.00,4,174,807.9903764
5.00,4,175,807.9898377
5.00,4,176,807.9563249
5.00,4,177,807.9552589
5.00,4,178,807.9002133
5.00,4,179,807.8909797
5.00,4,180,807.8678923
5.00,4,181,807.8480616
5.00,4,182,807.811605
5.00,4,183,807.796346
5.00,4,184,807.7918304
5.00,4,185,807.7672676
5.00,4,186,807.7510835
5.00,4,187,807.711097
5.00,4,188,807.6974199
5.00,4,189,807.6942481
5.00,4,190,807.6667304
5.00,4,191,807.6549066
5.00,4,192,807.6106165
5.00,4,193,807.5979203
5.00,4,194,807.5954664
5.00,4,195,807.5662677
5.00,4,196,807.558831
5.00,4,197,807.5102918
5.00,4,198,807.4995724
5.00,4,199,807.4988076
5.00,4,200,807.4658959
5.00,5,1,835.8310472
5.00,5,2,835.8187227
5.00,5,3,835.7496017
5.00,5,4,835.7259383
5.00,5,5,835.6807687
5.00,5,6,835.668238
5.00,5,7,835.5618994
5.00,5,8,835.5593194
5.00,5,9,835.4928786
5.00,5,10,835.468307
5.00,5,11,835.4245974
5.00,5,12,835.4077998
5.00,5,13,835.3058375
5.00,5,14,835.3008505
5.00,5,15,835.2370186
5.00,5,16,835.2110579
5.00,5,17,835.1689062
5.00,5,18,835.1475228
5.00,5,19,835.0502376
5.00,5,20,835.0426892
5.00,5,21,834.9816231
5.00,5,22,834.9541933
5.00,5,23,834.913682
5.00,5,24,834.8874856
5.00,5,25,834.7950986
5.00,5,26,834.7848785
5.00,5,27,834.7266923
5.00,5,28,834.6977371
5.00,5,29,834.6961677
5.00,5,30,834.6331542
5.00,5,31,834.6071409
5.00,5,32,834.5653449
5.00,5,33,834.5437931
5.00,5,34,834.4472126
5.00,5,35,834.4399013
5.00,5,36,834.3788969
5.00,5,37,834.3518201
5.00,5,38,834.3112446
5.00,5,39,834.2861099
5.00,5,40,834.1932257
5.00,5,41,834.1838724
5.00,5,42,834.1250961
5.00,5,43,834.0968393
5.00,5,44,834.0958623
5.00,5,45,834.031938
5.00,5,46,834.006268
5.00,5,47,833.9643995
5.00,5,48,833.9425858
5.00,5,49,833.8467115
5.00,5,50,833.8384463
5.00,5,51,833.7786937
5.00,5,52,833.7508047
5.00,5,53,833.7500402
5.00,5,54,833.6857808
5.00,5,55,833.6606466
5.00,5,56,833.6184005
5.00,5,57,833.5985227
5.00,5,58,833.5010895
5.00,5,59,833.4942892
5.00,5,60,833.4332065
5.00,5,61,833.4063728
5.00,5,62,833.3660026
5.00,5,63,833.3406103
5.00,5,64,833.2487527
5.00,5,65,833.2388907
5.00,5,66,833.1810881
5.00,5,67,833.152506
5.00,5,68,833.1509149
5.00,5,69,833.08854
5.00,5,70,833.0622191
5.00,5,71,833.0214769
5.00,5,72,832.9966745
5.00,5,73,832.9044849
5.00,5,74,832.8942803
5.00,5,75,832.8369778
5.00,5,76,832.8079712
5.00,5,77,832.8057915
5.00,5,78,832.7446656
5.00,5,79,832.7180003
5.00,5,80,832.6777869
5.00,5,81,832.6521893
5.00,5,82,832.5610942
5.00,5,83,832.5508597
5.00,5,84,832.4937671
5.00,5,85,832.4649523
5.00,5,86,832.4629225
5.00,5,87,832.4016617
5.00,5,88,832.3748824
5.00,5,89,832.3748352
5.00,5,90,832.3096462
5.00,5,91,832.2852876
5.00,5,92,832.2429003
5.00,5,93,832.2238953
5.00,5,94,832.1267335
5.00,5,95,832.119839
5.00,5,96,832.0595019
5.00,5,97,832.0325509
5.00,5,98,832.0322891
5.00,5,99,831.9676873
5.00,5,100,831.9427878
5.00,5,101,831.9011136
5.00,5,102,831.8794365
5.00,5,103,831.7851139
5.00,5,104,831.7761213
5.00,5,105,831.7180948
5.00,5,106,831.6897298
5.00,5,107,831.6878768
5.00,5,108,831.6265078
5.00,5,109,831.600208
5.00,5,110,831.5601516
5.00,5,111,831.5345152
5.00,5,112,831.4443671
5.00,5,113,831.4336966
5.00,5,114,831.3775806
5.00,5,115,831.3484918
5.00,5,116,831.3458623
5.00,5,117,831.2861922
5.00,5,118,831.2587988
5.00,5,119,831.2578028
5.00,5,120,831.1948883
5.00,5,121,831.1695127
5.00,5,122,831.1287069
5.00,5,123,831.1054291
5.00,5,124,831.0133325
5.00,5,125,831.0037468
5.00,5,126,830.9467123
5.00,5,127,830.9182179
5.00,5,128,830.9160675
5.00,5,129,830.8556033
5.00,5,130,830.8287239
5.00,5,131,830.8281216
5.00,5,132,830.7645777
5.00,5,133,830.7396267
5.00,5,134,830.6985864
5.00,5,135,830.6761477
5.00,5,136,830.5835809
5.00,5,137,830.5742765
5.00,5,138,830.5171525
5.00,5,139,830.4888034
5.00,5,140,830.4866776
5.00,5,141,830.4263189
5.00,5,142,830.3994744
5.00,5,143,830.3987833
5.00,5,144,830.3355673
5.00,5,145,830.3105248
5.00,5,146,830.2697821
5.00,5,147,830.2466285
5.00,5,148,830.155104
5.00,5,149,830.1452676
5.00,5,150,830.0888934
5.00,5,151,830.0602399
5.00,5,152,830.057686
5.00,5,153,829.998332
5.00,5,154,829.9710488
5.00,5,155,829.9697942
5.00,5,156,829.9078505
5.00,5,157,829.8822128
5.00,5,158,829.8422874
5.00,5,159,829.8169181
5.00,5,160,829.7278969
5.00,5,161,829.716752
5.00,5,162,829.6619295
5.00,5,163,829.6325469
5.00,5,164,829.6291394
5.00,5,165,829.5716374
5.00,5,166,829.5434743
5.00,5,167,829.541216
5.00,5,168,829.4814228
5.00,5,169,829.4547272
5.00,5,170,829.4539735
5.00,5,171,829.3912557
5.00,5,172,829.3658652
5.00,5,173,829.3259199
5.00,5,174,829.300183
5.00,5,175,829.2118984
5.00,5,176,829.199902
5.00,5,177,829.1461853
5.00,5,178,829.1161376
5.00,5,179,829.1118737
5.00,5,180,829.0562325
5.00,5,181,829.027426
5.00,5,182,829.0244309
5.00,5,183,828.9663278
5.00,5,184,828.9386135
5.00,5,185,828.9366365
5.00,5,186,828.8764993
5.00,5,187,828.8501141
5.00,5,188,828.8495002
5.00,5,189,828.7867164
5.00,5,190,828.761481
5.00,5,191,828.7216595
5.00,5,192,828.6957968
5.00,5,193,828.608119
5.00,5,194,828.595859
5.00,5,195,828.5426957
5.00,5,196,828.5125046
5.00,5,197,828.5079353
5.00,5,198,828.4531254
5.00,5,199,828.4240195
5.00,5,200,828.420559
5.00,6,1,786.1260073
5.00,6,2,785.4070515
5.00,6,3,784.7418908
5.00,6,4,784.0841786
5.00,6,5,783.889351
5.00,6,6,782.9634779
5.00,6,7,782.1905907
5.00,6,8,781.4331941
5.00,6,9,780.7549456
5.00,6,10,780.1450088
5.00,6,11,779.0830382
5.00,6,12,778.8254229
5.00,6,13,775.2809294
5.00,6,14,770.2191462
5.00,6,15,754.2807751
5.00,6,16,753.7554908
5.00,6,17,753.2116664
5.00,6,18,752.6694674
5.00,6,19,752.1698537
5.00,6,20,751.6707363
5.00,6,21,751.1980249
5.00,6,22,751.0600865
5.00,6,23,750.4424637
5.00,6,24,749.8244409
5.00,6,25,749.2868683
5.00,6,26,748.7499572
5.00,6,27,748.2601521
5.00,6,28,747.7703341
5.00,6,29,747.3095972
5.00,6,30,746.848149
5.00,6,31,746.6644621
5.00,6,32,746.0419737
5.00,6,33,745.5088123
5.00,6,34,744.9750747
5.00,6,35,744.4934928
5.00,6,36,744.0278707
5.00,6,37,743.7027536
5.00,6,38,742.3709658
5.00,6,39,742.3201555
5.00,6,40,742.2911152
5.00,6,41,742.2419074
5.00,6,42,740.3647347
5.00,6,43,739.2944029
5.00,6,44,738.1125441
5.00,6,45,735.7559007
5.00,6,46,735.1870089
5.00,6,47,734.9263269
5.00,6,48,734.836988
5.00,6,49,734.0547848
5.00,6,50,734.0132566
5.00,6,51,732.2926449
5.00,6,52,731.100956
5.00,6,53,730.3295661
5.00,6,54,729.4963636
5.00,6,55,728.8883926
5.00,6,56,728.252995
5.00,6,57,727.7451396
5.00,6,58,727.2238215
5.00,6,59,726.522635
5.00,6,60,724.8813252
5.00,6,61,724.6987732
5.00,6,62,724.5959363
5.00,6,63,720.9517425
5.00,6,64,719.0960605
5.00,6,65,718.1203329
5.00,6,66,716.9265843
5.00,6,67,716.1969189
5.00,6,68,715.3593709
5.00,6,69,714.7819726
5.00,6,70,714.1485802
5.00,6,71,713.2767179
5.00,6,72,711.3872681
5.00,6,73,711.3636383
5.00,6,74,711.022925
5.00,6,75,711.0132105
5.00,6,76,710.785187
5.00,6,77,710.7573137
5.00,6,78,709.924421
5.00,6,79,707.8195591
5.00,6,80,706.8327772
5.00,6,81,705.4797832
5.00,6,82,704.7378508
5.00,6,83,703.79675
5.00,6,84,703.210108
5.00,6,85,702.5106086
5.00,6,86,702.0264974
5.00,6,87,700.5466373
5.00,6,88,698.4898621
5.00,6,89,698.45703
5.00,6,90,698.4269115
5.00,6,91,698.4001356
5.00,6,92,698.3770127
5.00,6,93,698.3598842
5.00,6,94,698.3493365
5.00,6,95,698.2508414
5.00,6,96,698.2138015
5.00,6,97,698.080553
5.00,6,98,697.333886
5.00,6,99,696.8459992
5.00,6,100,696.2622338
5.00,6,101,695.8450076
5.00,6,102,695.3665328
5.00,6,103,693.7871483
5.00,6,104,692.1863212
5.00,6,105,692.1471071
5.00,6,106,692.1147347
5.00,6,107,692.08829
5.00,6,108,692.0672705
5.00,6,109,692.0539232
5.00,6,110,692.0487322
5.00,6,111,691.9407143
5.00,6,112,691.8732781
5.00,6,113,689.6948987
5.00,6,114,688.722179
5.00,6,115,688.1951496
5.00,6,116,687.454468
5.00,6,117,687.0073645
5.00,6,118,686.4184239
5.00,6,119,684.6522512
5.00,6,120,682.9514685
5.00,6,121,682.3503036
5.00,6,122,682.3169014
5.00,6,123,682.2890294
5.00,6,124,682.2657791
5.00,6,125,682.2481168
5.00,6,126,682.2365957
5.00,6,127,682.2354269
5.00,6,128,682.1332399
5.00,6,129,679.7930062
5.00,6,130,677.0380429
5.00,6,131,675.3769233
5.00,6,132,674.5995892
5.00,6,133,674.5764683
5.00,6,134,674.5574541
5.00,6,135,674.5431559
5.00,6,136,674.5365438
5.00,6,137,674.460937
5.00,6,138,672.2611781
5.00,6,139,667.6522177
5.00,6,140,667.4971487
5.00,6,141,667.494705
5.00,6,142,667.3749951
5.00,6,143,663.7292579
5.00,6,144,663.5411357
5.00,6,145,661.736049
5.00,6,146,660.860213
5.00,6,147,660.8395452
5.00,6,148,660.827208
5.00,6,149,660.8238923
5.00,6,150,660.7487183
5.00,6,151,660.7166551
5.00,6,152,660.6402385
5.00,6,153,660.6114033
5.00,6,154,660.5336634
5.00,6,155,660.506493
5.00,6,156,660.4272079
5.00,6,157,660.4019273
5.00,6,158,660.3208709
5.00,6,159,660.297731
5.00,6,160,660.2146527
5.00,6,161,660.1939325
5.00,6,162,660.1085536
5.00,6,163,660.0905654
5.00,6,164,660.002574
5.00,6,165,659.9876692
5.00,6,166,659.8967143
5.00,6,167,659.8852908
5.00,6,168,659.7909751
5.00,6,169,659.7834861
5.00,6,170,659.6853574
5.00,6,171,659.6823218
5.00,6,172,659.579862
5.00,6,173,659.550028
5.00,6,174,657.7577249
5.00,6,175,657.4898716
5.00,6,176,657.3319194
5.00,6,177,655.9895309
5.00,6,178,654.4822222
5.00,6,179,653.1848513
5.00,6,180,653.1638558
5.00,6,181,653.1517973
5.00,6,182,653.1509508
5.00,6,183,653.0772459
5.00,6,184,653.0501139
5.00,6,185,652.976236
5.00,6,186,650.4500004
5.00,6,187,650.2876126
5.00,6,188,648.2107668
5.00,6,189,647.3641965
5.00,6,190,647.3485791
5.00,6,191,647.3445764
5.00,6,192,647.280498
5.00,6,193,647.2545196
5.00,6,194,647.1838853
5.00,6,195,645.0684325
5.00,6,196,644.9337004
5.00,6,197,642.3742321
5.00,6,198,641.8823686
5.00,6,199,641.8623803
5.00,6,200,641.8516299
5.00,7,1,869.8580554
5.00,7,2,869.1660031
5.00,7,3,868.8883633
5.00,7,4,868.7380923
5.00,7,5,868.6967276
5.00,7,6,868.5192331
5.00,7,7,868.41201
5.00,7,8,868.3264291
5.00,7,9,868.2037079
5.00,7,10,868.1545477
5.00,7,11,868.0051678
5.00,7,12,867.9082617
5.00,7,13,867.814975
5.00,7,14,867.704849
5.00,7,15,867.6355355
5.00,7,16,867.5053676
5.00,7,17,867.4708987
5.00,7,18,867.3108824
5.00,7,19,867.2125726
5.00,7,20,867.1248479
5.00,7,21,867.0118072
5.00,7,22,866.9504326
5.00,7,23,866.8150967
5.00,7,24,866.7934222
5.00,7,25,866.6243726
5.00,7,26,866.5218417
5.00,7,27,866.4408285
5.00,7,28,866.3222862
5.00,7,29,866.26847
5.00,7,30,866.1264358
5.00,7,31,866.1120687
5.00,7,32,865.9357539
5.00,7,33,865.8330952
5.00,7,34,865.7542616
5.00,7,35,865.6350295
5.00,7,36,865.5852031
5.00,7,37,865.4412408
5.00,7,38,865.4345914
5.00,7,39,865.2537323
5.00,7,40,865.1479498
5.00,7,41,865.0734647
5.00,7,42,864.9506132
5.00,7,43,864.9044996
5.00,7,44,864.7569781
5.00,7,45,864.7514212
5.00,7,46,864.5684345
5.00,7,47,864.4644477
5.00,7,48,864.389002
5.00,7,49,864.2682121
5.00,7,50,864.2216117
5.00,7,51,864.0760884
5.00,7,52,864.0718499
5.00,7,53,863.889922
5.00,7,54,863.7845228
5.00,7,55,863.7104122
5.00,7,56,863.5885944
5.00,7,57,863.5412624
5.00,7,58,863.3960431
5.00,7,59,863.3864705
5.00,7,60,863.2080703
5.00,7,61,863.106212
5.00,7,62,863.0282478
5.00,7,63,862.9109928
5.00,7,64,862.8589688
5.00,7,65,862.7193613
5.00,7,66,862.7048953
5.00,7,67,862.5328416
5.00,7,68,862.4314373
5.00,7,69,862.3519219
5.00,7,70,862.2362369
5.00,7,71,862.1796402
5.00,7,72,862.0438607
5.00,7,73,862.0191702
5.00,7,74,861.8552561
5.00,7,75,861.7584902
5.00,7,76,861.6732435
5.00,7,77,861.5637045
5.00,7,78,861.4996
5.00,7,79,861.371773
5.00,7,80,861.3378268
5.00,7,81,861.1838267
5.00,7,82,861.0890128
5.00,7,83,861.0002134
5.00,7,84,860.8941453
5.00,7,85,860.823174
5.00,7,86,860.7014559
5.00,7,87,860.6550053
5.00,7,88,860.5116271
5.00,7,89,860.4987703
5.00,7,90,860.3255612
5.00,7,91,860.22676
5.00,7,92,860.1461768
5.00,7,93,860.0341109
5.00,7,94,859.9750268
5.00,7,95,859.8442465
5.00,7,96,859.8153938
5.00,7,97,859.6582181
5.00,7,98,859.5630992
5.00,7,99,859.4761919
5.00,7,100,859.3700378
5.00,7,101,859.3002511
5.00,7,102,859.1789848
5.00,7,103,859.1323957
5.00,7,104,858.990528
5.00,7,105,858.9752511
5.00,7,106,858.8054331
5.00,7,107,858.7084054
5.00,7,108,858.6263056
5.00,7,109,858.5171193
5.00,7,110,858.4543397
5.00,7,111,858.3282524
5.00,7,112,858.2922304
5.00,7,113,858.1426581
5.00,7,114,858.0506901
5.00,7,115,857.9603908
5.00,7,116,857.8588641
5.00,7,117,857.7831467
5.00,7,118,857.6687113
5.00,7,119,857.6124755
5.00,7,120,857.4806838
5.00,7,121,857.4503854
5.00,7,122,857.2953631
5.00,7,123,857.2034386
5.00,7,124,857.1147551
5.00,7,125,857.0129617
5.00,7,126,856.9396797
5.00,7,127,856.8243709
5.00,7,128,856.7720804
5.00,7,129,856.6382741
5.00,7,130,856.6146301
5.00,7,131,856.455511
5.00,7,132,856.3612894
5.00,7,133,856.2759253
5.00,7,134,856.1717227
5.00,7,135,856.1012205
5.00,7,136,855.9837667
5.00,7,137,855.932796
5.00,7,138,855.7978246
5.00,7,139,855.7724327
5.00,7,140,855.6144053
5.00,7,141,855.52238
5.00,7,142,855.4354415
5.00,7,143,855.3338347
5.00,7,144,855.2615315
5.00,7,145,855.1470082
5.00,7,146,855.0943414
5.00,7,147,854.962416
5.00,7,148,854.9361261
5.00,7,149,854.780759
5.00,7,150,854.6884992
5.00,7,151,854.6017788
5.00,7,152,854.5005483
5.00,7,153,854.4269303
5.00,7,154,854.3139726
5.00,7,155,854.257311
5.00,7,156,854.129085
5.00,7,157,854.0942968
5.00,7,158,853.9462753
5.00,7,159,853.9395989
5.00,7,160,853.766024
5.00,7,161,853.6703744
5.00,7,162,853.5904974
5.00,7,163,853.4844407
5.00,7,164,853.420078
5.00,7,165,853.3002235
5.00,7,166,853.2563482
5.00,7,167,853.1182081
5.00,7,168,853.101417
5.00,7,169,852.9390438
5.00,7,170,852.8454527
5.00,7,171,852.7622757
5.00,7,172,852.6597261
5.00,7,173,852.5893201
5.00,7,174,852.475265
5.00,7,175,852.4211046
5.00,7,176,852.2923305
5.00,7,177,852.2587699
5.00,7,178,852.1112415
5.00,7,179,852.1037088
5.00,7,180,851.9323842
5.00,7,181,851.8382613
5.00,7,182,851.7577135
5.00,7,183,851.6541186
5.00,7,184,851.5873858
5.00,7,185,851.471442
5.00,7,186,851.4226439
5.00,7,187,851.2906081
5.00,7,188,851.2651149
5.00,7,189,851.1121115
5.00,7,190,851.0222423
5.00,7,191,850.9354897
5.00,7,192,850.8381111
5.00,7,193,850.7618728
5.00,7,194,850.655001
5.00,7,195,850.591926
5.00,7,196,850.4730975
5.00,7,197,850.4264555
5.00,7,198,850.2926239
5.00,7,199,850.2664314
5.00,7,200,850.1138471
5.00,8,1,797.4643697
5.00,8,2,797.4257488
5.00,8,3,797.405832
5.00,8,4,797.2899305
5.00,8,5,797.2194518
5.00,8,6,797.0377635
5.00,8,7,796.9759553
5.00,8,8,796.9606884
5.00,8,9,796.8405102
5.00,8,10,796.7890447
5.00,8,11,796.5913825
5.00,8,12,796.5373484
5.00,8,13,796.5285289
5.00,8,14,796.394432
5.00,8,15,796.360974
5.00,8,16,796.1460546
5.00,8,17,796.09477
5.00,8,18,796.0874676
5.00,8,19,795.9497251
5.00,8,20,795.9302752
5.00,8,21,795.702538
5.00,8,22,795.6586658
5.00,8,23,795.6575885
5.00,8,24,795.50647
5.00,8,25,795.5017588
5.00,8,26,795.2599195
5.00,8,27,795.2169394
5.00,8,28,795.2157526
5.00,8,29,795.0645412
5.00,8,30,794.9950114
5.00,8,31,794.9727848
5.00,8,32,794.8702297
5.00,8,33,794.781009
5.00,8,34,794.6239095
5.00,8,35,794.5546694
5.00,8,36,794.532209
5.00,8,37,794.4302527
5.00,8,38,794.3444133
5.00,8,39,794.1848752
5.00,8,40,794.1183047
5.00,8,41,794.0980435
5.00,8,42,793.9916782
5.00,8,43,793.9089627
5.00,8,44,793.7469422
5.00,8,45,793.6794168
5.00,8,46,793.6579132
5.00,8,47,793.5544375
5.00,8,48,793.4713094
5.00,8,49,793.3105978
5.00,8,50,793.2445979
5.00,8,51,793.2243796
5.00,8,52,793.1185831
5.00,8,53,793.0348446
5.00,8,54,792.8753377
5.00,8,55,792.8072483
5.00,8,56,792.7849064
5.00,8,57,792.6840477
5.00,8,58,792.5962927
5.00,8,59,792.4416456
5.00,8,60,792.3738951
5.00,8,61,792.3518851
5.00,8,62,792.2508848
5.00,8,63,792.1591352
5.00,8,64,792.0090482
5.00,8,65,791.9984369
5.00,8,66,791.7683711
5.00,8,67,791.7214098
5.00,8,68,791.715067
5.00,8,69,791.5778472
5.00,8,70,791.5534261
5.00,8,71,791.338015
5.00,8,72,791.2897485
5.00,8,73,791.2826142
5.00,8,74,791.1480238
5.00,8,75,791.1112733
5.00,8,76,790.9085587
5.00,8,77,790.8535899
5.00,8,78,790.8405825
5.00,8,79,790.7194739
5.00,8,80,790.6666585
5.00,8,81,790.4807762
5.00,8,82,790.4232728
5.00,8,83,790.4084437
5.00,8,84,790.2922893
5.00,8,85,790.2252745
5.00,8,86,790.0539964
5.00,8,87,789.9900238
5.00,8,88,789.9696628
5.00,8,89,789.8663876
5.00,8,90,789.7830128
5.00,8,91,789.6288043
5.00,8,92,789.5616643
5.00,8,93,789.5389274
5.00,8,94,789.5374253
5.00,8,95,789.3902114
5.00,8,96,789.3810778
5.00,8,97,789.1541795
5.00,8,98,789.1094504
5.00,8,99,789.1039382
5.00,8,100,788.9669643
5.00,8,101,788.9326465
5.00,8,102,788.7311614
5.00,8,103,788.6760327
5.00,8,104,788.6618848
5.00,8,105,788.5449903
5.00,8,106,788.4844398
5.00,8,107,788.309841
5.00,8,108,788.2492367
5.00,8,109,788.2310185
5.00,8,110,788.1243804
5.00,8,111,788.0421014
5.00,8,112,787.8895862
5.00,8,113,787.8788064
5.00,8,114,787.65575
5.00,8,115,787.6067368
5.00,8,116,787.5967549
5.00,8,117,787.4707663
5.00,8,118,787.4249962
5.00,8,119,787.2375342
5.00,8,120,787.1809924
5.00,8,121,787.1654436
5.00,8,122,787.0533304
5.00,8,123,786.9796198
5.00,8,124,786.82038
5.00,8,125,786.8189655
5.00,8,126,786.5883641
5.00,8,127,786.5414609
5.00,8,128,786.5325815
5.00,8,129,786.404697
5.00,8,130,786.3616618
5.00,8,131,786.1732372
5.00,8,132,786.1171607
5.00,8,133,786.1015154
5.00,8,134,785.9904148
5.00,8,135,785.9151828
5.00,8,136,785.7592028
5.00,8,137,785.7518881
5.00,8,138,785.5288675
5.00,8,139,785.479959
5.00,8,140,785.4690988
5.00,8,141,785.3466608
5.00,8,142,785.2945743
5.00,8,143,785.1168424
5.00,8,144,785.0578558
5.00,8,145,785.0395701
5.00,8,146,784.9355258
5.00,8,147,784.8497667
5.00,8,148,784.7059635
5.00,8,149,784.679685
5.00,8,150,784.4771976
5.00,8,151,784.4229109
5.00,8,152,784.4075965
5.00,8,153,784.2965748
5.00,8,154,784.226311
5.00,8,155,784.0683014
5.00,8,156,784.0039263
5.00,8,157,783.9811805
5.00,8,158,783.977491
5.00,8,159,783.8388737
5.00,8,160,783.8119881
5.00,8,161,783.6117094
5.00,8,162,783.5594935
5.00,8,163,783.545718
5.00,8,164,783.4320554
5.00,8,165,783.3608509
5.00,8,166,783.2050372
5.00,8,167,783.195547
5.00,8,168,782.9787959
5.00,8,169,782.9284847
5.00,8,170,782.9155246
5.00,8,171,782.7999397
5.00,8,172,782.736908
5.00,8,173,782.574139
5.00,8,174,782.5115706
5.00,8,175,782.489657
5.00,8,176,782.4868108
5.00,8,177,782.3471089
5.00,8,178,782.3213027
5.00,8,179,782.122335
5.00,8,180,782.0700083
5.00,8,181,782.0555653
5.00,8,182,781.9445997
5.00,8,183,781.8696698
5.00,8,184,781.7199485
5.00,8,185,781.7007885
5.00,8,186,781.4960082
5.00,8,187,781.4428434
5.00,8,188,781.4272244
5.00,8,189,781.3191687
5.00,8,190,781.2448053
5.00,8,191,781.0956433
5.00,8,192,781.0838243
5.00,8,193,780.8729604
5.00,8,194,780.8241534
5.00,8,195,780.8118456
5.00,8,196,780.6966581
5.00,8,197,780.6280022
5.00,8,198,780.4740353
5.00,8,199,780.4603047
5.00,8,200,780.2520946
5.00,9,1,993.3840493
5.00,9,2,991.6671174
5.00,9,3,991.2289038
5.00,9,4,990.9521722
5.00,9,5,990.6447666
5.00,9,6,990.5249968
5.00,9,7,989.8708738
5.00,9,8,989.7767128
5.00,9,9,989.3259235
5.00,9,10,989.1304742
5.00,9,11,988.8010951
5.00,9,12,988.5469721
5.00,9,13,988.4737923
5.00,9,14,987.9974603
5.00,9,15,987.802369
5.00,9,16,987.4746465
5.00,9,17,987.4488576
5.00,9,18,986.7238878
5.00,9,19,986.6330881
5.00,9,20,986.1826839
5.00,9,21,985.9786314
5.00,9,22,985.6667427
5.00,9,23,985.5859061
5.00,9,24,984.9164362
5.00,9,25,984.8035704
5.00,9,26,984.3845606
5.00,9,27,984.1695444
5.00,9,28,983.8759163
5.00,9,29,983.732148
5.00,9,30,983.1252329
5.00,9,31,982.9880259
5.00,9,32,982.6032672
5.00,9,33,982.3764072
5.00,9,34,982.3591214
5.00,9,35,981.8350824
5.00,9,36,981.6820952
5.00,9,37,981.3220303
5.00,9,38,981.0935624
5.00,9,39,981.070893
5.00,9,40,980.551389
5.00,9,41,980.381198
5.00,9,42,980.0434638
5.00,9,43,979.801032
5.00,9,44,979.7227695
5.00,9,45,979.278011
5.00,9,46,979.090823
5.00,9,47,978.7786655
5.00,9,48,978.7662998
5.00,9,49,978.0721828
5.00,9,50,978.0003512
5.00,9,51,977.5520323
5.00,9,52,977.3683352
5.00,9,53,977.0565393
5.00,9,54,977.0474579
5.00,9,55,976.3562023
5.00,9,56,976.2834388
5.00,9,57,975.8403816
5.00,9,58,975.6561904
5.00,9,59,975.3495172
5.00,9,60,975.3247324
5.00,9,61,974.6527814
5.00,9,62,974.5717368
5.00,9,63,974.1428278
5.00,9,64,973.95429
5.00,9,65,973.6573834
5.00,9,66,973.599039
5.00,9,67,972.9619415
5.00,9,68,972.8659795
5.00,9,69,972.4593187
5.00,9,70,972.2630862
5.00,9,71,971.980016
5.00,9,72,971.8731461
5.00,9,73,971.284021
5.00,9,74,971.1678758
5.00,9,75,970.7899629
5.00,9,76,970.5835189
5.00,9,77,970.3173728
5.00,9,78,970.1513543
5.00,9,79,969.6196032
5.00,9,80,969.4798699
5.00,9,81,969.1349819
5.00,9,82,968.9168594
5.00,9,83,968.8753236
5.00,9,84,968.4080229
5.00,9,85,968.2296402
5.00,9,86,967.9341147
5.00,9,87,967.845101
5.00,9,88,967.244751
5.00,9,89,967.1149748
5.00,9,90,966.7618557
5.00,9,91,966.5439791
5.00,9,92,966.4892625
5.00,9,93,966.0474078
5.00,9,94,965.8732403
5.00,9,95,965.5797895
5.00,9,96,965.5318322
5.00,9,97,964.9121666
5.00,9,98,964.8125856
5.00,9,99,964.42989
5.00,9,100,964.2334154
5.00,9,101,963.971724
5.00,9,102,963.8117189
5.00,9,103,963.2959347
5.00,9,104,963.1546734
5.00,9,105,962.8274838
5.00,9,106,962.6108663
5.00,9,107,962.5490355
5.00,9,108,962.1220777
5.00,9,109,961.9360943
5.00,9,110,961.6664558
5.00,9,111,961.510748
5.00,9,112,960.9920645
5.00,9,113,960.8387216
5.00,9,114,960.5309305
5.00,9,115,960.5005621
5.00,9,116,959.8717844
5.00,9,117,959.7563352
5.00,9,118,959.4035612
5.00,9,119,959.19523
5.00,9,120,959.1423137
5.00,9,121,958.7151974
5.00,9,122,958.5429741
5.00,9,123,958.2657738
5.00,9,124,958.18014
5.00,9,125,957.6172963
5.00,9,126,957.4992218
5.00,9,127,957.1570864
5.00,9,128,956.953907
5.00,9,129,956.9130122
5.00,9,130,956.4727997
5.00,9,131,956.2974463
5.00,9,132,956.0289079
5.00,9,133,955.8869165
5.00,9,134,955.3746271
5.00,9,135,955.2240765
5.00,9,136,954.9268507
5.00,9,137,954.8766433
5.00,9,138,954.2842628
5.00,9,139,954.1605016
5.00,9,140,953.8319185
5.00,9,141,953.6227089
5.00,9,142,953.5472258
5.00,9,143,953.1611496
5.00,9,144,952.9795093
5.00,9,145,952.7281019
5.00,9,146,952.5703117
5.00,9,147,952.0892541
5.00,9,148,951.9442936
5.00,9,149,951.6493015
5.00,9,150,951.6437575
5.00,9,151,951.0307488
5.00,9,152,950.9362188
5.00,9,153,950.5801378
5.00,9,154,950.3905129
5.00,9,155,950.3679769
5.00,9,156,949.9192414
5.00,9,157,949.7534725
5.00,9,158,949.489204
5.00,9,159,949.3534272
5.00,9,160,948.8568905
5.00,9,161,948.7071714
5.00,9,162,948.4249844
5.00,9,163,948.3455253
5.00,9,164,947.8008488
5.00,9,165,947.6669662
5.00,9,166,947.367045
5.00,9,167,947.3424431
5.00,9,168,946.7508256
5.00,9,169,946.6321092
5.00,9,170,946.3152296
5.00,9,171,946.1120985
5.00,9,172,946.0297112
5.00,9,173,945.6696078
5.00,9,174,945.4874042
5.00,9,175,945.470593
5.00,9,176,945.025381
5.00,9,177,944.8635162
5.00,9,178,944.6063048
5.00,9,179,944.4639027
5.00,9,180,943.9891385
5.00,9,181,943.8372865
5.00,9,182,943.5697009
5.00,9,183,943.4603395
5.00,9,184,942.9585363
5.00,9,185,942.8157775
5.00,9,186,942.5389465
5.00,9,187,942.458922
5.00,9,188,941.9334039
5.00,9,189,941.7986077
5.00,9,190,941.5139398
5.00,9,191,941.4588443
5.00,9,192,940.9135954
5.00,9,193,940.7854704
5.00,9,194,940.4945899
5.00,9,195,940.4595075
5.00,9,196,939.8989931
5.00,9,197,939.7761431
5.00,9,198,939.4808183
5.00,9,199,939.4605351
5.00,9,200,938.8895076
5.00,10,1,812.8955974
5.00,10,2,812.5623311
5.00,10,3,812.5091184
5.00,10,4,812.5088557
5.00,10,5,812.4419949
5.00,10,6,812.4016517
5.00,10,7,812.3797236
5.00,10,8,812.3301976
5.00,10,9,812.325758
5.00,10,10,812.2615137
5.00,10,11,812.223313
5.00,10,12,812.1983748
5.00,10,13,812.151849
5.00,10,14,812.1438658
5.00,10,15,812.0835096
5.00,10,16,812.0455948
5.00,10,17,812.0192757
5.00,10,18,811.973621
5.00,10,19,811.9620769
5.00,10,20,811.9040062
5.00,10,21,811.8678571
5.00,10,22,811.839027
5.00,10,23,811.7958654
5.00,10,24,811.7812754
5.00,10,25,811.726486
5.00,10,26,811.6906568
5.00,10,27,811.6605943
5.00,10,28,811.6182634
5.00,10,29,811.6006431
5.00,10,30,811.5478722
5.00,10,31,811.5134984
5.00,10,32,811.4813468
5.00,10,33,811.4410857
5.00,10,34,811.4208585
5.00,10,35,811.370852
5.00,10,36,811.3704714
5.00,10,37,811.3042792
5.00,10,38,811.2643245
5.00,10,39,811.24242
5.00,10,40,811.1934338
5.00,10,41,811.188679
5.00,10,42,811.1252488
5.00,10,43,811.0874745
5.00,10,44,811.0624679
5.00,10,45,811.0165492
5.00,10,46,811.008076
5.00,10,47,810.9486566
5.00,10,48,810.9112387
5.00,10,49,810.8847427
5.00,10,50,810.8397972
5.00,10,51,810.8276347
5.00,10,52,810.7706364
5.00,10,53,810.734995
5.00,10,54,810.7059425
5.00,10,55,810.6635156
5.00,10,56,810.6481973
5.00,10,57,810.5945435
5.00,10,58,810.5592789
5.00,10,59,810.5289176
5.00,10,60,810.4873982
5.00,10,61,810.4689786
5.00,10,62,810.4174339
5.00,10,63,810.3836164
5.00,10,64,810.3511536
5.00,10,65,810.3117008
5.00,10,66,810.290614
5.00,10,67,810.2418543
5.00,10,68,810.2396538
5.00,10,69,810.175473
5.00,10,70,810.1364129
5.00,10,71,810.1135595
5.00,10,72,810.0659255
5.00,10,73,810.0593209
5.00,10,74,809.9979965
5.00,10,75,809.9610629
5.00,10,76,809.9351468
5.00,10,77,809.8905185
5.00,10,78,809.8801669
5.00,10,79,809.822814
5.00,10,80,809.7863027
5.00,10,81,809.7588429
5.00,10,82,809.715262
5.00,10,83,809.7012398
5.00,10,84,809.6463562
5.00,10,85,809.6115583
5.00,10,86,809.5816036
5.00,10,87,809.5404632
5.00,10,88,809.5232999
5.00,10,89,809.4716913
5.00,10,90,809.4373181
5.00,10,91,809.4060279
5.00,10,92,809.3658431
5.00,10,93,809.3456307
5.00,10,94,809.2961442
5.00,10,95,809.2934914
5.00,10,96,809.2291884
5.00,10,97,809.1914033
5.00,10,98,809.1677268
5.00,10,99,809.1216288
5.00,10,100,809.1147498
5.00,10,101,809.0549155
5.00,10,102,809.0176
5.00,10,103,808.9921837
5.00,10,104,808.9472566
5.00,10,105,808.9362567
5.00,10,106,808.879187
5.00,10,107,808.8437865
5.00,10,108,808.8155731
5.00,10,109,808.7733711
5.00,10,110,808.7588571
5.00,10,111,808.7054393
5.00,10,112,808.6705094
5.00,10,113,808.6408011
5.00,10,114,808.5996606
5.00,10,115,808.5817513
5.00,10,116,808.5306905
5.00,10,117,808.497289
5.00,10,118,808.4653269
5.00,10,119,808.4263778
5.00,10,120,808.4055582
5.00,10,121,808.3574786
5.00,10,122,808.3550933
5.00,10,123,808.2919369
5.00,10,124,808.2535075
5.00,10,125,808.2307053
5.00,10,126,808.1839441
5.00,10,127,808.1768614
5.00,10,128,808.1168397
5.00,10,129,808.0805912
5.00,10,130,808.0545993
5.00,10,131,808.0109359
5.00,10,132,807.9998638
5.00,10,133,807.943982
5.00,10,134,807.9082558
5.00,10,135,807.8805712
5.00,10,136,807.8380969
5.00,10,137,807.8231859
5.00,10,138,807.7699562
5.00,10,139,807.7359534
5.00,10,140,807.7057203
5.00,10,141,807.6657135
5.00,10,142,807.6475245
5.00,10,143,807.5976443
5.00,10,144,807.5641411
5.00,10,145,807.5324768
5.00,10,146,807.4935244
5.00,10,147,807.4722079
5.00,10,148,807.4245591
5.00,10,149,807.4196006
5.00,10,150,807.3581382
5.00,10,151,807.3215314
5.00,10,152,807.2967732
5.00,10,153,807.2524564
5.00,10,154,807.2431889
5.00,10,155,807.1861806
5.00,10,156,807.150144
5.00,10,157,807.1235521
5.00,10,158,807.0805237
5.00,10,159,807.0671309
5.00,10,160,807.0129782
5.00,10,161,806.9787794
5.00,10,162,806.94946
5.00,10,163,806.909063
5.00,10,164,806.8921569
5.00,10,165,806.8415785
5.00,10,166,806.8079203
5.00,10,167,806.7770619
5.00,10,168,806.7377982
5.00,10,169,806.7175574
5.00,10,170,806.6693625
5.00,10,171,806.6658785
5.00,10,172,806.6035209
5.00,10,173,806.5667316
5.00,10,174,806.5428486
5.00,10,175,806.4981694
5.00,10,176,806.4901127
5.00,10,177,806.4324604
5.00,10,178,806.3962883
5.00,10,179,806.370451
5.00,10,180,806.3271495
5.00,10,181,806.314739
5.00,10,182,806.2601122
5.00,10,183,806.2258626
5.00,10,184,806.1971614
5.00,10,185,806.1566138
5.00,10,186,806.1405037
5.00,10,187,806.0896229
5.00,10,188,806.0559522
5.00,10,189,806.0256234
5.00,10,190,805.9862773
5.00,10,191,805.9666746
5.00,10,192,805.9182995
5.00,10,193,805.9155998
5.00,10,194,805.8529283
5.00,10,195,805.8161428
5.00,10,196,805.7927572
5.00,10,197,805.7480226
5.00,10,198,805.7405536
5.00,10,199,805.6827646
5.00,10,200,805.646641
5.00,11,1,754.5604865
5.00,11,2,754.2082344
5.00,11,3,753.860559
5.00,11,4,747.2778792
5.00,11,5,747.135156
5.00,11,6,746.9339851
5.00,11,7,740.7278568
5.00,11,8,740.2836004
5.00,11,9,740.1085696
5.00,11,10,739.9563151
5.00,11,11,739.8150327
5.00,11,12,739.6718028
5.00,11,13,739.5367494
5.00,11,14,739.3980134
5.00,11,15,739.2695834
5.00,11,16,739.1361706
5.00,11,17,739.0157492
5.00,11,18,738.8885368
5.00,11,19,738.7776276
5.00,11,20,738.6575009
5.00,11,21,738.5578273
5.00,11,22,738.4457336
5.00,11,23,738.3593123
5.00,11,24,738.2562725
5.00,11,25,738.1854698
5.00,11,26,738.092569
5.00,11,27,738.0401534
5.00,11,28,737.958517
5.00,11,29,737.9277121
5.00,11,30,737.8584668
5.00,11,31,737.8530038
5.00,11,32,737.7972189
5.00,11,33,735.9066912
5.00,11,34,734.7800357
5.00,11,35,732.048866
5.00,11,36,724.5952166
5.00,11,37,724.399217
5.00,11,38,722.195958
5.00,11,39,720.7083522
5.00,11,40,720.3484743
5.00,11,41,719.3099212
5.00,11,42,711.371011
5.00,11,43,706.666995
5.00,11,44,705.6106957
5.00,11,45,705.1909515
5.00,11,46,705.0321575
5.00,11,47,704.9233278
5.00,11,48,704.8537298
5.00,11,49,704.7749892
5.00,11,50,704.7254684
5.00,11,51,704.6580231
5.00,11,52,704.6246445
5.00,11,53,704.5670963
5.00,11,54,704.5515152
5.00,11,55,704.5044231
5.00,11,56,703.1175765
5.00,11,57,702.0698335
5.00,11,58,699.1435129
5.00,11,59,697.5390992
5.00,11,60,696.3778061
5.00,11,61,682.8572615
5.00,11,62,681.9214253
5.00,11,63,681.6714859
5.00,11,64,681.5739523
5.00,11,65,681.5037117
5.00,11,66,681.4512607
5.00,11,67,681.3956064
5.00,11,68,681.3569567
5.00,11,69,681.31221
5.00,11,70,681.2904258
5.00,11,71,681.2594391
5.00,11,72,680.3918792
5.00,11,73,679.636037
5.00,11,74,678.6583207
5.00,11,75,678.6532833
5.00,11,76,678.4790551
5.00,11,77,678.4467718
5.00,11,78,676.74471
5.00,11,79,676.4799642
5.00,11,80,676.3746569
5.00,11,81,676.330763
5.00,11,82,676.3210609
5.00,11,83,676.3064092
5.00,11,84,675.4537026
5.00,11,85,675.011813
5.00,11,86,673.7811071
5.00,11,87,673.4428561
5.00,11,88,673.4155081
5.00,11,89,673.3865855
5.00,11,90,673.3819496
5.00,11,91,673.3733952
5.00,11,92,672.529693
5.00,11,93,672.2582876
5.00,11,94,670.8983303
5.00,11,95,670.8380909
5.00,11,96,670.8091573
5.00,11,97,670.8048613
5.00,11,98,669.8664545
5.00,11,99,669.4710922
5.00,11,100,669.4274216
5.00,11,101,669.3961563
5.00,11,102,669.3874627
5.00,11,103,669.3790001
5.00,11,104,668.6501515
5.00,11,105,668.4605783
5.00,11,106,667.0636639
5.00,11,107,666.8520112
5.00,11,108,666.7863209
5.00,11,109,666.7238345
5.00,11,110,666.6707403
5.00,11,111,666.6207434
5.00,11,112,666.5841358
5.00,11,113,666.5507616
5.00,11,114,666.5369265
5.00,11,115,666.526
5.00,11,116,665.8732657
5.00,11,117,665.7185172
5.00,11,118,664.3216385
5.00,11,119,664.1500021
5.00,11,120,664.0924507
5.00,11,121,664.0406004
5.00,11,122,664.0018263
5.00,11,123,663.9676672
5.00,11,124,663.9521677
5.00,11,125,663.9415123
5.00,11,126,663.3388528
5.00,11,127,663.2600792
5.00,11,128,661.8166825
5.00,11,129,661.6842054
5.00,11,130,661.6379887
5.00,11,131,661.5986673
5.00,11,132,661.5763774
5.00,11,133,661.5604876
5.00,11,134,661.0339054
5.00,11,135,660.9226378
5.00,11,136,659.5378907
5.00,11,137,659.425514
5.00,11,138,659.3867987
5.00,11,139,659.3563783
5.00,11,140,659.3459368
5.00,11,141,659.3438447
5.00,11,142,658.7681976
5.00,11,143,658.4416311
5.00,11,144,658.0067125
5.00,11,145,657.9193738
5.00,11,146,656.5558388
5.00,11,147,656.4128386
5.00,11,148,656.3618292
5.00,11,149,656.3301302
5.00,11,150,656.3189913
5.00,11,151,656.3180523
5.00,11,152,655.7902543
5.00,11,153,655.5039711
5.00,11,154,655.0449568
5.00,11,155,654.7174398
5.00,11,156,654.3037917
5.00,11,157,653.9422725
5.00,11,158,653.9404461
5.00,11,159,653.4801385
5.00,11,160,653.4164555
5.00,11,161,652.0639734
5.00,11,162,651.9041602
5.00,11,163,651.8633369
5.00,11,164,651.8395663
5.00,11,165,651.8271419
5.00,11,166,651.4200034
5.00,11,167,651.1244087
5.00,11,168,650.69807
5.00,11,169,650.4439395
5.00,11,170,649.9799267
5.00,11,171,649.7881222
5.00,11,172,649.2656049
5.00,11,173,649.1774557
5.00,11,174,648.5552398
5.00,11,175,648.3757345
5.00,11,176,648.3375839
5.00,11,177,648.309675
5.00,11,178,648.3011821
5.00,11,179,647.9294849
5.00,11,180,647.598285
5.00,11,181,647.2250763
5.00,11,182,646.9176426
5.00,11,183,646.5243423
5.00,11,184,646.243715
5.00,11,185,645.8282457
5.00,11,186,645.6379581
5.00,11,187,645.1421844
5.00,11,188,645.0349714
5.00,11,189,645.0172142
5.00,11,190,644.3736712
5.00,11,191,644.2855546
5.00,11,192,644.2636122
5.00,11,193,643.9173732
5.00,11,194,643.6534319
5.00,11,195,643.2422871
5.00,11,196,643.0459304
5.00,11,197,642.9888448
5.00,11,198,642.9566051
5.00,11,199,642.9407287
5.00,11,200,642.6292106
5.00,12,1,828.6297286
5.00,12,2,828.5683443
5.00,12,3,828.5600875
5.00,12,4,828.4938266
5.00,12,5,828.4916566
5.00,12,6,828.419645
5.00,12,7,828.3814301
5.00,12,8,828.345664
5.00,12,9,828.3057643
5.00,12,10,828.2720227
5.00,12,11,828.2302206
5.00,12,12,828.1987563
5.00,12,13,828.1548084
5.00,12,14,828.1259049
5.00,12,15,828.0795384
5.00,12,16,828.0535127
5.00,12,17,828.0044224
5.00,12,18,827.9816293
5.00,12,19,827.9294734
5.00,12,20,827.9103092
5.00,12,21,827.8547061
5.00,12,22,827.8396133
5.00,12,23,827.7801364
5.00,12,24,827.7696085
5.00,12,25,827.7057822
5.00,12,26,827.700369
5.00,12,27,827.6316632
5.00,12,28,827.5946803
5.00,12,29,827.5579314
5.00,12,30,827.5194014
5.00,12,31,827.4845232
5.00,12,32,827.4442406
5.00,12,33,827.4114745
5.00,12,34,827.3692079
5.00,12,35,827.3388265
5.00,12,36,827.2943144
5.00,12,37,827.2666258
5.00,12,38,827.2195727
5.00,12,39,827.1949248
5.00,12,40,827.1449972
5.00,12,41,827.1237831
5.00,12,42,827.070604
5.00,12,43,827.0532678
5.00,12,44,826.9964113
5.00,12,45,826.983455
5.00,12,46,826.92244
5.00,12,47,826.9144306
5.00,12,48,826.8487135
5.00,12,49,826.846292
5.00,12,50,826.7752583
5.00,12,51,826.7376026
5.00,12,52,826.7019637
5.00,12,53,826.6627785
5.00,12,54,826.6289593
5.00,12,55,826.5880621
5.00,12,56,826.556272
5.00,12,57,826.5134606
5.00,12,58,826.4839322
5.00,12,59,826.4389821
5.00,12,60,826.4119734
5.00,12,61,826.3646354
5.00,12,62,826.3404324
5.00,12,63,826.2904301
5.00,12,64,826.2693496
5.00,12,65,826.216377
5.00,12,66,826.1987695
5.00,12,67,826.1424878
5.00,12,68,826.1287407
5.00,12,69,826.0687753
5.00,12,70,826.0593167
5.00,12,71,825.9952535
5.00,12,72,825.9905557
5.00,12,73,825.9219377
5.00,12,74,825.8852762
5.00,12,75,825.8489739
5.00,12,76,825.810884
5.00,12,77,825.7762903
5.00,12,78,825.7365972
5.00,12,79,825.7039149
5.00,12,80,825.6624234
5.00,12,81,825.6318795
5.00,12,82,825.5883711
5.00,12,83,825.5602196
5.00,12,84,825.5144499
5.00,12,85,825.4889751
5.00,12,86,825.4406706
5.00,12,87,825.4181906
5.00,12,88,825.3670453
5.00,12,89,825.347916
5.00,12,90,825.2935873
5.00,12,91,825.2782072
5.00,12,92,825.2203119
5.00,12,93,825.2091267
5.00,12,94,825.147236
5.00,12,95,825.1407449
5.00,12,96,825.0743786
5.00,12,97,825.0731403
5.00,12,98,825.0017611
5.00,12,99,824.9643227
5.00,12,100,824.929266
5.00,12,101,824.8904165
5.00,12,102,824.8570199
5.00,12,103,824.8166058
5.00,12,104,824.7850429
5.00,12,105,824.7428962
5.00,12,106,824.7133577
5.00,12,107,824.6692936
5.00,12,108,824.6419892
5.00,12,109,824.5958044
5.00,12,110,824.5709642
5.00,12,111,824.5224358
5.00,12,112,824.500312
5.00,12,113,824.4491953
5.00,12,114,824.4300644
5.00,12,115,824.3760913
5.00,12,116,824.360256
5.00,12,117,824.3031328
5.00,12,118,824.2909244
5.00,12,119,824.2303297
5.00,12,120,824.22211
5.00,12,121,824.1576924
5.00,12,122,824.1538568
5.00,12,123,824.0852325
5.00,12,124,824.0488877
5.00,12,125,824.0130903
5.00,12,126,823.9754407
5.00,12,127,823.9411865
5.00,12,128,823.9020868
5.00,12,129,823.8695418
5.00,12,130,823.8288315
5.00,12,131,823.7981799
5.00,12,132,823.7556812
5.00,12,133,823.7271268
5.00,12,134,823.6826428
5.00,12,135,823.6564116
5.00,12,136,823.6097241
5.00,12,137,823.5860661
5.00,12,138,823.5369336
5.00,12,139,823.516126
5.00,12,140,823.4642809
5.00,12,141,823.4466304
5.00,12,142,823.3917765
5.00,12,143,823.3776229
5.00,12,144,823.3194321
5.00,12,145,823.3091519
5.00,12,146,823.2472607
5.00,12,147,823.2412708
5.00,12,148,823.1752767
5.00,12,149,823.1740391
5.00,12,150,823.103496
5.00,12,151,823.0666159
5.00,12,152,823.0318002
5.00,12,153,822.99367
5.00,12,154,822.9603089
5.00,12,155,822.9208068
5.00,12,156,822.889036
5.00,12,157,822.8480302
5.00,12,158,822.8179973
5.00,12,159,822.7753441
5.00,12,160,822.7472096
5.00,12,161,822.7027531
5.00,12,162,822.6766911
5.00,12,163,822.6302617
5.00,12,164,822.6064613
5.00,12,165,822.5578751
5.00,12,166,822.5365413
5.00,12,167,822.4855987
5.00,12,168,822.4669536
5.00,12,169,822.4134384
5.00,12,170,822.3977225
5.00,12,171,822.3414003
5.00,12,172,822.3288738
5.00,12,173,822.2694913
5.00,12,174,822.2604352
5.00,12,175,822.1977185
5.00,12,176,822.1924365
5.00,12,177,822.1260896
5.00,12,178,822.1249091
5.00,12,179,822.0546126
5.00,12,180,822.018178
5.00,12,181,821.9834302
5.00,12,182,821.9457823
5.00,12,183,821.9124506
5.00,12,184,821.8734689
5.00,12,185,821.841689
5.00,12,186,821.8012421
5.00,12,187,821.7711624
5.00,12,188,821.7291062
5.00,12,189,821.7008892
5.00,12,190,821.6570662
5.00,12,191,821.6308901
5.00,12,192,821.5851275
5.00,12,193,821.5611871
5.00,12,194,821.5132961
5.00,12,195,821.4918048
5.00,12,196,821.4415784
5.00,12,197,821.4227699
5.00,12,198,821.3699815
5.00,12,199,821.3541116
5.00,12,200,821.2985132
5.00,13,1,795.3687413
5.00,13,2,795.240412
5.00,13,3,795.1416965
5.00,13,4,795.1057964
5.00,13,5,795.097318
5.00,13,6,795.0488901
5.00,13,7,795.0139529
5.00,13,8,795.0121883
5.00,13,9,794.9592548
5.00,13,10,794.9225337
5.00,13,11,794.8930446
5.00,13,12,794.8705179
5.00,13,13,794.8314077
5.00,13,14,794.8009441
5.00,13,15,794.7824953
5.00,13,16,794.7408428
5.00,13,17,794.7090767
5.00,13,18,794.695496
5.00,13,19,794.6505356
5.00,13,20,794.6174416
5.00,13,21,794.6094328
5.00,13,22,794.5610098
5.00,13,23,794.5261038
5.00,13,24,794.5247723
5.00,13,25,794.4717656
5.00,13,26,794.4350561
5.00,13,27,794.4056179
5.00,13,28,794.3834294
5.00,13,29,794.3443049
5.00,13,30,794.313881
5.00,13,31,794.295818
5.00,13,32,794.2541214
5.00,13,33,794.2223794
5.00,13,34,794.2092448
5.00,13,35,794.1641996
5.00,13,36,794.1311126
5.00,13,37,794.1236233
5.00,13,38,794.0750701
5.00,13,39,794.0401468
5.00,13,40,794.0394276
5.00,13,41,793.9862273
5.00,13,42,793.9494748
5.00,13,43,793.9200619
5.00,13,44,793.8983071
5.00,13,45,793.8591037
5.00,13,46,793.8286899
5.00,13,47,793.8111249
5.00,13,48,793.7693093
5.00,13,49,793.7375562
5.00,13,50,793.725
5.00,13,51,793.679781
5.00,13,52,793.6466605
5.00,13,53,793.6398459
5.00,13,54,793.5910595
5.00,13,55,793.5560704
5.00,13,56,793.5275975
5.00,13,57,793.5028059
5.00,13,58,793.4658601
5.00,13,59,793.4364019
5.00,13,60,793.4153487
5.00,13,61,793.3758878
5.00,13,62,793.3454028
5.00,13,63,793.3286496
5.00,13,64,793.2865081
5.00,13,65,793.2546468
5.00,13,66,793.2430389
5.00,13,67,793.1973998
5.00,13,68,793.164134
5.00,13,69,793.1584275
5.00,13,70,793.1091227
5.00,13,71,793.0739342
5.00,13,72,793.0454164
5.00,13,73,793.0213262
5.00,13,74,792.9841246
5.00,13,75,792.9545917
5.00,13,76,792.934351
5.00,13,77,792.894558
5.00,13,78,792.8639675
5.00,13,79,792.8481571
5.00,13,80,792.8056026
5.00,13,81,792.7735924
5.00,13,82,792.7630881
5.00,13,83,792.7169247
5.00,13,84,792.6834662
5.00,13,85,792.6790511
5.00,13,86,792.629107
5.00,13,87,792.5936619
5.00,13,88,792.5650729
5.00,13,89,792.5417842
5.00,13,90,792.5042599
5.00,13,91,792.4746209
5.00,13,92,792.4553114
5.00,13,93,792.4151066
5.00,13,94,792.3843741
5.00,13,95,792.3696469
5.00,13,96,792.3265865
5.00,13,97,792.2943833
5.00,13,98,792.2851494
5.00,13,99,792.2383504
5.00,13,100,792.2046482
5.00,13,101,792.2017216
5.00,13,102,792.1510082
5.00,13,103,792.1152452
5.00,13,104,792.0865568
5.00,13,105,792.0641773
5.00,13,106,792.0262587
5.00,13,107,791.9964797
5.00,13,108,791.9782297
5.00,13,109,791.937527
5.00,13,110,791.9066132
5.00,13,111,791.893121
5.00,13,112,791.8494542
5.00,13,113,791.8170107
5.00,13,114,791.8092279
5.00,13,115,791.7616726
5.00,13,116,791.7276718
5.00,13,117,791.7264473
5.00,13,118,791.674824
5.00,13,119,791.6386767
5.00,13,120,791.6098583
5.00,13,121,791.5885052
5.00,13,122,791.5501144
5.00,13,123,791.5201588
5.00,13,124,791.5031077
5.00,13,125,791.4618139
5.00,13,126,791.4306761
5.00,13,127,791.4185841
5.00,13,128,791.3742019
5.00,13,129,791.3414665
5.00,13,130,791.3353318
5.00,13,131,791.2868887
5.00,13,132,791.2525296
5.00,13,133,791.2244785
5.00,13,134,791.2003919
5.00,13,135,791.1638755
5.00,13,136,791.1349338
5.00,13,137,791.1145794
5.00,13,138,791.0757337
5.00,13,139,791.0456088
5.00,13,140,791.0297259
5.00,13,141,790.9878604
5.00,13,142,790.9565069
5.00,13,143,790.9457808
5.00,13,144,790.9007049
5.00,13,145,790.8676873
5.00,13,146,790.8631623
5.00,13,147,790.813856
5.00,13,148,790.7791491
5.00,13,149,790.7509795
5.00,13,150,790.7278594
5.00,13,151,790.6909031
5.00,13,152,790.6618054
5.00,13,153,790.6425752
5.00,13,154,790.6031914
5.00,13,155,790.5728581
5.00,13,156,790.5582929
5.00,13,157,790.5157558
5.00,13,158,790.484141
5.00,13,159,790.4749584
5.00,13,160,790.4290717
5.00,13,161,790.3957165
5.00,13,162,790.3930134
5.00,13,163,790.3427026
5.00,13,164,790.3075837
5.00,13,165,790.2792651
5.00,13,166,790.2572269
5.00,13,167,790.2197535
5.00,13,168,790.1904643
5.00,13,169,790.1724953
5.00,13,170,790.1324829
5.00,13,171,790.1018982
5.00,13,172,790.0888147
5.00,13,173,790.0454966
5.00,13,174,790.0135705
5.00,13,175,790.006126
5.00,13,176,789.9593007
5.00,13,177,789.9255473
5.00,13,178,789.9248986
5.00,13,179,789.8734285
5.00,13,180,789.8378272
5.00,13,181,789.8093265
5.00,13,182,789.7884969
5.00,13,183,789.7504215
5.00,13,184,789.7209019
5.00,13,185,789.7043451
5.00,13,186,789.6636044
5.00,13,187,789.6327215
5.00,13,188,789.6213
5.00,13,189,789.5770807
5.00,13,190,789.5447884
5.00,13,191,789.5392966
5.00,13,192,789.4913917
5.00,13,193,789.4571736
5.00,13,194,789.4294356
5.00,13,195,789.4062127
5.00,13,196,789.3699565
5.00,13,197,789.3411926
5.00,13,198,789.3218835
5.00,13,199,789.2829992
5.00,13,200,789.2531548
5.00,14,1,833.6442384
5.00,14,2,833.5873761
5.00,14,3,833.5838622
5.00,14,4,833.5594752
5.00,14,5,833.5435341
5.00,14,6,833.5275295
5.00,14,7,833.5190113
5.00,14,8,833.508965
5.00,14,9,833.3442559
5.00,14,10,833.2108865
5.00,14,11,833.205164
5.00,14,12,833.1973241
5.00,14,13,833.0152867
5.00,14,14,832.8977629
5.00,14,15,832.8955621
5.00,14,16,832.8904195
5.00,14,17,832.6870679
5.00,14,18,832.5894483
5.00,14,19,832.4216997
5.00,14,20,832.2913515
5.00,14,21,832.2847306
5.00,14,22,832.2768016
5.00,14,23,832.0947646
5.00,14,24,831.9758373
5.00,14,25,831.9725662
5.00,14,26,831.9665277
5.00,14,27,831.7685697
5.00,14,28,831.6639679
5.00,14,29,831.5048413
5.00,14,30,831.4735832
5.00,14,31,830.9959772
5.00,14,32,830.9715455
5.00,14,33,830.955371
5.00,14,34,830.9424935
5.00,14,35,830.9400785
5.00,14,36,830.9344124
5.00,14,37,830.7323016
5.00,14,38,830.6295977
5.00,14,39,830.6294134
5.00,14,40,830.6253782
5.00,14,41,830.4091145
5.00,14,42,830.318962
5.00,14,43,830.147801
5.00,14,44,830.0177277
5.00,14,45,830.009939
5.00,14,46,830.0007914
5.00,14,47,829.8258521
5.00,14,48,829.6972981
5.00,14,49,829.6906538
5.00,14,50,829.6816513
5.00,14,51,829.5046124
5.00,14,52,829.3774081
5.00,14,53,829.3711308
5.00,14,54,829.3622623
5.00,14,55,829.1840759
5.00,14,56,829.057427
5.00,14,57,829.051079
5.00,14,58,829.0421199
5.00,14,59,828.8642354
5.00,14,60,828.7369002
5.00,14,61,828.7302509
5.00,14,62,828.7210113
5.00,14,63,828.5450881
5.00,14,64,828.4156706
5.00,14,65,828.4084124
5.00,14,66,828.3986609
5.00,14,67,828.2266304
5.00,14,68,828.2114032
5.00,14,69,827.7286828
5.00,14,70,827.6992934
5.00,14,71,827.6871403
5.00,14,72,827.6737868
5.00,14,73,827.66947
5.00,14,74,827.6618513
5.00,14,75,827.4710926
5.00,14,76,827.3526999
5.00,14,77,827.3472238
5.00,14,78,827.3386892
5.00,14,79,827.1549567
5.00,14,80,827.0302309
5.00,14,81,827.0233089
5.00,14,82,827.0136184
5.00,14,83,826.8394983
5.00,14,84,826.8193775
5.00,14,85,826.3461891
5.00,14,86,826.3127415
5.00,14,87,826.2993775
5.00,14,88,826.2849452
5.00,14,89,826.2786833
5.00,14,90,826.2694029
5.00,14,91,826.0910543
5.00,14,92,826.0789488
5.00,14,93,825.6002989
5.00,14,94,825.5678187
5.00,14,95,825.5540152
5.00,14,96,825.5394731
5.00,14,97,825.5330006
5.00,14,98,825.5234607
5.00,14,99,825.346424
5.00,14,100,825.3232176
5.00,14,101,824.8581067
5.00,14,102,824.8215547
5.00,14,103,824.8067453
5.00,14,104,824.7913481
5.00,14,105,824.783353
5.00,14,106,824.7725798
5.00,14,107,824.6055654
5.00,14,108,824.5430103
5.00,14,109,824.1195669
5.00,14,110,824.0726351
5.00,14,111,824.0557105
5.00,14,112,824.0384805
5.00,14,113,824.0272987
5.00,14,114,824.0140305
5.00,14,115,824.0098033
5.00,14,116,824.0016421
5.00,14,117,823.8098025
5.00,14,118,823.6869371
5.00,14,119,823.6787799
5.00,14,120,823.6677459
5.00,14,121,823.5014697
5.00,14,122,823.4280245
5.00,14,123,823.0190533
5.00,14,124,822.9674329
5.00,14,125,822.9499378
5.00,14,126,822.9318292
5.00,14,127,822.9190842
5.00,14,128,822.9045043
5.00,14,129,822.8978929
5.00,14,130,822.8878612
5.00,14,131,822.7116872
5.00,14,132,822.6632995
5.00,14,133,822.2319763
5.00,14,134,822.1851207
5.00,14,135,822.1678633
5.00,14,136,822.1502787
5.00,14,137,822.1383882
5.00,14,138,822.1243941
5.00,14,139,822.1188202
5.00,14,140,822.1094103
5.00,14,141,821.9261833
5.00,14,142,821.8933362
5.00,14,143,821.4490953
5.00,14,144,821.4043893
5.00,14,145,821.3873307
5.00,14,146,821.3699195
5.00,14,147,821.3582848
5.00,14,148,821.3444087
5.00,14,149,821.3390397
5.00,14,150,821.3296537
5.00,14,151,821.1449103
5.00,14,152,821.1100482
5.00,14,153,820.6703629
5.00,14,154,820.6240105
5.00,14,155,820.6064945
5.00,14,156,820.5886909
5.00,14,157,820.5763446
5.00,14,158,820.5618638
5.00,14,159,820.5553789
5.00,14,160,820.5451029
5.00,14,161,820.3678196
5.00,14,162,820.3040253
5.00,14,163,819.8957061
5.00,14,164,819.8422342
5.00,14,165,819.8233682
5.00,14,166,819.8043881
5.00,14,167,819.790006
5.00,14,168,819.7739237
5.00,14,169,819.764533
5.00,14,170,819.7521128
5.00,14,171,819.7494826
5.00,14,172,819.7416766
5.00,14,173,819.5379295
5.00,14,174,819.41787
5.00,14,175,819.408416
5.00,14,176,819.3959353
5.00,14,177,819.3932773
5.00,14,178,819.3853818
5.00,14,179,819.1817271
5.00,14,180,819.0611012
5.00,14,181,819.0514002
5.00,14,182,819.0387029
5.00,14,183,819.0356371
5.00,14,184,819.0274114
5.00,14,185,818.8263973
5.00,14,186,818.81994
5.00,14,187,818.3594354
5.00,14,188,818.3154569
5.00,14,189,818.2978575
5.00,14,190,818.2799848
5.00,14,191,818.2674043
5.00,14,192,818.252548
5.00,14,193,818.245344
5.00,14,194,818.2342517
5.00,14,195,818.0616334
5.00,14,196,817.9672468
5.00,14,197,817.5968713
5.00,14,198,817.5347106
5.00,14,199,817.5140781
5.00,14,200,817.4935531
5.00,15,1,832.3639961
5.00,15,2,832.3269452
5.00,15,3,832.2600391
5.00,15,4,832.2309904
5.00,15,5,832.2245601
5.00,15,6,832.2213542
5.00,15,7,832.2210531
5.00,15,8,832.1670065
5.00,15,9,832.1521776
5.00,15,10,832.0627442
5.00,15,11,832.0456955
5.00,15,12,832.044641
5.00,15,13,831.9948289
5.00,15,14,831.9636165
5.00,15,15,831.8905817
5.00,15,16,831.8634571
5.00,15,17,831.8586194
5.00,15,18,831.8566161
5.00,15,19,831.8106345
5.00,15,20,831.7738273
5.00,15,21,831.7065
5.00,15,22,831.7012087
5.00,15,23,831.6025168
5.00,15,24,831.5834802
5.00,15,25,831.5813481
5.00,15,26,831.5348724
5.00,15,27,831.5069515
5.00,15,28,831.4310483
5.00,15,29,831.408834
5.00,15,30,831.4059255
5.00,15,31,831.4058346
5.00,15,32,831.351369
5.00,15,33,831.3378472
5.00,15,34,831.2477099
5.00,15,35,831.2312264
5.00,15,36,831.2303666
5.00,15,37,831.1802094
5.00,15,38,831.1500556
5.00,15,39,831.0765634
5.00,15,40,831.0498659
5.00,15,41,831.0451714
5.00,15,42,831.0433096
5.00,15,43,830.997106
5.00,15,44,830.9612079
5.00,15,45,830.8935849
5.00,15,46,830.889252
5.00,15,47,830.7901977
5.00,15,48,830.7715382
5.00,15,49,830.7695363
5.00,15,50,830.7229693
5.00,15,51,830.6957747
5.00,15,52,830.6197408
5.00,15,53,830.5978575
5.00,15,54,830.5950638
5.00,15,55,830.5526013
5.00,15,56,830.5114533
5.00,15,57,830.4494096
5.00,15,58,830.4372939
5.00,15,59,830.3463681
5.00,15,60,830.3253662
5.00,15,61,830.3225228
5.00,15,62,830.2793534
5.00,15,63,830.2464791
5.00,15,64,830.176463
5.00,15,65,830.1523629
5.00,15,66,830.1487319
5.00,15,67,830.14769
5.00,15,68,830.0975147
5.00,15,69,830.0772126
5.00,15,70,829.9947776
5.00,15,71,829.9756554
5.00,15,72,829.9738101
5.00,15,73,829.9279173
5.00,15,74,829.892331
5.00,15,75,829.8252047
5.00,15,76,829.8209335
5.00,15,77,829.7226465
5.00,15,78,829.7041177
5.00,15,79,829.7020797
5.00,15,80,829.6559134
5.00,15,81,829.6288288
5.00,15,82,829.55351
5.00,15,83,829.5317191
5.00,15,84,829.5288739
5.00,15,85,829.5288244
5.00,15,86,829.4749056
5.00,15,87,829.4617554
5.00,15,88,829.372657
5.00,15,89,829.3564046
5.00,15,90,829.3555473
5.00,15,91,829.3060724
5.00,15,92,829.2762455
5.00,15,93,829.2038351
5.00,15,94,829.1774456
5.00,15,95,829.1727895
5.00,15,96,829.170916
5.00,15,97,829.1254556
5.00,15,98,829.0897946
5.00,15,99,829.023339
5.00,15,100,829.0185894
5.00,15,101,828.9213543
5.00,15,102,828.9027723
5.00,15,103,828.9007297
5.00,15,104,828.8550374
5.00,15,105,828.8276463
5.00,15,106,828.7532064
5.00,15,107,828.7313459
5.00,15,108,828.7284836
5.00,15,109,828.7283539
5.00,15,110,828.6750892
5.00,15,111,828.6613308
5.00,15,112,828.57343
5.00,15,113,828.5569755
5.00,15,114,828.5560212
5.00,15,115,828.5072408
5.00,15,116,828.4769428
5.00,15,117,828.4055941
5.00,15,118,828.3791473
5.00,15,119,828.3744518
5.00,15,120,828.3724878
5.00,15,121,828.3276773
5.00,15,122,828.2916176
5.00,15,123,828.2261534
5.00,15,124,828.2205034
5.00,15,125,828.1247558
5.00,15,126,828.105982
5.00,15,127,828.1038557
5.00,15,128,828.0588316
5.00,15,129,828.0308242
5.00,15,130,827.9575855
5.00,15,131,827.9355254
5.00,15,132,827.932569
5.00,15,133,827.9322912
5.00,15,134,827.8799288
5.00,15,135,827.8651239
5.00,15,136,827.7788553
5.00,15,137,827.7620226
5.00,15,138,827.7609042
5.00,15,139,827.7130557
5.00,15,140,827.6819397
5.00,15,141,827.6119961
5.00,15,142,827.5853802
5.00,15,143,827.5806027
5.00,15,144,827.5784951
5.00,15,145,827.5345344
5.00,15,146,827.4977764
5.00,15,147,827.4335972
5.00,15,148,827.4266194
5.00,15,149,827.3327837
5.00,15,150,827.3136899
5.00,15,151,827.3114311
5.00,15,152,827.2672458
5.00,15,153,827.2383213
5.00,15,154,827.1665811
5.00,15,155,827.1442049
5.00,15,156,827.141108
5.00,15,157,827.1406283
5.00,15,158,827.0893769
5.00,15,159,827.0731515
5.00,15,160,826.9888826
5.00,15,161,826.9715257
5.00,15,162,826.970191
5.00,15,163,826.9234695
5.00,15,164,826.8912423
5.00,15,165,826.8229913
5.00,15,166,826.8223319
5.00,15,167,826.7226384
5.00,15,168,826.7055446
5.00,15,169,826.7039356
5.00,15,170,826.6573771
5.00,15,171,826.6331047
5.00,15,172,826.5571759
5.00,15,173,826.5366624
5.00,15,174,826.5341976
5.00,15,175,826.4920009
5.00,15,176,826.4533607
5.00,15,177,826.3918298
5.00,15,178,826.3817161
5.00,15,179,826.2917807
5.00,15,180,826.2718375
5.00,15,181,826.2692566
5.00,15,182,826.2267489
5.00,15,183,826.1956086
5.00,15,184,826.1268442
5.00,15,185,826.103658
5.00,15,186,826.1002336
5.00,15,187,826.0993102
5.00,15,188,826.0502309
5.00,15,189,826.0308764
5.00,15,190,825.9504907
5.00,15,191,825.931949
5.00,15,192,825.9301552
5.00,15,193,825.8855873
5.00,15,194,825.8509015
5.00,15,195,825.7858683
5.00,15,196,825.7812574
5.00,15,197,825.6862729
5.00,15,198,825.6680835
5.00,15,199,825.6660702
5.00,15,200,825.6215156
5.00,16,1,907.2520791
5.00,16,2,907.2271184
5.00,16,3,907.210221
5.00,16,4,907.1680127
5.00,16,5,907.1613516
5.00,16,6,907.0299439
5.00,16,7,907.0060465
5.00,16,8,906.9914001
5.00,16,9,906.9453342
5.00,16,10,906.9074185
5.00,16,11,906.8655608
5.00,16,12,906.8569046
5.00,16,13,906.7276048
5.00,16,14,906.7035452
5.00,16,15,906.6884488
5.00,16,16,906.6432856
5.00,16,17,906.6047827
5.00,16,18,906.604122
5.00,16,19,906.5336422
5.00,16,20,906.5165456
5.00,16,21,906.4538658
5.00,16,22,906.4301679
5.00,16,23,906.3741932
5.00,16,24,906.3448278
5.00,16,25,906.2946156
5.00,16,26,906.2603867
5.00,16,27,906.2151252
5.00,16,28,906.1767252
5.00,16,29,906.1759818
5.00,16,30,906.1057783
5.00,16,31,906.0887371
5.00,16,32,906.0262198
5.00,16,33,906.0026464
5.00,16,34,905.9467631
5.00,16,35,905.917562
5.00,16,36,905.8673998
5.00,16,37,905.8333552
5.00,16,38,905.7881225
5.00,16,39,905.7499138
5.00,16,40,905.7492672
5.00,16,41,905.6790483
5.00,16,42,905.6618132
5.00,16,43,905.5996836
5.00,16,44,905.5756509
5.00,16,45,905.5204272
5.00,16,46,905.4905988
5.00,16,47,905.4412691
5.00,16,48,905.4065016
5.00,16,49,905.3622006
5.00,16,50,905.3232265
5.00,16,51,905.3214265
5.00,16,52,905.2533699
5.00,16,53,905.2345953
5.00,16,54,905.1742373
5.00,16,55,905.1489681
5.00,16,56,905.0952085
5.00,16,57,905.0643832
5.00,16,58,905.0162744
5.00,16,59,904.9807009
5.00,16,60,904.9374271
5.00,16,61,904.9361988
5.00,16,62,904.8014143
5.00,16,63,904.7780181
5.00,16,64,904.763861
5.00,16,65,904.7177931
5.00,16,66,904.6804752
5.00,16,67,904.6391039
5.00,16,68,904.6289071
5.00,16,69,904.5029036
5.00,16,70,904.4789035
5.00,16,71,904.4633498
5.00,16,72,904.4198565
5.00,16,73,904.4197338
5.00,16,74,904.2843105
5.00,16,75,904.2610193
5.00,16,76,904.2469521
5.00,16,77,904.2009236
5.00,16,78,904.16371
5.00,16,79,904.1636127
5.00,16,80,904.0929389
5.00,16,81,904.0764841
5.00,16,82,904.0143362
5.00,16,83,903.9907553
5.00,16,84,903.9358471
5.00,16,85,903.9062264
5.00,16,86,903.8574604
5.00,16,87,903.8227261
5.00,16,88,903.7791667
5.00,16,89,903.7401073
5.00,16,90,903.7376041
5.00,16,91,903.6713355
5.00,16,92,903.6510236
5.00,16,93,903.5929639
5.00,16,94,903.56587
5.00,16,95,903.5147061
5.00,16,96,903.4819227
5.00,16,97,903.4365502
5.00,16,98,903.3989961
5.00,16,99,903.3981741
5.00,16,100,903.3290347
5.00,16,101,903.3113734
5.00,16,102,903.250808
5.00,16,103,903.2260272
5.00,16,104,903.1726972
5.00,16,105,903.1419199
5.00,16,106,903.0946903
5.00,16,107,903.0588676
5.00,16,108,903.0167773
5.00,16,109,903.0107185
5.00,16,110,902.8821134
5.00,16,111,902.8585409
5.00,16,112,902.8435039
5.00,16,113,902.7997287
5.00,16,114,902.7610308
5.00,16,115,902.7585565
5.00,16,116,902.6925562
5.00,16,117,902.6723623
5.00,16,118,902.6146598
5.00,16,119,902.587615
5.00,16,120,902.5368784
5.00,16,121,902.5040936
5.00,16,122,902.4591997
5.00,16,123,902.4216108
5.00,16,124,902.420393
5.00,16,125,902.3522919
5.00,16,126,902.3336419
5.00,16,127,902.2745277
5.00,16,128,902.2485333
5.00,16,129,902.1968878
5.00,16,130,902.1647974
5.00,16,131,902.1193576
5.00,16,132,902.0822098
5.00,16,133,902.0813642
5.00,16,134,902.0127028
5.00,16,135,901.9947825
5.00,16,136,901.9351022
5.00,16,137,901.909806
5.00,16,138,901.8576245
5.00,16,139,901.8261816
5.00,16,140,901.7802557
5.00,16,141,901.7436961
5.00,16,142,901.7434693
5.00,16,143,901.6738341
5.00,16,144,901.6565071
5.00,16,145,901.5963745
5.00,16,146,901.5713247
5.00,16,147,901.5190459
5.00,16,148,901.4876212
5.00,16,149,901.4418321
5.00,16,150,901.4051475
5.00,16,151,901.404601
5.00,16,152,901.3356316
5.00,16,153,901.3180344
5.00,16,154,901.2583464
5.00,16,155,901.2331691
5.00,16,156,901.1811886
5.00,16,157,901.1497288
5.00,16,158,901.1041431
5.00,16,159,901.0674819
5.00,16,160,901.0668661
5.00,16,161,900.9981442
5.00,16,162,900.9801447
5.00,16,163,900.9210111
5.00,16,164,900.8952634
5.00,16,165,900.8440115
5.00,16,166,900.8119024
5.00,16,167,900.7671283
5.00,16,168,900.7297988
5.00,16,169,900.7282063
5.00,16,170,900.6613202
5.00,16,171,900.6420971
5.00,16,172,900.5843719
5.00,16,173,900.557711
5.00,16,174,900.5075515
5.00,16,175,900.4747599
5.00,16,176,900.4308433
5.00,16,177,900.393004
5.00,16,178,900.3906948
5.00,16,179,900.3252089
5.00,16,180,900.3046755
5.00,16,181,900.2484244
5.00,16,182,900.2204713
5.00,16,183,900.1717714
5.00,16,184,900.1377591
5.00,16,185,900.0952327
5.00,16,186,900.0913248
5.00,16,187,899.9629529
5.00,16,188,899.9396751
5.00,16,189,899.9245114
5.00,16,190,899.8820775
5.00,16,191,899.8783118
5.00,16,192,899.7500202
5.00,16,193,899.7268155
5.00,16,194,899.7117707
5.00,16,195,899.6692112
5.00,16,196,899.6655448
5.00,16,197,899.5372802
5.00,16,198,899.5140484
5.00,16,199,899.4988766
5.00,16,200,899.4566202
5.00,17,1,685.7704319
5.00,17,2,683.7711741
5.00,17,3,681.5573186
5.00,17,4,676.47601
5.00,17,5,675.6196662
5.00,17,6,675.6154124
5.00,17,7,675.2256354
5.00,17,8,675.126043
5.00,17,9,674.9248793
5.00,17,10,674.9239359
5.00,17,11,674.547231
5.00,17,12,674.4877824
5.00,17,13,674.2881569
5.00,17,14,674.1751452
5.00,17,15,674.1402275
5.00,17,16,673.913579
5.00,17,17,669.9641327
5.00,17,18,661.5654251
5.00,17,19,661.2920226
5.00,17,20,660.2684385
5.00,17,21,655.6677293
5.00,17,22,654.8283132
5.00,17,23,654.8055447
5.00,17,24,654.5050028
5.00,17,25,654.4031542
5.00,17,26,654.2600639
5.00,17,27,654.1582606
5.00,17,28,653.931222
5.00,17,29,653.8440472
5.00,17,30,653.8370764
5.00,17,31,653.6147417
5.00,17,32,653.5355652
5.00,17,33,653.4109917
5.00,17,34,653.3341937
5.00,17,35,653.1138275
5.00,17,36,653.036458
5.00,17,37,652.9122486
5.00,17,38,652.8393967
5.00,17,39,652.617627
5.00,17,40,652.541714
5.00,17,41,651.4647671
5.00,17,42,648.3663649
5.00,17,43,642.9427443
5.00,17,44,641.3088421
5.00,17,45,636.9663472
5.00,17,46,636.1502843
5.00,17,47,636.0218469
5.00,17,48,635.7256286
5.00,17,49,635.5837195
5.00,17,50,635.5573773
5.00,17,51,635.313986
5.00,17,52,635.2327553
5.00,17,53,635.1042983
5.00,17,54,635.0582009
5.00,17,55,634.8307958
5.00,17,56,634.7740354
5.00,17,57,634.6503067
5.00,17,58,634.638269
5.00,17,59,634.4003803
5.00,17,60,634.3521868
5.00,17,61,634.222908
5.00,17,62,634.1403734
5.00,17,63,634.1055021
5.00,17,64,633.9591829
5.00,17,65,632.0565627
5.00,17,66,628.0941221
5.00,17,67,620.8173699
5.00,17,68,620.5299582
5.00,17,69,620.3943742
5.00,17,70,620.2423658
5.00,17,71,620.1952509
5.00,17,72,619.9360377
5.00,17,73,619.9016294
5.00,17,74,619.7577335
5.00,17,75,619.6900386
5.00,17,76,619.5988697
5.00,17,77,619.5448379
5.00,17,78,619.3721201
5.00,17,79,619.323706
5.00,17,80,619.2177659
5.00,17,81,619.1449047
5.00,17,82,619.1184786
5.00,17,83,618.9855507
5.00,17,84,618.9211181
5.00,17,85,618.9186
5.00,17,86,618.7573255
5.00,17,87,618.707039
5.00,17,88,618.6056824
5.00,17,89,618.5324979
5.00,17,90,618.5034128
5.00,17,91,618.3752745
5.00,17,92,618.0933195
5.00,17,93,614.8373405
5.00,17,94,610.4014691
5.00,17,95,607.2076383
5.00,17,96,606.4837301
5.00,17,97,606.3087702
5.00,17,98,606.1850473
5.00,17,99,606.1702945
5.00,17,100,605.971037
5.00,17,101,605.9219024
5.00,17,102,605.8009639
5.00,17,103,605.735267
5.00,17,104,605.6521998
5.00,17,105,605.6173818
5.00,17,106,605.4460637
5.00,17,107,605.4163609
5.00,17,108,605.3053949
5.00,17,109,605.250558
5.00,17,110,605.1709501
5.00,17,111,605.1507065
5.00,17,112,604.9762075
5.00,17,113,604.9514818
5.00,17,114,604.8373381
5.00,17,115,604.7858217
5.00,17,116,604.7038351
5.00,17,117,604.6983215
5.00,17,118,604.512235
5.00,17,119,604.4941821
5.00,17,120,604.372907
5.00,17,121,604.3255929
5.00,17,122,604.239249
5.00,17,123,604.1758431
5.00,17,124,604.1617485
5.00,17,125,604.0372703
5.00,17,126,603.9953607
5.00,17,127,603.9035026
5.00,17,128,603.8447151
5.00,17,129,603.7727156
5.00,17,130,603.7393501
5.00,17,131,603.5815747
5.00,17,132,603.5584446
5.00,17,133,603.4453202
5.00,17,134,603.3985001
5.00,17,135,603.3130812
5.00,17,136,603.2517381
5.00,17,137,603.2449188
5.00,17,138,603.1121902
5.00,17,139,603.072662
5.00,17,140,602.9786714
5.00,17,141,602.9206694
5.00,17,142,602.8485469
5.00,17,143,602.8131437
5.00,17,144,602.6564596
5.00,17,145,602.6294186
5.00,17,146,602.521333
5.00,17,147,602.4709422
5.00,17,148,602.3904078
5.00,17,149,602.3265597
5.00,17,150,602.3095625
5.00,17,151,602.1910816
5.00,17,152,602.1495197
5.00,17,153,602.0595114
5.00,17,154,602.0024192
5.00,17,155,601.9304678
5.00,17,156,601.9077691
5.00,17,157,601.7439605
5.00,17,158,601.7290042
5.00,17,159,601.608994
5.00,17,160,601.5694403
5.00,17,161,601.4778236
5.00,17,162,601.4224971
5.00,17,163,601.3491415
5.00,17,164,601.3368828
5.00,17,165,601.1652224
5.00,17,166,601.1564605
5.00,17,167,601.0301886
5.00,17,168,600.9954209
5.00,17,169,600.8990298
5.00,17,170,600.847324
5.00,17,171,600.7704493
5.00,17,172,600.7077825
5.00,17,173,600.6944819
5.00,17,174,600.5730099
5.00,17,175,600.5329351
5.00,17,176,600.4426617
5.00,17,177,600.3864802
5.00,17,178,600.3149679
5.00,17,179,600.2916017
5.00,17,180,600.1285645
5.00,17,181,600.1111158
5.00,17,182,599.9952465
5.00,17,183,599.9533668
5.00,17,184,599.8658564
5.00,17,185,599.8090489
5.00,17,186,599.7388625
5.00,17,187,599.7128149
5.00,17,188,599.5530301
5.00,17,189,599.5354404
5.00,17,190,599.4205138
5.00,17,191,599.3792487
5.00,17,192,599.2916984
5.00,17,193,599.2357565
5.00,17,194,599.1651728
5.00,17,195,599.1444907
5.00,17,196,598.9810039
5.00,17,197,598.9669863
5.00,17,198,598.8487354
5.00,17,199,598.8104285
5.00,17,200,598.7201552
5.00,18,1,886.4536817
5.00,18,2,886.4264881
5.00,18,3,886.3990899
5.00,18,4,886.3726452
5.00,18,5,886.3457663
5.00,18,6,886.3198728
5.00,18,7,886.2934425
5.00,18,8,886.2681005
5.00,18,9,886.2421337
5.00,18,10,886.2173814
5.00,18,11,886.1919088
5.00,18,12,886.167793
5.00,18,13,886.1428486
5.00,18,14,886.1194198
5.00,18,15,886.0950391
5.00,18,16,886.0723511
5.00,18,17,886.0485716
5.00,18,18,886.0266819
5.00,18,19,886.0035428
5.00,18,20,885.9825135
5.00,18,21,885.9600559
5.00,18,22,885.9399536
5.00,18,23,885.9182212
5.00,18,24,885.8991176
5.00,18,25,885.8781561
5.00,18,26,885.8601284
5.00,18,27,885.8399863
5.00,18,28,885.8231177
5.00,18,29,885.8038458
5.00,18,30,885.788226
5.00,18,31,885.7698779
5.00,18,32,885.7556035
5.00,18,33,885.7382355
5.00,18,34,885.7254108
5.00,18,35,885.709082
5.00,18,36,885.6978194
5.00,18,37,885.6825921
5.00,18,38,885.6730128
5.00,18,39,885.6589523
5.00,18,40,885.6511871
5.00,18,41,885.638362
5.00,18,42,885.6325521
5.00,18,43,885.6210342
5.00,18,44,885.6173323
5.00,18,45,885.6071968
5.00,18,46,885.6057676
5.00,18,47,885.5970935
5.00,18,48,884.8313369
5.00,18,49,884.4724478
5.00,18,50,882.7718376
5.00,18,51,882.5347492
5.00,18,52,882.4892518
5.00,18,53,882.4539992
5.00,18,54,882.4258041
5.00,18,55,882.3985174
5.00,18,56,882.3743123
5.00,18,57,882.3489882
5.00,18,58,882.3260551
5.00,18,59,882.3014441
5.00,18,60,882.2792156
5.00,18,61,882.2550463
5.00,18,62,882.233408
5.00,18,63,882.2096201
5.00,18,64,882.1885598
5.00,18,65,882.165143
5.00,18,66,882.1446754
5.00,18,67,882.1216331
5.00,18,68,882.1017819
5.00,18,69,882.0791218
5.00,18,70,882.0599147
5.00,18,71,882.0376466
5.00,18,72,882.0191138
5.00,18,73,881.9972478
5.00,18,74,881.9794215
5.00,18,75,881.9579684
5.00,18,76,881.9408824
5.00,18,77,881.9198529
5.00,18,78,881.9035427
5.00,18,79,881.8829476
5.00,18,80,881.8674505
5.00,18,81,881.8473004
5.00,18,82,881.8326552
5.00,18,83,881.8129609
5.00,18,84,881.7992084
5.00,18,85,881.7799802
5.00,18,86,881.7671631
5.00,18,87,881.7484113
5.00,18,88,881.7365742
5.00,18,89,881.7183089
5.00,18,90,881.7074983
5.00,18,91,881.6897293
5.00,18,92,881.6799941
5.00,18,93,881.6627309
5.00,18,94,881.6541223
5.00,18,95,881.6373741
5.00,18,96,881.6299454
5.00,18,97,881.6137211
5.00,18,98,881.6075283
5.00,18,99,881.5918362
5.00,18,100,881.5869379
5.00,18,101,881.5717861
5.00,18,102,881.5682437
5.00,18,103,881.5536396
5.00,18,104,881.5515173
5.00,18,105,881.5374678
5.00,18,106,881.5368329
5.00,18,107,881.5233444
5.00,18,108,880.4908558
5.00,18,109,879.7708917
5.00,18,110,878.489917
5.00,18,111,878.206157
5.00,18,112,877.9751311
5.00,18,113,877.8549221
5.00,18,114,877.7879867
5.00,18,115,877.7413323
5.00,18,116,877.7078313
5.00,18,117,877.6763734
5.00,18,118,877.6500363
5.00,18,119,877.6218878
5.00,18,120,877.5972765
5.00,18,121,877.569925
5.00,18,122,877.5458578
5.00,18,123,877.5187347
5.00,18,124,877.4949316
5.00,18,125,877.4678913
5.00,18,126,877.4442761
5.00,18,127,877.4172732
5.00,18,128,877.3938213
5.00,18,129,877.3668375
5.00,18,130,877.3435397
5.00,18,131,877.3165656
5.00,18,132,877.2934178
5.00,18,133,877.266447
5.00,18,134,877.2434472
5.00,18,135,877.2164747
5.00,18,136,877.1936216
5.00,18,137,877.1666429
5.00,18,138,877.1439355
5.00,18,139,877.1169462
5.00,18,140,877.0943836
5.00,18,141,877.0673794
5.00,18,142,877.0449607
5.00,18,143,877.0179371
5.00,18,144,876.9956612
5.00,18,145,876.9686137
5.00,18,146,876.9464796
5.00,18,147,876.9194037
5.00,18,148,876.8974099
5.00,18,149,876.8703011
5.00,18,150,876.8484461
5.00,18,151,876.8212997
5.00,18,152,876.7995821
5.00,18,153,876.7723932
5.00,18,154,876.7508111
5.00,18,155,876.7235751
5.00,18,156,876.7021267
5.00,18,157,876.6748386
5.00,18,158,876.6535218
5.00,18,159,876.6261767
5.00,18,160,876.6049894
5.00,18,161,876.5775823
5.00,18,162,876.5565221
5.00,18,163,876.529048
5.00,18,164,876.5081124
5.00,18,165,876.4805662
5.00,18,166,876.4597526
5.00,18,167,876.4321293
5.00,18,168,876.4114348
5.00,18,169,876.3837293
5.00,18,170,876.363151
5.00,18,171,876.3353582
5.00,18,172,876.3148929
5.00,18,173,876.2870076
5.00,18,174,876.2666521
5.00,18,175,876.2386692
5.00,18,176,876.21842
5.00,18,177,876.1903344
5.00,18,178,876.1701879
5.00,18,179,876.1419946
5.00,18,180,876.121947
5.00,18,181,876.0936408
5.00,18,182,876.0736882
5.00,18,183,876.0452641
5.00,18,184,876.0254025
5.00,18,185,875.9968556
5.00,18,186,875.9770807
5.00,18,187,875.9484059
5.00,18,188,875.9287133
5.00,18,189,875.8999058
5.00,18,190,875.8802911
5.00,18,191,875.8513459
5.00,18,192,875.8318044
5.00,18,193,875.8027169
5.00,18,194,875.7832437
5.00,18,195,875.7540092
5.00,18,196,875.7345994
5.00,18,197,875.7052132
5.00,18,198,875.6858617
5.00,18,199,875.6563194
5.00,18,200,875.6370211
5.00,19,1,768.1558974
5.00,19,2,766.1354796
5.00,19,3,765.0892722
5.00,19,4,761.3758983
5.00,19,5,759.0339267
5.00,19,6,755.2204371
5.00,19,7,753.1359876
5.00,19,8,749.3762802
5.00,19,9,747.386266
5.00,19,10,743.8169028
5.00,19,11,741.7999671
5.00,19,12,738.5197683
5.00,19,13,736.4013654
5.00,19,14,733.4650827
5.00,19,15,731.2121711
5.00,19,16,728.6349775
5.00,19,17,728.2294232
5.00,19,18,720.638692
5.00,19,19,719.2824891
5.00,19,20,718.3278555
5.00,19,21,716.1582723
5.00,19,22,715.9344665
5.00,19,23,709.1366428
5.00,19,24,708.0048209
5.00,19,25,707.3933253
5.00,19,26,705.00694
5.00,19,27,704.9740683
5.00,19,28,698.5651328
5.00,19,29,697.4303569
5.00,19,30,696.5702463
5.00,19,31,696.3390893
5.00,19,32,693.6076069
5.00,19,33,692.2398836
5.00,19,34,690.2632387
5.00,19,35,689.653904
5.00,19,36,684.6441575
5.00,19,37,683.6176652
5.00,19,38,682.7953861
5.00,19,39,682.4312297
5.00,19,40,680.3151708
5.00,19,41,678.9211214
5.00,19,42,678.8084129
5.00,19,43,676.3002904
5.00,19,44,675.5424665
5.00,19,45,673.473653
5.00,19,46,672.4396878
5.00,19,47,670.727188
5.00,19,48,669.4846244
5.00,19,49,669.4811254
5.00,19,50,667.0501218
5.00,19,51,666.1815685
5.00,19,52,664.4587493
5.00,19,53,663.2356408
5.00,19,54,663.1247018
5.00,19,55,661.0146223
5.00,19,56,660.3630041
5.00,19,57,658.580321
5.00,19,58,657.7260993
5.00,19,59,656.2055853
5.00,19,60,655.1990383
5.00,19,61,653.8870563
5.00,19,62,652.7684827
5.00,19,63,652.7159317
5.00,19,64,650.7673295
5.00,19,65,650.0549106
5.00,19,66,648.5581506
5.00,19,67,647.6038181
5.00,19,68,646.4009466
5.00,19,69,646.1465594
5.00,19,70,642.7447279
5.00,19,71,642.1038651
5.00,19,72,641.6654657
5.00,19,73,640.6130885
5.00,19,74,639.6125908
5.00,19,75,639.5868812
5.00,19,76,637.8740625
5.00,19,77,637.3878443
5.00,19,78,635.9257841
5.00,19,79,635.3041838
5.00,19,80,634.0158109
5.00,19,81,633.3093896
5.00,19,82,632.1417451
5.00,19,83,631.3868384
5.00,19,84,630.301653
5.00,19,85,629.5259797
5.00,19,86,628.4939232
5.00,19,87,627.7202646
5.00,19,88,626.7171891
5.00,19,89,625.9660396
5.00,19,90,624.9702889
5.00,19,91,624.262029
5.00,19,92,623.2522535
5.00,19,93,622.609237
5.00,19,94,621.5623159
5.00,19,95,621.011215
5.00,19,96,619.8999455
5.00,19,97,619.4747297
5.00,19,98,618.2649117
5.00,19,99,618.0109425
5.00,19,100,616.6573884
5.00,19,101,616.6373083
5.00,19,102,615.0781172
5.00,19,103,614.5857568
5.00,19,104,614.3065094
5.00,19,105,613.4538073
5.00,19,106,613.0169816
5.00,19,107,611.9239251
5.00,19,108,611.4221529
5.00,19,109,611.0906464
5.00,19,110,610.3554096
5.00,19,111,609.7756949
5.00,19,112,608.8580753
5.00,19,113,608.5983335
5.00,19,114,607.390746
5.00,19,115,606.9311288
5.00,19,116,606.6957341
5.00,19,117,605.8824027
5.00,19,118,605.6671171
5.00,19,119,604.4684594
5.00,19,120,604.0605185
5.00,19,121,603.9307776
5.00,19,122,602.9944605
5.00,19,123,602.5344139
5.00,19,124,602.2769847
5.00,19,125,601.5504268
5.00,19,126,601.3431637
5.00,19,127,600.1948537
5.00,19,128,599.8267489
5.00,19,129,599.7878066
5.00,19,130,598.7801842
5.00,19,131,598.3752377
5.00,19,132,598.2523227
5.00,19,133,597.3901165
5.00,19,134,596.9859497
5.00,19,135,596.8358994
5.00,19,136,596.0185592
5.00,19,137,595.6012759
5.00,19,138,595.4336638
5.00,19,139,594.6653854
5.00,19,140,594.2647931
5.00,19,141,594.1138668
5.00,19,142,593.3298717
5.00,19,143,592.931573
5.00,19,144,592.8106563
5.00,19,145,592.0119369
5.00,19,146,591.6493004
5.00,19,147,591.6002307
5.00,19,148,590.7128004
5.00,19,149,590.3724762
5.00,19,150,589.8743093
5.00,19,151,589.5362874
5.00,19,152,588.642856
5.00,19,153,588.3316568
5.00,19,154,587.8141609
5.00,19,155,587.6227298
5.00,19,156,586.6199564
5.00,19,157,586.376134
5.00,19,158,585.7918781
5.00,19,159,585.4091523
5.00,19,160,585.3165333
5.00,19,161,584.5666787
5.00,19,162,584.2823447
5.00,19,163,583.7715634
5.00,19,164,583.389876
5.00,19,165,583.2581288
5.00,19,166,582.5676072
5.00,19,167,582.2655374
5.00,19,168,581.7871018
5.00,19,169,581.400019
5.00,19,170,581.2835764
5.00,19,171,580.6034404
5.00,19,172,580.3452021
5.00,19,173,579.8357394
5.00,19,174,579.4946445
5.00,19,175,579.085702
5.00,19,176,578.9135384
5.00,19,177,578.0004524
5.00,19,178,577.9316977
5.00,19,179,577.2315065
5.00,19,180,577.0443088
5.00,19,181,576.482327
5.00,19,182,576.2173885
5.00,19,183,575.7466577
5.00,19,184,575.4300347
5.00,19,185,575.020638
5.00,19,186,574.6692689
5.00,19,187,574.3018512
5.00,19,188,574.1422882
5.00,19,189,573.2714405
5.00,19,190,572.8999407
5.00,19,191,572.6332568
5.00,19,192,572.5699183
5.00,19,193,572.5547514
5.00,19,194,571.1111463
5.00,19,195,571.0656455
5.00,19,196,571.051033
5.00,19,197,571.0429781
5.00,19,198,571.0140802
5.00,19,199,571.0086798
5.00,19,200,570.9903589
5.00,20,1,830.8961807
5.00,20,2,830.8389222
5.00,20,3,830.8178958
5.00,20,4,830.7664781
5.00,20,5,830.7410071
5.00,20,6,830.6943723
5.00,20,7,830.6652151
5.00,20,8,830.6225348
5.00,20,9,830.5903321
5.00,20,10,830.5509249
5.00,20,11,830.5162052
5.00,20,12,830.5157111
5.00,20,13,830.4429287
5.00,20,14,830.4351524
5.00,20,15,830.3700919
5.00,20,16,830.3561445
5.00,20,17,830.2976361
5.00,20,18,830.2784673
5.00,20,19,830.2255107
5.00,20,20,830.2019304
5.00,20,21,830.153672
5.00,20,22,830.1263699
5.00,20,23,830.0820826
5.00,20,24,830.0516447
5.00,20,25,830.0107101
5.00,20,26,829.9776337
5.00,20,27,829.9395271
5.00,20,28,829.9042335
5.00,20,29,829.9011261
5.00,20,30,829.8311542
5.00,20,31,829.8203931
5.00,20,32,829.7586049
5.00,20,33,829.7415589
5.00,20,34,829.6864954
5.00,20,35,829.6642836
5.00,20,36,829.614753
5.00,20,37,829.5882914
5.00,20,38,829.5433181
5.00,20,39,829.5133581
5.00,20,40,829.4721424
5.00,20,41,829.4393008
5.00,20,42,829.4011864
5.00,20,43,829.3659703
5.00,20,44,829.3624561
5.00,20,45,829.2934408
5.00,20,46,829.2830516
5.00,20,47,829.2213363
5.00,20,48,829.2051432
5.00,20,49,829.149599
5.00,20,50,829.1285136
5.00,20,51,829.0781791
5.00,20,52,829.0529759
5.00,20,53,829.0070338
5.00,20,54,828.9783696
5.00,20,55,828.9361265
5.00,20,56,828.9045572
5.00,20,57,828.8654259
5.00,20,58,828.8314215
5.00,20,59,828.7949055
5.00,20,60,828.7883659
5.00,20,61,828.6950946
5.00,20,62,828.6561009
5.00,20,63,828.6218937
5.00,20,64,828.6214214
5.00,20,65,828.5495649
5.00,20,66,828.5417059
5.00,20,67,828.4776936
5.00,20,68,828.4636085
5.00,20,69,828.4062167
5.00,20,70,828.3868918
5.00,20,71,828.3350797
5.00,20,72,828.3113517
5.00,20,73,828.2642359
5.00,20,74,828.2368133
5.00,20,75,828.1936454
5.00,20,76,828.1631271
5.00,20,77,828.1232744
5.00,20,78,828.0901654
5.00,20,79,828.0530938
5.00,20,80,828.0513371
5.00,20,81,827.9547126
5.00,20,82,827.9150784
5.00,20,83,827.8816882
5.00,20,84,827.844984
5.00,20,85,827.8396306
5.00,20,86,827.7454997
5.00,20,87,827.7070814
5.00,20,88,827.673022
5.00,20,89,827.6723287
5.00,20,90,827.6009078
5.00,20,91,827.5920327
5.00,20,92,827.5293735
5.00,20,93,827.5138237
5.00,20,94,827.4583171
5.00,20,95,827.4373161
5.00,20,96,827.3876561
5.00,20,97,827.3621991
5.00,20,98,827.3173238
5.00,20,99,827.2882217
5.00,20,100,827.2472665
5.00,20,101,827.2151806
5.00,20,102,827.1774403
5.00,20,103,827.142911
5.00,20,104,827.1397656
5.00,20,105,827.0714726
5.00,20,106,827.0612947
5.00,20,107,827.0004817
5.00,20,108,826.9844037
5.00,20,109,826.9298747
5.00,20,110,826.9088544
5.00,20,111,826.8595971
5.00,20,112,826.8344432
5.00,20,113,826.7896026
5.00,20,114,826.7609963
5.00,20,115,826.7198518
5.00,20,116,826.6883661
5.00,20,117,826.6503113
5.00,20,118,826.6164273
5.00,20,119,826.6153443
5.00,20,120,826.5448659
5.00,20,121,826.5356322
5.00,20,122,826.4738896
5.00,20,123,826.4580255
5.00,20,124,826.4033938
5.00,20,125,826.38213
5.00,20,126,826.3332946
5.00,20,127,826.3076294
5.00,20,128,826.2635241
5.00,20,129,826.2342687
5.00,20,130,826.1940278
5.00,20,131,826.161842
5.00,20,132,826.1247614
5.00,20,133,826.1243733
5.00,20,134,826.0273707
5.00,20,135,825.9886224
5.00,20,136,825.955569
5.00,20,137,825.9195598
5.00,20,138,825.9141532
5.00,20,139,825.8219516
5.00,20,140,825.7836666
5.00,20,141,825.7501579
5.00,20,142,825.7494656
5.00,20,143,825.679264
5.00,20,144,825.6710782
5.00,20,145,825.6088527
5.00,20,146,825.5944021
5.00,20,147,825.5388537
5.00,20,148,825.5191739
5.00,20,149,825.4692067
5.00,20,150,825.445169
5.00,20,151,825.399861
5.00,20,152,825.3721968
5.00,20,153,825.3307732
5.00,20,154,825.3000953
5.00,20,155,825.2619069
5.00,20,156,825.2287282
5.00,20,157,825.1932313
5.00,20,158,825.1856119
5.00,20,159,825.0957004
5.00,20,160,825.0580491
5.00,20,161,825.0243668
5.00,20,162,825.0223184
5.00,20,163,824.953911
5.00,20,164,824.9445597
5.00,20,165,824.8839315
5.00,20,166,824.8684889
5.00,20,167,824.814358
5.00,20,168,824.7938427
5.00,20,169,824.7451306
5.00,20,170,824.7203975
5.00,20,171,824.6761987
5.00,20,172,824.6479637
5.00,20,173,824.6075193
5.00,20,174,824.5763809
5.00,20,175,824.5390565
5.00,20,176,824.5055142
5.00,20,177,824.5036429
5.00,20,178,824.4350522
5.00,20,179,824.4251042
5.00,20,180,824.3651843
5.00,20,181,824.3487034
5.00,20,182,824.2958015
5.00,20,183,824.2740306
5.00,20,184,824.2268168
5.00,20,185,824.2007583
5.00,20,186,824.1581602
5.00,20,187,824.1286242
5.00,20,188,824.0897758
5.00,20,189,824.0574174
5.00,20,190,824.0216184
5.00,20,191,824.0162572
5.00,20,192,823.9247796
5.00,20,193,823.8875495
5.00,20,194,823.8542131
5.00,20,195,823.8524819
5.00,20,196,823.7840619
5.00,20,197,823.7742055
5.00,20,198,823.7145127
5.00,20,199,823.698096
5.00,20,200,823.645454
5.00,21,1,721.9126312
5.00,21,2,721.8134317
5.00,21,3,721.772568
5.00,21,4,721.7384885
5.00,21,5,721.7009308
5.00,21,6,721.695265
5.00,21,7,721.5991211
5.00,21,8,721.5601977
5.00,21,9,721.5252845
5.00,21,10,721.523959
5.00,21,11,721.4516147
5.00,21,12,721.4416158
5.00,21,13,721.378602
5.00,21,14,721.3616361
5.00,21,15,721.3061212
5.00,21,16,721.2835456
5.00,21,17,721.2340737
5.00,21,18,721.2069721
5.00,21,19,721.1623819
5.00,21,20,721.1316226
5.00,21,21,721.0909842
5.00,21,22,721.0572649
5.00,21,23,721.0198318
5.00,21,24,721.0144646
5.00,21,25,720.918607
5.00,21,26,720.8798886
5.00,21,27,720.8451341
5.00,21,28,720.8436033
5.00,21,29,720.7718514
5.00,21,30,720.761609
5.00,21,31,720.6992381
5.00,21,32,720.6820225
5.00,21,33,720.6271644
5.00,21,34,720.6043536
5.00,21,35,720.555529
5.00,21,36,720.5282195
5.00,21,37,720.484252
5.00,21,38,720.4533193
5.00,21,39,720.4132704
5.00,21,40,720.3794156
5.00,21,41,720.3425342
5.00,21,42,720.3347504
5.00,21,43,720.2414113
5.00,21,44,720.2033578
5.00,21,45,720.1683988
5.00,21,46,720.1653042
5.00,21,47,720.0956008
5.00,21,48,720.084037
5.00,21,49,720.0234628
5.00,21,50,720.0051405
5.00,21,51,719.9518556
5.00,21,52,719.9281271
5.00,21,53,719.8806783
5.00,21,54,719.8526166
5.00,21,55,719.8098519
5.00,21,56,719.7783113
5.00,21,57,719.7393141
5.00,21,58,719.7049767
5.00,21,59,719.7033737
5.00,21,60,719.6328012
5.00,21,61,719.6237591
5.00,21,62,719.5611019
5.00,21,63,719.5458082
5.00,21,64,719.4898144
5.00,21,65,719.4692817
5.00,21,66,719.4188828
5.00,21,67,719.3939708
5.00,21,68,719.3482585
5.00,21,69,719.3196951
5.00,21,70,719.2778999
5.00,21,71,719.2462992
5.00,21,72,719.2077711
5.00,21,73,719.1736498
5.00,21,74,719.1725462
5.00,21,75,719.1012456
5.00,21,76,719.0911554
5.00,21,77,719.0295552
5.00,21,78,719.0123351
5.00,21,79,718.9584348
5.00,21,80,718.9355438
5.00,21,81,718.8877728
5.00,21,82,718.8603617
5.00,21,83,718.8174825
5.00,21,84,718.7864621
5.00,21,85,718.7474956
5.00,21,86,718.7135894
5.00,21,87,718.7124524
5.00,21,88,718.6419171
5.00,21,89,718.6331362
5.00,21,90,718.5707457
5.00,21,91,718.5555746
5.00,21,92,718.5000051
5.00,21,93,718.4795068
5.00,21,94,718.4296344
5.00,21,95,718.4047071
5.00,21,96,718.3595815
5.00,21,97,718.330981
5.00,21,98,718.2898015
5.00,21,99,718.2581622
5.00,21,100,718.2202563
5.00,21,101,718.1861089
5.00,21,102,718.1837663
5.00,21,103,718.1143342
5.00,21,104,718.1031616
5.00,21,105,718.0432746
5.00,21,106,718.0251299
5.00,21,107,717.9727837
5.00,21,108,717.9491198
5.00,21,109,717.902748
5.00,21,110,717.874706
5.00,21,111,717.8330798
5.00,21,112,717.8015587
5.00,21,113,717.7637105
5.00,21,114,717.729421
5.00,21,115,717.7257431
5.00,21,116,717.6584303
5.00,21,117,717.6474115
5.00,21,118,717.5879363
5.00,21,119,717.5708179
5.00,21,120,717.5178669
5.00,21,121,717.4956945
5.00,21,122,717.44816
5.00,21,123,717.4218112
5.00,21,124,717.3787627
5.00,21,125,717.3489714
5.00,21,126,717.30963
5.00,21,127,717.277008
5.00,21,128,717.240724
5.00,21,129,717.2365709
5.00,21,130,717.1436321
5.00,21,131,717.1052181
5.00,21,132,717.0716458
5.00,21,133,717.0698858
5.00,21,134,717.000886
5.00,21,135,716.9913818
5.00,21,136,716.9306555
5.00,21,137,716.9147357
5.00,21,138,716.8608758
5.00,21,139,716.8396561
5.00,21,140,716.7914794
5.00,21,141,716.7658937
5.00,21,142,716.7224091
5.00,21,143,716.6932358
5.00,21,144,716.6536164
5.00,21,145,716.6215026
5.00,21,146,716.5850602
5.00,21,147,716.582901
5.00,21,148,716.4888371
5.00,21,149,716.4503014
5.00,21,150,716.4171126
5.00,21,151,716.4160383
5.00,21,152,716.3466559
5.00,21,153,716.3376405
5.00,21,154,716.2767494
5.00,21,155,716.2611769
5.00,21,156,716.2073096
5.00,21,157,716.1863387
5.00,21,158,716.1382654
5.00,21,159,716.1128623
5.00,21,160,716.0695564
5.00,21,161,716.0405239
5.00,21,162,716.0011314
5.00,21,163,715.9691344
5.00,21,164,715.9329477
5.00,21,165,715.9301272
5.00,21,166,715.8370839
5.00,21,167,715.798914
5.00,21,168,715.765748
5.00,21,169,715.7640305
5.00,21,170,715.6956768
5.00,21,171,715.6860546
5.00,21,172,715.6261628
5.00,21,173,715.6100377
5.00,21,174,715.5571196
5.00,21,175,715.5356606
5.00,21,176,715.4884739
5.00,21,177,715.462652
5.00,21,178,715.4201637
5.00,21,179,715.3907825
5.00,21,180,715.3521369
5.00,21,181,715.3198594
5.00,21,182,715.2843499
5.00,21,183,715.2781958
5.00,21,184,715.1883378
5.00,21,185,715.1510217
5.00,21,186,715.1175218
5.00,21,187,715.1138523
5.00,21,188,715.0479222
5.00,21,189,715.0366261
5.00,21,190,714.9788713
5.00,21,191,714.9613267
5.00,21,192,714.9102823
5.00,21,193,714.8876332
5.00,21,194,714.8420817
5.00,21,195,714.8152744
5.00,21,196,714.7742077
5.00,21,197,714.744022
5.00,21,198,714.7066089
5.00,21,199,714.6736852
5.00,21,200,714.6719421
5.00,22,1,781.6047157
5.00,22,2,773.7136243
5.00,22,3,773.659151
5.00,22,4,773.5456202
5.00,22,5,773.4250924
5.00,22,6,773.3287617
5.00,22,7,773.2205815
5.00,22,8,773.1470589
5.00,22,9,773.0540131
5.00,22,10,773.0107193
5.00,22,11,772.9358923
5.00,22,12,772.9326012
5.00,22,13,772.879183
5.00,22,14,771.6370897
5.00,22,15,771.0165406
5.00,22,16,770.9762535
5.00,22,17,770.9056513
5.00,22,18,769.9406666
5.00,22,19,769.5209078
5.00,22,20,767.3198636
5.00,22,21,767.0252776
5.00,22,22,766.9282031
5.00,22,23,766.823423
5.00,22,24,766.7472491
5.00,22,25,766.6574711
5.00,22,26,766.6093063
5.00,22,27,766.538013
5.00,22,28,766.5274486
5.00,22,29,766.4785095
5.00,22,30,765.3740266
5.00,22,31,764.7724164
5.00,22,32,764.7362237
5.00,22,33,764.6743508
5.00,22,34,763.7638433
5.00,22,35,763.4868678
5.00,22,36,761.275287
5.00,22,37,761.0391498
5.00,22,38,760.9576272
5.00,22,39,760.8676649
5.00,22,40,760.8109254
5.00,22,41,760.7387539
5.00,22,42,760.7156483
5.00,22,43,760.6655557
5.00,22,44,759.7178006
5.00,22,45,759.0990683
5.00,22,46,759.0592914
5.00,22,47,759.0000887
5.00,22,48,758.9996967
5.00,22,49,758.9652245
5.00,22,50,757.8939352
5.00,22,51,757.4057128
5.00,22,52,757.3927134
5.00,22,53,757.3523385
5.00,22,54,756.3824297
5.00,22,55,755.8407162
5.00,22,56,755.8165052
5.00,22,57,755.7702069
5.00,22,58,754.8902955
5.00,22,59,754.3015239
5.00,22,60,754.2674309
5.00,22,61,754.2157661
5.00,22,62,753.4170611
5.00,22,63,753.2725839
5.00,22,64,751.1386599
5.00,22,65,750.9806727
5.00,22,66,750.9219168
5.00,22,67,750.8546473
5.00,22,68,750.8270544
5.00,22,69,750.7824599
5.00,22,70,749.9787783
5.00,22,71,749.4084802
5.00,22,72,749.3775552
5.00,22,73,749.3317578
5.00,22,74,748.566574
5.00,22,75,748.5328272
5.00,22,76,746.3820465
5.00,22,77,746.2708721
5.00,22,78,746.2257158
5.00,22,79,746.1713184
5.00,22,80,746.1615118
5.00,22,81,746.1329106
5.00,22,82,745.2687845
5.00,22,83,744.8277585
5.00,22,84,744.8244725
5.00,22,85,744.8016002
5.00,22,86,743.9134296
5.00,22,87,743.5181981
5.00,22,88,742.8267906
5.00,22,89,742.7954273
5.00,22,90,740.7500175
5.00,22,91,740.6533659
5.00,22,92,740.6148433
5.00,22,93,740.5693704
5.00,22,94,740.5690069
5.00,22,95,740.5513904
5.00,22,96,739.6894935
5.00,22,97,739.3412262
5.00,22,98,738.6426574
5.00,22,99,738.1651841
5.00,22,100,738.1503884
5.00,22,101,738.1243984
5.00,22,102,737.3641117
5.00,22,103,736.9568382
5.00,22,104,736.3389858
5.00,22,105,735.8290215
5.00,22,106,735.8009817
5.00,22,107,735.7683302
5.00,22,108,735.0860846
5.00,22,109,734.6401763
5.00,22,110,734.633042
5.00,22,111,734.61548
5.00,22,112,733.8473437
5.00,22,113,733.5078033
5.00,22,114,732.8536111
5.00,22,115,732.4158148
5.00,22,116,732.4111717
5.00,22,117,732.3961201
5.00,22,118,731.6395434
5.00,22,119,731.3227596
5.00,22,120,730.6653455
5.00,22,121,730.2661995
5.00,22,122,729.6997142
5.00,22,123,729.2228712
5.00,22,124,729.2078042
5.00,22,125,729.1864916
5.00,22,126,728.5195732
5.00,22,127,728.1613477
5.00,22,128,727.5724856
5.00,22,129,727.1491567
5.00,22,130,727.1466254
5.00,22,131,727.136183
5.00,22,132,726.4150528
5.00,22,133,726.1447422
5.00,22,134,725.4860037
5.00,22,135,725.1691213
5.00,22,136,724.5650762
5.00,22,137,724.1985886
5.00,22,138,723.6539453
5.00,22,139,723.290154
5.00,22,140,723.2565655
5.00,22,141,723.2432605
5.00,22,142,722.5351651
5.00,22,143,722.3109356
5.00,22,144,721.6428999
5.00,22,145,721.4789149
5.00,22,146,721.4590606
5.00,22,147,720.6499608
5.00,22,148,720.5250094
5.00,22,149,720.239902
5.00,22,150,718.8737547
5.00,22,151,718.8454099
5.00,22,152,718.7728836
5.00,22,153,718.742901
5.00,22,154,718.173806
5.00,22,155,717.8661231
5.00,22,156,717.3191645
5.00,22,157,717.1156234
5.00,22,158,717.0458989
5.00,22,159,717.0423091
5.00,22,160,716.2603901
5.00,22,161,716.2302879
5.00,22,162,715.4257572
5.00,22,163,715.2247451
5.00,22,164,715.1498042
5.00,22,165,715.0941008
5.00,22,166,715.0624188
5.00,22,167,715.0325085
5.00,22,168,714.572747
5.00,22,169,714.1897294
5.00,22,170,713.7400485
5.00,22,171,713.3638688
5.00,22,172,712.9148051
5.00,22,173,712.5488742
5.00,22,174,712.5383746
5.00,22,175,711.998303
5.00,22,176,711.6084746
5.00,22,177,711.6074286
5.00,22,178,710.3415657
5.00,22,179,710.272597
5.00,22,180,710.2432586
5.00,22,181,710.2275845
5.00,22,182,709.7163811
5.00,22,183,709.4657559
5.00,22,184,708.9218024
5.00,22,185,708.71846
5.00,22,186,708.1394391
5.00,22,187,708.1222384
5.00,22,188,708.0861364
5.00,22,189,707.2651273
5.00,22,190,706.9919042
5.00,22,191,706.8472567
5.00,22,192,706.8436423
5.00,22,193,706.2965805
5.00,22,194,706.1307136
5.00,22,195,704.8637371
5.00,22,196,704.6358278
5.00,22,197,704.4696424
5.00,22,198,704.3913303
5.00,22,199,704.3285261
5.00,22,200,704.2787837
5.00,23,1,828.6949384
5.00,23,2,825.1334136
5.00,23,3,823.5055339
5.00,23,4,822.6381064
5.00,23,5,822.1513104
5.00,23,6,821.8260188
5.00,23,7,821.5772614
5.00,23,8,817.7183385
5.00,23,9,813.1503041
5.00,23,10,799.4384487
5.00,23,11,798.0221301
5.00,23,12,797.3614229
5.00,23,13,797.0056331
5.00,23,14,796.768196
5.00,23,15,796.6458544
5.00,23,16,791.1607975
5.00,23,17,789.4820534
5.00,23,18,788.4740537
5.00,23,19,787.7541268
5.00,23,20,787.1682476
5.00,23,21,775.2354931
5.00,23,22,774.8783176
5.00,23,23,774.6543809
5.00,23,24,774.6335889
5.00,23,25,774.3216707
5.00,23,26,774.1181417
5.00,23,27,772.1461802
5.00,23,28,769.2875056
5.00,23,29,762.2272942
5.00,23,30,758.4482883
5.00,23,31,757.0211595
5.00,23,32,756.4338596
5.00,23,33,756.1446906
5.00,23,34,756.1065933
5.00,23,35,754.4433749
5.00,23,36,753.6762602
5.00,23,37,747.0976144
5.00,23,38,742.1401612
5.00,23,39,740.4128826
5.00,23,40,740.4013728
5.00,23,41,739.6441517
5.00,23,42,739.290165
5.00,23,43,739.0957789
5.00,23,44,738.9860075
5.00,23,45,738.516272
5.00,23,46,727.5894371
5.00,23,47,726.4452478
5.00,23,48,725.9724418
5.00,23,49,725.7378539
5.00,23,50,725.5953415
5.00,23,51,725.5460739
5.00,23,52,725.3581474
5.00,23,53,725.2323457
5.00,23,54,725.1449128
5.00,23,55,724.9873225
5.00,23,56,724.9752441
5.00,23,57,724.758825
5.00,23,58,724.6234353
5.00,23,59,724.5613423
5.00,23,60,724.3853562
5.00,23,61,724.2645393
5.00,23,62,724.1683252
5.00,23,63,724.019407
5.00,23,64,723.9898022
5.00,23,65,723.7889163
5.00,23,66,723.6597269
5.00,23,67,723.5857797
5.00,23,68,723.4207918
5.00,23,69,723.3045888
5.00,23,70,723.2004379
5.00,23,71,723.059507
5.00,23,72,723.013992
5.00,23,73,722.8273531
5.00,23,74,722.7038787
5.00,23,75,722.619235
5.00,23,76,722.4643275
5.00,23,77,722.4549011
5.00,23,78,722.2416171
5.00,23,79,722.1076851
5.00,23,80,722.0485756
5.00,23,81,721.8743443
5.00,23,82,721.755896
5.00,23,83,721.6621858
5.00,23,84,721.5160689
5.00,23,85,721.4885338
5.00,23,86,721.291073
5.00,23,87,721.1635787
5.00,23,88,721.0921868
5.00,23,89,720.9293134
5.00,23,90,720.8154942
5.00,23,91,720.7136491
5.00,23,92,720.5755778
5.00,23,93,720.5317249
5.00,23,94,720.3486806
5.00,23,95,720.227072
5.00,23,96,720.1446799
5.00,23,97,719.9921367
5.00,23,98,719.9824987
5.00,23,99,719.7730075
5.00,23,100,719.6425527
5.00,23,101,719.5834138
5.00,23,102,719.4139702
5.00,23,103,719.2979214
5.00,23,104,719.2052783
5.00,23,105,719.062457
5.00,23,106,719.0328296
5.00,23,107,718.8407321
5.00,23,108,718.7171048
5.00,23,109,718.6445539
5.00,23,110,718.4872334
5.00,23,111,718.3761707
5.00,23,112,718.2745993
5.00,23,113,718.1404388
5.00,23,114,718.0932937
5.00,23,115,717.9166241
5.00,23,116,717.7990934
5.00,23,117,717.7148551
5.00,23,118,717.5682944
5.00,23,119,717.5530787
5.00,23,120,717.352838
5.00,23,121,717.2260881
5.00,23,122,717.1643253
5.00,23,123,717.0007786
5.00,23,124,716.8884886
5.00,23,125,716.7945708
5.00,23,126,716.6571813
5.00,23,127,716.6229473
5.00,23,128,716.439168
5.00,23,129,716.3190364
5.00,23,130,716.244488
5.00,23,131,716.092601
5.00,23,132,716.0923526
5.00,23,133,715.8821916
5.00,23,134,715.7532654
5.00,23,135,715.7016941
5.00,23,136,715.5330512
5.00,23,137,715.4190209
5.00,23,138,715.3328733
5.00,23,139,715.1916918
5.00,23,140,715.1691476
5.00,23,141,714.9781381
5.00,23,142,714.8566435
5.00,23,143,714.7901684
5.00,23,144,714.6347442
5.00,23,145,714.526077
5.00,23,146,714.4300254
5.00,23,147,714.2981928
5.00,23,148,714.2564888
5.00,23,149,714.0821362
5.00,23,150,713.9671519
5.00,23,151,713.8879341
5.00,23,152,713.7440212
5.00,23,153,713.7333125
5.00,23,154,713.5360388
5.00,23,155,713.4120788
5.00,23,156,713.3546202
5.00,23,157,713.1942162
5.00,23,158,713.0847417
5.00,23,159,712.9951172
5.00,23,160,712.8608681
5.00,23,161,712.8299418
5.00,23,162,712.6500057
5.00,23,163,712.5329562
5.00,23,164,712.4619547
5.00,23,165,712.313734
5.00,23,166,712.2091151
5.00,23,167,712.110602
5.00,23,168,711.9848095
5.00,23,169,711.9365043
5.00,23,170,711.7716699
5.00,23,171,711.6606729
5.00,23,172,711.5780944
5.00,23,173,711.4404854
5.00,23,174,711.4200742
5.00,23,175,711.2337125
5.00,23,176,711.115535
5.00,23,177,711.0518208
5.00,23,178,710.9005311
5.00,23,179,710.7949874
5.00,23,180,710.7021957
5.00,23,181,710.5741022
5.00,23,182,710.5340864
5.00,23,183,710.3646657
5.00,23,184,710.2530707
5.00,23,185,710.1763578
5.00,23,186,710.0367077
5.00,23,187,710.0262809
5.00,23,188,709.8349566
5.00,23,189,709.7147884
5.00,23,190,709.6588186
5.00,23,191,709.5034332
5.00,23,192,709.3973506
5.00,23,193,709.310127
5.00,23,194,709.1801479
5.00,23,195,709.1494297
5.00,23,196,708.9754371
5.00,23,197,708.8621436
5.00,23,198,708.7926247
5.00,23,199,708.6493544
5.00,23,200,708.5480753
5.00,24,1,836.3905216
5.00,24,2,835.5992035
5.00,24,3,835.1103802
5.00,24,4,834.6550564
5.00,24,5,834.3366425
5.00,24,6,834.0481709
5.00,24,7,833.8230175
5.00,24,8,833.618007
5.00,24,9,833.4429399
5.00,24,10,833.2800268
5.00,24,11,833.1315721
5.00,24,12,832.9900653
5.00,24,13,832.8556752
5.00,24,14,832.7251458
5.00,24,15,832.6597739
5.00,24,16,832.4814793
5.00,24,17,832.3235195
5.00,24,18,832.1747173
5.00,24,19,832.0357874
5.00,24,20,831.9019663
5.00,24,21,831.8956381
5.00,24,22,831.6972714
5.00,24,23,831.5271021
5.00,24,24,831.3687768
5.00,24,25,831.2239498
5.00,24,26,831.0857694
5.00,24,27,830.9541737
5.00,24,28,830.9352517
5.00,24,29,830.7480411
5.00,24,30,830.5761591
5.00,24,31,830.4229797
5.00,24,32,830.278493
5.00,24,33,830.1430052
5.00,24,34,830.0122796
5.00,24,35,829.9802529
5.00,24,36,829.7925116
5.00,24,37,829.6297063
5.00,24,38,829.4778609
5.00,24,39,829.3378635
5.00,24,40,829.2038899
5.00,24,41,829.0756529
5.00,24,42,829.0254481
5.00,24,43,828.8496164
5.00,24,44,828.6876376
5.00,24,45,828.5414321
5.00,24,46,828.4028887
5.00,24,47,828.2718874
5.00,24,48,828.1450043
5.00,24,49,828.0773569
5.00,24,50,827.9040406
5.00,24,51,827.7509741
5.00,24,52,827.6073315
5.00,24,53,827.4732618
5.00,24,54,827.3442597
5.00,24,55,827.3152885
5.00,24,56,827.1286376
5.00,24,57,826.967587
5.00,24,58,826.8179455
5.00,24,59,826.6802722
5.00,24,60,826.5487421
5.00,24,61,826.422915
5.00,24,62,826.3659557
5.00,24,63,826.1945087
5.00,24,64,826.0369337
5.00,24,65,825.8944756
5.00,24,66,825.7595129
5.00,24,67,825.6316756
5.00,24,68,825.6133004
5.00,24,69,825.4297703
5.00,24,70,825.2628746
5.00,24,71,825.1148316
5.00,24,72,824.9758152
5.00,24,73,824.8455913
5.00,24,74,824.7201136
5.00,24,75,824.668576
5.00,24,76,824.492472
5.00,24,77,824.3389911
5.00,24,78,824.1960213
5.00,24,79,824.0635045
5.00,24,80,823.9365101
5.00,24,81,823.9133735
5.00,24,82,823.7273678
5.00,24,83,823.5680966
5.00,24,84,823.4208962
5.00,24,85,823.2859365
5.00,24,86,823.1573138
5.00,24,87,823.0344053
5.00,24,88,822.971371
5.00,24,89,822.8048466
5.00,24,90,822.6522695
5.00,24,91,822.5141683
5.00,24,92,822.3833936
5.00,24,93,822.2593167
5.00,24,94,822.2210078
5.00,24,95,822.0467438
5.00,24,96,821.8884002
5.00,24,97,821.7469506
5.00,24,98,821.6138682
5.00,24,99,821.4885355
5.00,24,100,821.4756863
5.00,24,101,821.2933582
5.00,24,102,821.1289817
5.00,24,103,820.9840552
5.00,24,104,820.8485683
5.00,24,105,820.7219309
5.00,24,106,820.6001098
5.00,24,107,820.5399843
5.00,24,108,820.370844
5.00,24,109,820.2232574
5.00,24,110,820.0859819
5.00,24,111,819.9584449
5.00,24,112,819.8361532
5.00,24,113,819.7893351
5.00,24,114,819.6158086
5.00,24,115,819.4658193
5.00,24,116,819.326954
5.00,24,117,819.1986521
5.00,24,118,819.0759901
5.00,24,119,819.0408774
5.00,24,120,818.8635202
5.00,24,121,818.7114873
5.00,24,122,818.5713066
5.00,24,123,818.4424201
5.00,24,124,818.3195213
5.00,24,125,818.2941493
5.00,24,126,818.1136708
5.00,24,127,817.9600403
5.00,24,128,817.8188848
5.00,24,129,817.6896329
5.00,24,130,817.5666588
5.00,24,131,817.5487689
5.00,24,132,817.3660079
5.00,24,133,817.2112979
5.00,24,134,817.0695618
5.00,24,135,816.9401949
5.00,24,136,816.8173291
5.00,24,137,816.8044529
5.00,24,138,816.6203463
5.00,24,139,816.465128
5.00,24,140,816.3232437
5.00,24,141,816.194034
5.00,24,142,816.0714749
5.00,24,143,816.0610305
5.00,24,144,815.8765755
5.00,24,145,815.7214516
5.00,24,146,815.5798727
5.00,24,147,815.4511033
5.00,24,148,815.3290561
5.00,24,149,815.3184487
5.00,24,150,815.1346631
5.00,24,151,814.9802444
5.00,24,152,814.8394271
5.00,24,153,814.7113813
5.00,24,154,814.5900495
5.00,24,155,814.5767701
5.00,24,156,814.3946513
5.00,24,157,814.2415342
5.00,24,158,814.1019197
5.00,24,159,813.9748698
5.00,24,160,813.8544473
5.00,24,161,813.8361636
5.00,24,162,813.6566511
5.00,24,163,813.5053957
5.00,24,164,813.3673935
5.00,24,165,813.2415916
5.00,24,166,813.1222557
5.00,24,167,813.0968887
5.00,24,168,812.9208306
5.00,24,169,812.7719424
5.00,24,170,812.6359166
5.00,24,171,812.5115858
5.00,24,172,812.3934912
5.00,24,173,812.3592761
5.00,24,174,812.1874026
5.00,24,175,812.0413173
5.00,24,176,811.9075752
5.00,24,177,811.7849037
5.00,24,178,811.6681781
5.00,24,179,811.6237047
5.00,24,180,811.4566089
5.00,24,181,811.3136816
5.00,24,182,811.1824671
5.00,24,183,811.0616034
5.00,24,184,810.9463449
5.00,24,185,810.890578
5.00,24,186,810.7287058
5.00,24,187,810.5892044
5.00,24,188,810.460694
5.00,24,189,810.341745
5.00,24,190,810.2280208
5.00,24,191,810.1603023
5.00,24,192,810.0039491
5.00,24,193,809.8680528
5.00,24,194,809.7423555
5.00,24,195,809.6253864
5.00,24,196,809.6078179
5.00,24,197,809.4362562
5.00,24,198,809.2845234
5.00,24,199,809.1516895
5.00,24,200,809.028395
5.00,25,1,903.091607
5.00,25,2,902.9536417
5.00,25,3,902.9125354
5.00,25,4,902.8384989
5.00,25,5,902.8040863
5.00,25,6,902.6709943
5.00,25,7,902.6285698
5.00,25,8,902.5564776
5.00,25,9,902.5168903
5.00,25,10,902.3888133
5.00,25,11,902.345019
5.00,25,12,902.2749335
5.00,25,13,902.2300282
5.00,25,14,902.1070998
5.00,25,15,902.0619057
5.00,25,16,901.993868
5.00,25,17,901.9435586
5.00,25,18,901.8258598
5.00,25,19,901.7792513
5.00,25,20,901.7780753
5.00,25,21,901.6521646
5.00,25,22,901.6081961
5.00,25,23,901.5388803
5.00,25,24,901.4930624
5.00,25,25,901.3717814
5.00,25,26,901.3265505
5.00,25,27,901.2591011
5.00,25,28,901.2083506
5.00,25,29,901.0918563
5.00,25,30,901.0453262
5.00,25,31,901.0438024
5.00,25,32,900.9187001
5.00,25,33,900.8743827
5.00,25,34,900.8060278
5.00,25,35,900.7573364
5.00,25,36,900.639242
5.00,25,37,900.5930308
5.00,25,38,900.5918391
5.00,25,39,900.4666422
5.00,25,40,900.422728
5.00,25,41,900.3541764
5.00,25,42,900.3070107
5.00,25,43,900.1880515
5.00,25,44,900.1424381
5.00,25,45,900.0763342
5.00,25,46,900.022718
5.00,25,47,899.9099442
5.00,25,48,899.8626567
5.00,25,49,899.8577445
5.00,25,50,899.7378341
5.00,25,51,899.6923425
5.00,25,52,899.6263796
5.00,25,53,899.572058
5.00,25,54,899.4602357
5.00,25,55,899.4125799
5.00,25,56,899.4060153
5.00,25,57,899.2886379
5.00,25,58,899.2427965
5.00,25,59,899.2415137
5.00,25,60,899.117148
5.00,25,61,899.0730272
5.00,25,62,899.0056818
5.00,25,63,898.9554496
5.00,25,64,898.8404251
5.00,25,65,898.793808
5.00,25,66,898.789676
5.00,25,67,898.6694366
5.00,25,68,898.624541
5.00,25,69,898.5585575
5.00,25,70,898.5056552
5.00,25,71,898.3936145
5.00,25,72,898.3465131
5.00,25,73,898.3406797
5.00,25,74,898.2228986
5.00,25,75,898.1771872
5.00,25,76,898.1750983
5.00,25,77,898.0525052
5.00,25,78,898.0084051
5.00,25,79,897.9417973
5.00,25,80,897.8909737
5.00,25,81,897.7775804
5.00,25,82,897.731011
5.00,25,83,897.7261416
5.00,25,84,897.6074427
5.00,25,85,897.56213
5.00,25,86,897.56061
5.00,25,87,897.4376193
5.00,25,88,897.3937696
5.00,25,89,897.3272591
5.00,25,90,897.2765868
5.00,25,91,897.1636124
5.00,25,92,897.1170855
5.00,25,93,897.1117565
5.00,25,94,896.9940362
5.00,25,95,896.9486091
5.00,25,96,896.9461728
5.00,25,97,896.8247626
5.00,25,98,896.7806226
5.00,25,99,896.7149283
5.00,25,100,896.6625166
5.00,25,101,896.5517019
5.00,25,102,896.5047455
5.00,25,103,896.4975901
5.00,25,104,896.3826757
5.00,25,105,896.3366491
5.00,25,106,896.3318981
5.00,25,107,896.2139378
5.00,25,108,896.1690063
5.00,25,109,896.16742
5.00,25,110,896.0452577
5.00,25,111,896.0012464
5.00,25,112,895.9359098
5.00,25,113,895.8824722
5.00,25,114,895.7732053
5.00,25,115,895.7258334
5.00,25,116,895.7166205
5.00,25,117,895.6049883
5.00,25,118,895.5585016
5.00,25,119,895.5518281
5.00,25,120,895.436836
5.00,25,121,895.3910699
5.00,25,122,895.3861913
5.00,25,123,895.2689617
5.00,25,124,895.2240653
5.00,25,125,895.2216922
5.00,25,126,895.101137
5.00,25,127,895.0569235
5.00,25,128,895.0562193
5.00,25,129,894.933598
5.00,25,130,894.8902272
5.00,25,131,894.8248239
5.00,25,132,894.7729409
5.00,25,133,894.6633472
5.00,25,134,894.6165634
5.00,25,135,894.6081611
5.00,25,136,894.496052
5.00,25,137,894.4497691
5.00,25,138,894.4425318
5.00,25,139,894.3290215
5.00,25,140,894.2833686
5.00,25,141,894.2779329
5.00,25,142,894.1620414
5.00,25,143,894.1168347
5.00,25,144,894.1123955
5.00,25,145,893.9953305
5.00,25,146,893.9507059
5.00,25,147,893.9479372
5.00,25,148,893.8286602
5.00,25,149,893.7844195
5.00,25,150,893.7824582
5.00,25,151,893.6622632
5.00,25,152,893.6185484
5.00,25,153,893.6181025
5.00,25,154,893.4958978
5.00,25,155,893.4524983
5.00,25,156,893.3881167
5.00,25,157,893.3339973
5.00,25,158,893.2276649
5.00,25,159,893.1802182
5.00,25,160,893.1684843
5.00,25,161,893.0617763
5.00,25,162,893.0146638
5.00,25,163,893.0038622
5.00,25,164,892.8959467
5.00,25,165,892.8490008
5.00,25,166,892.8384116
5.00,25,167,892.7303658
5.00,25,168,892.6836949
5.00,25,169,892.6738704
5.00,25,170,892.5648401
5.00,25,171,892.5182717
5.00,25,172,892.5084729
5.00,25,173,892.3995639
5.00,25,174,892.3532083
5.00,25,175,892.3439973
5.00,25,176,892.2343402
5.00,25,177,892.1880221
5.00,25,178,892.1786488
5.00,25,179,892.0693662
5.00,25,180,892.023197
5.00,25,181,892.014229
5.00,25,182,891.9044433
5.00,25,183,891.8582469
5.00,25,184,891.8489309
5.00,25,185,891.7397698
5.00,25,186,891.693658
5.00,25,187,891.6845625
5.00,25,188,891.5751473
5.00,25,189,891.5289451
5.00,25,190,891.5193221
5.00,25,191,891.4107732
5.00,25,192,891.3645919
5.00,25,193,891.355006
5.00,25,194,891.2464513
5.00,25,195,891.2001192
5.00,25,196,891.1898354
5.00,25,197,891.0823761
5.00,25,198,891.0360033
5.00,25,199,891.0255783
5.00,25,200,890.9183555
5.00,26,1,648.0971783
5.00,26,2,648.0720723
5.00,26,3,648.0671151
5.00,26,4,648.0345576
5.00,26,5,648.0273209
5.00,26,6,647.965623
5.00,26,7,647.958084
5.00,26,8,647.9258183
5.00,26,9,647.9198625
5.00,26,10,647.8572284
5.00,26,11,647.8500603
5.00,26,12,647.8174722
5.00,26,13,647.8123787
5.00,26,14,647.7489836
5.00,26,15,647.7422634
5.00,26,16,647.7092563
5.00,26,17,647.7053676
5.00,26,18,647.6408753
5.00,26,19,647.6347468
5.00,26,20,647.60117
5.00,26,21,647.5988454
5.00,26,22,647.5329045
5.00,26,23,647.5275361
5.00,26,24,647.493214
5.00,26,25,647.4928866
5.00,26,26,647.4250739
5.00,26,27,647.4206686
5.00,26,28,647.3853895
5.00,26,29,647.3661546
5.00,26,30,647.3609751
5.00,26,31,647.3311933
5.00,26,32,647.3110625
5.00,26,33,647.2624338
5.00,26,34,647.245233
5.00,26,35,647.2412902
5.00,26,36,647.2083838
5.00,26,37,647.2051282
5.00,26,38,647.1403922
5.00,26,39,647.1347595
5.00,26,40,647.1008857
5.00,26,41,647.1001791
5.00,26,42,647.0330314
5.00,26,43,647.0286187
5.00,26,44,646.9935198
5.00,26,45,646.9744205
5.00,26,46,646.9693413
5.00,26,47,646.9395527
5.00,26,48,646.920019
5.00,26,49,646.8710912
5.00,26,50,646.8542135
5.00,26,51,646.8505321
5.00,26,52,646.8172685
5.00,26,53,646.815575
5.00,26,54,646.7496041
5.00,26,55,646.7448549
5.00,26,56,646.7102314
5.00,26,57,646.6910762
5.00,26,58,646.6859317
5.00,26,59,646.6564338
5.00,26,60,646.6368014
5.00,26,61,646.588182
5.00,26,62,646.5713753
5.00,26,63,646.5677477
5.00,26,64,646.5345257
5.00,26,65,646.5332343
5.00,26,66,646.4670812
5.00,26,67,646.4626373
5.00,26,68,646.4278192
5.00,26,69,646.4089049
5.00,26,70,646.4039614
5.00,26,71,646.3741819
5.00,26,72,646.3554785
5.00,26,73,646.3061489
5.00,26,74,646.2897307
5.00,26,75,646.2864228
5.00,26,76,646.2526537
5.00,26,77,646.2333649
5.00,26,78,646.2280746
5.00,26,79,646.1991303
5.00,26,80,646.1791741
5.00,26,81,646.1312144
5.00,26,82,646.1144698
5.00,26,83,646.1108848
5.00,26,84,646.0778269
5.00,26,85,646.076946
5.00,26,86,646.0107314
5.00,26,87,646.006671
5.00,26,88,645.9716525
5.00,26,89,645.9530779
5.00,26,90,645.9484158
5.00,26,91,645.9182748
5.00,26,92,645.9009129
5.00,26,93,645.8505931
5.00,26,94,645.834757
5.00,26,95,645.8319299
5.00,26,96,645.7973585
5.00,26,97,645.7786763
5.00,26,98,645.7739077
5.00,26,99,645.7440862
5.00,26,100,645.7264045
5.00,26,101,645.67653
5.00,26,102,645.660658
5.00,26,103,645.6577978
5.00,26,104,645.6233982
5.00,26,105,645.6047334
5.00,26,106,645.5999709
5.00,26,107,645.5702278
5.00,26,108,645.5526646
5.00,26,109,645.502801
5.00,26,110,645.4870294
5.00,26,111,645.4842509
5.00,26,112,645.44977
5.00,26,113,645.4312365
5.00,26,114,645.4265833
5.00,26,115,645.3966979
5.00,26,116,645.379657
5.00,26,117,645.3294044
5.00,26,118,645.3138599
5.00,26,119,645.3112701
5.00,26,120,645.2764723
5.00,26,121,645.2581772
5.00,26,122,645.2537308
5.00,26,123,645.2234952
5.00,26,124,645.2073596
5.00,26,125,645.1563386
5.00,26,126,645.1411422
5.00,26,127,645.1388438
5.00,26,128,645.1035036
5.00,26,129,645.0855505
5.00,26,130,645.0814056
5.00,26,131,645.0506185
5.00,26,132,645.035761
5.00,26,133,644.9836024
5.00,26,134,644.9688722
5.00,26,135,644.9669656
5.00,26,136,644.930863
5.00,26,137,644.9133544
5.00,26,138,644.909605
5.00,26,139,644.8780668
5.00,26,140,644.8648581
5.00,26,141,644.8111947
5.00,26,142,644.7970483
5.00,26,143,644.7956337
5.00,26,144,644.7585494
5.00,26,145,644.7415887
5.00,26,146,644.7383303
5.00,26,147,644.7058392
5.00,26,148,644.6946543
5.00,26,149,644.6391146
5.00,26,150,644.6256707
5.00,26,151,644.6248494
5.00,26,152,644.586562
5.00,26,153,644.5702553
5.00,26,154,644.5675861
5.00,26,155,644.5339348
5.00,26,156,644.5251586
5.00,26,157,644.4673613
5.00,26,158,644.4547411
5.00,26,159,644.4546167
5.00,26,160,644.4149003
5.00,26,161,644.3993574
5.00,26,162,644.3973799
5.00,26,163,644.3623527
5.00,26,164,644.356384
5.00,26,165,644.295934
5.00,26,166,644.2842623
5.00,26,167,644.2578092
5.00,26,168,644.2360422
5.00,26,169,644.1912988
5.00,26,170,644.1746419
5.00,26,171,644.1710845
5.00,26,172,644.1390432
5.00,26,173,644.1201001
5.00,26,174,644.1149987
5.00,26,175,644.0867461
5.00,26,176,644.0686205
5.00,26,177,644.0204006
5.00,26,178,644.0049814
5.00,26,179,644.0024756
5.00,26,180,643.9682302
5.00,26,181,643.9503957
5.00,26,182,643.9462986
5.00,26,183,643.9160035
5.00,26,184,643.901976
5.00,26,185,643.8498272
5.00,26,186,643.8357879
5.00,26,187,643.834456
5.00,26,188,643.7977411
5.00,26,189,643.7811504
5.00,26,190,643.7781854
5.00,26,191,643.7455811
5.00,26,192,643.7361434
5.00,26,193,643.6795783
5.00,26,194,643.6670704
5.00,26,195,643.6670423
5.00,26,196,643.6275759
5.00,26,197,643.6123752
5.00,26,198,643.6106815
5.00,26,199,643.5754784
5.00,26,200,643.5711578
5.00,27,1,745.7753341
5.00,27,2,744.0469205
5.00,27,3,743.6630616
5.00,27,4,739.3962195
5.00,27,5,737.4894938
5.00,27,6,736.5852024
5.00,27,7,733.4074194
5.00,27,8,731.5889992
5.00,27,9,730.5156582
5.00,27,10,727.7313119
5.00,27,11,726.4550111
5.00,27,12,722.4867765
5.00,27,13,720.89935
5.00,27,14,720.2552285
5.00,27,15,717.3325681
5.00,27,16,715.8026443
5.00,27,17,714.9694311
5.00,27,18,712.4221076
5.00,27,19,711.5541759
5.00,27,20,707.8779894
5.00,27,21,706.5313531
5.00,27,22,706.0743321
5.00,27,23,703.3732325
5.00,27,24,702.0657908
5.00,27,25,701.4159959
5.00,27,26,699.0632491
5.00,27,27,698.518691
5.00,27,28,695.0723524
5.00,27,29,693.9200553
5.00,27,30,693.6230356
5.00,27,31,691.0850043
5.00,27,32,689.9611015
5.00,27,33,689.4759859
5.00,27,34,687.2557092
5.00,27,35,687.0275782
5.00,27,36,683.7132439
5.00,27,37,682.7298622
5.00,27,38,682.5963459
5.00,27,39,680.1460497
5.00,27,40,679.1849196
5.00,27,41,678.8720485
5.00,27,42,676.7078091
5.00,27,43,675.646882
5.00,27,44,675.1288693
5.00,27,45,673.3949859
5.00,27,46,673.3101975
5.00,27,47,670.3818927
5.00,27,48,669.6919649
5.00,27,49,668.3250026
5.00,27,50,667.6056551
5.00,27,51,665.4193639
5.00,27,52,664.6236284
5.00,27,53,664.4387466
5.00,27,54,662.4639927
5.00,27,55,661.5784546
5.00,27,56,661.2238887
5.00,27,57,659.6038215
5.00,27,58,658.752932
5.00,27,59,658.3070434
5.00,27,60,656.837431
5.00,27,61,656.5522336
5.00,27,62,654.253396
5.00,27,63,653.5391207
5.00,27,64,653.4952471
5.00,27,65,651.6291821
5.00,27,66,650.9506556
5.00,27,67,650.8225301
5.00,27,68,649.0802847
5.00,27,69,648.3322441
5.00,27,70,648.0925461
5.00,27,71,646.6017657
5.00,27,72,645.8937156
5.00,27,73,645.5984404
5.00,27,74,644.1956797
5.00,27,75,643.4434067
5.00,27,76,643.0980949
5.00,27,77,641.8472665
5.00,27,78,641.1367977
5.00,27,79,640.756195
5.00,27,80,639.5667734
5.00,27,81,639.3973032
5.00,27,82,637.4342649
5.00,27,83,636.8780944
5.00,27,84,636.0012063
5.00,27,85,635.2962916
5.00,27,86,633.9235871
5.00,27,87,633.2889329
5.00,27,88,633.1000809
5.00,27,89,631.8288759
5.00,27,90,631.246038
5.00,27,91,631.0593714
5.00,27,92,629.7887263
5.00,27,93,629.1800749
5.00,27,94,628.9978195
5.00,27,95,627.7899047
5.00,27,96,627.2368625
5.00,27,97,627.0743691
5.00,27,98,625.8419176
5.00,27,99,625.2696227
5.00,27,100,625.1306531
5.00,27,101,623.9318391
5.00,27,102,623.4211804
5.00,27,103,623.32364
5.00,27,104,622.0688274
5.00,27,105,621.5442602
5.00,27,106,621.4883894
5.00,27,107,620.2419918
5.00,27,108,619.7889173
5.00,27,109,619.0803831
5.00,27,110,618.6278739
5.00,27,111,617.387115
5.00,27,112,616.9657847
5.00,27,113,616.2584542
5.00,27,114,615.9024762
5.00,27,115,614.6274383
5.00,27,116,614.2498174
5.00,27,117,613.5260015
5.00,27,118,613.3180013
5.00,27,119,611.9596907
5.00,27,120,611.642109
5.00,27,121,610.8789985
5.00,27,122,610.3728516
5.00,27,123,610.118388
5.00,27,124,609.2770258
5.00,27,125,608.7833073
5.00,27,126,608.6338976
5.00,27,127,607.7009132
5.00,27,128,607.2860819
5.00,27,129,607.2584189
5.00,27,130,606.1650343
5.00,27,131,605.774862
5.00,27,132,605.1688333
5.00,27,133,604.8372081
5.00,27,134,603.7251995
5.00,27,135,603.3673567
5.00,27,136,602.7513759
5.00,27,137,602.5301799
5.00,27,138,601.3573219
5.00,27,139,601.0443969
5.00,27,140,600.4009711
5.00,27,141,600.3436622
5.00,27,142,599.0594996
5.00,27,143,598.8078401
5.00,27,144,598.1151339
5.00,27,145,597.6853705
5.00,27,146,597.5885067
5.00,27,147,596.736727
5.00,27,148,596.40918
5.00,27,149,595.8524885
5.00,27,150,595.7366857
5.00,27,151,594.5911827
5.00,27,152,594.4104729
5.00,27,153,593.6989715
5.00,27,154,593.3452324
5.00,27,155,592.8545787
5.00,27,156,592.6007579
5.00,27,157,591.6210956
5.00,27,158,591.4058821
5.00,27,159,590.7702522
5.00,27,160,590.412807
5.00,27,161,590.3762947
5.00,27,162,589.5198301
5.00,27,163,589.2341575
5.00,27,164,588.6959942
5.00,27,165,588.2972669
5.00,27,166,588.1863794
5.00,27,167,587.4625467
5.00,27,168,587.1785701
5.00,27,169,586.6698565
5.00,27,170,586.2929078
5.00,27,171,586.1553158
5.00,27,172,585.4710761
5.00,27,173,585.1608139
5.00,27,174,584.6953545
5.00,27,175,584.5987314
5.00,27,176,583.5865088
5.00,27,177,583.4322107
5.00,27,178,582.7976641
5.00,27,179,582.4932431
5.00,27,180,582.0473379
5.00,27,181,581.9677588
5.00,27,182,580.9763852
5.00,27,183,580.8475611
5.00,27,184,580.2099329
5.00,27,185,579.9328682
5.00,27,186,579.4792265
5.00,27,187,579.1239685
5.00,27,188,579.0574661
5.00,27,189,578.3789842
5.00,27,190,578.171212
5.00,27,191,577.6619511
5.00,27,192,577.3672863
5.00,27,193,576.9638867
5.00,27,194,576.9009983
5.00,27,195,575.9704576
5.00,27,196,575.9393164
5.00,27,197,575.252105
5.00,27,198,575.085895
5.00,27,199,574.5580515
5.00,27,200,574.3043339
5.00,28,1,785.8350853
5.00,28,2,781.3557508
5.00,28,3,779.5348484
5.00,28,4,778.4864573
5.00,28,5,773.6760309
5.00,28,6,764.9585988
5.00,28,7,764.6958982
5.00,28,8,764.5939531
5.00,28,9,764.0118327
5.00,28,10,763.7167886
5.00,28,11,763.6918574
5.00,28,12,763.1387978
5.00,28,13,762.847826
5.00,28,14,762.7762364
5.00,28,15,762.3305488
5.00,28,16,762.040645
5.00,28,17,760.7485658
5.00,28,18,747.3982317
5.00,28,19,745.9476555
5.00,28,20,745.5047693
5.00,28,21,732.7898033
5.00,28,22,731.4324767
5.00,28,23,731.4028727
5.00,28,24,730.7994608
5.00,28,25,730.6041021
5.00,28,26,730.5836655
5.00,28,27,730.1261713
5.00,28,28,729.9970101
5.00,28,29,729.3120443
5.00,28,30,723.3978266
5.00,28,31,707.1935023
5.00,28,32,706.9312952
5.00,28,33,706.8488904
5.00,28,34,706.2455524
5.00,28,35,706.0060856
5.00,28,36,705.9648227
5.00,28,37,705.5981864
5.00,28,38,705.3844899
5.00,28,39,704.9074902
5.00,28,40,702.7902664
5.00,28,41,701.5171134
5.00,28,42,686.3593627
5.00,28,43,685.8764414
5.00,28,44,685.7846128
5.00,28,45,685.232288
5.00,28,46,685.0850451
5.00,28,47,685.0369968
5.00,28,48,684.7739274
5.00,28,49,684.5897115
5.00,28,50,684.1958198
5.00,28,51,684.0404279
5.00,28,52,683.9898445
5.00,28,53,683.9867846
5.00,28,54,683.6164254
5.00,28,55,683.4544956
5.00,28,56,683.3985421
5.00,28,57,683.3867109
5.00,28,58,683.0395955
5.00,28,59,683.0132467
5.00,28,60,682.4710486
5.00,28,61,682.3688295
5.00,28,62,682.3584573
5.00,28,63,682.0194199
5.00,28,64,681.8783772
5.00,28,65,681.4515186
5.00,28,66,681.4195878
5.00,28,67,680.8863723
5.00,28,68,680.7436025
5.00,28,69,680.6967915
5.00,28,70,680.4429831
5.00,28,71,680.2621757
5.00,28,72,679.8836438
5.00,28,73,679.7320533
5.00,28,74,679.6820496
5.00,28,75,679.6774617
5.00,28,76,679.3230134
5.00,28,77,679.164712
5.00,28,78,679.1092464
5.00,28,79,679.0957608
5.00,28,80,678.7648024
5.00,28,81,678.7288421
5.00,28,82,678.214393
5.00,28,83,678.1114761
5.00,28,84,678.0982484
5.00,28,85,677.7774549
5.00,28,86,677.6322104
5.00,28,87,677.2277096
5.00,28,88,677.1872046
5.00,28,89,676.6805771
5.00,28,90,676.5405903
5.00,28,91,676.4940455
5.00,28,92,676.2513297
5.00,28,93,676.0705331
5.00,28,94,675.7096226
5.00,28,95,675.5608565
5.00,28,96,675.5109188
5.00,28,97,675.5042074
5.00,28,98,675.1666736
5.00,28,99,675.1596052
5.00,28,100,674.6316321
5.00,28,101,674.5407666
5.00,28,102,674.5351197
5.00,28,103,674.2061335
5.00,28,104,674.0869652
5.00,28,105,673.671379
5.00,28,106,673.6602432
5.00,28,107,673.1391266
5.00,28,108,673.0093345
5.00,28,109,672.9687527
5.00,28,110,672.7211938
5.00,28,111,672.5655048
5.00,28,112,672.1942671
5.00,28,113,672.0561293
5.00,28,114,672.0127285
5.00,28,115,671.7790687
5.00,28,116,671.5502605
5.00,28,117,671.2538605
5.00,28,118,671.1074859
5.00,28,119,670.7310799
5.00,28,120,670.6862836
5.00,28,121,670.2107227
5.00,28,122,670.0771986
5.00,28,123,670.0329141
5.00,28,124,669.8023951
5.00,28,125,669.6307375
5.00,28,126,669.2869922
5.00,28,127,669.1458672
5.00,28,128,669.0988678
5.00,28,129,669.0936054
5.00,28,130,668.7703251
5.00,28,131,668.7692158
5.00,28,132,668.2611669
5.00,28,133,668.1771443
5.00,28,134,668.174036
5.00,28,135,667.8560419
5.00,28,136,667.7526168
5.00,28,137,667.346994
5.00,28,138,667.2040724
5.00,28,139,667.1520526
5.00,28,140,667.1466245
5.00,28,141,666.8367672
5.00,28,142,666.7279684
5.00,28,143,666.3317185
5.00,28,144,666.1887797
5.00,28,145,666.1364119
5.00,28,146,666.1296901
5.00,28,147,665.8255336
5.00,28,148,665.714378
5.00,28,149,665.3244348
5.00,28,150,665.3226526
5.00,28,151,664.8256324
5.00,28,152,664.7078236
5.00,28,153,664.6731413
5.00,28,154,664.4336547
5.00,28,155,664.3039589
5.00,28,156,663.9397268
5.00,28,157,663.8165012
5.00,28,158,663.7811784
5.00,28,159,663.5500092
5.00,28,160,663.3555208
5.00,28,161,663.0573908
5.00,28,162,662.9520373
5.00,28,163,662.567008
5.00,28,164,662.4292162
5.00,28,165,662.3793927
5.00,28,166,662.3748466
5.00,28,167,662.0754415
5.00,28,168,661.9765399
5.00,28,169,661.5888278
5.00,28,170,661.4536386
5.00,28,171,661.4054152
5.00,28,172,661.403146
5.00,28,173,661.1009688
5.00,28,174,661.0104793
5.00,28,175,660.6180787
5.00,28,176,660.4859393
5.00,28,177,660.4396542
5.00,28,178,660.2394212
5.00,28,179,660.0607217
5.00,28,180,659.7607333
5.00,28,181,659.6249209
5.00,28,182,659.5782278
5.00,28,183,659.5692255
5.00,28,184,659.2810464
5.00,28,185,659.2662166
5.00,28,186,658.8080378
5.00,28,187,658.7278805
5.00,28,188,658.7244875
5.00,28,189,658.4318743
5.00,28,190,658.3425475
5.00,28,191,657.958977
5.00,28,192,657.8303147
5.00,28,193,657.7858284
5.00,28,194,657.5880881
5.00,28,195,657.4179842
5.00,28,196,657.1192851
5.00,28,197,656.9885108
5.00,28,198,656.9448044
5.00,28,199,656.9394959
5.00,28,200,656.6494365
5.00,29,1,880.4746899
5.00,29,2,880.3057584
5.00,29,3,880.0379886
5.00,29,4,879.9750135
5.00,29,5,879.9270858
5.00,29,6,879.8859278
5.00,29,7,879.8484364
5.00,29,8,879.8248767
5.00,29,9,879.7726214
5.00,29,10,879.7289596
5.00,29,11,879.6899816
5.00,29,12,879.677916
5.00,29,13,879.6199929
5.00,29,14,879.5731402
5.00,29,15,879.5322615
5.00,29,16,879.4951127
5.00,29,17,879.4700938
5.00,29,18,879.4190004
5.00,29,19,879.3755832
5.00,29,20,879.3369974
5.00,29,21,879.323321
5.00,29,22,879.266776
5.00,29,23,879.2200803
5.00,29,24,879.1796409
5.00,29,25,879.1426448
5.00,29,26,879.1165258
5.00,29,27,879.0657838
5.00,29,28,879.0230619
5.00,29,29,878.984717
5.00,29,30,878.9690017
5.00,29,31,878.9131245
5.00,29,32,878.8675141
5.00,29,33,878.8274544
5.00,29,34,878.8248449
5.00,29,35,878.7624669
5.00,29,36,878.7132126
5.00,29,37,878.6709804
5.00,29,38,878.6331441
5.00,29,39,878.6148516
5.00,29,40,878.5607727
5.00,29,41,878.5156503
5.00,29,42,878.4761821
5.00,29,43,878.4706503
5.00,29,44,878.4104154
5.00,29,45,878.3615881
5.00,29,46,878.3200315
5.00,29,47,878.2824515
5.00,29,48,878.2621309
5.00,29,49,878.2087847
5.00,29,50,878.1646878
5.00,29,51,878.1256059
5.00,29,52,878.1167467
5.00,29,53,878.0577129
5.00,29,54,878.0104288
5.00,29,55,877.9694543
5.00,29,56,877.9324071
5.00,29,57,877.9092406
5.00,29,58,877.8577661
5.00,29,59,877.814292
5.00,29,60,877.7758356
5.00,29,61,877.7636624
5.00,29,62,877.7068745
5.00,29,63,877.6602167
5.00,29,64,877.6199676
5.00,29,65,877.5832336
5.00,29,66,877.557742
5.00,29,67,877.5072189
5.00,29,68,877.4647982
5.00,29,69,877.4267863
5.00,29,70,877.411046
5.00,29,71,877.3556853
5.00,29,72,877.3105538
5.00,29,73,877.2709399
5.00,29,74,877.2673159
5.00,29,75,877.2059157
5.00,29,76,877.1574109
5.00,29,77,877.1157952
5.00,29,78,877.0784683
5.00,29,79,877.0588307
5.00,29,80,877.0059113
5.00,29,81,876.9616641
5.00,29,82,876.9228572
5.00,29,83,876.9146773
5.00,29,84,876.8562017
5.00,29,85,876.8086278
5.00,29,86,876.7679525
5.00,29,87,876.7310465
5.00,29,88,876.7082183
5.00,29,89,876.656647
5.00,29,90,876.6137319
5.00,29,91,876.5755093
5.00,29,92,876.5626479
5.00,29,93,876.5061129
5.00,29,94,876.460424
5.00,29,95,876.4205643
5.00,29,96,876.4199928
5.00,29,97,876.3573091
5.00,29,98,876.3081955
5.00,29,99,876.2663064
5.00,29,100,876.2289099
5.00,29,101,876.211165
5.00,29,102,876.1575924
5.00,29,103,876.1130491
5.00,29,104,876.0741635
5.00,29,105,876.0678717
5.00,29,106,876.0087281
5.00,29,107,875.9608546
5.00,29,108,875.920103
5.00,29,109,875.8832329
5.00,29,110,875.8614966
5.00,29,111,875.8096594
5.00,29,112,875.766692
5.00,29,113,875.7285221
5.00,29,114,875.716564
5.00,29,115,875.6598423
5.00,29,116,875.6141516
5.00,29,117,875.5743777
5.00,29,118,875.5382521
5.00,29,119,875.5120888
5.00,29,120,875.4628834
5.00,29,121,875.4210303
5.00,29,122,875.38374
5.00,29,123,875.3665404
5.00,29,124,875.3129708
5.00,29,125,875.2685254
5.00,29,126,875.2297838
5.00,29,127,875.2236802
5.00,29,128,875.1646979
5.00,29,129,875.117024
5.00,29,130,875.0764774
5.00,29,131,875.0398095
5.00,29,132,875.0179281
5.00,29,133,874.9664456
5.00,29,134,874.9237744
5.00,29,135,874.8858634
5.00,29,136,874.873286
5.00,29,137,874.8171447
5.00,29,138,874.7718811
5.00,29,139,874.7324473
5.00,29,140,874.7311742
5.00,29,141,874.6693478
5.00,29,142,874.62093
5.00,29,143,874.5796363
5.00,29,144,874.5427478
5.00,29,145,874.523879
5.00,29,146,874.4714032
5.00,29,147,874.4277065
5.00,29,148,874.3894756
5.00,29,149,874.380823
5.00,29,150,874.323351
5.00,29,151,874.276684
5.00,29,152,874.2367956
5.00,29,153,874.2005965
5.00,29,154,874.1766277
5.00,29,155,874.1264834
5.00,29,156,874.0846584
5.00,29,157,874.0473304
5.00,29,158,874.031785
5.00,29,159,873.9774176
5.00,29,160,873.9332459
5.00,29,161,873.8945445
5.00,29,162,873.8891609
5.00,29,163,873.8296762
5.00,29,164,873.7826684
5.00,29,165,873.7423012
5.00,29,166,873.7060204
5.00,29,167,873.6839733
5.00,29,168,873.6333429
5.00,29,169,873.5908388
5.00,29,170,873.5533669
5.00,29,171,873.5403543
5.00,29,172,873.4852962
5.00,29,173,873.4401705
5.00,29,174,873.4012383
5.00,29,175,873.3992371
5.00,29,176,873.3387732
5.00,29,177,873.2904342
5.00,29,178,873.2497145
5.00,29,179,873.2131194
5.00,29,180,873.1935518
5.00,29,181,873.1415011
5.00,29,182,873.0987213
5.00,29,183,873.0609259
5.00,29,184,873.0502232
5.00,29,185,872.9937058
5.00,29,186,872.9484526
5.00,29,187,872.9092108
5.00,29,188,872.9091084
5.00,29,189,872.8472276
5.00,29,190,872.7990126
5.00,29,191,872.7580329
5.00,29,192,872.7215045
5.00,29,193,872.7028241
5.00,29,194,872.6508428
5.00,29,195,872.6076439
5.00,29,196,872.5698818
5.00,29,197,872.5604819
5.00,29,198,872.5039358
5.00,29,199,872.4580372
5.00,29,200,872.4187755
5.00,30,1,726.1625997
5.00,30,2,726.1547851
5.00,30,3,726.1493399
5.00,30,4,726.1483119
5.00,30,5,726.1302393
5.00,30,6,726.1252229
5.00,30,7,726.1076881
5.00,30,8,726.1021651
5.00,30,9,726.0851432
5.00,30,10,726.0791363
5.00,30,11,726.0626043
5.00,30,12,726.0561356
5.00,30,13,726.0400715
5.00,30,14,726.0331617
5.00,30,15,726.0175447
5.00,30,16,726.0102134
5.00,30,17,725.9950238
5.00,30,18,725.9872897
5.00,30,19,725.9725087
5.00,30,20,725.9643896
5.00,30,21,725.9499994
5.00,30,22,725.9415121
5.00,30,23,725.9274959
5.00,30,24,725.9186562
5.00,30,25,725.9049979
5.00,30,26,725.8958213
5.00,30,27,725.8825057
5.00,30,28,725.8730064
5.00,30,29,725.8600189
5.00,30,30,725.8502108
5.00,30,31,725.8375377
5.00,30,32,725.8274339
5.00,30,33,725.815062
5.00,30,34,725.8046749
5.00,30,35,725.7925916
5.00,30,36,725.7819332
5.00,30,37,725.7701267
5.00,30,38,725.7592082
5.00,30,39,725.7476672
5.00,30,40,725.7364993
5.00,30,41,725.7364264
5.00,30,42,725.716797
5.00,30,43,725.7137117
5.00,30,44,725.694348
5.00,30,45,725.6910064
5.00,30,46,725.671904
5.00,30,47,725.6683093
5.00,30,48,725.6494648
5.00,30,49,725.6456209
5.00,30,50,725.6270305
5.00,30,51,725.622941
5.00,30,52,725.6046011
5.00,30,53,725.6002697
5.00,30,54,725.5821765
5.00,30,55,725.5776068
5.00,30,56,725.5597568
5.00,30,57,725.5549523
5.00,30,58,725.5373419
5.00,30,59,725.5323062
5.00,30,60,725.5149319
5.00,30,61,725.5096685
5.00,30,62,725.4925267
5.00,30,63,725.4870391
5.00,30,64,725.4701264
5.00,30,65,725.464418
5.00,30,66,725.4477309
5.00,30,67,725.4418052
5.00,30,68,725.4253402
5.00,30,69,725.4192006
5.00,30,70,725.4029544
5.00,30,71,725.3966041
5.00,30,72,725.3805734
5.00,30,73,725.3740158
5.00,30,74,725.3581972
5.00,30,75,725.3514357
5.00,30,76,725.3358259
5.00,30,77,725.3288635
5.00,30,78,725.3134594
5.00,30,79,725.3062995
5.00,30,80,725.2910976
5.00,30,81,725.2837434
5.00,30,82,725.2687407
5.00,30,83,725.2611953
5.00,30,84,725.2463886
5.00,30,85,725.2386551
5.00,30,86,725.2240413
5.00,30,87,725.2161228
5.00,30,88,725.2016988
5.00,30,89,725.1935983
5.00,30,90,725.1793611
5.00,30,91,725.1710817
5.00,30,92,725.1570282
5.00,30,93,725.1485728
5.00,30,94,725.1347
5.00,30,95,725.1260716
5.00,30,96,725.1123767
5.00,30,97,725.1035782
5.00,30,98,725.0900581
5.00,30,99,725.0810924
5.00,30,100,725.0677443
5.00,30,101,725.0586142
5.00,30,102,725.0454352
5.00,30,103,725.0361436
5.00,30,104,725.0231309
5.00,30,105,725.0136805
5.00,30,106,725.0008314
5.00,30,107,724.9912249
5.00,30,108,724.9785366
5.00,30,109,724.9687768
5.00,30,110,724.9562466
5.00,30,111,724.9463361
5.00,30,112,724.9339614
5.00,30,113,724.9239028
5.00,30,114,724.9116808
5.00,30,115,724.9014769
5.00,30,116,724.8894051
5.00,30,117,724.8790583
5.00,30,118,724.867134
5.00,30,119,724.8566469
5.00,30,120,724.8448677
5.00,30,121,724.8342428
5.00,30,122,724.8226062
5.00,30,123,724.8118458
5.00,30,124,724.8003493
5.00,30,125,724.7894561
5.00,30,126,724.7780972
5.00,30,127,724.7670734
5.00,30,128,724.7558498
5.00,30,129,724.7557237
5.00,30,130,724.7176162
5.00,30,131,724.7114741
5.00,30,132,724.7087402
5.00,30,133,724.6938347
5.00,30,134,724.6861175
5.00,30,135,724.6715893
5.00,30,136,724.6635163
5.00,30,137,724.6493495
5.00,30,138,724.6409353
5.00,30,139,724.6271151
5.00,30,140,724.618374
5.00,30,141,724.6048862
5.00,30,142,724.5958315
5.00,30,143,724.5826627
5.00,30,144,724.5733072
5.00,30,145,724.5604446
5.00,30,146,724.5508005
5.00,30,147,724.5382318
5.00,30,148,724.5283108
5.00,30,149,724.5160243
5.00,30,150,724.5058374
5.00,30,151,724.493822
5.00,30,152,724.4833799
5.00,30,153,724.471625
5.00,30,154,724.4609378
5.00,30,155,724.4494331
5.00,30,156,724.4385105
5.00,30,157,724.4272464
5.00,30,158,724.4269059
5.00,30,159,724.3890462
5.00,30,160,724.3828265
5.00,30,161,724.3798558
5.00,30,162,724.3654073
5.00,30,163,724.3575163
5.00,30,164,724.3432418
5.00,30,165,724.3351843
5.00,30,166,724.321081
5.00,30,167,724.3128594
5.00,30,168,724.2989249
5.00,30,169,724.2905418
5.00,30,170,724.2767735
5.00,30,171,724.2682314
5.00,30,172,724.2546268
5.00,30,173,724.2459282
5.00,30,174,724.2324848
5.00,30,175,724.2236322
5.00,30,176,724.2103474
5.00,30,177,724.2013432
5.00,30,178,724.1882148
5.00,30,179,724.1790613
5.00,30,180,724.1660868
5.00,30,181,724.1567865
5.00,30,182,724.1439635
5.00,30,183,724.1345187
5.00,30,184,724.1218448
5.00,30,185,724.1122579
5.00,30,186,724.0997308
5.00,30,187,724.090004
5.00,30,188,724.0776215
5.00,30,189,724.0677571
5.00,30,190,724.0555169
5.00,30,191,724.0455171
5.00,30,192,724.0334168
5.00,30,193,724.023284
5.00,30,194,724.0113215
5.00,30,195,724.0010576
5.00,30,196,723.9892308
5.00,30,197,723.9788381
5.00,30,198,723.9671447
5.00,30,199,723.9566254
5.00,30,200,723.9450633
5.00,31,1,788.5620012
5.00,31,2,788.4070139
5.00,31,3,788.3073692
5.00,31,4,788.1570122
5.00,31,5,788.0553291
5.00,31,6,787.9081451
5.00,31,7,787.803616
5.00,31,8,787.6597517
5.00,31,9,787.5523252
5.00,31,10,787.4118282
5.00,31,11,787.3014621
5.00,31,12,787.1643736
5.00,31,13,787.0510404
5.00,31,14,786.9173873
5.00,31,15,786.8010726
5.00,31,16,786.6708685
5.00,31,17,786.5515707
5.00,31,18,786.4248165
5.00,31,19,786.3025458
5.00,31,20,786.3012573
5.00,31,21,786.0872182
5.00,31,22,786.0513661
5.00,31,23,785.8421707
5.00,31,24,785.8017662
5.00,31,25,785.5975743
5.00,31,26,785.5524635
5.00,31,27,785.3534285
5.00,31,28,785.3034844
5.00,31,29,785.1097336
5.00,31,30,785.0548534
5.00,31,31,784.8664897
5.00,31,32,784.8065953
5.00,31,33,784.6236968
5.00,31,34,784.558734
5.00,31,35,784.3813551
5.00,31,36,784.3112932
5.00,31,37,784.1394645
5.00,31,38,784.0642957
5.00,31,39,783.8980251
5.00,31,40,783.8177633
5.00,31,41,783.6570367
5.00,31,42,783.5717167
5.00,31,43,783.4164993
5.00,31,44,783.3261754
5.00,31,45,783.1764126
5.00,31,46,783.0811576
5.00,31,47,782.9367762
5.00,31,48,782.8366801
5.00,31,49,782.6975898
5.00,31,50,782.5927581
5.00,31,51,782.458853
5.00,31,52,782.3494052
5.00,31,53,782.220565
5.00,31,54,782.1066335
5.00,31,55,781.9827252
5.00,31,56,781.8644534
5.00,31,57,781.8619888
5.00,31,58,781.6559197
5.00,31,59,781.6116951
5.00,31,60,781.4186313
5.00,31,61,781.3627855
5.00,31,62,781.1818332
5.00,31,63,781.1151934
5.00,31,64,780.9455206
5.00,31,65,780.8688725
5.00,31,66,780.7096892
5.00,31,67,780.6237763
5.00,31,68,780.474335
5.00,31,69,780.3798596
5.00,31,70,780.2394538
5.00,31,71,780.1370785
5.00,31,72,780.0050417
5.00,31,73,779.8953907
5.00,31,74,779.7710948
5.00,31,75,779.654755
5.00,31,76,779.6510982
5.00,31,77,779.4498386
5.00,31,78,779.4058507
5.00,31,79,779.2166191
5.00,31,80,779.1617261
5.00,31,81,778.9838639
5.00,31,82,778.9187012
5.00,31,83,778.7515708
5.00,31,84,778.6767669
5.00,31,85,778.5197375
5.00,31,86,778.4359094
5.00,31,87,778.2883619
5.00,31,88,778.1961119
5.00,31,89,778.0574414
5.00,31,90,777.9573549
5.00,31,91,777.8269735
5.00,31,92,777.7196166
5.00,31,93,777.5969554
5.00,31,94,777.4828734
5.00,31,95,777.4793859
5.00,31,96,777.2807724
5.00,31,97,777.2326785
5.00,31,98,777.0511856
5.00,31,99,776.9882786
5.00,31,100,776.8221158
5.00,31,101,776.745983
5.00,31,102,776.5935508
5.00,31,103,776.5056245
5.00,31,104,776.3654795
5.00,31,105,776.2670501
5.00,31,106,776.137892
5.00,31,107,776.0301215
5.00,31,108,775.910779
5.00,31,109,775.8960748
5.00,31,110,775.5190742
5.00,31,111,775.452033
5.00,31,112,775.4122368
5.00,31,113,775.27941
5.00,31,114,775.1771082
5.00,31,115,775.0538231
5.00,31,116,774.9433153
5.00,31,117,774.9407927
5.00,31,118,774.7437575
5.00,31,119,774.6959547
5.00,31,120,774.5185408
5.00,31,121,774.4540796
5.00,31,122,774.2938625
5.00,31,123,774.2148425
5.00,31,124,774.0697038
5.00,31,125,773.9779736
5.00,31,126,773.8460481
5.00,31,127,773.7432343
5.00,31,128,773.622881
5.00,31,129,773.6168253
5.00,31,130,773.2382304
5.00,31,131,773.1724269
5.00,31,132,773.1332171
5.00,31,133,773.002561
5.00,31,134,772.9008596
5.00,31,135,772.7809061
5.00,31,136,772.7805173
5.00,31,137,772.3995621
5.00,31,138,772.3350408
5.00,31,139,772.298081
5.00,31,140,772.1647083
5.00,31,141,772.0649446
5.00,31,142,771.944404
5.00,31,143,771.9420098
5.00,31,144,771.5647559
5.00,31,145,771.499684
5.00,31,146,771.4605471
5.00,31,147,771.3320906
5.00,31,148,771.2303221
5.00,31,149,771.113294
5.00,31,150,771.1022173
5.00,31,151,770.7362566
5.00,31,152,770.6715052
5.00,31,153,770.6325441
5.00,31,154,770.504986
5.00,31,155,770.4021479
5.00,31,156,770.2875433
5.00,31,157,770.2613615
5.00,31,158,769.9116572
5.00,31,159,769.8455923
5.00,31,160,769.8028653
5.00,31,161,769.6830278
5.00,31,162,769.5757402
5.00,31,163,769.5700776
5.00,31,164,769.3853526
5.00,31,165,769.3308871
5.00,31,166,769.1692558
5.00,31,167,769.095969
5.00,31,168,768.9537361
5.00,31,169,768.8646862
5.00,31,170,768.7387587
5.00,31,171,768.636518
5.00,31,172,768.6354763
5.00,31,173,768.4436271
5.00,31,174,768.3984701
5.00,31,175,768.2291299
5.00,31,176,768.1651562
5.00,31,177,768.0151812
5.00,31,178,767.9351005
5.00,31,179,767.8017553
5.00,31,180,767.7079302
5.00,31,181,767.58883
5.00,31,182,767.4833125
5.00,31,183,767.4771736
5.00,31,184,767.2959206
5.00,31,185,767.2401362
5.00,31,186,767.0833024
5.00,31,187,767.0079286
5.00,31,188,766.8712781
5.00,31,189,766.7797599
5.00,31,190,766.6598052
5.00,31,191,766.5549917
5.00,31,192,766.5482065
5.00,31,193,766.3691267
5.00,31,194,766.3147276
5.00,31,195,766.1581385
5.00,31,196,766.0852618
5.00,31,197,765.947704
5.00,31,198,765.8592773
5.00,31,199,765.7377924
5.00,31,200,765.6363213
5.00,32,1,726.8499759
5.00,32,2,726.5767491
5.00,32,3,726.0602818
5.00,32,4,726.0050362
5.00,32,5,725.3177676
5.00,32,6,724.889542
5.00,32,7,724.6463699
5.00,32,8,724.1149531
5.00,32,9,724.0900823
5.00,32,10,723.3839326
5.00,32,11,722.9629796
5.00,32,12,722.7280571
5.00,32,13,722.2047503
5.00,32,14,722.1899738
5.00,32,15,721.4921678
5.00,32,16,721.0685029
5.00,32,17,720.8469409
5.00,32,18,720.3214308
5.00,32,19,720.3090884
5.00,32,20,719.6145946
5.00,32,21,719.205561
5.00,32,22,718.9762713
5.00,32,23,718.4711839
5.00,32,24,718.4430968
5.00,32,25,717.7773243
5.00,32,26,717.3730508
5.00,32,27,717.1419724
5.00,32,28,716.6468768
5.00,32,29,716.5983221
5.00,32,30,715.9551213
5.00,32,31,715.5706275
5.00,32,32,715.320672
5.00,32,33,714.8543613
5.00,32,34,714.7723398
5.00,32,35,714.171428
5.00,32,36,713.797407
5.00,32,37,713.5355964
5.00,32,38,713.0877349
5.00,32,39,712.9721792
5.00,32,40,712.4056374
5.00,32,41,712.0532999
5.00,32,42,711.7680039
5.00,32,43,711.3518885
5.00,32,44,711.1957666
5.00,32,45,710.6762278
5.00,32,46,710.3372929
5.00,32,47,710.0361356
5.00,32,48,709.642045
5.00,32,49,709.4494833
5.00,32,50,708.9677721
5.00,32,51,708.9424204
5.00,32,52,708.3228662
5.00,32,53,707.9607383
5.00,32,54,707.725849
5.00,32,55,707.2914836
5.00,32,56,707.1981357
5.00,32,57,706.6488503
5.00,32,58,706.3069314
5.00,32,59,706.0424205
5.00,32,60,705.6409591
5.00,32,61,705.4900461
5.00,32,62,704.9957547
5.00,32,63,704.6801698
5.00,32,64,704.3827178
5.00,32,65,704.0197262
5.00,32,66,703.8152362
5.00,32,67,703.3775691
5.00,32,68,703.315717
5.00,32,69,702.7611645
5.00,32,70,702.4243488
5.00,32,71,702.1792085
5.00,32,72,701.7833957
5.00,32,73,701.6482524
5.00,32,74,701.161869
5.00,32,75,700.8552104
5.00,32,76,700.5702259
5.00,32,77,700.2183137
5.00,32,78,700.0202793
5.00,32,79,699.5981023
5.00,32,80,699.5317457
5.00,32,81,699.0010917
5.00,32,82,698.6788124
5.00,32,83,698.4346298
5.00,32,84,698.058871
5.00,32,85,697.9129007
5.00,32,86,697.4560508
5.00,32,87,697.4553106
5.00,32,88,696.876422
5.00,32,89,696.5472321
5.00,32,90,696.3337205
5.00,32,91,695.9445685
5.00,32,92,695.8420087
5.00,32,93,695.3613443
5.00,32,94,695.0617745
5.00,32,95,694.8033387
5.00,32,96,694.4596059
5.00,32,97,694.2817298
5.00,32,98,693.8716578
5.00,32,99,693.811663
5.00,32,100,693.3026534
5.00,32,101,693.0012198
5.00,32,102,692.7630033
5.00,32,103,692.4138533
5.00,32,104,692.2633599
5.00,32,105,691.8420594
5.00,32,106,691.8216364
5.00,32,107,691.2916812
5.00,32,108,690.9820876
5.00,32,109,690.7687542
5.00,32,110,690.4077172
5.00,32,111,690.28561
5.00,32,112,689.8483689
5.00,32,113,689.5747036
5.00,32,114,689.3115391
5.00,32,115,689.0017614
5.00,32,116,688.8050054
5.00,32,117,688.4410082
5.00,32,118,688.3416727
5.00,32,119,687.8966259
5.00,32,120,687.6201807
5.00,32,121,687.3730122
5.00,32,122,687.0588044
5.00,32,123,686.8789597
5.00,32,124,686.5090548
5.00,32,125,686.4260694
5.00,32,126,685.9745231
5.00,32,127,685.7018173
5.00,32,128,685.4630257
5.00,32,129,685.1520366
5.00,32,130,684.9823286
5.00,32,131,684.6144058
5.00,32,132,684.5454117
5.00,32,133,684.093117
5.00,32,134,683.8196975
5.00,32,135,683.5924016
5.00,32,136,683.2801772
5.00,32,137,683.1209997
5.00,32,138,682.7520152
5.00,32,139,682.6902613
5.00,32,140,682.238713
5.00,32,141,681.9710494
5.00,32,142,681.7479779
5.00,32,143,681.4419302
5.00,32,144,681.2872648
5.00,32,145,680.9245308
5.00,32,146,680.8690852
5.00,32,147,680.4228817
5.00,32,148,680.1564497
5.00,32,149,679.9409462
5.00,32,150,679.6365074
5.00,32,151,679.4870914
5.00,32,152,679.1273739
5.00,32,153,679.0720745
5.00,32,154,678.6323629
5.00,32,155,678.3730258
5.00,32,156,678.1587698
5.00,32,157,677.8624816
5.00,32,158,677.7135776
5.00,32,159,677.3629794
5.00,32,160,677.3085095
5.00,32,161,676.8782894
5.00,32,162,676.6216566
5.00,32,163,676.4120772
5.00,32,164,676.1194451
5.00,32,165,675.9721604
5.00,32,166,675.6273454
5.00,32,167,675.5685472
5.00,32,168,675.148441
5.00,32,169,674.8994574
5.00,32,170,674.6894606
5.00,32,171,674.4058408
5.00,32,172,674.2568701
5.00,32,173,673.9224852
5.00,32,174,673.8614925
5.00,32,175,673.4528688
5.00,32,176,673.207464
5.00,32,177,673.000377
5.00,32,178,672.7215472
5.00,32,179,672.5722315
5.00,32,180,672.2450149
5.00,32,181,672.1776826
5.00,32,182,671.7807219
5.00,32,183,671.5428381
5.00,32,184,671.3348046
5.00,32,185,671.0648899
5.00,32,186,670.9132499
5.00,32,187,670.596436
5.00,32,188,670.5260268
5.00,32,189,670.1406806
5.00,32,190,669.906689
5.00,32,191,669.7007764
5.00,32,192,669.4359722
5.00,32,193,669.2833998
5.00,32,194,668.9739704
5.00,32,195,668.8971402
5.00,32,196,668.5233416
5.00,32,197,668.2962498
5.00,32,198,668.0896982
5.00,32,199,667.8330179
5.00,32,200,667.6786408
5.00,33,1,939.1240219
5.00,33,2,939.095205
5.00,33,3,939.0648311
5.00,33,4,939.0361783
5.00,33,5,939.0058624
5.00,33,6,938.9773503
5.00,33,7,938.9470923
5.00,33,8,938.9187242
5.00,33,9,938.888524
5.00,33,10,938.8603031
5.00,33,11,938.8301603
5.00,33,12,938.8020902
5.00,33,13,938.7720045
5.00,33,14,938.7440886
5.00,33,15,938.7140595
5.00,33,16,938.6863014
5.00,33,17,938.6563283
5.00,33,18,938.6287317
5.00,33,19,938.598814
5.00,33,20,938.5713825
5.00,33,21,938.5415196
5.00,33,22,938.5142569
5.00,33,23,938.484448
5.00,33,24,938.457358
5.00,33,25,938.4276023
5.00,33,26,938.4006887
5.00,33,27,938.3709852
5.00,33,28,938.3442521
5.00,33,29,938.3145999
5.00,33,30,938.2880512
5.00,33,31,938.2584491
5.00,33,32,938.2320889
5.00,33,33,938.2025356
5.00,33,34,938.1763681
5.00,33,35,938.1468624
5.00,33,36,938.1208916
5.00,33,37,938.0914321
5.00,33,38,938.0656622
5.00,33,39,938.0362474
5.00,33,40,938.0106828
5.00,33,41,937.981311
5.00,33,42,937.9559561
5.00,33,43,937.9266256
5.00,33,44,937.9014847
5.00,33,45,937.8721936
5.00,33,46,937.8472713
5.00,33,47,937.8180176
5.00,33,48,937.7933183
5.00,33,49,937.7641
5.00,33,50,937.7396282
5.00,33,51,937.7104432
5.00,33,52,937.6862036
5.00,33,53,937.6570493
5.00,33,54,937.6330466
5.00,33,55,937.6039207
5.00,33,56,937.5801595
5.00,33,57,937.5510594
5.00,33,58,937.5275446
5.00,33,59,937.4984675
5.00,33,60,937.4752038
5.00,33,61,937.4461469
5.00,33,62,937.4231391
5.00,33,63,937.3940994
5.00,33,64,937.3713525
5.00,33,65,937.3423267
5.00,33,66,937.3198457
5.00,33,67,937.2908306
5.00,33,68,937.2686204
5.00,33,69,937.2396125
5.00,33,70,937.2176781
5.00,33,71,937.1886738
5.00,33,72,937.1670202
5.00,33,73,937.1380159
5.00,33,74,937.1166482
5.00,33,75,937.0876398
5.00,33,76,937.0665631
5.00,33,77,937.0375466
5.00,33,78,937.016766
5.00,33,79,936.9877372
5.00,33,80,936.9672578
5.00,33,81,936.9382124
5.00,33,82,936.9180394
5.00,33,83,936.8889727
5.00,33,84,936.8691113
5.00,33,85,936.8400187
5.00,33,86,936.820474
5.00,33,87,936.7913507
5.00,33,88,936.7721279
5.00,33,89,936.7429687
5.00,33,90,936.7240731
5.00,33,91,936.6948728
5.00,33,92,936.6763095
5.00,33,93,936.6470629
5.00,33,94,936.6288371
5.00,33,95,936.5995386
5.00,33,96,936.5816554
5.00,33,97,936.5522993
5.00,33,98,936.534764
5.00,33,99,936.5053445
5.00,33,100,936.4881621
5.00,33,101,936.4586731
5.00,33,102,936.4418489
5.00,33,103,936.4122842
5.00,33,104,936.3958231
5.00,33,105,936.3661764
5.00,33,106,936.3500837
5.00,33,107,936.3203485
5.00,33,108,936.304629
5.00,33,109,936.2747985
5.00,33,110,936.2594573
5.00,33,111,936.2295249
5.00,33,112,936.2145669
5.00,33,113,936.1845254
5.00,33,114,936.1699556
5.00,33,115,936.1397979
5.00,33,116,936.125621
5.00,33,117,936.0953398
5.00,33,118,936.0815606
5.00,33,119,936.0511484
5.00,33,120,936.0377717
5.00,33,121,936.007221
5.00,33,122,935.9942513
5.00,33,123,935.9635543
5.00,33,124,935.9509963
5.00,33,125,935.920145
5.00,33,126,935.908003
5.00,33,127,935.8769896
5.00,33,128,935.865268
5.00,33,129,935.8340842
5.00,33,130,935.8227874
5.00,33,131,935.7914249
5.00,33,132,935.7805569
5.00,33,133,935.7490073
5.00,33,134,935.7385724
5.00,33,135,935.7068271
5.00,33,136,935.6968291
5.00,33,137,935.6648796
5.00,33,138,935.6553223
5.00,33,139,935.6231598
5.00,33,140,935.6140468
5.00,33,141,935.5816625
5.00,33,142,935.5729976
5.00,33,143,935.5403824
5.00,33,144,935.5321689
5.00,33,145,935.4993139
5.00,33,146,935.491555
5.00,33,147,935.4584511
5.00,33,148,935.45115
5.00,33,149,935.4177879
5.00,33,150,935.4109476
5.00,33,151,935.3773182
5.00,33,152,935.3709413
5.00,33,153,935.3370352
5.00,33,154,935.3311246
5.00,33,155,935.2969324
5.00,33,156,935.2914903
5.00,33,157,935.2570028
5.00,33,158,935.2520315
5.00,33,159,935.2172391
5.00,33,160,935.2127408
5.00,33,161,935.177634
5.00,33,162,935.1736105
5.00,33,163,935.13818
5.00,33,164,935.1346328
5.00,33,165,935.0988691
5.00,33,166,935.0957998
5.00,33,167,935.0596934
5.00,33,168,935.0571033
5.00,33,169,935.0206447
5.00,33,170,935.0185347
5.00,33,171,934.9817145
5.00,33,172,934.9800855
5.00,33,173,934.9428944
5.00,33,174,934.9417468
5.00,33,175,934.9041755
5.00,33,176,934.9035097
5.00,33,177,934.8655488
5.00,33,178,933.2386955
5.00,33,179,932.2720341
5.00,33,180,932.254555
5.00,33,181,932.2189807
5.00,33,182,932.2036613
5.00,33,183,932.1678924
5.00,33,184,932.1527162
5.00,33,185,932.1167584
5.00,33,186,932.1017234
5.00,33,187,932.0655746
5.00,33,188,932.0506783
5.00,33,189,932.0143363
5.00,33,190,931.9995761
5.00,33,191,931.9630389
5.00,33,192,931.9484121
5.00,33,193,931.9116777
5.00,33,194,931.8971815
5.00,33,195,931.8602481
5.00,33,196,931.8458796
5.00,33,197,931.8087455
5.00,33,198,931.7945018
5.00,33,199,931.7571653
5.00,33,200,931.7430433
5.00,34,1,803.6234972
5.00,34,2,803.5815498
5.00,34,3,803.4757343
5.00,34,4,803.4547147
5.00,34,5,803.3151453
5.00,34,6,803.2774571
5.00,34,7,803.2701346
5.00,34,8,803.1772955
5.00,34,9,803.1378039
5.00,34,10,803.1161786
5.00,34,11,803.0510431
5.00,34,12,803.0233692
5.00,34,13,802.9337804
5.00,34,14,802.8968299
5.00,34,15,802.8762355
5.00,34,16,802.8132507
5.00,34,17,802.7853231
5.00,34,18,802.6983688
5.00,34,19,802.6615302
5.00,34,20,802.6403459
5.00,34,21,802.5788748
5.00,34,22,802.5486582
5.00,34,23,802.4643773
5.00,34,24,802.4271985
5.00,34,25,802.4048699
5.00,34,26,802.3453201
5.00,34,27,802.3122983
5.00,34,28,802.2309798
5.00,34,29,802.1934514
5.00,34,30,802.1700881
5.00,34,31,802.1122339
5.00,34,32,802.0763033
5.00,34,33,801.9979623
5.00,34,34,801.9958418
5.00,34,35,801.8849769
5.00,34,36,801.852071
5.00,34,37,801.8403099
5.00,34,38,801.7653647
5.00,34,39,801.7580953
5.00,34,40,801.6524251
5.00,34,41,801.6188385
5.00,34,42,801.6052211
5.00,34,43,801.5331816
5.00,34,44,801.5208259
5.00,34,45,801.4202081
5.00,34,46,801.3858395
5.00,34,47,801.3700474
5.00,34,48,801.3013995
5.00,34,49,801.2838765
5.00,34,50,801.1884655
5.00,34,51,801.1534101
5.00,34,52,801.1357456
5.00,34,53,801.0700332
5.00,34,54,801.047481
5.00,34,55,800.9570767
5.00,34,56,800.9212648
5.00,34,57,800.9015019
5.00,34,58,800.8390716
5.00,34,59,800.8115088
5.00,34,60,800.7261551
5.00,34,61,800.6896766
5.00,34,62,800.6680928
5.00,34,63,800.6085263
5.00,34,64,800.5761497
5.00,34,65,800.4956035
5.00,34,66,800.4584161
5.00,34,67,800.4348654
5.00,34,68,800.3783883
5.00,34,69,800.3412974
5.00,34,70,800.2655114
5.00,34,71,800.2600251
5.00,34,72,800.1538249
5.00,34,73,800.1206891
5.00,34,74,800.1072973
5.00,34,75,800.0358187
5.00,34,76,800.0230241
5.00,34,77,799.9240242
5.00,34,78,799.8897922
5.00,34,79,799.8734358
5.00,34,80,799.8065396
5.00,34,81,799.7867031
5.00,34,82,799.6947206
5.00,34,83,799.6595361
5.00,34,84,799.6406386
5.00,34,85,799.5776874
5.00,34,86,799.5512733
5.00,34,87,799.4657982
5.00,34,88,799.429647
5.00,34,89,799.4081285
5.00,34,90,799.3492506
5.00,34,91,799.3165893
5.00,34,92,799.2373581
5.00,34,93,799.2003669
5.00,34,94,799.1765933
5.00,34,95,799.1212384
5.00,34,96,799.0828015
5.00,34,97,799.0093133
5.00,34,98,799.0000751
5.00,34,99,798.8984508
5.00,34,100,798.8648742
5.00,34,101,798.8495683
5.00,34,102,798.7817155
5.00,34,103,798.7638123
5.00,34,104,798.6707774
5.00,34,105,798.6360239
5.00,34,106,798.6176142
5.00,34,107,798.5545573
5.00,34,108,798.5287552
5.00,34,109,798.4435066
5.00,34,110,798.4076039
5.00,34,111,798.3861175
5.00,34,112,798.327825
5.00,34,113,798.2947194
5.00,34,114,798.2167372
5.00,34,115,798.2153129
5.00,34,116,798.1067973
5.00,34,117,798.074508
5.00,34,118,798.0620279
5.00,34,119,797.9903977
5.00,34,120,797.9784964
5.00,34,121,797.8802496
5.00,34,122,797.8464282
5.00,34,123,797.829894
5.00,34,124,797.7644997
5.00,34,125,797.7430334
5.00,34,126,797.6542477
5.00,34,127,797.6191294
5.00,34,128,797.5991947
5.00,34,129,797.5390521
5.00,34,130,797.5090577
5.00,34,131,797.4286735
5.00,34,132,797.3923322
5.00,34,133,797.3691456
5.00,34,134,797.3140396
5.00,34,135,797.2763521
5.00,34,136,797.2036113
5.00,34,137,797.1940693
5.00,34,138,797.0941931
5.00,34,139,797.0608671
5.00,34,140,797.0451521
5.00,34,141,796.9789938
5.00,34,142,796.9587654
5.00,34,143,796.8693727
5.00,34,144,796.8345104
5.00,34,145,796.8147478
5.00,34,146,796.7548278
5.00,34,147,796.7250734
5.00,34,148,796.6451034
5.00,34,149,796.6089571
5.00,34,150,796.5858337
5.00,34,151,796.5311172
5.00,34,152,796.4930441
5.00,34,153,796.4212825
5.00,34,154,796.4100801
5.00,34,155,796.3123853
5.00,34,156,796.2788826
5.00,34,157,796.2622372
5.00,34,158,796.1979529
5.00,34,159,796.1753501
5.00,34,160,796.0888986
5.00,34,161,796.053858
5.00,34,162,796.0332164
5.00,34,163,795.9750973
5.00,34,164,795.9426532
5.00,34,165,795.8658819
5.00,34,166,795.862693
5.00,34,167,795.7576674
5.00,34,168,795.7253688
5.00,34,169,795.7114427
5.00,34,170,795.6433826
5.00,34,171,795.6269426
5.00,34,172,795.534959
5.00,34,173,795.5008743
5.00,34,174,795.4823327
5.00,34,175,795.4213777
5.00,34,176,795.3936267
5.00,34,177,795.3127454
5.00,34,178,795.2770684
5.00,34,179,795.2543609
5.00,34,180,795.1998411
5.00,34,181,795.162345
5.00,34,182,795.0911003
5.00,34,183,795.079843
5.00,34,184,794.9832694
5.00,34,185,794.9499942
5.00,34,186,794.9331811
5.00,34,187,794.8699435
5.00,34,188,794.845984
5.00,34,189,794.7618604
5.00,34,190,794.726802
5.00,34,191,794.705345
5.00,34,192,794.6492712
5.00,34,193,794.6144883
5.00,34,194,794.5410497
5.00,34,195,794.5333854
5.00,34,196,794.4337555
5.00,34,197,794.4010605
5.00,34,198,794.3853967
5.00,34,199,794.3207465
5.00,34,200,794.2991995
5.00,35,1,883.862108
5.00,35,2,882.8979002
5.00,35,3,882.8636137
5.00,35,4,882.82968
5.00,35,5,882.8199338
5.00,35,6,882.7773744
5.00,35,7,882.7361065
5.00,35,8,882.6966244
5.00,35,9,882.6580954
5.00,35,10,882.6207735
5.00,35,11,882.5841475
5.00,35,12,882.5483417
5.00,35,13,882.5130399
5.00,35,14,882.4782983
5.00,35,15,882.4439198
5.00,35,16,882.4099257
5.00,35,17,882.4052849
5.00,35,18,882.3618609
5.00,35,19,882.3198386
5.00,35,20,882.2797894
5.00,35,21,882.2407759
5.00,35,22,882.2030921
5.00,35,23,882.1661645
5.00,35,24,882.1301379
5.00,35,25,882.0946589
5.00,35,26,882.0597934
5.00,35,27,882.0253221
5.00,35,28,881.9912706
5.00,35,29,881.9575018
5.00,35,30,881.9469236
5.00,35,31,881.9042337
5.00,35,32,881.8636874
5.00,35,33,881.8242509
5.00,35,34,881.7862553
5.00,35,35,881.74907
5.00,35,36,881.7128584
5.00,35,37,881.6772331
5.00,35,38,881.6422692
5.00,35,39,881.6077269
5.00,35,40,881.5736362
5.00,35,41,881.5398473
5.00,35,42,881.5327642
5.00,35,43,881.4894588
5.00,35,44,881.4484578
5.00,35,45,881.408636
5.00,35,46,881.3703592
5.00,35,47,881.332943
5.00,35,48,881.2965685
5.00,35,49,881.2608162
5.00,35,50,881.2257698
5.00,35,51,881.1911703
5.00,35,52,881.1570514
5.00,35,53,881.1232522
5.00,35,54,881.1192834
5.00,35,55,881.0754321
5.00,35,56,881.0340316
5.00,35,57,880.9938738
5.00,35,58,880.9553554
5.00,35,59,880.9177434
5.00,35,60,880.8812339
5.00,35,61,880.8453794
5.00,35,62,880.8102702
5.00,35,63,880.7756308
5.00,35,64,880.741498
5.00,35,65,880.7077006
5.00,35,66,880.7063902
5.00,35,67,880.6620787
5.00,35,68,880.6203463
5.00,35,69,880.5799126
5.00,35,70,880.5412002
5.00,35,71,880.5034344
5.00,35,72,880.4668238
5.00,35,73,880.4308963
5.00,35,74,880.3957481
5.00,35,75,880.3610894
5.00,35,76,880.3269591
5.00,35,77,880.2931778
5.00,35,78,880.2597565
5.00,35,79,880.2497243
5.00,35,80,880.207674
5.00,35,81,880.166977
5.00,35,82,880.1280811
5.00,35,83,880.0901708
5.00,35,84,880.0534667
5.00,35,85,880.0174731
5.00,35,86,879.9822915
5.00,35,87,879.9476183
5.00,35,88,879.9134946
5.00,35,89,879.8797327
5.00,35,90,879.8463446
5.00,35,91,879.8379503
5.00,35,92,879.7956642
5.00,35,93,879.7547772
5.00,35,94,879.7157555
5.00,35,95,879.6777515
5.00,35,96,879.6409943
5.00,35,97,879.6049697
5.00,35,98,879.5697829
5.00,35,99,879.5351195
5.00,35,100,879.5010219
5.00,35,101,879.4672963
5.00,35,102,879.4339548
5.00,35,103,879.4267064
5.00,35,104,879.3842754
5.00,35,105,879.3432792
5.00,35,106,879.3041949
5.00,35,107,879.2661529
5.00,35,108,879.2293865
5.00,35,109,879.1933692
5.00,35,110,879.1582076
5.00,35,111,879.1235803
5.00,35,112,879.0895299
5.00,35,113,879.0558586
5.00,35,114,879.0225782
5.00,35,115,879.0159579
5.00,35,116,878.9734786
5.00,35,117,878.9324591
5.00,35,118,878.8933794
5.00,35,119,878.8553582
5.00,35,120,878.8186291
5.00,35,121,878.7826595
5.00,35,122,878.7475551
5.00,35,123,878.7129915
5.00,35,124,878.6790103
5.00,35,125,878.6454121
5.00,35,126,878.6122079
5.00,35,127,878.605686
5.00,35,128,878.5632587
5.00,35,129,878.5223048
5.00,35,130,878.4832988
5.00,35,131,878.445359
5.00,35,132,878.4087148
5.00,35,133,878.3728341
5.00,35,134,878.3378196
5.00,35,135,878.3033478
5.00,35,136,878.2694582
5.00,35,137,878.2359522
5.00,35,138,878.2028394
5.00,35,139,878.1958892
5.00,35,140,878.1536147
5.00,35,141,878.1128155
5.00,35,142,878.0739525
5.00,35,143,878.0361546
5.00,35,144,877.9996427
5.00,35,145,877.9638919
5.00,35,146,877.9289998
5.00,35,147,877.8946475
5.00,35,148,877.8608715
5.00,35,149,877.8274764
5.00,35,150,877.7944701
5.00,35,151,877.7865826
5.00,35,152,877.7445596
5.00,35,153,877.7040019
5.00,35,154,877.6653494
5.00,35,155,877.627752
5.00,35,156,877.5914184
5.00,35,157,877.5558371
5.00,35,158,877.5210986
5.00,35,159,877.4868925
5.00,35,160,877.4532514
5.00,35,161,877.4199851
5.00,35,162,877.3870996
5.00,35,163,877.3777971
5.00,35,164,877.3361196
5.00,35,165,877.2958856
5.00,35,166,877.2575072
5.00,35,167,877.2201656
5.00,35,168,877.1840536
5.00,35,169,877.1486787
5.00,35,170,877.1141231
5.00,35,171,877.080088
5.00,35,172,877.0466015
5.00,35,173,877.0134807
5.00,35,174,877.0130937
5.00,35,175,876.9692106
5.00,35,176,876.9280273
5.00,35,177,876.888247
5.00,35,178,876.8502441
5.00,35,179,876.8132454
5.00,35,180,876.7774236
5.00,35,181,876.7423139
5.00,35,182,876.7079875
5.00,35,183,876.6741627
5.00,35,184,876.640862
5.00,35,185,876.607913
5.00,35,186,876.6044733
5.00,35,187,876.5612919
5.00,35,188,876.520673
5.00,35,189,876.4814063
5.00,35,190,876.4438256
5.00,35,191,876.4072096
5.00,35,192,876.371709
5.00,35,193,876.3368906
5.00,35,194,876.3028141
5.00,35,195,876.2692168
5.00,35,196,876.2361155
5.00,35,197,876.2033495
5.00,35,198,876.196518
5.00,35,199,876.1541127
5.00,35,200,876.1141161
5.00,36,1,869.2734115
5.00,36,2,869.1157296
5.00,36,3,869.0560496
5.00,36,4,869.0101889
5.00,36,5,868.9563463
5.00,36,6,868.9547571
5.00,36,7,868.8159947
5.00,36,8,868.7607998
5.00,36,9,868.7121886
5.00,36,10,868.7088332
5.00,36,11,868.6095589
5.00,36,12,868.5934253
5.00,36,13,868.5079744
5.00,36,14,868.4817898
5.00,36,15,868.4072131
5.00,36,16,868.3731084
5.00,36,17,868.3071031
5.00,36,18,868.2667457
5.00,36,19,868.2075101
5.00,36,20,868.162208
5.00,36,21,868.1083298
5.00,36,22,868.0591103
5.00,36,23,868.053229
5.00,36,24,867.9572637
5.00,36,25,867.9400723
5.00,36,26,867.8562723
5.00,36,27,867.8300011
5.00,36,28,867.7559696
5.00,36,29,867.7224014
5.00,36,30,867.6562228
5.00,36,31,867.6167833
5.00,36,32,867.5569259
5.00,36,33,867.5127564
5.00,36,34,867.4579941
5.00,36,35,867.4100091
5.00,36,36,867.4087342
5.00,36,37,867.3082102
5.00,36,38,867.2951316
5.00,36,39,867.2072836
5.00,36,40,867.1847085
5.00,36,41,867.1070561
5.00,36,42,867.0768226
5.00,36,43,867.007391
5.00,36,44,866.9709668
5.00,36,45,866.9081798
5.00,36,46,866.8667395
5.00,36,47,866.8093363
5.00,36,48,866.7638223
5.00,36,49,866.7107921
5.00,36,50,866.6619617
5.00,36,51,866.6574737
5.00,36,52,866.5610783
5.00,36,53,866.5467297
5.00,36,54,866.4608425
5.00,36,55,866.4383511
5.00,36,56,866.3611394
5.00,36,57,866.3319121
5.00,36,58,866.2618753
5.00,36,59,866.2270659
5.00,36,60,866.1629738
5.00,36,61,866.1235295
5.00,36,62,866.0643723
5.00,36,63,866.0210722
5.00,36,64,865.9660198
5.00,36,65,865.9195053
5.00,36,66,865.8678742
5.00,36,67,865.8664872
5.00,36,68,865.7306261
5.00,36,69,865.6747994
5.00,36,70,865.6290796
5.00,36,71,865.5766907
5.00,36,72,865.5282638
5.00,36,73,865.5256573
5.00,36,74,865.428187
5.00,36,75,865.4173223
5.00,36,76,865.3285699
5.00,36,77,865.3106944
5.00,36,78,865.2293387
5.00,36,79,865.2054991
5.00,36,80,865.1304317
5.00,36,81,865.1015078
5.00,36,82,865.0317977
5.00,36,83,864.9985302
5.00,36,84,864.9333935
5.00,36,85,864.8964073
5.00,36,86,864.835183
5.00,36,87,864.7950061
5.00,36,88,864.7371359
5.00,36,89,864.6942154
5.00,36,90,864.6392267
5.00,36,91,864.593942
5.00,36,92,864.5414337
5.00,36,93,864.4941074
5.00,36,94,864.4437386
5.00,36,95,864.4416938
5.00,36,96,864.307653
5.00,36,97,864.2514102
5.00,36,98,864.207523
5.00,36,99,864.1536442
5.00,36,100,864.107798
5.00,36,101,864.0559648
5.00,36,102,864.0084177
5.00,36,103,863.9583575
5.00,36,104,863.9563484
5.00,36,105,863.8224124
5.00,36,106,863.7661795
5.00,36,107,863.7229726
5.00,36,108,863.6685361
5.00,36,109,863.6238155
5.00,36,110,863.5709482
5.00,36,111,863.5249033
5.00,36,112,863.4734062
5.00,36,113,863.4262036
5.00,36,114,863.3759019
5.00,36,115,863.3276889
5.00,36,116,863.278428
5.00,36,117,863.2756938
5.00,36,118,863.1432516
5.00,36,119,863.0864784
5.00,36,120,863.0445195
5.00,36,121,862.9889189
5.00,36,122,862.9459873
5.00,36,123,862.8913895
5.00,36,124,862.847633
5.00,36,125,862.7938841
5.00,36,126,862.7494382
5.00,36,127,862.6963977
5.00,36,128,862.6513879
5.00,36,129,862.5989258
5.00,36,130,862.5534697
5.00,36,131,862.5014646
5.00,36,132,862.4556741
5.00,36,133,862.404011
5.00,36,134,862.3579941
5.00,36,135,862.3065625
5.00,36,136,862.2604249
5.00,36,137,862.2091171
5.00,36,138,862.1629642
5.00,36,139,862.1116733
5.00,36,140,862.065612
5.00,36,141,862.0142303
5.00,36,142,861.9683708
5.00,36,143,861.9167879
5.00,36,144,861.8712458
5.00,36,145,861.8193466
5.00,36,146,861.774245
5.00,36,147,861.7219075
5.00,36,148,861.6773798
5.00,36,149,861.6244729
5.00,36,150,861.5806653
5.00,36,151,861.5270459
5.00,36,152,861.4841207
5.00,36,153,861.4296307
5.00,36,154,861.3877707
5.00,36,155,861.3322331
5.00,36,156,861.2916459
5.00,36,157,861.2348605
5.00,36,158,861.1957843
5.00,36,159,861.1375225
5.00,36,160,861.1002327
5.00,36,161,861.0402311
5.00,36,162,861.0050491
5.00,36,163,860.9430015
5.00,36,164,860.9103047
5.00,36,165,860.8458527
5.00,36,166,860.8160876
5.00,36,167,860.7488086
5.00,36,168,860.7225067
5.00,36,169,860.6518992
5.00,36,170,860.6296966
5.00,36,171,860.5551618
5.00,36,172,860.5378252
5.00,36,173,860.4586435
5.00,36,174,860.4471015
5.00,36,175,860.3624036
5.00,36,176,860.3577873
5.00,36,177,860.2665167
5.00,36,178,860.2178479
5.00,36,179,860.1711153
5.00,36,180,860.1201704
5.00,36,181,860.0763074
5.00,36,182,860.0226108
5.00,36,183,859.9822584
5.00,36,184,859.9252167
5.00,36,185,859.8891823
5.00,36,186,859.8280504
5.00,36,187,859.7973576
5.00,36,188,859.7311938
5.00,36,189,859.7071485
5.00,36,190,859.634755
5.00,36,191,859.6190343
5.00,36,192,859.5388777
5.00,36,193,859.5336499
5.00,36,194,859.4437533
5.00,36,195,859.3944423
5.00,36,196,859.3493932
5.00,36,197,859.29658
5.00,36,198,859.256267
5.00,36,199,859.1990176
5.00,36,200,859.1647873
5.00,37,1,729.6101069
5.00,37,2,729.5998137
5.00,37,3,729.5892498
5.00,37,4,729.5789727
5.00,37,5,729.5684148
5.00,37,6,729.5581477
5.00,37,7,729.5475926
5.00,37,8,729.5373341
5.00,37,9,729.5267812
5.00,37,10,729.516531
5.00,37,11,729.5059799
5.00,37,12,729.4957379
5.00,37,13,729.4851885
5.00,37,14,729.4749548
5.00,37,15,729.464407
5.00,37,16,729.4541817
5.00,37,17,729.4436354
5.00,37,18,729.4334186
5.00,37,19,729.4228738
5.00,37,20,729.4126655
5.00,37,21,729.4021222
5.00,37,22,729.3919226
5.00,37,23,729.3813807
5.00,37,24,729.37119
5.00,37,25,729.3606495
5.00,37,26,729.3504676
5.00,37,27,729.3399284
5.00,37,28,729.3297556
5.00,37,29,729.3192177
5.00,37,30,729.309054
5.00,37,31,729.2985174
5.00,37,32,729.2883629
5.00,37,33,729.2778275
5.00,37,34,729.2676824
5.00,37,35,729.2571482
5.00,37,36,729.2470126
5.00,37,37,729.2364795
5.00,37,38,729.2263535
5.00,37,39,729.2158215
5.00,37,40,729.2057052
5.00,37,41,729.1951743
5.00,37,42,729.1850678
5.00,37,43,729.1745379
5.00,37,44,729.1644414
5.00,37,45,729.1539124
5.00,37,46,729.143826
5.00,37,47,729.1332979
5.00,37,48,729.1232218
5.00,37,49,729.1126945
5.00,37,50,729.1026287
5.00,37,51,729.0921022
5.00,37,52,729.082047
5.00,37,53,729.0715212
5.00,37,54,729.0614766
5.00,37,55,729.0509515
5.00,37,56,729.0409176
5.00,37,57,729.0303931
5.00,37,58,729.0203702
5.00,37,59,729.0098462
5.00,37,60,728.9998344
5.00,37,61,728.9893109
5.00,37,62,728.9793103
5.00,37,63,728.9687872
5.00,37,64,728.958798
5.00,37,65,728.9482752
5.00,37,66,728.9382976
5.00,37,67,728.9277751
5.00,37,68,728.917809
5.00,37,69,728.9072868
5.00,37,70,728.8973326
5.00,37,71,728.8868104
5.00,37,72,728.8768682
5.00,37,73,728.8663461
5.00,37,74,728.8564161
5.00,37,75,728.845894
5.00,37,76,728.8359762
5.00,37,77,728.825454
5.00,37,78,728.8155487
5.00,37,79,728.8050264
5.00,37,80,728.7951337
5.00,37,81,728.7846111
5.00,37,82,728.7747313
5.00,37,83,728.7642083
5.00,37,84,728.7543415
5.00,37,85,728.7438181
5.00,37,86,728.7339644
5.00,37,87,728.7234405
5.00,37,88,728.7136001
5.00,37,89,728.7030756
5.00,37,90,728.6932488
5.00,37,91,728.6827236
5.00,37,92,728.6729105
5.00,37,93,728.6623845
5.00,37,94,728.6525852
5.00,37,95,728.6420584
5.00,37,96,728.6322732
5.00,37,97,728.6217454
5.00,37,98,728.6119744
5.00,37,99,728.6014455
5.00,37,100,728.591689
5.00,37,101,728.5811589
5.00,37,102,728.571417
5.00,37,103,728.5608857
5.00,37,104,728.5511586
5.00,37,105,728.5406259
5.00,37,106,728.5309139
5.00,37,107,728.5203796
5.00,37,108,728.5106829
5.00,37,109,728.500147
5.00,37,110,728.4904657
5.00,37,111,728.4799281
5.00,37,112,728.4702624
5.00,37,113,728.459723
5.00,37,114,728.4500732
5.00,37,115,728.4395318
5.00,37,116,728.4298981
5.00,37,117,728.4193546
5.00,37,118,728.4097372
5.00,37,119,728.3991915
5.00,37,120,728.3895906
5.00,37,121,728.3790426
5.00,37,122,728.3694584
5.00,37,123,728.3589079
5.00,37,124,728.3493407
5.00,37,125,728.3387876
5.00,37,126,728.3292376
5.00,37,127,728.3186818
5.00,37,128,728.3091491
5.00,37,129,728.2985905
5.00,37,130,728.2890755
5.00,37,131,728.2785138
5.00,37,132,728.2690167
5.00,37,133,728.2584519
5.00,37,134,728.2489729
5.00,37,135,728.2384048
5.00,37,136,728.2289442
5.00,37,137,728.2183726
5.00,37,138,728.2089306
5.00,37,139,728.1983554
5.00,37,140,728.1889323
5.00,37,141,728.1783533
5.00,37,142,728.1689493
5.00,37,143,728.1583664
5.00,37,144,728.1489818
5.00,37,145,728.1383948
5.00,37,146,728.1290298
5.00,37,147,728.1184386
5.00,37,148,728.1090935
5.00,37,149,728.0984978
5.00,37,150,728.0891729
5.00,37,151,728.0785726
5.00,37,152,728.0692682
5.00,37,153,728.0586631
5.00,37,154,728.0493793
5.00,37,155,728.0387693
5.00,37,156,728.0295065
5.00,37,157,728.0188913
5.00,37,158,728.0096498
5.00,37,159,727.9990292
5.00,37,160,727.9898093
5.00,37,161,727.9791832
5.00,37,162,727.9699851
5.00,37,163,727.9593533
5.00,37,164,727.9501773
5.00,37,165,727.9395396
5.00,37,166,727.930386
5.00,37,167,727.9197421
5.00,37,168,727.9106113
5.00,37,169,727.899961
5.00,37,170,727.8908532
5.00,37,171,727.8801964
5.00,37,172,727.8711119
5.00,37,173,727.8604484
5.00,37,174,727.8513875
5.00,37,175,727.8407169
5.00,37,176,727.83168
5.00,37,177,727.8210022
5.00,37,178,727.8119895
5.00,37,179,727.8013043
5.00,37,180,727.7923162
5.00,37,181,727.7816233
5.00,37,182,727.77266
5.00,37,183,727.7619593
5.00,37,184,727.7530212
5.00,37,185,727.7423123
5.00,37,186,727.7333997
5.00,37,187,727.7226825
5.00,37,188,727.7137958
5.00,37,189,727.7030698
5.00,37,190,727.6942093
5.00,37,191,727.6834745
5.00,37,192,727.6746405
5.00,37,193,727.6638966
5.00,37,194,727.6550895
5.00,37,195,727.6443362
5.00,37,196,727.6355562
5.00,37,197,727.6247932
5.00,37,198,727.6160409
5.00,37,199,727.6052679
5.00,37,200,727.5965435
5.00,38,1,698.2058675
5.00,38,2,696.0898911
5.00,38,3,694.4298024
5.00,38,4,692.9166269
5.00,38,5,692.3654158
5.00,38,6,691.3588579
5.00,38,7,689.8327429
5.00,38,8,689.621847
5.00,38,9,688.9303036
5.00,38,10,687.9832889
5.00,38,11,687.4642977
5.00,38,12,686.8140352
5.00,38,13,677.3082097
5.00,38,14,671.9454429
5.00,38,15,669.5418128
5.00,38,16,667.6073924
5.00,38,17,666.2381031
5.00,38,18,665.0631724
5.00,38,19,664.2458149
5.00,38,20,663.6530926
5.00,38,21,662.4697019
5.00,38,22,662.1012304
5.00,38,23,661.4105257
5.00,38,24,661.2951539
5.00,38,25,659.6657056
5.00,38,26,659.6277529
5.00,38,27,651.4823213
5.00,38,28,648.0409813
5.00,38,29,646.3672714
5.00,38,30,644.3413904
5.00,38,31,644.3082247
5.00,38,32,644.0990814
5.00,38,33,643.9845719
5.00,38,34,643.9054851
5.00,38,35,643.795722
5.00,38,36,643.751424
5.00,38,37,643.6406789
5.00,38,38,643.627276
5.00,38,39,643.5104279
5.00,38,40,643.4496414
5.00,38,41,643.4009947
5.00,38,42,643.3387966
5.00,38,43,643.3069132
5.00,38,44,643.240057
5.00,38,45,643.2257703
5.00,38,46,643.150646
5.00,38,47,643.106751
5.00,38,48,643.0673272
5.00,38,49,643.0213253
5.00,38,50,642.7511711
5.00,38,51,640.3075791
5.00,38,52,640.0580145
5.00,38,53,639.9492528
5.00,38,54,639.9162614
5.00,38,55,639.799445
5.00,38,56,639.7310978
5.00,38,57,639.6751208
5.00,38,58,639.6069194
5.00,38,59,639.5708046
5.00,38,60,639.4993009
5.00,38,61,639.4817978
5.00,38,62,639.4037689
5.00,38,63,639.3598162
5.00,38,64,639.3185829
5.00,38,65,639.2725598
5.00,38,66,639.2411693
5.00,38,67,639.1911205
5.00,38,68,639.1705506
5.00,38,69,639.0291872
5.00,38,70,637.708086
5.00,38,71,636.4473183
5.00,38,72,630.5506308
5.00,38,73,627.7282909
5.00,38,74,625.8577235
5.00,38,75,624.7896764
5.00,38,76,623.9726222
5.00,38,77,623.3543548
5.00,38,78,622.3024272
5.00,38,79,621.5237925
5.00,38,80,620.8897218
5.00,38,81,620.5627285
5.00,38,82,618.2943998
5.00,38,83,617.9333325
5.00,38,84,617.533161
5.00,38,85,617.4126111
5.00,38,86,617.3522521
5.00,38,87,617.3137145
5.00,38,88,617.2550612
5.00,38,89,617.2282367
5.00,38,90,617.1695661
5.00,38,91,617.1527159
5.00,38,92,617.0926093
5.00,38,93,617.0846598
5.00,38,94,617.0219038
5.00,38,95,616.98865
5.00,38,96,616.9566292
5.00,38,97,616.9226494
5.00,38,98,616.8950961
5.00,38,99,616.8596783
5.00,38,100,616.8365535
5.00,38,101,616.4314985
5.00,38,102,614.1905999
5.00,38,103,614.0186453
5.00,38,104,613.9806966
5.00,38,105,611.5792842
5.00,38,106,611.5512687
5.00,38,107,611.5197893
5.00,38,108,611.4956826
5.00,38,109,611.4623869
5.00,38,110,611.4423383
5.00,38,111,611.1549727
5.00,38,112,609.210053
5.00,38,113,609.0333113
5.00,38,114,607.0717588
5.00,38,115,604.2386499
5.00,38,116,601.7718935
5.00,38,117,600.285492
5.00,38,118,599.4631308
5.00,38,119,598.8557851
5.00,38,120,598.3048097
5.00,38,121,597.5603505
5.00,38,122,597.1560117
5.00,38,123,597.0383299
5.00,38,124,595.105368
5.00,38,125,594.4433266
5.00,38,126,594.2002765
5.00,38,127,594.12951
5.00,38,128,594.0976103
5.00,38,129,592.74049
5.00,38,130,589.6062369
5.00,38,131,586.490761
5.00,38,132,586.3541835
5.00,38,133,586.3004129
5.00,38,134,586.274172
5.00,38,135,586.2548129
5.00,38,136,586.2272496
5.00,38,137,586.2119596
5.00,38,138,586.1823848
5.00,38,139,586.1714627
5.00,38,140,586.1391225
5.00,38,141,586.1331358
5.00,38,142,586.0971624
5.00,38,143,586.0969693
5.00,38,144,585.1035995
5.00,38,145,583.2245021
5.00,38,146,581.9480302
5.00,38,147,581.823176
5.00,38,148,578.7385295
5.00,38,149,578.51571
5.00,38,150,577.7371673
5.00,38,151,576.1855673
5.00,38,152,575.2767349
5.00,38,153,574.9661159
5.00,38,154,574.8787091
5.00,38,155,571.4974734
5.00,38,156,571.2877424
5.00,38,157,571.2173649
5.00,38,158,571.1818448
5.00,38,159,571.1688436
5.00,38,160,571.1303216
5.00,38,161,571.1281321
5.00,38,162,571.0845577
5.00,38,163,571.061314
5.00,38,164,571.04394
5.00,38,165,571.0188535
5.00,38,166,571.0074551
5.00,38,167,570.9792559
5.00,38,168,570.9748947
5.00,38,169,570.9420219
5.00,38,170,570.9228997
5.00,38,171,570.906456
5.00,38,172,570.8857124
5.00,38,173,570.8726134
5.00,38,174,570.8495752
5.00,38,175,570.8404736
5.00,38,176,570.8143285
5.00,38,177,570.810144
5.00,38,178,570.7798914
5.00,38,179,570.7626352
5.00,38,180,570.7466143
5.00,38,181,570.3695436
5.00,38,182,568.6472159
5.00,38,183,568.5233323
5.00,38,184,568.4986047
5.00,38,185,564.6712902
5.00,38,186,564.5704672
5.00,38,187,564.5335658
5.00,38,188,564.5138147
5.00,38,189,564.5037772
5.00,38,190,564.4810485
5.00,38,191,564.4760029
5.00,38,192,564.4491102
5.00,38,193,564.2222558
5.00,38,194,562.9822591
5.00,38,195,562.9329703
5.00,38,196,559.0235424
5.00,38,197,558.8012687
5.00,38,198,558.7089167
5.00,38,199,558.6720157
5.00,38,200,558.6509842
5.00,39,1,814.4082449
5.00,39,2,813.5390117
5.00,39,3,811.6108979
5.00,39,4,810.8374718
5.00,39,5,808.863718
5.00,39,6,808.1663196
5.00,39,7,806.1640194
5.00,39,8,805.5209921
5.00,39,9,803.509573
5.00,39,10,803.064643
5.00,39,11,801.2662913
5.00,39,12,800.7195239
5.00,39,13,798.798447
5.00,39,14,796.9386994
5.00,39,15,796.1396964
5.00,39,16,785.0653614
5.00,39,17,774.2619856
5.00,39,18,771.2963459
5.00,39,19,770.1120065
5.00,39,20,769.1416221
5.00,39,21,768.0503289
5.00,39,22,766.0632249
5.00,39,23,765.9451208
5.00,39,24,764.6562183
5.00,39,25,764.1725145
5.00,39,26,764.0869878
5.00,39,27,761.8469965
5.00,39,28,761.7400316
5.00,39,29,744.3327315
5.00,39,30,743.3089088
5.00,39,31,742.9280108
5.00,39,32,740.3337804
5.00,39,33,725.7206722
5.00,39,34,725.159912
5.00,39,35,724.9057993
5.00,39,36,723.0218154
5.00,39,37,722.1317522
5.00,39,38,717.6001725
5.00,39,39,716.4139686
5.00,39,40,715.9614658
5.00,39,41,715.032756
5.00,39,42,714.4406377
5.00,39,43,713.6864283
5.00,39,44,713.2003833
5.00,39,45,712.9720406
5.00,39,46,712.8637333
5.00,39,47,709.9670817
5.00,39,48,709.8469598
5.00,39,49,709.8378229
5.00,39,50,709.70432
5.00,39,51,705.8422398
5.00,39,52,699.9102945
5.00,39,53,698.6675449
5.00,39,54,695.6956813
5.00,39,55,695.3779407
5.00,39,56,695.3304133
5.00,39,57,695.2427381
5.00,39,58,695.1811725
5.00,39,59,695.0868596
5.00,39,60,695.0642191
5.00,39,61,694.9543504
5.00,39,62,694.9129729
5.00,39,63,694.6150801
5.00,39,64,692.1563268
5.00,39,65,688.7274195
5.00,39,66,688.5892769
5.00,39,67,688.5598369
5.00,39,68,688.3309071
5.00,39,69,688.2511074
5.00,39,70,688.2105165
5.00,39,71,688.1122393
5.00,39,72,688.067939
5.00,39,73,687.9606281
5.00,39,74,687.9172274
5.00,39,75,687.8884419
5.00,39,76,687.8291864
5.00,39,77,687.7729569
5.00,39,78,687.7094858
5.00,39,79,685.4397277
5.00,39,80,680.1374731
5.00,39,81,679.7692389
5.00,39,82,678.7948246
5.00,39,83,676.057445
5.00,39,84,675.8988284
5.00,39,85,675.8535202
5.00,39,86,675.8342729
5.00,39,87,675.753683
5.00,39,88,675.7219162
5.00,39,89,675.6365301
5.00,39,90,675.6213404
5.00,39,91,675.5284053
5.00,39,92,672.423826
5.00,39,93,669.3000264
5.00,39,94,665.2291182
5.00,39,95,664.8427421
5.00,39,96,664.7906462
5.00,39,97,664.703862
5.00,39,98,664.6423012
5.00,39,99,664.5580665
5.00,39,100,664.5368349
5.00,39,101,664.4466823
5.00,39,102,664.4466382
5.00,39,103,664.3468651
5.00,39,104,663.4612915
5.00,39,105,659.534342
5.00,39,106,659.0038666
5.00,39,107,654.6394076
5.00,39,108,654.5216085
5.00,39,109,654.4298967
5.00,39,110,654.3981613
5.00,39,111,654.3028103
5.00,39,112,654.2691859
5.00,39,113,654.2488055
5.00,39,114,654.1997937
5.00,39,115,654.1661749
5.00,39,116,653.1716115
5.00,39,117,650.1980348
5.00,39,118,649.4677682
5.00,39,119,649.128641
5.00,39,120,648.1183046
5.00,39,121,644.7027872
5.00,39,122,644.520458
5.00,39,123,644.5103742
5.00,39,124,643.5720513
5.00,39,125,641.3956511
5.00,39,126,641.1129491
5.00,39,127,640.34942
5.00,39,128,639.4999485
5.00,39,129,635.6995703
5.00,39,130,635.2135829
5.00,39,131,632.8298963
5.00,39,132,632.4919651
5.00,39,133,632.2938722
5.00,39,134,631.0352246
5.00,39,135,627.3264106
5.00,39,136,627.1065464
5.00,39,137,627.102595
5.00,39,138,627.0369538
5.00,39,139,627.0120687
5.00,39,140,627.0005668
5.00,39,141,626.9564885
5.00,39,142,626.9426791
5.00,39,143,626.8850893
5.00,39,144,626.8630153
5.00,39,145,626.8505281
5.00,39,146,626.8131416
5.00,39,147,626.7961315
5.00,39,148,626.7449583
5.00,39,149,626.7229932
5.00,39,150,626.049734
5.00,39,151,625.1711899
5.00,39,152,625.0177924
5.00,39,153,619.5889428
5.00,39,154,619.5456647
5.00,39,155,619.4798675
5.00,39,156,619.4493141
5.00,39,157,619.3704214
5.00,39,158,619.3465605
5.00,39,159,619.3405135
5.00,39,160,619.2891349
5.00,39,161,619.26675
5.00,39,162,619.2555525
5.00,39,163,619.2174852
5.00,39,164,619.2050794
5.00,39,165,619.1520335
5.00,39,166,619.1321057
5.00,39,167,619.1224153
5.00,39,168,619.0850876
5.00,39,169,619.0770015
5.00,39,170,619.021865
5.00,39,171,619.0031775
5.00,39,172,618.9421725
5.00,39,173,618.201413
5.00,39,174,612.2904381
5.00,39,175,612.1838926
5.00,39,176,612.1586428
5.00,39,177,612.1166598
5.00,39,178,612.0984961
5.00,39,179,612.0392277
5.00,39,180,612.0205737
5.00,39,181,612.0180045
5.00,39,182,611.9706722
5.00,39,183,611.9513419
5.00,39,184,611.9427868
5.00,39,185,611.9063805
5.00,39,186,611.9047492
5.00,39,187,611.8468814
5.00,39,188,611.8312192
5.00,39,189,611.830898
5.00,39,190,611.7837579
5.00,39,191,611.7655784
5.00,39,192,611.7580209
5.00,39,193,611.7214511
5.00,39,194,611.7016883
5.00,39,195,611.6900126
5.00,39,196,611.6593542
5.00,39,197,611.6452761
5.00,39,198,611.5997218
5.00,39,199,611.5813634
5.00,39,200,611.5732063
5.00,40,1,847.6634071
5.00,40,2,847.6532851
5.00,40,3,847.6420915
5.00,40,4,847.6323132
5.00,40,5,847.6219638
5.00,40,6,847.6124723
5.00,40,7,847.6028723
5.00,40,8,847.6024889
5.00,40,9,847.5777389
5.00,40,10,847.5676399
5.00,40,11,847.5602266
5.00,40,12,847.5508816
5.00,40,13,847.543412
5.00,40,14,847.5347299
5.00,40,15,847.5272071
5.00,40,16,847.5191075
5.00,40,17,847.5115348
5.00,41,1,845.5575431
5.00,41,2,845.5290828
5.00,41,3,845.1804936
5.00,41,4,845.0666854
5.00,41,5,844.56466
5.00,41,6,844.4137612
5.00,41,7,844.3653575
5.00,41,8,844.3633009
5.00,41,9,843.9454522
5.00,41,10,843.9357432
5.00,41,11,843.3354828
5.00,41,12,843.2123518
5.00,41,13,843.1818096
5.00,41,14,842.8509197
5.00,41,15,842.5827022
5.00,41,16,842.240999
5.00,41,17,841.979685
5.00,41,18,841.6334997
5.00,41,19,841.3728969
5.00,41,20,841.0284121
5.00,41,21,840.7629809
5.00,41,22,840.4257319
5.00,41,23,840.1508433
5.00,41,24,839.8254566
5.00,41,25,839.5375084
5.00,41,26,839.2275844
5.00,41,27,839.1925347
5.00,41,28,838.1125061
5.00,41,29,837.9827017
5.00,41,30,837.9312884
5.00,41,31,837.6455862
5.00,41,32,837.3907799
5.00,41,33,837.057699
5.00,41,34,836.862268
5.00,41,35,836.4723513
5.00,41,36,836.3478856
5.00,41,37,835.8895713
5.00,41,38,835.8506406
5.00,41,39,835.3094073
5.00,41,40,835.1546759
5.00,41,41,835.0900843
5.00,41,42,835.05357
5.00,41,43,834.7257104
5.00,41,44,834.5102814
5.00,41,45,834.1491069
5.00,41,46,833.9711381
5.00,41,47,833.5747995
5.00,41,48,833.4356751
5.00,41,49,833.0027629
5.00,41,50,832.9034065
5.00,41,51,832.4329715
5.00,41,52,832.3737313
5.00,41,53,831.8653981
5.00,41,54,831.8459132
5.00,41,55,831.300013
5.00,41,56,831.1412932
5.00,41,57,831.0697698
5.00,41,58,831.0199976
5.00,41,59,831.0193959
5.00,41,60,830.6068427
5.00,41,61,830.3352413
5.00,41,62,830.3208627
5.00,41,63,829.9230382
5.00,41,64,829.7592598
5.00,41,65,829.364426
5.00,41,66,829.1938102
5.00,41,67,828.8078572
5.00,41,68,828.6243306
5.00,41,69,828.2533205
5.00,41,70,828.0511014
5.00,41,71,827.7008125
5.00,41,72,827.474836
5.00,41,73,827.1503366
5.00,41,74,826.8966687
5.00,41,75,826.8956867
5.00,41,76,826.480379
5.00,41,77,826.4028152
5.00,41,78,825.4544045
5.00,41,79,825.3715649
5.00,41,80,824.9096355
5.00,41,81,824.8838089
5.00,41,82,823.8944044
5.00,41,83,823.8037503
5.00,41,84,823.3553449
5.00,41,85,823.2595306
5.00,41,86,822.3504904
5.00,41,87,822.2162548
5.00,41,88,821.8174168
5.00,41,89,821.593754
5.00,41,90,820.8227197
5.00,41,91,820.6319302
5.00,41,92,820.6260869
5.00,41,93,820.182067
5.00,41,94,820.0005463
5.00,41,95,819.658515
5.00,41,96,819.647225
5.00,41,97,818.685273
5.00,41,98,818.5804682
5.00,41,99,818.5253486
5.00,41,100,818.4862409
5.00,41,101,818.1597294
5.00,41,102,818.0620498
5.00,41,103,817.1951054
5.00,41,104,817.0723675
5.00,41,105,817.0072779
5.00,41,106,816.9551479
5.00,41,107,816.9380241
5.00,41,108,816.5624553
5.00,41,109,816.2015588
5.00,41,110,815.6024576
5.00,41,111,815.5106283
5.00,41,112,814.6487418
5.00,41,113,814.4299274
5.00,41,114,814.4000349
5.00,41,115,814.0340938
5.00,41,116,813.9766039
5.00,41,117,813.095957
5.00,41,118,812.9683387
5.00,41,119,812.898108
5.00,41,120,812.8374706
5.00,41,121,812.8035803
5.00,41,122,812.7841261
5.00,41,123,812.3731091
5.00,41,124,812.1314656
5.00,41,125,812.1008281
5.00,41,126,812.0843049
5.00,41,127,811.6595002
5.00,41,128,811.4238919
5.00,41,129,811.3943634
5.00,41,130,811.3783947
5.00,41,131,810.9493373
5.00,41,132,810.7137123
5.00,41,133,810.6828343
5.00,41,134,810.6647695
5.00,41,135,810.2425795
5.00,41,136,810.0003624
5.00,41,137,809.9655634
5.00,41,138,809.9426715
5.00,41,139,809.5391984
5.00,41,140,809.4912491
5.00,41,141,808.6289602
5.00,41,142,808.4932073
5.00,41,143,808.4172042
5.00,41,144,808.3477849
5.00,41,145,808.2971822
5.00,41,146,808.2560155
5.00,41,147,808.2515386
5.00,41,148,807.8210841
5.00,41,149,807.3927906
5.00,41,150,806.9171129
5.00,41,151,806.5159283
5.00,41,152,806.0187643
5.00,41,153,805.6201387
5.00,41,154,805.1259923
5.00,41,155,804.7125233
5.00,41,156,804.2387549
5.00,41,157,804.2243819
5.00,41,158,802.5315217
5.00,41,159,802.5237005
5.00,41,160,801.6593663
5.00,41,161,801.3832582
5.00,41,162,800.7930484
5.00,41,163,800.3747492
5.00,41,164,800.3720642
5.00,41,165,799.8335018
5.00,41,166,799.6142821
5.00,41,167,799.5716811
5.00,41,168,799.5333625
5.00,41,169,799.5297885
5.00,41,170,799.5278671
5.00,41,171,798.979473
5.00,41,172,798.7613166
5.00,41,173,798.7179303
5.00,41,174,798.6783403
5.00,41,175,798.6722966
5.00,41,176,798.6672746
5.00,41,177,798.1304115
5.00,41,178,797.9044908
5.00,41,179,797.8575549
5.00,41,180,797.8140468
5.00,41,181,797.8010116
5.00,41,182,797.7889162
5.00,41,183,797.2862743
5.00,41,184,797.2063846
5.00,41,185,796.4486536
5.00,41,186,796.310173
5.00,41,187,796.2884343
5.00,41,188,796.2672938
5.00,41,189,795.8082934
5.00,41,190,795.6250052
5.00,41,191,794.9787988
5.00,41,192,794.7863955
5.00,41,193,794.7459257
5.00,41,194,794.7068155
5.00,41,195,794.7004926
5.00,41,196,794.6912637
5.00,41,197,794.1527317
5.00,41,198,794.076307
5.00,41,199,793.3330108
5.00,41,200,793.1716329
5.00,42,1,821.1079315
5.00,42,2,820.9713564
5.00,42,3,820.934113
5.00,42,4,820.7313471
5.00,42,5,820.6598082
5.00,42,6,820.6328641
5.00,42,7,820.4797511
5.00,42,8,820.4786674
5.00,42,9,820.2427875
5.00,42,10,820.1784222
5.00,42,11,820.1702964
5.00,42,12,819.9904559
5.00,42,13,819.9154109
5.00,42,14,819.8782976
5.00,42,15,819.7409117
5.00,42,16,819.7111992
5.00,42,17,819.5038385
5.00,42,18,819.4347568
5.00,42,19,819.4131682
5.00,42,20,819.2538409
5.00,42,21,819.1757173
5.00,42,22,819.1295882
5.00,42,23,819.0062646
5.00,42,24,818.9512222
5.00,42,25,818.7692414
5.00,42,26,818.6960452
5.00,42,27,818.6626206
5.00,42,28,818.5214547
5.00,42,29,818.4965711
5.00,42,30,818.2861657
5.00,42,31,818.2176352
5.00,42,32,818.1955578
5.00,42,33,818.0386413
5.00,42,34,817.9614149
5.00,42,35,817.9164051
5.00,42,36,817.7930446
5.00,42,37,817.7370054
5.00,42,38,817.557659
5.00,42,39,817.4842226
5.00,42,40,817.4483541
5.00,42,41,817.3124182
5.00,42,42,817.283891
5.00,42,43,817.0794999
5.00,42,44,817.0115241
5.00,42,45,816.9898362
5.00,42,46,816.8338555
5.00,42,47,816.7568613
5.00,42,48,816.7107644
5.00,42,49,816.5906468
5.00,42,50,816.533662
5.00,42,51,816.3576121
5.00,42,52,816.2850154
5.00,42,53,816.2502052
5.00,42,54,816.1142598
5.00,42,55,816.0836968
5.00,42,56,815.8827815
5.00,42,57,815.8142216
5.00,42,58,815.7891263
5.00,42,59,815.6397499
5.00,42,60,815.6390023
5.00,42,61,815.4109154
5.00,42,62,815.34832
5.00,42,63,815.3388109
5.00,42,64,815.1672831
5.00,42,65,815.0941391
5.00,42,66,815.0561532
5.00,42,67,814.9264582
5.00,42,68,814.8900821
5.00,42,69,814.6971542
5.00,42,70,814.6287188
5.00,42,71,814.6028908
5.00,42,72,814.4560516
5.00,42,73,814.4475933
5.00,42,74,814.2282557
5.00,42,75,814.1639544
5.00,42,76,814.1480259
5.00,42,77,813.9874642
5.00,42,78,813.9137281
5.00,42,79,813.8730407
5.00,42,80,813.7487773
5.00,42,81,813.7009525
5.00,42,82,813.5205146
5.00,42,83,813.4500212
5.00,42,84,813.4170243
5.00,42,85,813.2822259
5.00,42,86,813.2579298
5.00,42,87,813.0561898
5.00,42,88,812.9904201
5.00,42,89,812.9696481
5.00,42,90,812.8175661
5.00,42,91,812.7426955
5.00,42,92,812.6974038
5.00,42,93,812.5814315
5.00,42,94,812.5234115
5.00,42,95,812.3550092
5.00,42,96,812.2837832
5.00,42,97,812.2477755
5.00,42,98,812.1188229
5.00,42,99,812.0819449
5.00,42,100,811.8937004
5.00,42,101,811.8256248
5.00,42,102,811.7970375
5.00,42,103,811.6579204
5.00,42,104,811.6441014
5.00,42,105,811.4350141
5.00,42,106,811.3716083
5.00,42,107,811.355128
5.00,42,108,811.1988595
5.00,42,109,811.1258103
5.00,42,110,811.0834018
5.00,42,111,810.965338
5.00,42,112,810.9138084
5.00,42,113,810.7418531
5.00,42,114,810.6723409
5.00,42,115,810.6389464
5.00,42,116,810.5082654
5.00,42,117,810.4769319
5.00,42,118,810.2859989
5.00,42,119,810.2194354
5.00,42,120,810.1929213
5.00,42,121,810.0528397
5.00,42,122,810.0431964
5.00,42,123,809.8327175
5.00,42,124,809.7705887
5.00,42,125,809.7555686
5.00,42,126,809.5991977
5.00,42,127,809.5272464
5.00,42,128,809.4858647
5.00,42,129,809.3683699
5.00,42,130,809.3183601
5.00,42,131,809.1475422
5.00,42,132,809.0788908
5.00,42,133,809.0459005
5.00,42,134,808.9166724
5.00,42,135,808.8851783
5.00,42,136,808.6969745
5.00,42,137,808.6309843
5.00,42,138,808.6041297
5.00,42,139,808.4665645
5.00,42,140,808.454654
5.00,42,141,808.2488836
5.00,42,142,808.1869385
5.00,42,143,808.1705407
5.00,42,144,808.0181769
5.00,42,145,807.946609
5.00,42,146,807.9044276
5.00,42,147,807.7901295
5.00,42,148,807.7368017
5.00,42,149,807.5716924
5.00,42,150,807.5030849
5.00,42,151,807.4683917
5.00,42,152,807.343661
5.00,42,153,807.3066245
5.00,42,154,807.1262653
5.00,42,155,807.0599767
5.00,42,156,807.0305504
5.00,42,157,806.8987287
5.00,42,158,806.8786653
5.00,42,159,806.6831806
5.00,42,160,806.6204367
5.00,42,161,806.6001243
5.00,42,162,806.4554512
5.00,42,163,806.4546462
5.00,42,164,806.2409088
5.00,42,165,806.180744
5.00,42,166,806.1662598
5.00,42,167,806.0136756
5.00,42,168,805.9439217
5.00,42,169,805.9044462
5.00,42,170,805.7886942
5.00,42,171,805.7382892
5.00,42,172,805.5732441
5.00,42,173,805.5054076
5.00,42,174,805.4702015
5.00,42,175,805.3487942
5.00,42,176,805.3121717
5.00,42,177,805.1349699
5.00,42,178,805.0700453
5.00,42,179,805.0422425
5.00,42,180,804.9104807
5.00,42,181,804.8893389
5.00,42,182,804.697576
5.00,42,183,804.6347329
5.00,42,184,804.6115389
5.00,42,185,804.4736234
5.00,42,186,804.4681387
5.00,42,187,804.2625305
5.00,42,188,804.2030617
5.00,42,189,804.1885739
5.00,42,190,804.0383566
5.00,42,191,803.9690573
5.00,42,192,803.928343
5.00,42,193,803.8169339
5.00,42,194,803.7646356
5.00,42,195,803.6048381
5.00,42,196,803.5379012
5.00,42,197,803.5031075
5.00,42,198,803.3835108
5.00,42,199,803.3434538
5.00,42,200,803.1722628
5.00,43,1,800.6592794
5.00,43,2,799.8477363
5.00,43,3,799.6935061
5.00,43,4,799.5322125
5.00,43,5,799.4045033
5.00,43,6,799.2614531
5.00,43,7,799.1582056
5.00,43,8,799.0312662
5.00,43,9,798.9537141
5.00,43,10,798.8425912
5.00,43,11,798.7937324
5.00,43,12,798.6988371
5.00,43,13,798.6827614
5.00,43,14,798.6046266
5.00,43,15,796.3497515
5.00,43,16,791.9640211
5.00,43,17,773.3239662
5.00,43,18,773.2927864
5.00,43,19,773.1067504
5.00,43,20,769.6638105
5.00,43,21,768.1093533
5.00,43,22,767.9217827
5.00,43,23,766.8272876
5.00,43,24,766.5199681
5.00,43,25,759.2195033
5.00,43,26,757.5413687
5.00,43,27,754.4819065
5.00,43,28,751.5760491
5.00,43,29,750.4826069
5.00,43,30,748.3077051
5.00,43,31,746.8666515
5.00,43,32,734.2176343
5.00,43,33,732.7257154
5.00,43,34,732.1274555
5.00,43,35,730.9840211
5.00,43,36,730.4946456
5.00,43,37,729.586635
5.00,43,38,729.1674309
5.00,43,39,728.4264912
5.00,43,40,728.0567436
5.00,43,41,727.4392162
5.00,43,42,727.1070196
5.00,43,43,726.5835033
5.00,43,44,726.281377
5.00,43,45,725.8311356
5.00,43,46,725.5539283
5.00,43,47,725.1617784
5.00,43,48,724.9056545
5.00,43,49,724.5601512
5.00,43,50,724.3220861
5.00,43,51,724.0144115
5.00,43,52,723.7919287
5.00,43,53,723.5151749
5.00,43,54,723.3061984
5.00,43,55,723.0548847
5.00,43,56,722.8576494
5.00,43,57,722.6273826
5.00,43,58,722.4403747
5.00,43,59,722.2276047
5.00,43,60,722.0495187
5.00,43,61,721.8513564
5.00,43,62,721.6810621
5.00,43,63,721.4951427
5.00,43,64,721.3316592
5.00,43,65,721.1560368
5.00,43,66,720.9985114
5.00,43,67,720.8315776
5.00,43,68,720.6792679
5.00,43,69,720.5196877
5.00,43,70,720.3719468
5.00,43,71,720.2186084
5.00,43,72,720.0748723
5.00,43,73,719.9268464
5.00,43,74,719.7866231
5.00,43,75,719.6431311
5.00,43,76,719.5059916
5.00,43,77,719.3663789
5.00,43,78,719.2319489
5.00,43,79,719.0956644
5.00,43,80,718.9636173
5.00,43,81,718.8301959
5.00,43,82,718.700247
5.00,43,83,718.5692951
5.00,43,84,718.4411963
5.00,43,85,718.3123807
5.00,43,86,718.1859156
5.00,43,87,718.0589536
5.00,43,88,717.9339339
5.00,43,89,717.8085851
5.00,43,90,717.6848469
5.00,43,91,717.560907
5.00,43,92,717.4383075
5.00,43,93,717.3156025
5.00,43,94,717.1940175
5.00,43,95,717.0723989
5.00,43,96,716.9517205
5.00,43,97,716.8310618
5.00,43,98,716.7111962
5.00,43,99,716.5913892
5.00,43,100,716.4722548
5.00,43,101,716.3532071
5.00,43,102,716.2347333
5.00,43,103,716.1163656
5.00,43,104,715.9984909
5.00,43,105,715.8807358
5.00,43,106,715.8705242
5.00,43,107,715.7353081
5.00,43,108,715.6049076
5.00,43,109,715.4728999
5.00,43,110,715.3448209
5.00,43,111,715.2155661
5.00,43,112,715.0895245
5.00,43,113,714.9626383
5.00,43,114,714.8383873
5.00,43,115,714.7135451
5.00,43,116,714.5908704
5.00,43,117,714.4677974
5.00,43,118,714.3465131
5.00,43,119,714.2249767
5.00,43,120,714.1049214
5.00,43,121,713.9847239
5.00,43,122,713.8657578
5.00,43,123,713.7467315
5.00,43,124,713.6287332
5.00,43,125,713.5107355
5.00,43,126,713.3936
5.00,43,127,713.2765093
5.00,43,128,713.1601457
5.00,43,129,713.0438586
5.00,43,130,712.9281881
5.00,43,131,712.8126163
5.00,43,132,712.6975707
5.00,43,133,712.5826389
5.00,43,134,712.4681592
5.00,43,135,712.4620402
5.00,43,136,712.3333178
5.00,43,137,712.2027628
5.00,43,138,712.0765557
5.00,43,139,711.9490038
5.00,43,140,711.8249964
5.00,43,141,711.7000181
5.00,43,142,711.5779369
5.00,43,143,711.4551703
5.00,43,144,711.3347785
5.00,43,145,711.2139184
5.00,43,146,711.0950111
5.00,43,147,710.9757997
5.00,43,148,710.8581993
5.00,43,149,710.7404183
5.00,43,150,710.6239715
5.00,43,151,710.5074359
5.00,43,152,710.3920099
5.00,43,153,710.276563
5.00,43,154,710.162043
5.00,43,155,710.0475517
5.00,43,156,709.9338385
5.00,43,157,709.8201897
5.00,43,158,709.7071976
5.00,43,159,709.5942949
5.00,43,160,709.4819498
5.00,43,161,709.3697114
5.00,43,162,709.2579495
5.00,43,163,709.1463055
5.00,43,164,709.1416155
5.00,43,165,709.0128354
5.00,43,166,708.888703
5.00,43,167,708.763097
5.00,43,168,708.6412726
5.00,43,169,708.5183796
5.00,43,170,708.3985714
5.00,43,171,708.2780037
5.00,43,172,708.1599595
5.00,43,173,708.0413907
5.00,43,174,707.9248926
5.00,43,175,707.8080474
5.00,43,176,707.6929069
5.00,43,177,707.5775529
5.00,43,178,707.4636073
5.00,43,179,707.3495478
5.00,43,180,707.2366566
5.00,43,181,707.1237251
5.00,43,182,707.0117669
5.00,43,183,706.8998223
5.00,43,184,706.7886924
5.00,43,185,706.677615
5.00,43,186,706.567223
5.00,43,187,706.4569109
5.00,43,188,706.3471789
5.00,43,189,706.2375457
5.00,43,190,706.1284065
5.00,43,191,706.0193785
5.00,43,192,705.910774
5.00,43,193,705.9052688
5.00,43,194,705.7830288
5.00,43,195,705.6591457
5.00,43,196,705.5393204
5.00,43,197,705.418295
5.00,43,198,705.3005759
5.00,43,199,705.1819953
5.00,43,200,705.0661158
5.00,44,1,799.0238298
5.00,44,2,798.9070881
5.00,44,3,798.9005662
5.00,44,4,798.6286414
5.00,44,5,798.5297335
5.00,44,6,798.5042015
5.00,44,7,798.3547167
5.00,44,8,798.2267999
5.00,44,9,798.0665279
5.00,44,10,797.9723566
5.00,44,11,797.8061304
5.00,44,12,797.7204194
5.00,44,13,797.5524224
5.00,44,14,797.4678467
5.00,44,15,797.3005986
5.00,44,16,797.2146746
5.00,44,17,797.0495595
5.00,44,18,796.9612846
5.00,44,19,796.7990538
5.00,44,20,796.707952
5.00,44,21,796.5490244
5.00,44,22,796.4548386
5.00,44,23,796.299458
5.00,44,24,796.2020363
5.00,44,25,796.0503509
5.00,44,26,795.9495999
5.00,44,27,795.8017015
5.00,44,28,795.6975643
5.00,44,29,795.5535088
5.00,44,30,795.4459542
5.00,44,31,795.3057715
5.00,44,32,795.1947882
5.00,44,33,795.0584885
5.00,44,34,794.9440811
5.00,44,35,794.8116584
5.00,44,36,794.6938453
5.00,44,37,794.56528
5.00,44,38,794.444091
5.00,44,39,794.319352
5.00,44,40,794.3089634
5.00,44,41,793.8600834
5.00,44,42,793.8148583
5.00,44,43,793.7994609
5.00,44,44,793.6662492
5.00,44,45,793.575941
5.00,44,46,793.4224156
5.00,44,47,793.357933
5.00,44,48,793.1791286
5.00,44,49,793.1470917
5.00,44,50,792.9364231
5.00,44,51,792.8685619
5.00,44,52,792.840429
5.00,44,53,792.8253937
5.00,44,54,792.6920055
5.00,44,55,792.6022111
5.00,44,56,792.4499041
5.00,44,57,792.383881
5.00,44,58,792.2083291
5.00,44,59,792.1717616
5.00,44,60,791.9673086
5.00,44,61,791.8983522
5.00,44,62,791.8692464
5.00,44,63,791.8524975
5.00,44,64,791.7246721
5.00,44,65,791.6283253
5.00,44,66,791.4842553
5.00,44,67,791.4080153
5.00,44,68,791.2443382
5.00,44,69,791.1925266
5.00,44,70,791.0049397
5.00,44,71,790.9831799
5.00,44,72,790.7660872
5.00,44,73,790.7004474
5.00,44,74,790.6731588
5.00,44,75,790.6587284
5.00,44,76,790.5254707
5.00,44,77,790.4361673
5.00,44,78,790.2871868
5.00,44,79,790.217126
5.00,44,80,790.0493887
5.00,44,81,790.0024227
5.00,44,82,789.8120922
5.00,44,83,789.7931697
5.00,44,84,789.5753196
5.00,44,85,789.5102439
5.00,44,86,789.4829998
5.00,44,87,789.468294
5.00,44,88,789.3367937
5.00,44,89,789.2457471
5.00,44,90,789.1005796
5.00,44,91,789.0260073
5.00,44,92,788.8648298
5.00,44,93,788.8096417
5.00,44,94,788.6295548
5.00,44,95,788.597403
5.00,44,96,788.3947689
5.00,44,97,788.3903044
5.00,44,98,788.1604923
5.00,44,99,788.0985384
5.00,44,100,788.0729058
5.00,44,101,788.0601422
5.00,44,102,787.9243339
5.00,44,103,787.8388265
5.00,44,104,787.6905855
5.00,44,105,787.6198482
5.00,44,106,787.4572843
5.00,44,107,787.4036206
5.00,44,108,787.2244374
5.00,44,109,787.190682
5.00,44,110,786.9920545
5.00,44,111,786.9817406
5.00,44,112,786.760149
5.00,44,113,786.6968136
5.00,44,114,786.6699509
5.00,44,115,786.6550161
5.00,44,116,786.5264968
5.00,44,117,786.4329352
5.00,44,118,786.2951327
5.00,44,119,786.212386
5.00,44,120,786.0641926
5.00,44,121,785.9935619
5.00,44,122,785.833679
5.00,44,123,785.7767056
5.00,44,124,785.6035953
5.00,44,125,785.5621233
5.00,44,126,785.3739465
5.00,44,127,785.3502044
5.00,44,128,785.1447391
5.00,44,129,785.14145
5.00,44,130,784.915982
5.00,44,131,784.8540624
5.00,44,132,784.8276312
5.00,44,133,784.8128226
5.00,44,134,784.6854697
5.00,44,135,784.5912801
5.00,44,136,784.457248
5.00,44,137,784.3706857
5.00,44,138,784.2294297
5.00,44,139,784.1511051
5.00,44,140,784.0020147
5.00,44,141,783.9326191
5.00,44,142,783.7750035
5.00,44,143,783.7153254
5.00,44,144,783.5483966
5.00,44,145,783.4993425
5.00,44,146,783.3221952
5.00,44,147,783.2848142
5.00,44,148,783.0964009
5.00,44,149,783.0719167
5.00,44,150,782.8710158
5.00,44,151,782.860867
5.00,44,152,782.6460431
5.00,44,153,782.5826186
5.00,44,154,782.5547384
5.00,44,155,782.5372574
5.00,44,156,782.4194985
5.00,44,157,782.3157132
5.00,44,158,782.1950905
5.00,44,159,782.0945409
5.00,44,160,781.9710641
5.00,44,161,781.8737263
5.00,44,162,781.7474178
5.00,44,163,781.6532559
5.00,44,164,781.5241505
5.00,44,165,781.4331162
5.00,44,166,781.3012606
5.00,44,167,781.2132929
5.00,44,168,781.0787468
5.00,44,169,780.993771
5.00,44,170,780.8566079
5.00,44,171,780.7745348
5.00,44,172,780.6348424
5.00,44,173,780.5555672
5.00,44,174,780.413449
5.00,44,175,780.3368503
5.00,44,176,780.1924262
5.00,44,177,780.1183652
5.00,44,178,779.9717726
5.00,44,179,779.9000917
5.00,44,180,779.751487
5.00,44,181,779.6820088
5.00,44,182,779.5315677
5.00,44,183,779.4640946
5.00,44,184,779.3120134
5.00,44,185,779.2463264
5.00,44,186,779.0928227
5.00,44,187,779.0286807
5.00,44,188,778.8739941
5.00,44,189,778.8111337
5.00,44,190,778.6555261
5.00,44,191,778.5936615
5.00,44,192,778.4374174
5.00,44,193,778.37624
5.00,44,194,778.2196665
5.00,44,195,778.158846
5.00,44,196,778.0022721
5.00,44,197,777.941457
5.00,44,198,777.7852326
5.00,44,199,777.7240521
5.00,44,200,777.5685469
5.00,45,1,807.5513427
5.00,45,2,804.5550358
5.00,45,3,803.9327039
5.00,45,4,803.7955738
5.00,45,5,803.7883805
5.00,45,6,803.7764946
5.00,45,7,803.0923528
5.00,45,8,803.077613
5.00,45,9,802.3108886
5.00,45,10,802.1747898
5.00,45,11,802.1048609
5.00,45,12,802.0560397
5.00,45,13,802.0124131
5.00,45,14,801.9691632
5.00,45,15,801.9275866
5.00,45,16,801.8854931
5.00,45,17,801.8453452
5.00,45,18,801.8044115
5.00,45,19,801.7659413
5.00,45,20,801.7263543
5.00,45,21,801.6899021
5.00,45,22,801.651886
5.00,45,23,801.6178664
5.00,45,24,801.5816796
5.00,45,25,801.5505956
5.00,45,26,801.5165337
5.00,45,27,801.4889958
5.00,45,28,801.4573939
5.00,45,29,801.434143
5.00,45,30,801.4053783
5.00,45,31,801.3873136
5.00,45,32,801.3618055
5.00,45,33,801.350019
5.00,45,34,801.3282281
5.00,45,35,801.3240454
5.00,45,36,801.3064684
5.00,45,37,800.8260571
5.00,45,38,800.5067052
5.00,45,39,800.0389853
5.00,45,40,799.709911
5.00,45,41,799.7070523
5.00,45,42,799.6911082
5.00,45,43,799.1620372
5.00,45,44,798.904708
5.00,45,45,798.3875569
5.00,45,46,798.3322334
5.00,45,47,798.1627593
5.00,45,48,798.1154507
5.00,45,49,797.5218929
5.00,45,50,797.3213498
5.00,45,51,797.246497
5.00,45,52,797.2036026
5.00,45,53,797.1714204
5.00,45,54,797.1374358
5.00,45,55,797.1095949
5.00,45,56,797.0779333
5.00,45,57,797.0538557
5.00,45,58,797.0246387
5.00,45,59,797.005052
5.00,45,60,796.9786267
5.00,45,61,796.9644392
5.00,45,62,796.9411844
5.00,45,63,796.9334881
5.00,45,64,796.9138094
5.00,45,65,796.4722062
5.00,45,66,796.1063958
5.00,45,67,796.1011275
5.00,45,68,796.0827284
5.00,45,69,795.6178138
5.00,45,70,795.2786206
5.00,45,71,795.275972
5.00,45,72,795.2588206
5.00,45,73,794.7687785
5.00,45,74,794.4577663
5.00,45,75,794.015893
5.00,45,76,793.6575514
5.00,45,77,793.6469618
5.00,45,78,793.6268398
5.00,45,79,793.1768296
5.00,45,80,792.825842
5.00,45,81,792.8148248
5.00,45,82,792.7951672
5.00,45,83,792.3429082
5.00,45,84,791.998263
5.00,45,85,791.9868587
5.00,45,86,791.9666387
5.00,45,87,791.5141495
5.00,45,88,791.1681518
5.00,45,89,791.1550814
5.00,45,90,791.1348445
5.00,45,91,790.6904128
5.00,45,92,790.3405207
5.00,45,93,790.3257317
5.00,45,94,790.3042643
5.00,45,95,790.3029561
5.00,45,96,790.2862481
5.00,45,97,789.7835313
5.00,45,98,789.4861719
5.00,45,99,789.4842877
5.00,45,100,789.4674673
5.00,45,101,788.9703002
5.00,45,102,788.6681048
5.00,45,103,788.6651549
5.00,45,104,788.6476367
5.00,45,105,788.1619758
5.00,45,106,787.846885
5.00,45,107,787.8418989
5.00,45,108,787.8236115
5.00,45,109,787.3584766
5.00,45,110,787.0236816
5.00,45,111,787.0160135
5.00,45,112,786.9962509
5.00,45,113,786.9958307
5.00,45,114,786.9793394
5.00,45,115,786.4738591
5.00,45,116,786.1798044
5.00,45,117,786.1768577
5.00,45,118,786.1592804
5.00,45,119,785.6804037
5.00,45,120,785.3597918
5.00,45,121,785.3534931
5.00,45,122,785.3342527
5.00,45,123,784.8916342
5.00,45,124,784.8727922
5.00,45,125,783.5171685
5.00,45,126,783.424635
5.00,45,127,783.3884768
5.00,45,128,783.3521074
5.00,45,129,783.3180704
5.00,45,130,783.2827832
5.00,45,131,783.2501903
5.00,45,132,783.2159322
5.00,45,133,783.1849889
5.00,45,134,783.1518861
5.00,45,135,783.1228756
5.00,45,136,783.0910777
5.00,45,137,783.064337
5.00,45,138,783.03401
5.00,45,139,783.0099372
5.00,45,140,782.9812631
5.00,45,141,782.960328
5.00,45,142,782.9335045
5.00,45,143,782.9162619
5.00,45,144,782.8915011
5.00,45,145,782.878606
5.00,45,146,782.8561319
5.00,45,147,782.8483577
5.00,45,148,782.8284028
5.00,45,149,782.8266621
5.00,45,150,782.8094617
5.00,45,151,782.322834
5.00,45,152,782.0121018
5.00,45,153,782.0053435
5.00,45,154,781.9859174
5.00,45,155,781.9853389
5.00,45,156,781.9686307
5.00,45,157,781.4708967
5.00,45,158,781.171869
5.00,45,159,781.1660014
5.00,45,160,781.146976
5.00,45,161,780.7066082
5.00,45,162,780.6565712
5.00,45,163,779.373837
5.00,45,164,779.3543765
5.00,45,165,779.3428771
5.00,45,166,779.3212169
5.00,45,167,779.3147614
5.00,45,168,779.2954521
5.00,45,169,779.2948858
5.00,45,170,779.2781402
5.00,45,171,778.7833146
5.00,45,172,778.4840918
5.00,45,173,778.4769923
5.00,45,174,778.4574474
5.00,45,175,778.4561086
5.00,45,176,778.4390383
5.00,45,177,777.9537621
5.00,45,178,777.6464905
5.00,45,179,777.6382368
5.00,45,180,777.6181673
5.00,45,181,777.6153635
5.00,45,182,777.5976756
5.00,45,183,777.1293858
5.00,45,184,776.8074394
5.00,45,185,776.7973447
5.00,45,186,776.7764438
5.00,45,187,776.7714115
5.00,45,188,776.7527749
5.00,45,189,776.3101262
5.00,45,190,776.2517253
5.00,45,191,775.0209434
5.00,45,192,774.9874442
5.00,45,193,774.9719937
5.00,45,194,774.9489921
5.00,45,195,774.9394794
5.00,45,196,774.9188958
5.00,45,197,774.9144696
5.00,45,198,774.8961283
5.00,45,199,774.4494388
5.00,45,200,774.400945
5.00,46,1,676.3389816
5.00,46,2,674.8088779
5.00,46,3,674.7619823
5.00,46,4,672.5408929
5.00,46,5,671.0557422
5.00,46,6,670.935734
5.00,46,7,668.803315
5.00,46,8,667.4385875
5.00,46,9,667.1994571
5.00,46,10,665.2731307
5.00,46,11,663.9610387
5.00,46,12,663.6372007
5.00,46,13,661.8121886
5.00,46,14,660.6045138
5.00,46,15,660.1712654
5.00,46,16,658.5247549
5.00,46,17,657.3718393
5.00,46,18,656.8577534
5.00,46,19,655.3130905
5.00,46,20,654.247316
5.00,46,21,653.6429542
5.00,46,22,652.2459692
5.00,46,23,651.2328996
5.00,46,24,650.5603143
5.00,46,25,649.2576928
5.00,46,26,648.3153237
5.00,46,27,647.5748111
5.00,46,28,646.390146
5.00,46,29,645.4958446
5.00,46,30,644.7032438
5.00,46,31,643.6012221
5.00,46,32,642.9905681
5.00,46,33,642.6926479
5.00,46,34,637.7129428
5.00,46,35,633.9056151
5.00,46,36,631.9489327
5.00,46,37,630.8512703
5.00,46,38,630.0626608
5.00,46,39,629.5045996
5.00,46,40,628.502092
5.00,46,41,627.769562
5.00,46,42,627.1409061
5.00,46,43,626.234772
5.00,46,44,626.1496058
5.00,46,45,624.8704706
5.00,46,46,624.0307286
5.00,46,47,623.8798187
5.00,46,48,623.1293829
5.00,46,49,621.7149164
5.00,46,50,620.8569391
5.00,46,51,620.7984366
5.00,46,52,619.8938361
5.00,46,53,619.633909
5.00,46,54,619.0186904
5.00,46,55,618.1643765
5.00,46,56,617.69028
5.00,46,57,617.5617585
5.00,46,58,617.4991122
5.00,46,59,617.4431494
5.00,46,60,617.343838
5.00,46,61,615.3977563
5.00,46,62,611.5783486
5.00,46,63,609.7057374
5.00,46,64,608.7271261
5.00,46,65,608.0699123
5.00,46,66,607.7924095
5.00,46,67,607.2048665
5.00,46,68,607.0741227
5.00,46,69,606.7463895
5.00,46,70,606.6034596
5.00,46,71,606.5467977
5.00,46,72,606.5210419
5.00,46,73,606.2639719
5.00,46,74,606.220054
5.00,46,75,605.3723994
5.00,46,76,604.5306665
5.00,46,77,604.245263
5.00,46,78,603.8735351
5.00,46,79,603.8561366
5.00,46,80,602.2793586
5.00,46,81,600.9580324
5.00,46,82,600.4700478
5.00,46,83,600.2467153
5.00,46,84,593.9376301
5.00,46,85,593.6547561
5.00,46,86,592.9674191
5.00,46,87,592.4762163
5.00,46,88,592.1379648
5.00,46,89,591.5058615
5.00,46,90,591.0394513
5.00,46,91,590.6650046
5.00,46,92,590.0777832
5.00,46,93,589.6356964
5.00,46,94,589.2239025
5.00,46,95,588.6791705
5.00,46,96,588.2547521
5.00,46,97,588.1915234
5.00,46,98,587.9079579
5.00,46,99,587.850178
5.00,46,100,587.8231762
5.00,46,101,587.8078468
5.00,46,102,587.7988045
5.00,46,103,587.780983
5.00,46,104,587.7791088
5.00,46,105,587.7568412
5.00,46,106,587.7435629
5.00,46,107,587.7354745
5.00,46,108,587.7200041
5.00,46,109,587.717591
5.00,46,110,587.6983844
5.00,46,111,587.686998
5.00,46,112,587.6791792
5.00,46,113,587.6658695
5.00,46,114,587.6629859
5.00,46,115,587.6463367
5.00,46,116,587.6360138
5.00,46,117,587.6285476
5.00,46,118,587.6164961
5.00,46,119,587.6126289
5.00,46,120,587.4646986
5.00,46,121,586.942202
5.00,46,122,586.7163806
5.00,46,123,586.4368644
5.00,46,124,586.0923433
5.00,46,125,586.0408763
5.00,46,126,586.0176826
5.00,46,127,586.0053557
5.00,46,128,586.0018543
5.00,46,129,585.9864766
5.00,46,130,585.9767366
5.00,46,131,585.9692461
5.00,46,132,585.9578845
5.00,46,133,585.954252
5.00,46,134,585.9401396
5.00,46,135,585.9312451
5.00,46,136,585.9238992
5.00,46,137,585.9181673
5.00,46,138,585.786378
5.00,46,139,585.735599
5.00,46,140,585.2142244
5.00,46,141,584.6636422
5.00,46,142,584.1143067
5.00,46,143,584.0153746
5.00,46,144,583.9757098
5.00,46,145,583.9575795
5.00,46,146,583.4528745
5.00,46,147,581.3103099
5.00,46,148,579.4906285
5.00,46,149,578.5986102
5.00,46,150,578.0529655
5.00,46,151,577.6521712
5.00,46,152,577.5303724
5.00,46,153,577.4842413
5.00,46,154,577.1135611
5.00,46,155,577.0187539
5.00,46,156,576.9770356
5.00,46,157,576.9576837
5.00,46,158,576.9456056
5.00,46,159,576.9385834
5.00,46,160,576.9241052
5.00,46,161,576.9238583
5.00,46,162,576.9049204
5.00,46,163,576.8938401
5.00,46,164,576.8889068
5.00,46,165,576.8751601
5.00,46,166,576.865986
5.00,46,167,576.8585158
5.00,46,168,576.8477495
5.00,46,169,576.8446834
5.00,46,170,576.8309559
5.00,46,171,576.8222626
5.00,46,172,576.8161754
5.00,46,173,576.8056789
5.00,46,174,576.8043301
5.00,46,175,576.7904917
5.00,46,176,576.7818414
5.00,46,177,576.7771337
5.00,46,178,576.7664051
5.00,46,179,576.7590984
5.00,46,180,576.7523017
5.00,46,181,576.7437097
5.00,46,182,576.7402015
5.00,46,183,576.7292406
5.00,46,184,576.7218975
5.00,46,185,576.6815346
5.00,46,186,576.4268277
5.00,46,187,575.6852561
5.00,46,188,575.6369462
5.00,46,189,575.6102221
5.00,46,190,575.5929967
5.00,46,191,575.5832968
5.00,46,192,575.5622351
5.00,46,193,575.5476644
5.00,46,194,575.5368434
5.00,46,195,575.5195913
5.00,46,196,575.5186479
5.00,46,197,575.4955651
5.00,46,198,575.4816391
5.00,46,199,575.4771658
5.00,46,200,575.459235
5.00,47,1,807.757731
5.00,47,2,807.3039275
5.00,47,3,806.9927461
5.00,47,4,806.7320827
5.00,47,5,806.5575122
5.00,47,6,806.4235388
5.00,47,7,806.3606603
5.00,47,8,806.3234473
5.00,47,9,805.2431125
5.00,47,10,805.0989237
5.00,47,11,805.0438357
5.00,47,12,804.9906249
5.00,47,13,804.967077
5.00,47,14,804.9409804
5.00,47,15,804.4399128
5.00,47,16,804.2092325
5.00,47,17,803.6435763
5.00,47,18,803.4896797
5.00,47,19,802.852173
5.00,47,20,802.8176607
5.00,47,21,802.0656285
5.00,47,22,801.8809229
5.00,47,23,801.8356781
5.00,47,24,801.7912648
5.00,47,25,801.7716474
5.00,47,26,801.7501268
5.00,47,27,801.2823404
5.00,47,28,801.0198632
5.00,47,29,800.5047389
5.00,47,30,800.3054546
5.00,47,31,799.7317905
5.00,47,32,799.615303
5.00,47,33,798.9634731
5.00,47,34,798.9553894
5.00,47,35,798.1998098
5.00,47,36,798.0268424
5.00,47,37,797.9847268
5.00,47,38,797.9434517
5.00,47,39,797.9265337
5.00,47,40,797.9076635
5.00,47,41,797.439093
5.00,47,42,797.1897111
5.00,47,43,796.6838636
5.00,47,44,796.48599
5.00,47,45,795.933029
5.00,47,46,795.7982993
5.00,47,47,795.1865725
5.00,47,48,795.1336912
5.00,47,49,794.444479
5.00,47,50,794.2580804
5.00,47,51,794.2117998
5.00,47,52,794.1665468
5.00,47,53,794.1416032
5.00,47,54,794.1156415
5.00,47,55,793.7053737
5.00,47,56,793.396981
5.00,47,57,792.9713374
5.00,47,58,792.6847318
5.00,47,59,792.2414459
5.00,47,60,791.9787031
5.00,47,61,791.515663
5.00,47,62,791.2801485
5.00,47,63,790.7939501
5.00,47,64,790.5893228
5.00,47,65,790.0762746
5.00,47,66,789.9080134
5.00,47,67,789.3626021
5.00,47,68,789.2373384
5.00,47,69,788.652906
5.00,47,70,788.5803347
5.00,47,71,787.9471608
5.00,47,72,787.940091
5.00,47,73,787.2453534
5.00,47,74,787.0746039
5.00,47,75,787.031398
5.00,47,76,786.9889438
5.00,47,77,786.9657241
5.00,47,78,786.941213
5.00,47,79,786.5461114
5.00,47,80,786.2459741
5.00,47,81,785.8515924
5.00,47,82,785.553678
5.00,47,83,785.1608196
5.00,47,84,784.8631853
5.00,47,85,784.4737594
5.00,47,86,784.1751321
5.00,47,87,783.7903736
5.00,47,88,783.4884866
5.00,47,89,783.1106292
5.00,47,90,782.8037799
5.00,47,91,782.4344893
5.00,47,92,782.1201222
5.00,47,93,782.119869
5.00,47,94,782.1144928
5.00,47,95,781.6050496
5.00,47,96,781.4575766
5.00,47,97,780.9369599
5.00,47,98,780.8055148
5.00,47,99,780.2723806
5.00,47,100,780.15773
5.00,47,101,779.6112831
5.00,47,102,779.5152556
5.00,47,103,778.9536347
5.00,47,104,778.8776924
5.00,47,105,778.2994085
5.00,47,106,778.2462634
5.00,47,107,777.6485735
5.00,47,108,777.6208613
5.00,47,109,777.0011053
5.00,47,110,776.8286517
5.00,47,111,776.7840053
5.00,47,112,776.7401576
5.00,47,113,776.7109536
5.00,47,114,776.681187
5.00,47,115,776.6751156
5.00,47,116,776.6651068
5.00,47,117,776.2056002
5.00,47,118,776.0152823
5.00,47,119,775.5653598
5.00,47,120,775.3671018
5.00,47,121,774.9283589
5.00,47,122,774.7184412
5.00,47,123,774.2945737
5.00,47,124,774.0708671
5.00,47,125,773.6639697
5.00,47,126,773.4226064
5.00,47,127,773.036524
5.00,47,128,772.7752207
5.00,47,129,772.4122046
5.00,47,130,772.1274553
5.00,47,131,772.12647
5.00,47,132,772.1204071
5.00,47,133,771.6460326
5.00,47,134,771.487709
5.00,47,135,771.0286632
5.00,47,136,770.8548415
5.00,47,137,770.4143323
5.00,47,138,770.2216081
5.00,47,139,769.8030134
5.00,47,140,769.5880248
5.00,47,141,769.194681
5.00,47,142,768.9542132
5.00,47,143,768.589311
5.00,47,144,768.3205842
5.00,47,145,767.9868802
5.00,47,146,767.6877291
5.00,47,147,767.6798795
5.00,47,148,767.6683862
5.00,47,149,767.2473888
5.00,47,150,767.0432184
5.00,47,151,766.6514613
5.00,47,152,766.4182404
5.00,47,153,766.0583895
5.00,47,154,765.7930909
5.00,47,155,765.792253
5.00,47,156,765.7864096
5.00,47,157,765.3303971
5.00,47,158,765.1710005
5.00,47,159,764.7436578
5.00,47,160,764.5549613
5.00,47,161,764.1596952
5.00,47,162,763.9383295
5.00,47,163,763.5784902
5.00,47,164,763.3222195
5.00,47,165,763.321873
5.00,47,166,763.3165741
5.00,47,167,762.8650044
5.00,47,168,762.70818
5.00,47,169,762.2899061
5.00,47,170,762.0997148
5.00,47,171,761.7174874
5.00,47,172,761.4904564
5.00,47,173,761.1477348
5.00,47,174,760.8827456
5.00,47,175,760.8785828
5.00,47,176,760.87033
5.00,47,177,760.4482157
5.00,47,178,760.2671944
5.00,47,179,759.8843523
5.00,47,180,759.6650271
5.00,47,181,759.3230804
5.00,47,182,759.0630247
5.00,47,183,759.0588582
5.00,47,184,759.0503695
5.00,47,185,758.6339347
5.00,47,186,758.453518
5.00,47,187,758.0783972
5.00,47,188,757.8566298
5.00,47,189,757.5253901
5.00,47,190,757.2615787
5.00,47,191,757.2554142
5.00,47,192,757.2455458
5.00,47,193,756.8463314
5.00,47,194,756.6532984
5.00,47,195,756.2989086
5.00,47,196,756.0626813
5.00,47,197,756.0623973
5.00,47,198,756.0573927
5.00,47,199,755.6267263
5.00,47,200,755.4702897
5.00,48,1,783.8156745
5.00,48,2,783.7969236
5.00,48,3,783.7840713
5.00,48,4,783.7825409
5.00,48,5,783.4031067
5.00,48,6,783.2006608
5.00,48,7,772.6262608
5.00,48,8,772.1849957
5.00,48,9,772.1683018
5.00,48,10,772.1189364
5.00,48,11,772.1029495
5.00,48,12,772.0533548
5.00,48,13,772.0380862
5.00,48,14,771.9882585
5.00,48,15,771.9737195
5.00,48,16,771.923655
5.00,48,17,771.909856
5.00,48,18,771.8595506
5.00,48,19,771.846502
5.00,48,20,771.7959514
5.00,48,21,771.7836625
5.00,48,22,771.7328621
5.00,48,23,761.7686517
5.00,48,24,760.1084318
5.00,48,25,760.0087619
5.00,48,26,759.9931622
5.00,48,27,759.9828022
5.00,48,28,758.1565016
5.00,48,29,757.9476956
5.00,48,30,752.8531942
5.00,48,31,752.3423279
5.00,48,32,752.2908337
5.00,48,33,747.6366004
5.00,48,34,741.0257805
5.00,48,35,740.6353376
5.00,48,36,740.6351839
5.00,48,37,740.5964997
5.00,48,38,736.7279467
5.00,48,39,736.6769283
5.00,48,40,736.3903349
5.00,48,41,736.2794567
5.00,48,42,724.6305513
5.00,48,43,724.4585063
5.00,48,44,724.4479051
5.00,48,45,724.4271566
5.00,48,46,724.4180029
5.00,48,47,724.3652371
5.00,48,48,724.3533026
5.00,48,49,723.3319549
5.00,48,50,723.2662766
5.00,48,51,722.3670756
5.00,48,52,722.1713545
5.00,48,53,710.7815045
5.00,48,54,710.1147816
5.00,48,55,710.0796271
5.00,48,56,710.0715534
5.00,48,57,710.0472027
5.00,48,58,710.0337544
5.00,48,59,710.0336401
5.00,48,60,710.0034216
5.00,48,61,709.908742
5.00,48,62,709.8811743
5.00,48,63,699.3127116
5.00,48,64,699.2383825
5.00,48,65,697.5008003
5.00,48,66,697.396401
5.00,48,67,697.3899552
5.00,48,68,697.3893174
5.00,48,69,697.3641637
5.00,48,70,697.3559944
5.00,48,71,697.3357295
5.00,48,72,697.3239431
5.00,48,73,697.3073655
5.00,48,74,697.3055886
5.00,48,75,697.2583011
5.00,48,76,697.2494079
5.00,48,77,697.2430912
5.00,48,78,697.2420569
5.00,48,79,697.2176726
5.00,48,80,697.2089868
5.00,48,81,697.1892823
5.00,48,82,697.1771296
5.00,48,83,697.1609592
5.00,48,84,697.1577089
5.00,48,85,697.1118987
5.00,48,86,697.1029389
5.00,48,87,697.0964708
5.00,48,88,697.0951139
5.00,48,89,697.0713604
5.00,48,90,697.0622595
5.00,48,91,697.043012
5.00,48,92,697.0305689
5.00,48,93,697.0147283
5.00,48,94,697.0103084
5.00,48,95,696.9656831
5.00,48,96,696.9566734
5.00,48,97,696.9500884
5.00,48,98,696.9484802
5.00,48,99,696.9252263
5.00,48,100,696.9158067
5.00,48,101,696.8969179
5.00,48,102,696.8842564
5.00,48,103,696.8686722
5.00,48,104,696.863373
5.00,48,105,696.8196532
5.00,48,106,696.8106095
5.00,48,107,696.8039407
5.00,48,108,696.8021498
5.00,48,109,696.7792695
5.00,48,110,696.7696243
5.00,48,111,696.7509994
5.00,48,112,696.7381893
5.00,48,113,696.7381764
5.00,48,114,696.7121005
5.00,48,115,696.7042801
5.00,48,116,696.6837901
5.00,48,117,696.6720263
5.00,48,118,696.6555633
5.00,48,119,696.6526806
5.00,48,120,696.6066142
5.00,48,121,696.5976177
5.00,48,122,696.590996
5.00,48,123,696.5893876
5.00,48,124,696.5662641
5.00,48,125,696.5564092
5.00,48,126,696.5380279
5.00,48,127,696.5248129
5.00,48,128,696.524226
5.00,48,129,696.4992146
5.00,48,130,696.4912707
5.00,48,131,696.4709816
5.00,48,132,696.459508
5.00,48,133,696.4428151
5.00,48,134,696.4424009
5.00,48,135,696.3941592
5.00,48,136,696.3854323
5.00,48,137,696.3793912
5.00,48,138,696.3788689
5.00,48,139,696.3537785
5.00,48,140,696.3459501
5.00,48,141,696.3255778
5.00,48,142,696.3142165
5.00,48,143,696.2974434
5.00,48,144,696.283396
5.00,48,145,696.2819092
5.00,48,146,696.2586447
5.00,48,147,696.2490016
5.00,48,148,696.2304767
5.00,48,149,696.2174634
5.00,48,150,696.217091
5.00,48,151,696.19177
5.00,48,152,696.1841781
5.00,48,153,696.1636037
5.00,48,154,696.15245
5.00,48,155,696.1355036
5.00,48,156,696.1216366
5.00,48,157,696.1203498
5.00,48,158,696.096763
5.00,48,159,696.0874088
5.00,48,160,696.0686274
5.00,48,161,696.0558503
5.00,48,162,696.0557412
5.00,48,163,696.0299823
5.00,48,164,696.0227843
5.00,48,165,696.0018475
5.00,48,166,695.9910229
5.00,48,167,695.9737796
5.00,48,168,695.9601863
5.00,48,169,695.9592091
5.00,48,170,695.9351006
5.00,48,171,695.9261786
5.00,48,172,695.9069947
5.00,48,173,695.8945591
5.00,48,174,695.878962
5.00,48,175,695.873525
5.00,48,176,695.8302415
5.00,48,177,695.8211911
5.00,48,178,695.8143931
5.00,48,179,695.8123586
5.00,48,180,695.7902144
5.00,48,181,695.7799405
5.00,48,182,695.762168
5.00,48,183,695.7487655
5.00,48,184,695.7479147
5.00,48,185,695.7235938
5.00,48,186,695.715427
5.00,48,187,695.6955469
5.00,48,188,695.6840313
5.00,48,189,695.6675617
5.00,48,190,695.6670623
5.00,48,191,695.6192196
5.00,48,192,695.6105696
5.00,48,193,695.6046253
5.00,48,194,695.6042539
5.00,48,195,695.5790963
5.00,48,196,695.57162
5.00,48,197,695.551072
5.00,48,198,695.5401114
5.00,48,199,695.5231112
5.00,48,200,695.5094775
5.00,49,1,664.1778188
5.00,49,2,664.1024974
5.00,49,3,664.0573896
5.00,49,4,664.0145838
5.00,49,5,663.9779314
5.00,49,6,663.9440328
5.00,49,7,663.9205419
5.00,49,8,663.9002682
5.00,49,9,663.8978868
5.00,49,10,663.6158614
5.00,49,11,663.4087652
5.00,49,12,662.6603332
5.00,49,13,662.5668171
5.00,49,14,662.172041
5.00,49,15,661.9525547
5.00,49,16,661.9455955
5.00,49,17,661.6301813
5.00,49,18,661.5726836
5.00,49,19,661.1510265
5.00,49,20,661.0454726
5.00,49,21,661.0166997
5.00,49,22,660.9975134
5.00,49,23,660.9968449
5.00,49,24,660.7228571
5.00,49,25,660.5937762
5.00,49,26,659.7973882
5.00,49,27,659.7623693
5.00,49,28,659.3248463
5.00,49,29,659.1861967
5.00,49,30,659.1830632
5.00,49,31,658.8001997
5.00,49,32,658.6927795
5.00,49,33,658.6689129
5.00,49,34,658.651434
5.00,49,35,658.4402183
5.00,49,36,658.2567155
5.00,49,37,657.9747892
5.00,49,38,657.9075246
5.00,49,39,657.5128808
5.00,49,40,657.4199563
5.00,49,41,657.4009752
5.00,49,42,657.3884525
5.00,49,43,657.1581795
5.00,49,44,657.0183948
5.00,49,45,656.6995621
5.00,49,46,656.5808096
5.00,49,47,656.5561059
5.00,49,48,656.5360618
5.00,49,49,656.5317117
5.00,49,50,656.2952451
5.00,49,51,656.2045585
5.00,49,52,655.4143349
5.00,49,53,655.3068818
5.00,49,54,655.2825189
5.00,49,55,655.2713614
5.00,49,56,655.2654619
5.00,49,57,655.0163291
5.00,49,58,654.9345679
5.00,49,59,654.5686116
5.00,49,60,654.4776108
5.00,49,61,654.4628446
5.00,49,62,654.453292
5.00,49,63,654.2264288
5.00,49,64,654.1169587
5.00,49,65,653.7825977
5.00,49,66,653.6831048
5.00,49,67,653.6657705
5.00,49,68,653.6535901
5.00,49,69,653.4435083
5.00,49,70,653.3148876
5.00,49,71,653.0035266
5.00,49,72,652.8986875
5.00,49,73,652.8797706
5.00,49,74,652.8659761
5.00,49,75,652.6674612
5.00,49,76,652.5279628
5.00,49,77,652.2312939
5.00,49,78,652.1242065
5.00,49,79,652.1046958
5.00,49,80,652.0903384
5.00,49,81,651.8981851
5.00,49,82,651.7563164
5.00,49,83,651.465801
5.00,49,84,651.3597511
5.00,49,85,651.3407209
5.00,49,86,651.3269695
5.00,49,87,651.1355829
5.00,49,88,651.0008813
5.00,49,89,650.7069578
5.00,49,90,650.6057927
5.00,49,91,650.5885345
5.00,49,92,650.5768109
5.00,49,93,650.3795648
5.00,49,94,650.2639192
5.00,49,95,649.9546881
5.00,49,96,649.8634602
5.00,49,97,649.8497133
5.00,49,98,649.8419307
5.00,49,99,649.6300523
5.00,49,100,649.5500939
5.00,49,101,649.208939
5.00,49,102,649.1351241
5.00,49,103,649.1275197
5.00,49,104,649.126535
5.00,49,105,648.8869873
5.00,49,106,648.8688399
5.00,49,107,648.4697053
5.00,49,108,648.4257488
5.00,49,109,648.2473844
5.00,49,110,648.1207278
5.00,49,111,647.8328138
5.00,49,112,647.7428459
5.00,49,113,647.7295992
5.00,49,114,647.7228694
5.00,49,115,647.5159077
5.00,49,116,647.4521777
5.00,49,117,647.1050008
5.00,49,118,647.0449122
5.00,49,119,647.0425726
5.00,49,120,646.8380079
5.00,49,121,646.6575203
5.00,49,122,646.4293076
5.00,49,123,646.2782682
5.00,49,124,646.022929
5.00,49,125,645.9036691
5.00,49,126,645.6217969
5.00,49,127,645.6043414
5.00,49,128,645.5723357
5.00,49,129,645.1732966
5.00,49,130,645.1480948
5.00,49,131,645.1474657
5.00,49,132,644.907972
5.00,49,133,644.7951606
5.00,49,134,644.5125391
5.00,49,135,644.4927251
5.00,49,136,644.4568039
5.00,49,137,644.0696482
5.00,49,138,644.0538144
5.00,49,139,643.8589005
5.00,49,140,643.7473727
5.00,49,141,643.7121836
5.00,49,142,643.693034
5.00,49,143,643.6886113
5.00,49,144,643.5043988
5.00,49,145,643.3361736
5.00,49,146,643.1111717
5.00,49,147,642.989719
5.00,49,148,642.7201786
5.00,49,149,642.6614932
5.00,49,150,642.3343094
5.00,49,151,642.2308109
5.00,49,152,642.1995996
5.00,49,153,642.1878032
5.00,49,154,642.1842726
5.00,49,155,641.9875893
5.00,49,156,641.9707575
5.00,49,157,641.6025293
5.00,49,158,641.581808
5.00,49,159,641.3971116
5.00,49,160,641.3626069
5.00,49,161,641.0149689
5.00,49,162,640.9864231
5.00,49,163,640.8111059
5.00,49,164,640.7711268
5.00,49,165,640.4347412
5.00,49,166,640.4046443
5.00,49,167,640.4044903
5.00,49,168,640.1839641
5.00,49,169,640.1016088
5.00,49,170,639.8096424
5.00,49,171,639.7092007
5.00,49,172,639.6787646
5.00,49,173,639.6681844
5.00,49,174,639.6663467
5.00,49,175,639.4728098
5.00,49,176,639.3740555
5.00,49,177,639.358883
5.00,49,178,639.3504523
5.00,49,179,639.1855202
5.00,49,180,639.1307009
5.00,49,181,638.8127463
5.00,49,182,638.7811759
5.00,49,183,638.6140885
5.00,49,184,638.5704045
5.00,49,185,638.2439333
5.00,49,186,638.2202649
5.00,49,187,638.0465559
5.00,49,188,638.0246998
5.00,49,189,637.6793793
5.00,49,190,637.6703866
5.00,49,191,637.4832753
5.00,49,192,637.3886798
5.00,49,193,637.3737994
5.00,49,194,637.3670632
5.00,49,195,637.20215
5.00,49,196,637.1698331
5.00,49,197,636.8382163
5.00,49,198,636.8241694
5.00,49,199,636.644042
5.00,49,200,636.5494897
5.00,50,1,828.8616222
5.00,50,2,828.5628391
5.00,50,3,828.475078
5.00,50,4,828.4516916
5.00,50,5,828.2394064
5.00,50,6,828.1406009
5.00,50,7,828.0845876
5.00,50,8,827.9217386
5.00,50,9,827.848704
5.00,50,10,827.6177855
5.00,50,11,827.5216117
5.00,50,12,827.4702217
5.00,50,13,827.3018048
5.00,50,14,827.246518
5.00,50,15,827.0006987
5.00,50,16,826.9087609
5.00,50,17,826.8681364
5.00,50,18,826.6846485
5.00,50,19,826.6475622
5.00,50,20,826.3844543
5.00,50,21,826.2941523
5.00,50,22,826.2560147
5.00,50,23,826.0698446
5.00,50,24,826.0472045
5.00,50,25,825.7724793
5.00,50,26,825.6861481
5.00,50,27,825.6582318
5.00,50,28,825.4576814
5.00,50,29,825.4495169
5.00,50,30,825.1608155
5.00,50,31,825.0751636
5.00,50,32,825.0470787
5.00,50,33,824.847736
5.00,50,34,824.7490762
5.00,50,35,824.6875225
5.00,50,36,824.5379072
5.00,50,37,824.4448856
5.00,50,38,824.2397549
5.00,50,39,824.2391046
5.00,50,40,823.9453908
5.00,50,41,823.8610608
5.00,50,42,823.8344551
5.00,50,43,823.6345145
5.00,50,44,823.5367062
5.00,50,45,823.4755443
5.00,50,46,823.32709
5.00,50,47,823.2331489
5.00,50,48,823.0312104
5.00,50,49,823.0251897
5.00,50,50,822.7388744
5.00,50,51,822.6539408
5.00,50,52,822.6239146
5.00,50,53,822.4306154
5.00,50,54,822.421011
5.00,50,55,822.1404517
5.00,50,56,822.0567603
5.00,50,57,822.0299282
5.00,50,58,821.8325338
5.00,50,59,821.8190841
5.00,50,60,821.5421406
5.00,50,61,821.4563336
5.00,50,62,821.4222518
5.00,50,63,821.2365516
5.00,50,64,821.2139067
5.00,50,65,820.9480245
5.00,50,66,820.8624924
5.00,50,67,820.8290529
5.00,50,68,820.6430691
5.00,50,69,820.611409
5.00,50,70,820.354263
5.00,50,71,820.2660685
5.00,50,72,820.2241404
5.00,50,73,820.0517167
5.00,50,74,820.006714
5.00,50,75,819.7644681
5.00,50,76,819.6757365
5.00,50,77,819.6322682
5.00,50,78,819.4628553
5.00,50,79,819.4052422
5.00,50,80,819.1753998
5.00,50,81,819.0837911
5.00,50,82,819.0314921
5.00,50,83,818.8761773
5.00,50,84,818.8029713
5.00,50,85,818.5900113
5.00,50,86,818.4973078
5.00,50,87,818.4419278
5.00,50,88,818.29198
5.00,50,89,818.2044429
5.00,50,90,818.0057682
5.00,50,91,817.994256
5.00,50,92,817.7223629
5.00,50,93,817.6376042
5.00,50,94,817.6005257
5.00,50,95,817.4243446
5.00,50,96,817.3865299
5.00,50,97,817.1421223
5.00,50,98,817.0550834
5.00,50,99,817.0121059
5.00,50,100,816.8454944
5.00,50,101,816.7847133
5.00,50,102,816.5627451
5.00,50,103,816.4714498
5.00,50,104,816.4162694
5.00,50,105,816.268892
5.00,50,106,816.1844642
5.00,50,107,815.9871014
5.00,50,108,815.9842617
5.00,50,109,815.7086931
5.00,50,110,815.627104
5.00,50,111,815.5959349
5.00,50,112,815.4133976
5.00,50,113,815.377397
5.00,50,114,815.1339474
5.00,50,115,815.0464456
5.00,50,116,814.9988109
5.00,50,117,814.8419945
5.00,50,118,814.7737989
5.00,50,119,814.5633567
5.00,50,120,814.4725757
5.00,50,121,814.4164387
5.00,50,122,814.2732267
5.00,50,123,814.1785167
5.00,50,124,813.9942251
5.00,50,125,813.961131
5.00,50,126,813.7173953
5.00,50,127,813.630664
5.00,50,128,813.583011
5.00,50,129,813.4281309
5.00,50,130,813.3577119
5.00,50,131,813.1519659
5.00,50,132,813.0613008
5.00,50,133,813.0035342
5.00,50,134,812.864751
5.00,50,135,812.7646208
5.00,50,136,812.5881818
5.00,50,137,812.5437965
5.00,50,138,812.3135648
5.00,50,139,812.2257378
5.00,50,140,812.1734651
5.00,50,141,812.0275064
5.00,50,142,811.9440398
5.00,50,143,811.7534396
5.00,50,144,811.7397501
5.00,50,145,811.4820724
5.00,50,146,811.3998024
5.00,50,147,811.36091
5.00,50,148,811.1956105
5.00,50,149,811.135476
5.00,50,150,810.9230807
5.00,50,151,810.8336349
5.00,50,152,810.7755184
5.00,50,153,810.6403776
5.00,50,154,810.5413389
5.00,50,155,810.3683261
5.00,50,156,810.3276102
5.00,50,157,810.0985317
5.00,50,158,810.0128884
5.00,50,159,809.9636543
5.00,50,160,809.8160114
5.00,50,161,809.7312106
5.00,50,162,809.5453493
5.00,50,163,809.5152251
5.00,50,164,809.2764568
5.00,50,165,809.1913484
5.00,50,166,809.1418151
5.00,50,167,808.9957619
5.00,50,168,808.9146626
5.00,50,169,808.7271823
5.00,50,170,808.708866
5.00,50,171,808.4609109
5.00,50,172,808.3787298
5.00,50,173,808.3359718
5.00,50,174,808.1805594
5.00,50,175,808.1078496
5.00,50,176,807.9130953
5.00,50,177,807.8956038
5.00,50,178,807.6473277
5.00,50,179,807.5642569
5.00,50,180,807.5176339
5.00,50,181,807.3692705
5.00,50,182,807.2927586
5.00,50,183,807.1036952
5.00,50,184,807.0878598
5.00,50,185,806.8402806
5.00,50,186,806.758838
5.00,50,187,806.7157857
5.00,50,188,806.5629519
5.00,50,189,806.4875978
5.00,50,190,806.2982892
5.00,50,191,806.273318
5.00,50,192,806.0351501
5.00,50,193,805.9516222
5.00,50,194,805.9018363
5.00,50,195,805.7604938
5.00,50,196,805.6747864
5.00,50,197,805.4974955
5.00,50,198,805.4644852
5.00,50,199,805.236356
5.00,50,200,805.1531131
