SNR_dB,mc_idx,iter_idx,L_val
0.00,1,1,726.1467586
0.00,1,2,722.1064143
0.00,1,3,720.6096407
0.00,1,4,719.9053929
0.00,1,5,709.9905893
0.00,1,6,709.3260438
0.00,1,7,709.0803382
0.00,1,8,708.9015264
0.00,1,9,708.6804143
0.00,1,10,708.4900386
0.00,1,11,708.2313953
0.00,1,12,702.3456563
0.00,1,13,692.6247327
0.00,1,14,691.6372083
0.00,1,15,691.3269791
0.00,1,16,691.2318963
0.00,1,17,690.9684768
0.00,1,18,690.852698
0.00,1,19,690.6260598
0.00,1,20,690.4907136
0.00,1,21,690.2927638
0.00,1,22,690.1407739
0.00,1,23,689.9650422
0.00,1,24,689.3018905
0.00,1,25,687.5645067
0.00,1,26,677.1470857
0.00,1,27,676.4285783
0.00,1,28,676.2072289
0.00,1,29,676.0788827
0.00,1,30,676.0637295
0.00,1,31,674.5242564
0.00,1,32,674.1929527
0.00,1,33,663.6297318
0.00,1,34,663.4214197
0.00,1,35,663.1099216
0.00,1,36,663.0827579
0.00,1,37,662.8265809
0.00,1,38,662.773826
0.00,1,39,662.5609228
0.00,1,40,662.4846381
0.00,1,41,662.3051444
0.00,1,42,662.2092383
0.00,1,43,662.0552433
0.00,1,44,661.9438039
0.00,1,45,661.809095
0.00,1,46,661.7990652
0.00,1,47,661.4618722
0.00,1,48,661.3294206
0.00,1,49,661.3074213
0.00,1,50,660.9812327
0.00,1,51,660.8528143
0.00,1,52,660.8151726
0.00,1,53,660.5049765
0.00,1,54,660.5024584
0.00,1,55,660.2534022
0.00,1,56,660.2103758
0.00,1,57,660.0065364
0.00,1,58,659.9337341
0.00,1,59,659.763302
0.00,1,60,659.6686644
0.00,1,61,659.5228985
0.00,1,62,659.4122913
0.00,1,63,659.2847321
0.00,1,64,659.2542164
0.00,1,65,658.943651
0.00,1,66,658.8185523
0.00,1,67,658.7746713
0.00,1,68,658.4758283
0.00,1,69,658.4668997
0.00,1,70,658.2296434
0.00,1,71,658.1811498
0.00,1,72,657.9882693
0.00,1,73,657.9113134
0.00,1,74,657.7505063
0.00,1,75,657.6530602
0.00,1,76,657.5154988
0.00,1,77,657.4033038
0.00,1,78,657.3963362
0.00,1,79,657.160216
0.00,1,80,657.1150927
0.00,1,81,656.9215853
0.00,1,82,656.8484677
0.00,1,83,656.686384
0.00,1,84,656.5927695
0.00,1,85,656.4538518
0.00,1,86,656.3452662
0.00,1,87,656.2234263
0.00,1,88,656.1843399
0.00,1,89,655.8915655
0.00,1,90,655.8870498
0.00,1,91,655.652094
0.00,1,92,655.609382
0.00,1,93,655.4170706
0.00,1,94,655.3463393
0.00,1,95,655.1854652
0.00,1,96,655.0942207
0.00,1,97,654.9565156
0.00,1,98,654.8502889
0.00,1,99,654.7296586
0.00,1,100,654.6951438
0.00,1,101,654.403682
0.00,1,102,654.4014085
0.00,1,103,654.167745
0.00,1,104,654.1272835
0.00,1,105,653.9362412
0.00,1,106,653.8677681
0.00,1,107,653.70814
0.00,1,108,653.6191597
0.00,1,109,653.4826792
0.00,1,110,653.3787202
0.00,1,111,653.2592956
0.00,1,112,653.2290849
0.00,1,113,652.9390199
0.00,1,114,652.9388618
0.00,1,115,652.7065303
0.00,1,116,652.6682186
0.00,1,117,652.4784558
0.00,1,118,652.412157
0.00,1,119,652.2537668
0.00,1,120,652.1669771
0.00,1,121,652.0317015
0.00,1,122,651.9299434
0.00,1,123,651.8116976
0.00,1,124,651.7856618
0.00,1,125,651.4969682
0.00,1,126,651.3810655
0.00,1,127,651.3422447
0.00,1,128,651.0646927
0.00,1,129,651.0573481
0.00,1,130,650.837081
0.00,1,131,650.7929035
0.00,1,132,650.6139119
0.00,1,133,650.5432312
0.00,1,134,650.3940693
0.00,1,135,650.304303
0.00,1,136,650.1767572
0.00,1,137,650.0732473
0.00,1,138,650.0676365
0.00,1,139,649.8483519
0.00,1,140,649.807193
0.00,1,141,649.6275772
0.00,1,142,649.560343
0.00,1,143,649.4099638
0.00,1,144,649.323639
0.00,1,145,649.1948023
0.00,1,146,649.0945319
0.00,1,147,648.9815687
0.00,1,148,648.9466103
0.00,1,149,648.6746459
0.00,1,150,648.6711357
0.00,1,151,648.4529207
0.00,1,152,648.4138777
0.00,1,153,648.2352993
0.00,1,154,648.1701854
0.00,1,155,648.0208235
0.00,1,156,647.9366164
0.00,1,157,647.8087852
0.00,1,158,647.7106255
0.00,1,159,647.598661
0.00,1,160,647.5681121
0.00,1,161,647.2969543
0.00,1,162,647.2956973
0.00,1,163,647.0782991
0.00,1,164,647.0414792
0.00,1,165,646.8637343
0.00,1,166,646.8008121
0.00,1,167,646.6523029
0.00,1,168,646.5702564
0.00,1,169,646.4432972
0.00,1,170,646.3472688
0.00,1,171,646.2361943
0.00,1,172,646.21043
0.00,1,173,645.9396531
0.00,1,174,645.8307081
0.00,1,175,645.7933156
0.00,1,176,645.5326605
0.00,1,177,645.525482
0.00,1,178,645.3183422
0.00,1,179,645.2766673
0.00,1,180,645.1081484
0.00,1,181,645.0416092
0.00,1,182,644.9010433
0.00,1,183,644.8165676
0.00,1,184,644.6962866
0.00,1,185,644.5988719
0.00,1,186,644.5941051
0.00,1,187,644.386924
0.00,1,188,644.3486276
0.00,1,189,644.1788273
0.00,1,190,644.1159038
0.00,1,191,643.9736832
0.00,1,192,643.8927033
0.00,1,193,643.7708269
0.00,1,194,643.676636
0.00,1,195,643.569767
0.00,1,196,643.5392049
0.00,1,197,643.2808104
0.00,1,198,643.2790457
0.00,1,199,643.0716172
0.00,1,200,643.036076
0.00,2,1,689.1437797
0.00,2,2,688.9358736
0.00,2,3,688.8049724
0.00,2,4,688.7816125
0.00,2,5,687.1893414
0.00,2,6,686.2571975
0.00,2,7,683.8120473
0.00,2,8,682.9979755
0.00,2,9,682.889319
0.00,2,10,682.8869053
0.00,2,11,681.3200337
0.00,2,12,680.5324331
0.00,2,13,678.1587255
0.00,2,14,677.4137109
0.00,2,15,677.3167402
0.00,2,16,676.1747418
0.00,2,17,675.452789
0.00,2,18,673.1995088
0.00,2,19,672.8428286
0.00,2,20,671.6579487
0.00,2,21,671.1858657
0.00,2,22,668.8351987
0.00,2,23,668.5966894
0.00,2,24,667.3694726
0.00,2,25,667.1384374
0.00,2,26,664.6859818
0.00,2,27,664.5649333
0.00,2,28,663.2895392
0.00,2,29,662.6061353
0.00,2,30,662.5036152
0.00,2,31,662.4700773
0.00,2,32,661.3269669
0.00,2,33,661.1152167
0.00,2,34,658.8292063
0.00,2,35,658.720242
0.00,2,36,657.5273639
0.00,2,37,656.8936069
0.00,2,38,656.8002849
0.00,2,39,656.7723542
0.00,2,40,655.6957605
0.00,2,41,655.5318759
0.00,2,42,653.3620936
0.00,2,43,653.2856885
0.00,2,44,652.1437784
0.00,2,45,651.5679728
0.00,2,46,651.4887928
0.00,2,47,651.4736185
0.00,2,48,650.428244
0.00,2,49,650.3828647
0.00,2,50,648.2407085
0.00,2,51,647.9120184
0.00,2,52,647.7314794
0.00,2,53,647.5813032
0.00,2,54,647.4676842
0.00,2,55,647.4048768
0.00,2,56,646.5969325
0.00,2,57,646.1424363
0.00,2,58,644.5084967
0.00,2,59,644.3057916
0.00,2,60,643.4177873
0.00,2,61,643.2646136
0.00,2,62,641.4120871
0.00,2,63,641.3787077
0.00,2,64,640.3617459
0.00,2,65,639.9024201
0.00,2,66,639.8541699
0.00,2,67,639.1029309
0.00,2,68,638.4863548
0.00,2,69,637.1980967
0.00,2,70,636.7720422
0.00,2,71,636.7308946
0.00,2,72,635.9888444
0.00,2,73,635.7611393
0.00,2,74,634.162426
0.00,2,75,634.1219695
0.00,2,76,633.2047613
0.00,2,77,632.8009873
0.00,2,78,632.7682291
0.00,2,79,632.0553941
0.00,2,80,631.6142658
0.00,2,81,630.3145917
0.00,2,82,630.0010362
0.00,2,83,629.9978772
0.00,2,84,629.2071993
0.00,2,85,628.7927638
0.00,2,86,628.7521182
0.00,2,87,628.115708
0.00,2,88,627.6700961
0.00,2,89,626.4611664
0.00,2,90,626.1763813
0.00,2,91,625.5951431
0.00,2,92,625.129102
0.00,2,93,623.9938185
0.00,2,94,623.720406
0.00,2,95,623.1552486
0.00,2,96,622.7420748
0.00,2,97,621.604285
0.00,2,98,621.3716595
0.00,2,99,620.7913323
0.00,2,100,620.4958453
0.00,2,101,619.2881415
0.00,2,102,619.1252467
0.00,2,103,618.4991234
0.00,2,104,618.3910457
0.00,2,105,617.0413916
0.00,2,106,616.981514
0.00,2,107,616.274724
0.00,2,108,615.9319038
0.00,2,109,615.9092775
0.00,2,110,615.3537006
0.00,2,111,614.9971921
0.00,2,112,614.9712385
0.00,2,113,614.4435321
0.00,2,114,614.2694082
0.00,2,115,613.061955
0.00,2,116,613.0158155
0.00,2,117,612.3348859
0.00,2,118,612.0377615
0.00,2,119,612.0330341
0.00,2,120,611.4609714
0.00,2,121,611.1725941
0.00,2,122,610.751654
0.00,2,123,610.5978939
0.00,2,124,609.4395028
0.00,2,125,609.2733654
0.00,2,126,609.1919473
0.00,2,127,609.1424721
0.00,2,128,608.7423011
0.00,2,129,608.5978831
0.00,2,130,607.4651607
0.00,2,131,607.3089329
0.00,2,132,607.2339063
0.00,2,133,607.1922146
0.00,2,134,606.7859007
0.00,2,135,606.7408777
0.00,2,136,605.5429424
0.00,2,137,605.409392
0.00,2,138,605.3476657
0.00,2,139,605.3237154
0.00,2,140,604.8799636
0.00,2,141,604.5913692
0.00,2,142,604.2307197
0.00,2,143,604.125068
0.00,2,144,603.0293961
0.00,2,145,602.8985992
0.00,2,146,602.840174
0.00,2,147,602.8196243
0.00,2,148,602.3887661
0.00,2,149,602.1254264
0.00,2,150,601.7609472
0.00,2,151,601.4506771
0.00,2,152,601.4385072
0.00,2,153,601.0024131
0.00,2,154,600.7239046
0.00,2,155,600.7231559
0.00,2,156,600.2522732
0.00,2,157,600.0554863
0.00,2,158,599.6422451
0.00,2,159,599.4038781
0.00,2,160,599.0373114
0.00,2,161,598.7660612
0.00,2,162,598.4373662
0.00,2,163,598.1402376
0.00,2,164,598.133058
0.00,2,165,597.7122061
0.00,2,166,597.4698858
0.00,2,167,597.1224567
0.00,2,168,596.8318243
0.00,2,169,596.8230524
0.00,2,170,596.4106867
0.00,2,171,596.2203355
0.00,2,172,595.8317051
0.00,2,173,595.6274218
0.00,2,174,595.257273
0.00,2,175,595.0436259
0.00,2,176,594.6873151
0.00,2,177,594.4684461
0.00,2,178,594.1217602
0.00,2,179,593.9015456
0.00,2,180,593.5605408
0.00,2,181,593.3427433
0.00,2,182,593.0035935
0.00,2,183,592.7920141
0.00,2,184,592.4508584
0.00,2,185,592.2494986
0.00,2,186,591.9022802
0.00,2,187,591.7155258
0.00,2,188,591.357808
0.00,2,189,591.1906503
0.00,2,190,590.8173968
0.00,2,191,590.6757106
0.00,2,192,590.2810084
0.00,2,193,590.171915
0.00,2,194,589.7486137
0.00,2,195,589.6809685
0.00,2,196,589.2201949
0.00,2,197,589.2052593
0.00,2,198,588.6957504
0.00,2,199,588.5556152
0.00,2,200,588.4996681
0.00,3,1,727.7536889
0.00,3,2,727.7233647
0.00,3,3,727.624451
0.00,3,4,727.5902306
0.00,3,5,727.558486
0.00,3,6,727.5280777
0.00,3,7,727.4990255
0.00,3,8,727.4718942
0.00,3,9,727.4467185
0.00,3,10,727.4244085
0.00,3,11,727.4049055
0.00,3,12,727.3896922
0.00,3,13,727.378485
0.00,3,14,727.3737207
0.00,3,15,727.1740577
0.00,3,16,727.0520759
0.00,3,17,726.5629634
0.00,3,18,726.5413803
0.00,3,19,726.2491748
0.00,3,20,726.1353793
0.00,3,21,726.1062805
0.00,3,22,725.8992894
0.00,3,23,725.8771927
0.00,3,24,725.3047439
0.00,3,25,725.2520654
0.00,3,26,725.2021313
0.00,3,27,725.1688939
0.00,3,28,725.1367821
0.00,3,29,725.1055209
0.00,3,30,725.0754148
0.00,3,31,725.0464977
0.00,3,32,725.0192701
0.00,3,33,724.9937247
0.00,3,34,724.970657
0.00,3,35,724.9499598
0.00,3,36,724.9329074
0.00,3,37,724.9191765
0.00,3,38,724.910825
0.00,3,39,724.9070933
0.00,3,40,724.6931026
0.00,3,41,724.6278665
0.00,3,42,724.095405
0.00,3,43,724.0209373
0.00,3,44,723.9985281
0.00,3,45,723.9791873
0.00,3,46,723.963687
0.00,3,47,723.9515989
0.00,3,48,723.9451523
0.00,3,49,723.9434006
0.00,3,50,723.7156999
0.00,3,51,723.6708286
0.00,3,52,723.1231355
0.00,3,53,723.0493543
0.00,3,54,723.0267238
0.00,3,55,723.007129
0.00,3,56,722.9911844
0.00,3,57,722.9784392
0.00,3,58,722.9710189
0.00,3,59,722.9679666
0.00,3,60,722.7466456
0.00,3,61,722.6696682
0.00,3,62,722.159049
0.00,3,63,722.0788934
0.00,3,64,722.0548091
0.00,3,65,722.033394
0.00,3,66,722.015076
0.00,3,67,721.9994807
0.00,3,68,721.9883663
0.00,3,69,721.9809498
0.00,3,70,721.9800354
0.00,3,71,721.750441
0.00,3,72,721.6169092
0.00,3,73,721.1677336
0.00,3,74,721.0858859
0.00,3,75,721.0831039
0.00,3,76,720.8332318
0.00,3,77,720.7965248
0.00,3,78,720.2559324
0.00,3,79,720.1801838
0.00,3,80,720.149655
0.00,3,81,720.1271958
0.00,3,82,720.107595
0.00,3,83,720.0902879
0.00,3,84,720.0767992
0.00,3,85,720.0663914
0.00,3,86,720.0614453
0.00,3,87,720.0605908
0.00,3,88,719.819015
0.00,3,89,719.742367
0.00,3,90,719.2464171
0.00,3,91,719.2162206
0.00,3,92,718.9527294
0.00,3,93,718.8459761
0.00,3,94,718.7751068
0.00,3,95,718.7623254
0.00,3,96,718.7559789
0.00,3,97,718.7532956
0.00,3,98,718.5209912
0.00,3,99,718.4041036
0.00,3,100,717.9548951
0.00,3,101,717.8900286
0.00,3,102,717.8881332
0.00,3,103,717.6296951
0.00,3,104,717.4875668
0.00,3,105,717.0680715
0.00,3,106,716.9575693
0.00,3,107,716.9334154
0.00,3,108,716.9284282
0.00,3,109,716.9275765
0.00,3,110,716.6778626
0.00,3,111,716.5675462
0.00,3,112,716.1210449
0.00,3,113,716.046201
0.00,3,114,716.0368338
0.00,3,115,715.801119
0.00,3,116,715.6016282
0.00,3,117,715.2489681
0.00,3,118,715.1327799
0.00,3,119,715.0773517
0.00,3,120,715.0638331
0.00,3,121,715.0541184
0.00,3,122,715.049316
0.00,3,123,715.0476316
0.00,3,124,714.7982828
0.00,3,125,714.6587201
0.00,3,126,714.2507101
0.00,3,127,714.1461761
0.00,3,128,714.1324521
0.00,3,129,714.1270218
0.00,3,130,713.9032867
0.00,3,131,713.7084698
0.00,3,132,713.3601564
0.00,3,133,713.2337615
0.00,3,134,713.2088964
0.00,3,135,713.1977303
0.00,3,136,713.1910298
0.00,3,137,713.1869709
0.00,3,138,712.9501281
0.00,3,139,712.7644342
0.00,3,140,712.4115575
0.00,3,141,712.2765689
0.00,3,142,712.2572001
0.00,3,143,712.2450011
0.00,3,144,712.2368473
0.00,3,145,712.2310549
0.00,3,146,712.2307551
0.00,3,147,711.9726927
0.00,3,148,711.749872
0.00,3,149,711.4387751
0.00,3,150,711.2980709
0.00,3,151,711.289187
0.00,3,152,710.8754075
0.00,3,153,710.7557805
0.00,3,154,710.7377816
0.00,3,155,710.7269115
0.00,3,156,710.7202079
0.00,3,157,710.7156965
0.00,3,158,710.4745581
0.00,3,159,710.2647235
0.00,3,160,709.9479235
0.00,3,161,709.8631952
0.00,3,162,709.8619519
0.00,3,163,709.3919701
0.00,3,164,709.3536604
0.00,3,165,708.8716843
0.00,3,166,708.8111778
0.00,3,167,708.7039754
0.00,3,168,708.6856806
0.00,3,169,708.6714304
0.00,3,170,708.6603884
0.00,3,171,708.6509688
0.00,3,172,708.645819
0.00,3,173,708.642545
0.00,3,174,708.3827614
0.00,3,175,708.1721374
0.00,3,176,707.8660848
0.00,3,177,707.7380198
0.00,3,178,707.7215071
0.00,3,179,707.3205764
0.00,3,180,707.1812829
0.00,3,181,707.1806076
0.00,3,182,706.7779209
0.00,3,183,706.7233315
0.00,3,184,706.2702212
0.00,3,185,706.2280547
0.00,3,186,706.106941
0.00,3,187,706.0878018
0.00,3,188,706.0732621
0.00,3,189,706.0598366
0.00,3,190,706.0495809
0.00,3,191,706.0405893
0.00,3,192,706.0357281
0.00,3,193,706.0322627
0.00,3,194,705.7619584
0.00,3,195,705.5321034
0.00,3,196,705.2575588
0.00,3,197,705.0624024
0.00,3,198,705.0290033
0.00,3,199,704.7249641
0.00,3,200,704.4777614
0.00,4,1,802.1439326
0.00,4,2,802.1408528
0.00,4,3,802.13995
0.00,4,4,802.1303422
0.00,4,5,802.1262884
0.00,4,6,802.1184669
0.00,4,7,802.1135298
0.00,4,8,802.1070788
0.00,5,1,890.8078166
0.00,5,2,865.2659221
0.00,5,3,862.888857
0.00,5,4,861.2815733
0.00,5,5,859.7609927
0.00,5,6,858.5631872
0.00,5,7,857.4034117
0.00,5,8,856.4441348
0.00,5,9,855.5240396
0.00,5,10,854.7347719
0.00,5,11,853.981225
0.00,5,12,853.3136681
0.00,5,13,852.6758237
0.00,5,14,852.0948508
0.00,5,15,851.5373745
0.00,5,16,851.0177952
0.00,5,17,850.5162501
0.00,5,18,850.0401785
0.00,5,19,849.5777033
0.00,5,20,849.1325251
0.00,5,21,848.6975006
0.00,5,22,848.274364
0.00,5,23,847.8587903
0.00,5,24,847.4515092
0.00,5,25,847.0498825
0.00,5,26,846.6541485
0.00,5,27,846.5822548
0.00,5,28,846.0764854
0.00,5,29,845.5895257
0.00,5,30,845.1280566
0.00,5,31,844.6805342
0.00,5,32,844.2501323
0.00,5,33,843.8299805
0.00,5,34,843.4214678
0.00,5,35,843.0204745
0.00,5,36,842.6275141
0.00,5,37,842.2400957
0.00,5,38,841.8583277
0.00,5,39,841.7499085
0.00,5,40,841.2656119
0.00,5,41,840.7998472
0.00,5,42,840.357886
0.00,5,43,839.9294278
0.00,5,44,839.5168206
0.00,5,45,839.1139853
0.00,5,46,838.7218398
0.00,5,47,838.3367662
0.00,5,48,837.9590174
0.00,5,49,837.5864205
0.00,5,50,837.5278946
0.00,5,51,837.0401133
0.00,5,52,836.5838986
0.00,5,53,836.1448027
0.00,5,54,835.726373
0.00,5,55,835.320205
0.00,5,56,834.9277173
0.00,5,57,834.543979
0.00,5,58,834.169422
0.00,5,59,833.8011263
0.00,5,60,833.4391014
0.00,5,61,833.3948927
0.00,5,62,832.9219105
0.00,5,63,832.4700127
0.00,5,64,832.0441833
0.00,5,65,831.6333315
0.00,5,66,831.2394658
0.00,5,67,830.856165
0.00,5,68,830.4840686
0.00,5,69,830.1194227
0.00,5,70,829.7622825
0.00,5,71,829.410431
0.00,5,72,829.3512755
0.00,5,73,828.8875194
0.00,5,74,828.4550881
0.00,5,75,828.0402455
0.00,5,76,827.6455453
0.00,5,77,827.2631279
0.00,5,78,826.8938083
0.00,5,79,826.5330444
0.00,5,80,826.1809182
0.00,5,81,825.8347766
0.00,5,82,825.4944362
0.00,5,83,825.3926284
0.00,5,84,824.9545247
0.00,5,85,824.536498
0.00,5,86,824.1415734
0.00,5,87,823.7605405
0.00,5,88,823.3943457
0.00,5,89,823.0377215
0.00,5,90,822.6907532
0.00,5,91,822.3503944
0.00,5,92,822.0164262
0.00,5,93,821.9716483
0.00,5,94,821.5307075
0.00,5,95,821.1119302
0.00,5,96,820.7186104
0.00,5,97,820.340487
0.00,5,98,819.9785418
0.00,5,99,819.6269597
0.00,5,100,819.2857875
0.00,5,101,818.9516919
0.00,5,102,818.624403
0.00,5,103,818.6160894
0.00,5,104,818.1762077
0.00,5,105,817.7599936
0.00,5,106,817.3707425
0.00,5,107,816.9975707
0.00,5,108,816.6413772
0.00,5,109,816.296043
0.00,5,110,815.9615301
0.00,5,111,815.634357
0.00,5,112,815.3141895
0.00,5,113,814.9990225
0.00,5,114,814.8824986
0.00,5,115,814.4733665
0.00,5,116,814.0915245
0.00,5,117,813.7260517
0.00,5,118,813.3776321
0.00,5,119,813.0401649
0.00,5,120,812.7134826
0.00,5,121,812.3941348
0.00,5,122,812.0817145
0.00,5,123,812.0768805
0.00,5,124,811.6535808
0.00,5,125,811.2546114
0.00,5,126,810.8824162
0.00,5,127,810.5264383
0.00,5,128,810.1870781
0.00,5,129,809.85847
0.00,5,130,809.5403018
0.00,5,131,809.2292724
0.00,5,132,808.9249062
0.00,5,133,808.8943239
0.00,5,134,808.4853535
0.00,5,135,808.0999439
0.00,5,136,807.7398557
0.00,5,137,807.3953207
0.00,5,138,807.0664136
0.00,5,139,806.7477291
0.00,5,140,806.4388107
0.00,5,141,806.1366273
0.00,5,142,805.8406476
0.00,5,143,805.7699969
0.00,5,144,805.3786905
0.00,5,145,805.0094784
0.00,5,146,804.663384
0.00,5,147,804.3317365
0.00,5,148,804.0142921
0.00,5,149,803.7062659
0.00,5,150,803.4070802
0.00,5,151,803.1140583
0.00,5,152,803.1078621
0.00,5,153,802.703632
0.00,5,154,802.3328704
0.00,5,155,801.9820674
0.00,5,156,801.6515373
0.00,5,157,801.333937
0.00,5,158,801.028751
0.00,5,159,800.7319324
0.00,5,160,800.4428225
0.00,5,161,800.1591601
0.00,5,162,800.0804732
0.00,5,163,799.7025684
0.00,5,164,799.3531776
0.00,5,165,799.0212621
0.00,5,166,798.7065695
0.00,5,167,798.4031026
0.00,5,168,798.1101603
0.00,5,169,797.8244377
0.00,5,170,797.5452456
0.00,5,171,797.4992047
0.00,5,172,797.1234804
0.00,5,173,796.7710871
0.00,5,174,796.4423854
0.00,5,175,796.1286037
0.00,5,176,795.8291034
0.00,5,177,795.5391161
0.00,5,178,795.2578479
0.00,5,179,794.9826689
0.00,5,180,794.9596429
0.00,5,181,794.5807755
0.00,5,182,794.2337716
0.00,5,183,793.9061634
0.00,5,184,793.5975394
0.00,5,185,793.3012089
0.00,5,186,793.0163144
0.00,5,187,792.7392116
0.00,5,188,792.4690973
0.00,5,189,792.4558218
0.00,5,190,792.0846709
0.00,5,191,791.7384419
0.00,5,192,791.4172176
0.00,5,193,791.1117277
0.00,5,194,790.8211254
0.00,5,195,790.5404227
0.00,5,196,790.2686935
0.00,5,197,790.0032134
0.00,5,198,789.9899118
0.00,5,199,789.621072
0.00,5,200,789.2844212
0.00,6,1,787.7127457
0.00,6,2,787.3557136
0.00,6,3,786.1801797
0.00,6,4,785.4100685
0.00,6,5,784.7093847
0.00,6,6,783.8409307
0.00,6,7,783.3338968
0.00,6,8,781.8286687
0.00,6,9,781.642716
0.00,6,10,781.5229116
0.00,6,11,781.5150067
0.00,6,12,781.3198416
0.00,6,13,781.2821437
0.00,6,14,781.2334912
0.00,6,15,780.5362905
0.00,6,16,780.227147
0.00,6,17,779.7867377
0.00,6,18,764.4180797
0.00,6,19,764.0375218
0.00,6,20,763.1593474
0.00,6,21,763.0805479
0.00,6,22,761.9585689
0.00,6,23,761.3131611
0.00,6,24,760.877033
0.00,6,25,760.5966676
0.00,6,26,760.1409378
0.00,6,27,758.8060027
0.00,6,28,758.6510912
0.00,6,29,758.5826195
0.00,6,30,758.4884473
0.00,6,31,758.4271821
0.00,6,32,758.4221031
0.00,6,33,758.306899
0.00,6,34,758.2759947
0.00,6,35,758.2062497
0.00,6,36,757.973311
0.00,6,37,755.537802
0.00,6,38,755.3570807
0.00,6,39,754.6106074
0.00,6,40,754.0816678
0.00,6,41,752.4122907
0.00,6,42,751.5112658
0.00,6,43,750.3719115
0.00,6,44,750.0180828
0.00,6,45,749.9515772
0.00,6,46,749.1278527
0.00,6,47,748.0775503
0.00,6,48,748.0192266
0.00,6,49,747.9244674
0.00,6,50,747.8688298
0.00,6,51,747.8657622
0.00,6,52,747.5468257
0.00,6,53,746.9022825
0.00,6,54,746.707063
0.00,6,55,745.7052687
0.00,6,56,745.6715489
0.00,6,57,744.6324542
0.00,6,58,741.7863958
0.00,6,59,740.3914341
0.00,6,60,739.7099568
0.00,6,61,738.6955387
0.00,6,62,738.5570855
0.00,6,63,738.5216384
0.00,6,64,738.4406493
0.00,6,65,738.4005377
0.00,6,66,738.3484995
0.00,6,67,738.3377036
0.00,6,68,735.2039616
0.00,6,69,730.68578
0.00,6,70,728.5210934
0.00,6,71,727.6302449
0.00,6,72,727.0771102
0.00,6,73,727.0078521
0.00,6,74,726.2593142
0.00,6,75,725.8047946
0.00,6,76,725.4365595
0.00,6,77,725.4079451
0.00,6,78,724.8571216
0.00,6,79,723.111931
0.00,6,80,722.3495678
0.00,6,81,721.8569851
0.00,6,82,721.7350182
0.00,6,83,721.074686
0.00,6,84,720.6584492
0.00,6,85,720.4027842
0.00,6,86,719.2777644
0.00,6,87,719.1104639
0.00,6,88,718.9816093
0.00,6,89,718.8827597
0.00,6,90,718.8769243
0.00,6,91,718.7371294
0.00,6,92,718.7187524
0.00,6,93,718.635962
0.00,6,94,718.609964
0.00,6,95,718.5574236
0.00,6,96,718.5269073
0.00,6,97,718.4904204
0.00,6,98,718.4734928
0.00,6,99,718.3993488
0.00,6,100,717.7506491
0.00,6,101,715.6882981
0.00,6,102,714.7182943
0.00,6,103,714.5513901
0.00,6,104,713.3534956
0.00,6,105,712.9700019
0.00,6,106,712.8642079
0.00,6,107,712.8178205
0.00,6,108,712.7529476
0.00,6,109,712.7138826
0.00,6,110,712.6710577
0.00,6,111,712.6605621
0.00,6,112,712.5742065
0.00,6,113,712.5669933
0.00,6,114,712.5127801
0.00,6,115,712.4990548
0.00,6,116,711.4821061
0.00,6,117,710.1834281
0.00,6,118,710.1457848
0.00,6,119,708.7479862
0.00,6,120,706.1794509
0.00,6,121,706.0790257
0.00,6,122,705.8545707
0.00,6,123,705.7925635
0.00,6,124,705.6665643
0.00,6,125,705.6223698
0.00,6,126,705.5477384
0.00,6,127,705.5113646
0.00,6,128,705.4638782
0.00,6,129,705.4307072
0.00,6,130,705.4272456
0.00,6,131,705.3654431
0.00,6,132,705.3491066
0.00,6,133,705.3085698
0.00,6,134,704.9232471
0.00,6,135,703.3586925
0.00,6,136,702.1922257
0.00,6,137,702.157596
0.00,6,138,701.9825303
0.00,6,139,701.0611308
0.00,6,140,700.6329512
0.00,6,141,700.5378666
0.00,6,142,700.5078003
0.00,6,143,700.4972089
0.00,6,144,700.4332188
0.00,6,145,700.4259193
0.00,6,146,700.3821933
0.00,6,147,700.3652958
0.00,6,148,699.3204439
0.00,6,149,695.831444
0.00,6,150,694.5633524
0.00,6,151,693.8492564
0.00,6,152,693.4292479
0.00,6,153,693.3689129
0.00,6,154,692.1153111
0.00,6,155,691.9199279
0.00,6,156,691.8688276
0.00,6,157,691.8513857
0.00,6,158,691.8160833
0.00,6,159,691.7949443
0.00,6,160,691.7687119
0.00,6,161,691.7601774
0.00,6,162,691.7029589
0.00,6,163,691.1865696
0.00,6,164,690.0772762
0.00,6,165,689.8330618
0.00,6,166,688.3811118
0.00,6,167,688.2539333
0.00,6,168,688.0172951
0.00,6,169,687.9475357
0.00,6,170,687.9039502
0.00,6,171,687.8581434
0.00,6,172,687.8255248
0.00,6,173,687.7934413
0.00,6,174,687.7862669
0.00,6,175,687.7192232
0.00,6,176,687.7182931
0.00,6,177,687.6719263
0.00,6,178,687.661378
0.00,6,179,687.6278774
0.00,6,180,687.6112374
0.00,6,181,687.328224
0.00,6,182,686.2123691
0.00,6,183,685.407573
0.00,6,184,684.1945411
0.00,6,185,683.9877496
0.00,6,186,683.9309848
0.00,6,187,683.9113989
0.00,6,188,683.8727834
0.00,6,189,683.8524099
0.00,6,190,683.8244018
0.00,6,191,683.802784
0.00,6,192,683.7990075
0.00,6,193,683.7584061
0.00,6,194,683.7467337
0.00,6,195,683.7167077
0.00,6,196,683.6999436
0.00,6,197,683.4167816
0.00,6,198,682.4332896
0.00,6,199,682.0267301
0.00,6,200,681.1995905
0.00,7,1,889.0190822
0.00,7,2,889.0174495
0.00,7,3,888.6608097
0.00,7,4,888.6455626
0.00,7,5,888.4648676
0.00,7,6,888.398743
0.00,7,7,888.3966555
0.00,7,8,888.2361235
0.00,7,9,888.1716656
0.00,7,10,888.1687447
0.00,7,11,888.0123794
0.00,7,12,887.9403934
0.00,7,13,887.9285903
0.00,7,14,887.7897751
0.00,7,15,887.7148345
0.00,7,16,887.7011334
0.00,7,17,887.5672546
0.00,7,18,887.5598178
0.00,7,19,887.2867459
0.00,7,20,887.263988
0.00,7,21,887.1243215
0.00,7,22,887.0454228
0.00,7,23,887.0266243
0.00,7,24,886.9030089
0.00,7,25,886.8919948
0.00,7,26,886.6246968
0.00,7,27,886.6141994
0.00,7,28,886.4628188
0.00,7,29,886.3945096
0.00,7,30,886.386336
0.00,7,31,886.242058
0.00,7,32,886.1654555
0.00,7,33,886.1482878
0.00,7,34,886.0219513
0.00,7,35,886.0179068
0.00,7,36,885.7453065
0.00,7,37,885.7372162
0.00,7,38,885.5842068
0.00,7,39,885.5169595
0.00,7,40,885.5092472
0.00,7,41,885.3646404
0.00,7,42,885.288494
0.00,7,43,885.2712536
0.00,7,44,885.1457361
0.00,7,45,885.1392135
0.00,7,46,884.8705197
0.00,7,47,884.8602161
0.00,7,48,884.7103665
0.00,7,49,884.6418551
0.00,7,50,884.632401
0.00,7,51,884.4920152
0.00,7,52,884.4144262
0.00,7,53,884.3953774
0.00,7,54,884.2743145
0.00,7,55,884.255872
0.00,7,56,884.000297
0.00,7,57,883.9832922
0.00,7,58,883.8412595
0.00,7,59,883.7692897
0.00,7,60,883.7560438
0.00,7,61,883.6241466
0.00,7,62,883.6103611
0.00,7,63,883.3502917
0.00,7,64,883.3214797
0.00,7,65,883.1920589
0.00,7,66,883.1725382
0.00,7,67,882.9188464
0.00,7,68,882.8874392
0.00,7,69,882.7611559
0.00,7,70,882.7344656
0.00,7,71,882.4885607
0.00,7,72,882.4540226
0.00,7,73,882.3314353
0.00,7,74,882.2963875
0.00,7,75,882.0594364
0.00,7,76,882.0213319
0.00,7,77,881.9028946
0.00,7,78,881.8585443
0.00,7,79,881.6314753
0.00,7,80,881.5894658
0.00,7,81,881.4755314
0.00,7,82,881.421166
0.00,7,83,881.2046787
0.00,7,84,881.1585173
0.00,7,85,881.0493432
0.00,7,86,880.9844668
0.00,7,87,880.7790475
0.00,7,88,880.7285717
0.00,7,89,880.6243269
0.00,7,90,880.5486417
0.00,7,91,880.354582
0.00,7,92,880.2997061
0.00,7,93,880.298874
0.00,7,94,880.1422695
0.00,7,95,880.078275
0.00,7,96,880.0703127
0.00,7,97,879.930037
0.00,7,98,879.8541101
0.00,7,99,879.8341599
0.00,7,100,879.7185045
0.00,7,101,879.6855547
0.00,7,102,879.451811
0.00,7,103,879.4236333
0.00,7,104,879.2976639
0.00,7,105,879.2902264
0.00,7,106,879.0322148
0.00,7,107,879.0152896
0.00,7,108,878.8780091
0.00,7,109,878.805604
0.00,7,110,878.7891557
0.00,7,111,878.6676254
0.00,7,112,878.629579
0.00,7,113,878.4017523
0.00,7,114,878.3599967
0.00,7,115,878.248971
0.00,7,116,878.1883874
0.00,7,117,877.983462
0.00,7,118,877.9330349
0.00,7,119,877.8314892
0.00,7,120,877.750667
0.00,7,121,877.5663767
0.00,7,122,877.5081666
0.00,7,123,877.5027289
0.00,7,124,877.3577832
0.00,7,125,877.2893398
0.00,7,126,877.2757024
0.00,7,127,877.1493547
0.00,7,128,877.1211863
0.00,7,129,876.8861541
0.00,7,130,876.8470659
0.00,7,131,876.7347225
0.00,7,132,876.6770139
0.00,7,133,876.4717832
0.00,7,134,876.4216034
0.00,7,135,876.3212723
0.00,7,136,876.238317
0.00,7,137,876.0586537
0.00,7,138,875.9989794
0.00,7,139,875.9914105
0.00,7,140,875.8520576
0.00,7,141,875.7816505
0.00,7,142,875.7654228
0.00,7,143,875.6456677
0.00,7,144,875.6033982
0.00,7,145,875.3847539
0.00,7,146,875.3396044
0.00,7,147,875.2350588
0.00,7,148,875.1612066
0.00,7,149,874.9743767
0.00,7,150,874.9175607
0.00,7,151,874.9118998
0.00,7,152,874.7691558
0.00,7,153,874.7005934
0.00,7,154,874.6854707
0.00,7,155,874.5641567
0.00,7,156,874.5249323
0.00,7,157,874.3050663
0.00,7,158,874.2603952
0.00,7,159,874.1563878
0.00,7,160,874.0816492
0.00,7,161,873.8974761
0.00,7,162,873.8398703
0.00,7,163,873.8329353
0.00,7,164,873.6936657
0.00,7,165,873.6239709
0.00,7,166,873.6072773
0.00,7,167,873.4901057
0.00,7,168,873.4422934
0.00,7,169,873.2326591
0.00,7,170,873.1843493
0.00,7,171,873.0851831
0.00,7,172,873.0008256
0.00,7,173,872.8279021
0.00,7,174,872.7664268
0.00,7,175,872.7555761
0.00,7,176,872.6255386
0.00,7,177,872.6251019
0.00,7,178,872.371099
0.00,7,179,872.3510453
0.00,7,180,872.2233572
0.00,7,181,872.2173093
0.00,7,182,871.9694545
0.00,7,183,871.9466692
0.00,7,184,871.8222106
0.00,7,185,871.8085789
0.00,7,186,871.5688064
0.00,7,187,871.542485
0.00,7,188,871.4220957
0.00,7,189,871.3990328
0.00,7,190,871.1691548
0.00,7,191,871.1385598
0.00,7,192,871.0230105
0.00,7,193,870.9888587
0.00,7,194,870.7705022
0.00,7,195,870.7349899
0.00,7,196,870.6249536
0.00,7,197,870.5783057
0.00,7,198,870.3728532
0.00,7,199,870.331897
0.00,7,200,870.2279246
0.00,8,1,813.3436845
0.00,8,2,813.2297795
0.00,8,3,813.1659586
0.00,8,4,813.1231712
0.00,8,5,813.0899938
0.00,8,6,813.0634947
0.00,8,7,813.0208908
0.00,8,8,812.9878581
0.00,8,9,812.9634894
0.00,8,10,812.9200735
0.00,8,11,812.8868832
0.00,8,12,812.8641704
0.00,8,13,812.8199769
0.00,8,14,812.7863052
0.00,8,15,812.7653257
0.00,8,16,812.7199105
0.00,8,17,812.6858842
0.00,8,18,812.666587
0.00,8,19,812.6202174
0.00,8,20,812.585595
0.00,8,21,812.5681787
0.00,8,22,812.5204116
0.00,8,23,812.4853878
0.00,8,24,812.4698015
0.00,8,25,812.4209882
0.00,8,26,812.3852954
0.00,8,27,812.3717623
0.00,8,28,812.3213996
0.00,8,29,812.2852759
0.00,8,30,812.2737216
0.00,8,31,812.2222371
0.00,8,32,812.185373
0.00,8,33,812.1760461
0.00,8,34,812.1228588
0.00,8,35,812.0855388
0.00,8,36,812.0783387
0.00,8,37,812.0239599
0.00,8,38,811.9858251
0.00,8,39,811.9810302
0.00,8,40,811.9247887
0.00,8,41,811.8861759
0.00,8,42,811.8836558
0.00,8,43,811.8261577
0.00,8,44,811.7866517
0.00,8,45,811.7553114
0.00,8,46,811.7274004
0.00,8,47,811.6872808
0.00,8,48,811.6555703
0.00,8,49,811.6288465
0.00,8,50,811.5878603
0.00,8,51,811.5559016
0.00,8,52,811.5303239
0.00,8,53,811.4886891
0.00,8,54,811.4563273
0.00,8,55,811.4320173
0.00,8,56,811.3894453
0.00,8,57,811.3568235
0.00,8,58,811.3337277
0.00,8,59,811.2904743
0.00,8,60,811.2574156
0.00,8,61,811.2356682
0.00,8,62,811.1914051
0.00,8,63,811.1580759
0.00,8,64,811.1376095
0.00,8,65,811.0926349
0.00,8,66,811.0588338
0.00,8,67,811.0397964
0.00,8,68,810.993738
0.00,8,69,810.9596575
0.00,8,70,810.9419656
0.00,8,71,810.8951688
0.00,8,72,810.8605806
0.00,8,73,810.8443971
0.00,8,74,810.7964412
0.00,8,75,810.7615668
0.00,8,76,810.7467904
0.00,8,77,810.698073
0.00,8,78,810.6626542
0.00,8,79,810.649464
0.00,8,80,810.5995113
0.00,8,81,810.5638016
0.00,8,82,810.5520763
0.00,8,83,810.5013435
0.00,8,84,810.4650523
0.00,8,85,810.4549882
0.00,8,86,810.402944
0.00,8,87,810.3663596
0.00,8,88,810.3578135
0.00,8,89,810.3049756
0.00,8,90,810.2677724
0.00,8,91,810.260959
0.00,8,92,810.2067338
0.00,8,93,810.169238
0.00,8,94,810.16399
0.00,8,95,810.1089635
0.00,8,96,810.0708114
0.00,8,97,810.0673633
0.00,8,98,810.0108746
0.00,8,99,809.9724336
0.00,8,100,809.9705916
0.00,8,101,809.9133003
0.00,8,102,809.8741659
0.00,8,103,809.8432229
0.00,8,104,809.8155639
0.00,8,105,809.7760335
0.00,8,106,809.7448195
0.00,8,107,809.7179942
0.00,8,108,809.6778401
0.00,8,109,809.6464807
0.00,8,110,809.6204234
0.00,8,111,809.5798705
0.00,8,112,809.5482272
0.00,8,113,809.5230255
0.00,8,114,809.4818238
0.00,8,115,809.4500366
0.00,8,116,809.4256148
0.00,8,117,809.384015
0.00,8,118,809.3519318
0.00,8,119,809.3283838
0.00,8,120,809.2861121
0.00,8,121,809.2538881
0.00,8,122,809.2311278
0.00,8,123,809.1884619
0.00,8,124,809.1559307
0.00,8,125,809.1340586
0.00,8,126,809.0906999
0.00,8,127,809.0580325
0.00,8,128,809.0369516
0.00,8,129,808.9932062
0.00,8,130,808.9602213
0.00,8,131,808.9400387
0.00,8,132,808.895582
0.00,8,133,808.8624672
0.00,8,134,808.8430747
0.00,8,135,808.7982422
0.00,8,136,808.7648007
0.00,8,137,808.7463124
0.00,8,138,808.7007528
0.00,8,139,808.6671893
0.00,8,140,808.6494849
0.00,8,141,808.6035644
0.00,8,142,808.569666
0.00,8,143,808.5528671
0.00,8,144,808.5062065
0.00,8,145,808.4721957
0.00,8,146,808.4561697
0.00,8,147,808.4091666
0.00,8,148,808.3748142
0.00,8,149,808.3596897
0.00,8,150,808.3119371
0.00,8,151,808.2774835
0.00,8,152,808.2631156
0.00,8,153,808.2150427
0.00,8,154,808.1802422
0.00,8,155,808.1667669
0.00,8,156,808.1179383
0.00,8,157,808.0830496
0.00,8,158,808.0703092
0.00,8,159,808.0211863
0.00,8,160,807.9859469
0.00,8,161,807.9740849
0.00,8,162,807.9242038
0.00,8,163,807.8888907
0.00,8,164,807.8777366
0.00,8,165,807.827591
0.00,8,166,807.7919251
0.00,8,167,807.7816297
0.00,8,168,807.7307273
0.00,8,169,807.6950037
0.00,8,170,807.685384
0.00,8,171,807.6342504
0.00,8,172,807.5981735
0.00,8,173,807.5893875
0.00,8,174,807.5375024
0.00,8,175,807.5013854
0.00,8,176,807.4932376
0.00,8,177,807.441158
0.00,8,178,807.4046891
0.00,8,179,807.3973445
0.00,8,180,807.3445228
0.00,8,181,807.3080328
0.00,8,182,807.3012839
0.00,8,183,807.2483075
0.00,8,184,807.2114687
0.00,8,185,807.2054874
0.00,8,186,807.1517825
0.00,8,187,807.1149427
0.00,8,188,807.1095097
0.00,8,189,807.0556928
0.00,8,190,807.0185094
0.00,8,191,807.0138032
0.00,8,192,806.9592756
0.00,8,193,806.9221122
0.00,8,194,806.9179025
0.00,8,195,806.8633082
0.00,8,196,806.8258083
0.00,8,197,806.8222797
0.00,8,198,806.7669965
0.00,8,199,806.7295386
0.00,8,200,806.7264505
0.00,9,1,995.9887509
0.00,9,2,995.8065189
0.00,9,3,995.6248388
0.00,9,4,995.4752894
0.00,9,5,995.311717
0.00,9,6,995.1866658
0.00,9,7,995.0398511
0.00,9,8,994.9328526
0.00,9,9,994.8014804
0.00,9,10,994.7075177
0.00,9,11,994.5902924
0.00,9,12,994.5055123
0.00,9,13,994.4011567
0.00,9,14,994.3226429
0.00,9,15,994.2299059
0.00,9,16,994.1554884
0.00,9,17,994.073157
0.00,9,18,994.0012518
0.00,9,19,994.0010804
0.00,9,20,993.8760407
0.00,9,21,993.8469281
0.00,9,22,993.7431176
0.00,9,23,993.7042844
0.00,9,24,993.6174757
0.00,9,25,993.5709229
0.00,9,26,993.4977284
0.00,9,27,993.4450491
0.00,9,28,993.3827536
0.00,9,29,993.3739659
0.00,9,30,993.1911718
0.00,9,31,993.1585066
0.00,9,32,993.137037
0.00,9,33,993.0794624
0.00,9,34,993.076862
0.00,9,35,992.9010408
0.00,9,36,992.8709743
0.00,9,37,992.8528416
0.00,9,38,992.7935981
0.00,9,39,992.7443609
0.00,9,40,992.7411627
0.00,9,41,992.6563356
0.00,9,42,992.631283
0.00,9,43,992.5575353
0.00,9,44,992.5238517
0.00,9,45,992.4595362
0.00,9,46,992.4185389
0.00,9,47,992.3622
0.00,9,48,992.3150482
0.00,9,49,992.3128914
0.00,9,50,992.2287096
0.00,9,51,992.2013262
0.00,9,52,992.1320526
0.00,9,53,992.0937572
0.00,9,54,992.0358809
0.00,9,55,991.9892262
0.00,9,56,991.9863777
0.00,9,57,991.9040244
0.00,9,58,991.8794198
0.00,9,59,991.8083463
0.00,9,60,991.7745629
0.00,9,61,991.7129487
0.00,9,62,991.6715202
0.00,9,63,991.6177923
0.00,9,64,991.6167983
0.00,9,65,991.4539259
0.00,9,66,991.4253794
0.00,9,67,991.4072812
0.00,9,68,991.3531466
0.00,9,69,991.3457784
0.00,9,70,991.1887318
0.00,9,71,991.1590664
0.00,9,72,991.1382135
0.00,9,73,991.1364614
0.00,9,74,991.0532057
0.00,9,75,991.0262388
0.00,9,76,990.9583697
0.00,9,77,990.9200811
0.00,9,78,990.8637939
0.00,9,79,990.8169468
0.00,9,80,990.8128593
0.00,9,81,990.7337452
0.00,9,82,990.7070766
0.00,9,83,990.6392732
0.00,9,84,990.6034248
0.00,9,85,990.5449734
0.00,9,86,990.5015863
0.00,9,87,990.4508257
0.00,9,88,990.4377204
0.00,9,89,990.2879391
0.00,9,90,990.2587715
0.00,9,91,990.2389202
0.00,9,92,990.2382205
0.00,9,93,990.1532245
0.00,9,94,990.1314433
0.00,9,95,990.0590156
0.00,9,96,990.0270473
0.00,9,97,989.9649865
0.00,9,98,989.9246731
0.00,9,99,989.8711159
0.00,9,100,989.8702845
0.00,9,101,989.7092777
0.00,9,102,989.6809163
0.00,9,103,989.6626245
0.00,9,104,989.6097355
0.00,9,105,989.5980555
0.00,9,106,989.4469638
0.00,9,107,989.417251
0.00,9,108,989.3957923
0.00,9,109,989.3921637
0.00,9,110,989.3129928
0.00,9,111,989.2833468
0.00,9,112,989.2191759
0.00,9,113,989.1786172
0.00,9,114,989.1256015
0.00,9,115,989.1145677
0.00,9,116,988.963274
0.00,9,117,988.9336432
0.00,9,118,988.9122334
0.00,9,119,988.9085686
0.00,9,120,988.8296429
0.00,9,121,988.7999047
0.00,9,122,988.7360742
0.00,9,123,988.6953904
0.00,9,124,988.64275
0.00,9,125,988.6303911
0.00,9,126,988.4807942
0.00,9,127,988.4511408
0.00,9,128,988.4295629
0.00,9,129,988.4254001
0.00,9,130,988.3475518
0.00,9,131,988.317123
0.00,9,132,988.2542406
0.00,9,133,988.212992
0.00,9,134,988.161173
0.00,9,135,988.1457531
0.00,9,136,987.9995267
0.00,9,137,987.9697594
0.00,9,138,987.9478248
0.00,9,139,987.9427633
0.00,9,140,987.8667166
0.00,9,141,987.8350812
0.00,9,142,987.7736714
0.00,9,143,987.731482
0.00,9,144,987.6808662
0.00,9,145,987.6609125
0.00,9,146,987.5194772
0.00,9,147,987.4895195
0.00,9,148,987.4670703
0.00,9,149,987.4607758
0.00,9,150,987.3871368
0.00,9,151,987.3538668
0.00,9,152,987.2943647
0.00,9,153,987.2509258
0.00,9,154,987.2494153
0.00,9,155,987.1669748
0.00,9,156,987.1435747
0.00,9,157,987.0742977
0.00,9,158,987.040455
0.00,9,159,986.9818131
0.00,9,160,986.9395945
0.00,9,161,986.8894949
0.00,9,162,986.8749232
0.00,9,163,986.7296271
0.00,9,164,986.700693
0.00,9,165,986.680405
0.00,9,166,986.6777925
0.00,9,167,986.5975631
0.00,9,168,986.5724984
0.00,9,169,986.5051939
0.00,9,170,986.469925
0.00,9,171,986.4130164
0.00,9,172,986.3695993
0.00,9,173,986.3683229
0.00,9,174,986.28602
0.00,9,175,986.2591475
0.00,9,176,986.1936829
0.00,9,177,986.1548249
0.00,9,178,986.1016193
0.00,9,179,986.0922813
0.00,9,180,985.9419495
0.00,9,181,985.9127102
0.00,9,182,985.891367
0.00,9,183,985.8869858
0.00,9,184,985.8104788
0.00,9,185,985.7795761
0.00,9,186,985.7184577
0.00,9,187,985.6766143
0.00,9,188,985.6763615
0.00,9,189,985.5922
0.00,9,190,985.5704084
0.00,9,191,985.5002852
0.00,9,192,985.4674633
0.00,9,193,985.4085767
0.00,9,194,985.366992
0.00,9,195,985.3170444
0.00,9,196,985.3024577
0.00,9,197,985.1585097
0.00,9,198,985.1297217
0.00,9,199,985.1093444
0.00,9,200,985.1061194
0.00,10,1,819.005038
0.00,10,2,818.8881276
0.00,10,3,818.8198664
0.00,10,4,818.7577334
0.00,10,5,818.7075448
0.00,10,6,818.6669086
0.00,10,7,818.6478104
0.00,10,8,818.6432287
0.00,10,9,818.2123709
0.00,10,10,818.1005872
0.00,10,11,817.4309101
0.00,10,12,817.2918658
0.00,10,13,817.2751604
0.00,10,14,817.2729844
0.00,10,15,816.834181
0.00,10,16,816.7381001
0.00,10,17,816.061085
0.00,10,18,815.9266925
0.00,10,19,815.9107636
0.00,10,20,815.909146
0.00,10,21,815.4706473
0.00,10,22,815.3757644
0.00,10,23,814.7057135
0.00,10,24,814.570234
0.00,10,25,814.5532027
0.00,10,26,814.5500109
0.00,10,27,814.1214909
0.00,10,28,814.011315
0.00,10,29,813.3645193
0.00,10,30,813.2216599
0.00,10,31,813.2014927
0.00,10,32,813.1944268
0.00,10,33,812.7864445
0.00,10,34,812.6436428
0.00,10,35,812.0372418
0.00,10,36,811.880676
0.00,10,37,811.8553673
0.00,10,38,811.84215
0.00,10,39,811.465254
0.00,10,40,811.2733625
0.00,10,41,810.7236398
0.00,10,42,810.5477289
0.00,10,43,810.5155415
0.00,10,44,810.4941744
0.00,10,45,810.15768
0.00,10,46,809.9032346
0.00,10,47,809.4234928
0.00,10,48,809.4050568
0.00,10,49,808.6942445
0.00,10,50,808.5802078
0.00,10,51,808.5669724
0.00,10,52,808.5667924
0.00,10,53,808.136754
0.00,10,54,808.0370176
0.00,10,55,807.4145766
0.00,10,56,807.2696872
0.00,10,57,807.246092
0.00,10,58,807.2337713
0.00,10,59,806.8630337
0.00,10,60,806.6701962
0.00,10,61,806.1478725
0.00,10,62,805.9688252
0.00,10,63,805.9337843
0.00,10,64,805.9082026
0.00,10,65,805.9066794
0.00,10,66,805.5184857
0.00,10,67,805.1982575
0.00,10,68,804.8100362
0.00,10,69,804.4918855
0.00,10,70,804.105632
0.00,10,71,803.786828
0.00,10,72,803.4056222
0.00,10,73,803.095457
0.00,10,74,802.7130321
0.00,10,75,802.4592821
0.00,10,76,802.3940347
0.00,10,77,801.9398059
0.00,10,78,801.7515925
0.00,10,79,801.7000268
0.00,10,80,801.6647339
0.00,10,81,801.6492496
0.00,10,82,801.6450164
0.00,10,83,801.2475244
0.00,10,84,801.1054556
0.00,10,85,800.5638415
0.00,10,86,800.3998456
0.00,10,87,800.3673024
0.00,10,88,800.3435951
0.00,10,89,800.3429751
0.00,10,90,799.9618501
0.00,10,91,799.6469025
0.00,10,92,799.2842962
0.00,10,93,798.95587
0.00,10,94,798.6105171
0.00,10,95,798.5812761
0.00,10,96,797.3173967
0.00,10,97,797.2125765
0.00,10,98,797.1805125
0.00,10,99,797.1783784
0.00,10,100,796.8043868
0.00,10,101,796.4903364
0.00,10,102,796.1444825
0.00,10,103,795.8212641
0.00,10,104,795.8086445
0.00,10,105,795.4114581
0.00,10,106,795.2833965
0.00,10,107,794.763877
0.00,10,108,794.6103183
0.00,10,109,794.5637393
0.00,10,110,794.5355898
0.00,10,111,794.528738
0.00,10,112,794.1843784
0.00,10,113,794.1407763
0.00,10,114,792.9340098
0.00,10,115,792.8159147
0.00,10,116,792.7877216
0.00,10,117,792.7802698
0.00,10,118,792.4419329
0.00,10,119,792.3755845
0.00,10,120,791.2092098
0.00,10,121,791.0869619
0.00,10,122,791.0572496
0.00,10,123,791.0470551
0.00,10,124,791.0465582
0.00,10,125,790.6508889
0.00,10,126,790.5205843
0.00,10,127,790.0235702
0.00,10,128,789.859792
0.00,10,129,789.8238968
0.00,10,130,789.7946665
0.00,10,131,789.7826945
0.00,10,132,789.7798172
0.00,10,133,789.3987059
0.00,10,134,789.2500336
0.00,10,135,788.7777542
0.00,10,136,788.7574349
0.00,10,137,788.1602353
0.00,10,138,788.0292866
0.00,10,139,788.0024562
0.00,10,140,787.983127
0.00,10,141,787.6882016
0.00,10,142,787.4270836
0.00,10,143,787.075779
0.00,10,144,786.890374
0.00,10,145,786.4665646
0.00,10,146,786.3806796
0.00,10,147,785.8606392
0.00,10,148,785.7088212
0.00,10,149,785.6751596
0.00,10,150,785.6479618
0.00,10,151,785.6377364
0.00,10,152,785.6359927
0.00,10,153,785.2567585
0.00,10,154,785.1114035
0.00,10,155,784.6567077
0.00,10,156,784.6137739
0.00,10,157,784.0598187
0.00,10,158,783.9205061
0.00,10,159,783.8901166
0.00,10,160,783.8661587
0.00,10,161,783.8601211
0.00,10,162,783.5338431
0.00,10,163,783.4192733
0.00,10,164,782.387893
0.00,10,165,782.2521625
0.00,10,166,782.2190357
0.00,10,167,782.1993446
0.00,10,168,782.1867946
0.00,10,169,781.869603
0.00,10,170,781.6496807
0.00,10,171,781.2861671
0.00,10,172,781.1266153
0.00,10,173,780.7056832
0.00,10,174,780.6199627
0.00,10,175,780.1284727
0.00,10,176,779.9776701
0.00,10,177,779.9417268
0.00,10,178,779.9120679
0.00,10,179,779.8969214
0.00,10,180,779.8889523
0.00,10,181,779.5524515
0.00,10,182,779.3610609
0.00,10,183,778.9802811
0.00,10,184,778.846051
0.00,10,185,778.4109901
0.00,10,186,778.3454676
0.00,10,187,777.8451257
0.00,10,188,777.7005093
0.00,10,189,777.6648331
0.00,10,190,777.6359474
0.00,10,191,777.6214537
0.00,10,192,777.6138503
0.00,10,193,777.2797043
0.00,10,194,777.0893932
0.00,10,195,776.7183939
0.00,10,196,776.5750182
0.00,10,197,776.1598704
0.00,10,198,776.0712412
0.00,10,199,775.6047736
0.00,10,200,775.6005138
0.00,11,1,781.5866713
0.00,11,2,774.9975734
0.00,11,3,774.6734461
0.00,11,4,774.388505
0.00,11,5,774.1436721
0.00,11,6,773.9175763
0.00,11,7,773.7105924
0.00,11,8,773.5131563
0.00,11,9,773.3253835
0.00,11,10,773.1427893
0.00,11,11,768.1540279
0.00,11,12,761.7238398
0.00,11,13,755.0905351
0.00,11,14,753.6256145
0.00,11,15,752.698694
0.00,11,16,752.0536349
0.00,11,17,751.5989964
0.00,11,18,751.2545009
0.00,11,19,750.9848631
0.00,11,20,750.7605382
0.00,11,21,750.5671623
0.00,11,22,750.5183632
0.00,11,23,750.2948738
0.00,11,24,750.0911503
0.00,11,25,749.9094724
0.00,11,26,749.7384341
0.00,11,27,749.5784335
0.00,11,28,749.4243291
0.00,11,29,745.5450434
0.00,11,30,740.8594767
0.00,11,31,735.3689019
0.00,11,32,733.7894629
0.00,11,33,732.8548167
0.00,11,34,732.2082798
0.00,11,35,731.7711365
0.00,11,36,731.4433632
0.00,11,37,731.1941983
0.00,11,38,730.9896455
0.00,11,39,730.8169762
0.00,11,40,730.6633322
0.00,11,41,730.5232632
0.00,11,42,730.4715817
0.00,11,43,730.2952114
0.00,11,44,730.1337915
0.00,11,45,729.9877887
0.00,11,46,729.8498322
0.00,11,47,728.4769876
0.00,11,48,724.0256351
0.00,11,49,722.5896886
0.00,11,50,716.2989151
0.00,11,51,715.6122541
0.00,11,52,715.1439276
0.00,11,53,714.8068507
0.00,11,54,714.7700045
0.00,11,55,714.4704129
0.00,11,56,714.2473461
0.00,11,57,714.0613527
0.00,11,58,713.9066961
0.00,11,59,713.7687816
0.00,11,60,713.6444857
0.00,11,61,713.5280211
0.00,11,62,713.4177515
0.00,11,63,713.3796795
0.00,11,64,713.2306653
0.00,11,65,713.0942943
0.00,11,66,713.0852729
0.00,11,67,709.1898773
0.00,11,68,707.2661008
0.00,11,69,700.6580551
0.00,11,70,700.228352
0.00,11,71,699.9342331
0.00,11,72,699.7102404
0.00,11,73,699.5373653
0.00,11,74,699.3933505
0.00,11,75,699.2700671
0.00,11,76,699.1591609
0.00,11,77,699.1581006
0.00,11,78,699.0046826
0.00,11,79,698.8748773
0.00,11,80,698.7570811
0.00,11,81,698.6501503
0.00,11,82,698.549301
0.00,11,83,698.4536075
0.00,11,84,698.4455412
0.00,11,85,698.307883
0.00,11,86,698.1834209
0.00,11,87,698.072032
0.00,11,88,697.9677068
0.00,11,89,696.9214561
0.00,11,90,694.990495
0.00,11,91,688.7484719
0.00,11,92,687.9021947
0.00,11,93,687.3289487
0.00,11,94,686.9591445
0.00,11,95,686.6902688
0.00,11,96,686.4945218
0.00,11,97,686.3391622
0.00,11,98,686.2125935
0.00,11,99,686.1029869
0.00,11,100,686.0053526
0.00,11,101,685.9950948
0.00,11,102,685.8647673
0.00,11,103,685.7494439
0.00,11,104,685.6477538
0.00,11,105,685.5535242
0.00,11,106,685.4656193
0.00,11,107,685.3814484
0.00,11,108,685.3629698
0.00,11,109,685.2423769
0.00,11,110,685.1370722
0.00,11,111,685.0398771
0.00,11,112,684.9499997
0.00,11,113,684.8643561
0.00,11,114,684.6796129
0.00,11,115,683.0542428
0.00,11,116,682.882868
0.00,11,117,678.0239814
0.00,11,118,676.873126
0.00,11,119,676.2244354
0.00,11,120,675.7111042
0.00,11,121,675.3834745
0.00,11,122,675.1216332
0.00,11,123,674.9340699
0.00,11,124,674.7783966
0.00,11,125,674.6542773
0.00,11,126,674.5457237
0.00,11,127,674.4512012
0.00,11,128,674.3643409
0.00,11,129,674.2839423
0.00,11,130,674.2073483
0.00,11,131,674.2047035
0.00,11,132,674.0916039
0.00,11,133,673.9938691
0.00,11,134,673.9042538
0.00,11,135,673.8219809
0.00,11,136,673.7439422
0.00,11,137,673.6694731
0.00,11,138,673.6542165
0.00,11,139,673.5485502
0.00,11,140,673.4528818
0.00,11,141,673.3666459
0.00,11,142,673.2857014
0.00,11,143,673.2093473
0.00,11,144,673.1357589
0.00,11,145,673.1108821
0.00,11,146,673.0074293
0.00,11,147,672.9161361
0.00,11,148,672.831455
0.00,11,149,672.7526731
0.00,11,150,672.6773656
0.00,11,151,672.6049599
0.00,11,152,672.5710068
0.00,11,153,672.4727191
0.00,11,154,672.3828005
0.00,11,155,672.3006021
0.00,11,156,672.2228282
0.00,11,157,672.1488351
0.00,11,158,672.1446995
0.00,11,159,672.0371921
0.00,11,160,671.9402809
0.00,11,161,671.8535265
0.00,11,162,671.7724144
0.00,11,163,671.6962525
0.00,11,164,671.6230518
0.00,11,165,671.6094022
0.00,11,166,671.5037841
0.00,11,167,671.4113792
0.00,11,168,671.3260717
0.00,11,169,671.2471759
0.00,11,170,671.1720229
0.00,11,171,671.1000238
0.00,11,172,671.0771172
0.00,11,173,670.9769054
0.00,11,174,670.8857175
0.00,11,175,670.8029786
0.00,11,176,670.7250303
0.00,11,177,670.651219
0.00,11,178,670.5799203
0.00,11,179,670.5495446
0.00,11,180,670.4509451
0.00,11,181,670.363376
0.00,11,182,670.2818658
0.00,11,183,670.2057335
0.00,11,184,670.1327921
0.00,11,185,670.1318664
0.00,11,186,670.0235296
0.00,11,187,669.9296446
0.00,11,188,669.8434158
0.00,11,189,669.7642
0.00,11,190,669.6890374
0.00,11,191,669.6173243
0.00,11,192,669.6069905
0.00,11,193,669.5043431
0.00,11,194,669.4114717
0.00,11,195,669.327909
0.00,11,196,669.2495602
0.00,11,197,669.1757689
0.00,11,198,669.1047209
0.00,11,199,669.0868701
0.00,11,200,668.9855951
0.00,12,1,836.0917091
0.00,12,2,836.056303
0.00,12,3,836.0240548
0.00,12,4,835.9927698
0.00,12,5,835.9631707
0.00,12,6,835.933887
0.00,12,7,835.9056649
0.00,12,8,835.8775536
0.00,12,9,835.8501957
0.00,12,10,835.8228911
0.00,12,11,835.7961599
0.00,12,12,835.7694707
0.00,12,13,835.7432343
0.00,12,14,835.717041
0.00,12,15,835.6912121
0.00,12,16,835.6654295
0.00,12,17,835.6399428
0.00,12,18,835.6145044
0.00,12,19,835.5893079
0.00,12,20,835.5641601
0.00,12,21,835.5392106
0.00,12,22,835.5143087
0.00,12,23,835.4895701
0.00,12,24,835.4648769
0.00,12,25,835.4403186
0.00,12,26,835.4158029
0.00,12,27,835.3913987
0.00,12,28,835.3670341
0.00,12,29,835.3427621
0.00,12,30,835.3185264
0.00,12,31,835.2943678
0.00,12,32,835.2702422
0.00,12,33,835.2693883
0.00,12,34,835.2413906
0.00,12,35,835.2140981
0.00,12,36,835.1868081
0.00,12,37,835.1600904
0.00,12,38,835.1333979
0.00,12,39,835.1071706
0.00,12,40,835.0809825
0.00,12,41,835.0551733
0.00,12,42,835.0294114
0.00,12,43,835.0039588
0.00,12,44,834.9785572
0.00,12,45,834.9534086
0.00,12,46,834.9283117
0.00,12,47,834.9034223
0.00,12,48,834.8785835
0.00,12,49,834.853915
0.00,12,50,834.8292949
0.00,12,51,834.8048151
0.00,12,52,834.7803804
0.00,12,53,834.7560617
0.00,12,54,834.7317846
0.00,12,55,834.7076035
0.00,12,56,834.6834605
0.00,12,57,834.6593972
0.00,12,58,834.6353684
0.00,12,59,834.6351346
0.00,12,60,834.6071482
0.00,12,61,834.5798843
0.00,12,62,834.5526306
0.00,12,63,834.5259618
0.00,12,64,834.4993251
0.00,12,65,834.4731626
0.00,12,66,834.4470456
0.00,12,67,834.4213139
0.00,12,68,834.3956348
0.00,12,69,834.3702693
0.00,12,70,834.3449594
0.00,12,71,834.3199055
0.00,12,72,834.2949072
0.00,12,73,834.2701181
0.00,12,74,834.2453829
0.00,12,75,834.2208192
0.00,12,76,834.1963063
0.00,12,77,834.1719344
0.00,12,78,834.1476097
0.00,12,79,834.1234012
0.00,12,80,834.099236
0.00,12,81,834.0751667
0.00,12,82,834.0511368
0.00,12,83,834.0271863
0.00,12,84,834.0032714
0.00,12,85,834.0022018
0.00,12,86,833.9743708
0.00,12,87,833.9472517
0.00,12,88,833.9201553
0.00,12,89,833.8936339
0.00,12,90,833.8671544
0.00,12,91,833.8411402
0.00,12,92,833.8151791
0.00,12,93,833.7895953
0.00,12,94,833.76407
0.00,12,95,833.7388512
0.00,12,96,833.7136924
0.00,12,97,833.6887833
0.00,12,98,833.6639331
0.00,12,99,833.6392867
0.00,12,100,833.6146964
0.00,12,101,833.5902729
0.00,12,102,833.5659019
0.00,12,103,833.5416676
0.00,12,104,833.5174817
0.00,12,105,833.4934083
0.00,12,106,833.4693789
0.00,12,107,833.4454422
0.00,12,108,833.4215453
0.00,12,109,833.3977251
0.00,12,110,833.3739405
0.00,12,111,833.3706818
0.00,12,112,833.3431454
0.00,12,113,833.316284
0.00,12,114,833.2894606
0.00,12,115,833.2631814
0.00,12,116,833.2369555
0.00,12,117,833.2111692
0.00,12,118,833.1854441
0.00,12,119,833.1600749
0.00,12,120,833.1347699
0.00,12,121,833.1097536
0.00,12,122,833.0848012
0.00,12,123,833.0600835
0.00,12,124,833.0354273
0.00,12,125,833.0109624
0.00,12,126,832.9865551
0.00,12,127,832.9623041
0.00,12,128,832.9381064
0.00,12,129,832.9140367
0.00,12,130,832.8900155
0.00,12,131,832.8660996
0.00,12,132,832.8422273
0.00,12,133,832.8184418
0.00,12,134,832.7946955
0.00,12,135,832.7710208
0.00,12,136,832.7681962
0.00,12,137,832.741021
0.00,12,138,832.7138801
0.00,12,139,832.6873593
0.00,12,140,832.6608922
0.00,12,141,832.6349242
0.00,12,142,832.6090203
0.00,12,143,832.5835192
0.00,12,144,832.5580864
0.00,12,145,832.5329793
0.00,12,146,832.5079409
0.00,12,147,832.4831664
0.00,12,148,832.4584583
0.00,12,149,832.4339645
0.00,12,150,832.4095333
0.00,12,151,832.3852766
0.00,12,152,832.3610777
0.00,12,153,832.3370212
0.00,12,154,832.3130174
0.00,12,155,832.2891303
0.00,12,156,832.2652906
0.00,12,157,832.2415468
0.00,12,158,832.2178454
0.00,12,159,832.1942229
0.00,12,160,832.1706382
0.00,12,161,832.1671153
0.00,12,162,832.1397503
0.00,12,163,832.113065
0.00,12,164,832.0864357
0.00,12,165,832.0603518
0.00,12,166,832.034336
0.00,12,167,832.0087589
0.00,12,168,831.983255
0.00,12,169,831.9581047
0.00,12,170,831.933028
0.00,12,171,831.9082371
0.00,12,172,831.8835174
0.00,12,173,831.8590291
0.00,12,174,831.8346078
0.00,12,175,831.8103744
0.00,12,176,831.7862029
0.00,12,177,831.7621842
0.00,12,178,831.7382218
0.00,12,179,831.7143843
0.00,12,180,831.6905973
0.00,12,181,831.6669126
0.00,12,182,831.643273
0.00,12,183,831.6197174
0.00,12,184,831.5962018
0.00,12,185,831.5945283
0.00,12,186,831.5670382
0.00,12,187,831.5402692
0.00,12,188,831.5135609
0.00,12,189,831.4874298
0.00,12,190,831.4613719
0.00,12,191,831.435777
0.00,12,192,831.4102605
0.00,12,193,831.3851161
0.00,12,194,831.3600504
0.00,12,195,831.3352845
0.00,12,196,831.3105944
0.00,12,197,831.2861465
0.00,12,198,831.2617696
0.00,12,199,831.2375889
0.00,12,200,831.2134734
0.00,13,1,796.842589
0.00,13,2,796.6671133
0.00,13,3,796.583905
0.00,13,4,796.5263359
0.00,13,5,796.496903
0.00,13,6,796.4829398
0.00,13,7,796.093115
0.00,13,8,796.0183513
0.00,13,9,795.879831
0.00,13,10,795.8674947
0.00,13,11,795.863552
0.00,13,12,795.8597811
0.00,13,13,795.8562815
0.00,14,1,843.2726355
0.00,14,2,843.0722933
0.00,14,3,842.9831962
0.00,14,4,842.9811695
0.00,14,5,842.7445981
0.00,14,6,842.6476931
0.00,14,7,842.5714319
0.00,14,8,842.4777538
0.00,14,9,842.3987845
0.00,14,10,842.3080833
0.00,14,11,842.2265947
0.00,14,12,842.1386741
0.00,14,13,842.0548429
0.00,14,14,842.0532406
0.00,14,15,841.8826037
0.00,14,16,841.8694982
0.00,14,17,841.7109952
0.00,14,18,841.6876429
0.00,14,19,841.5399635
0.00,14,20,841.5074669
0.00,14,21,841.3694655
0.00,14,22,841.3288015
0.00,14,23,841.1994641
0.00,14,24,841.1515022
0.00,14,25,841.0299268
0.00,14,26,840.9754423
0.00,14,27,840.8608248
0.00,14,28,840.8005102
0.00,14,29,840.6921323
0.00,14,30,840.6266068
0.00,14,31,840.5238267
0.00,14,32,840.453644
0.00,14,33,840.3558876
0.00,14,34,840.2815436
0.00,14,35,840.1882967
0.00,14,36,840.1102354
0.00,14,37,840.0210378
0.00,14,38,839.9396573
0.00,14,39,839.8540963
0.00,14,40,839.8453192
0.00,14,41,839.6193324
0.00,14,42,839.5256637
0.00,14,43,839.4494165
0.00,14,44,839.3592906
0.00,14,45,839.2800638
0.00,14,46,839.1931974
0.00,14,47,839.1112432
0.00,14,48,839.1098089
0.00,14,49,838.9420479
0.00,14,50,838.9280319
0.00,14,51,838.7735719
0.00,14,52,838.7484998
0.00,14,53,838.6057457
0.00,14,54,838.5709432
0.00,14,55,838.438512
0.00,14,56,838.3951391
0.00,14,57,838.2718216
0.00,14,58,838.2208963
0.00,14,59,838.1056319
0.00,14,60,838.0480494
0.00,14,61,837.9399054
0.00,14,62,837.8764541
0.00,14,63,837.7746095
0.00,14,64,837.7059843
0.00,14,65,837.6097155
0.00,14,66,837.5365295
0.00,14,67,837.4451981
0.00,14,68,837.3679925
0.00,14,69,837.2810351
0.00,14,70,837.2002882
0.00,14,71,837.198354
0.00,14,72,837.0341667
0.00,14,73,837.0222543
0.00,14,74,836.868526
0.00,14,75,836.8474736
0.00,14,76,836.7033432
0.00,14,77,836.6739257
0.00,14,78,836.5385999
0.00,14,79,836.5015395
0.00,14,80,836.3742787
0.00,14,81,836.330249
0.00,14,82,836.2103631
0.00,14,83,836.1599911
0.00,14,84,836.0468372
0.00,14,85,835.9907053
0.00,14,86,835.8836856
0.00,14,87,835.8223334
0.00,14,88,835.7208935
0.00,14,89,835.6548198
0.00,14,90,835.5584469
0.00,14,91,835.4881113
0.00,14,92,835.3963326
0.00,14,93,835.3221578
0.00,14,94,835.2345378
0.00,14,95,835.1569118
0.00,14,96,835.0730507
0.00,14,97,834.9923286
0.00,14,98,834.9859551
0.00,14,99,834.8275786
0.00,14,100,834.8079263
0.00,14,101,834.6636509
0.00,14,102,834.6325525
0.00,14,103,834.5004512
0.00,14,104,834.4594702
0.00,14,105,834.3379023
0.00,14,106,834.2883809
0.00,14,107,834.175939
0.00,14,108,834.1190332
0.00,14,109,834.0145057
0.00,14,110,833.9512132
0.00,14,111,833.8535549
0.00,14,112,833.7847374
0.00,14,113,833.6930454
0.00,14,114,833.6194489
0.00,14,115,833.5329421
0.00,14,116,833.4552121
0.00,14,117,833.3732144
0.00,14,118,833.3598364
0.00,14,119,833.1470275
0.00,14,120,833.0589306
0.00,14,121,832.9836528
0.00,14,122,832.8997772
0.00,14,123,832.8210542
0.00,14,124,832.8173693
0.00,14,125,832.6583703
0.00,14,126,832.6403653
0.00,14,127,832.4966015
0.00,14,128,832.4663797
0.00,14,129,832.3356342
0.00,14,130,832.2949739
0.00,14,131,832.1753746
0.00,14,132,832.1257873
0.00,14,133,832.0157444
0.00,14,134,831.9585181
0.00,14,135,831.8566772
0.00,14,136,831.7929118
0.00,14,137,831.6981168
0.00,14,138,831.6287527
0.00,14,139,831.5400153
0.00,14,140,831.4658576
0.00,14,141,831.3823319
0.00,14,142,831.3040708
0.00,14,143,831.2981443
0.00,14,144,831.1439889
0.00,14,145,831.1264327
0.00,14,146,830.9845392
0.00,14,147,830.9566424
0.00,14,148,830.8256747
0.00,14,149,830.7885963
0.00,14,150,830.6673552
0.00,14,151,830.6221409
0.00,14,152,830.5095438
0.00,14,153,830.4571362
0.00,14,154,830.3522067
0.00,14,155,830.2934534
0.00,14,156,830.1953123
0.00,14,157,830.1309739
0.00,14,158,830.0388319
0.00,14,159,829.9695889
0.00,14,160,829.8827392
0.00,14,161,829.8091987
0.00,14,162,829.7270101
0.00,14,163,829.6497127
0.00,14,164,829.6443307
0.00,14,165,829.4902959
0.00,14,166,829.4699432
0.00,14,167,829.3318953
0.00,14,168,829.2989643
0.00,14,169,829.1743688
0.00,14,170,829.1308505
0.00,14,171,829.0176019
0.00,14,172,828.9651627
0.00,14,173,828.8615002
0.00,14,174,828.8015393
0.00,14,175,828.705985
0.00,14,176,828.6396795
0.00,14,177,828.5509904
0.00,14,178,828.4793324
0.00,14,179,828.3964614
0.00,14,180,828.320288
0.00,14,181,828.3156732
0.00,14,182,828.1630901
0.00,14,183,828.14576
0.00,14,184,828.0066227
0.00,14,185,827.9781503
0.00,14,186,827.8508213
0.00,14,187,827.8126004
0.00,14,188,827.6956301
0.00,14,189,827.6488991
0.00,14,190,827.5409989
0.00,14,191,827.4868563
0.00,14,192,827.3868821
0.00,14,193,827.3263001
0.00,14,194,827.2332386
0.00,14,195,827.167075
0.00,14,196,827.0800311
0.00,14,197,827.0090412
0.00,14,198,826.9272265
0.00,14,199,826.8520731
0.00,14,200,826.8486829
0.00,15,1,827.9739222
0.00,15,2,827.9571175
0.00,15,3,827.9411302
0.00,15,4,827.9262804
0.00,15,5,827.9119917
0.00,15,6,827.8984283
0.00,15,7,827.8852592
0.00,15,8,827.8725583
0.00,15,9,827.8601321
0.00,15,10,827.84801
0.00,15,11,827.8360776
0.00,15,12,827.8243438
0.00,15,13,827.8127403
0.00,15,14,827.8106263
0.00,15,15,827.7954319
0.00,15,16,827.7811798
0.00,15,17,827.7674134
0.00,15,18,827.7542534
0.00,15,19,827.7414339
0.00,15,20,827.7290071
0.00,15,21,827.7168167
0.00,15,22,827.7048819
0.00,15,23,827.6931101
0.00,15,24,827.6815055
0.00,15,25,827.6802381
0.00,15,26,827.6650781
0.00,15,27,827.6505173
0.00,15,28,827.6367503
0.00,15,29,827.6234072
0.00,15,30,827.6105762
0.00,15,31,827.5980412
0.00,15,32,827.5858387
0.00,15,33,827.573841
0.00,15,34,827.5620603
0.00,15,35,827.5504204
0.00,15,36,827.5501354
0.00,15,37,827.5345792
0.00,15,38,827.5200575
0.00,15,39,827.5060577
0.00,15,40,827.492723
0.00,15,41,827.4797553
0.00,15,42,827.4672179
0.00,15,43,827.454936
0.00,15,44,827.4429339
0.00,15,45,827.4311082
0.00,15,46,827.4194654
0.00,15,47,827.4079438
0.00,15,48,827.4044766
0.00,15,49,827.3896292
0.00,15,50,827.3756485
0.00,15,51,827.3621218
0.00,15,52,827.3491538
0.00,15,53,827.3365037
0.00,15,54,827.3242159
0.00,15,55,827.3121486
0.00,15,56,827.3003176
0.00,15,57,827.2886384
0.00,15,58,827.277114
0.00,15,59,827.2744965
0.00,15,60,827.2596628
0.00,15,61,827.2453914
0.00,15,62,827.2318531
0.00,15,63,827.2187118
0.00,15,64,827.2060444
0.00,15,65,827.1936538
0.00,15,66,827.1815713
0.00,15,67,827.1696803
0.00,15,68,827.1579905
0.00,15,69,827.1464325
0.00,15,70,827.1447939
0.00,15,71,827.1295853
0.00,15,72,827.1153347
0.00,15,73,827.1015749
0.00,15,74,827.0884319
0.00,15,75,827.0756336
0.00,15,76,827.063235
0.00,15,77,827.0510761
0.00,15,78,827.0391775
0.00,15,79,827.0274443
0.00,15,80,827.0158817
0.00,15,81,827.0152129
0.00,15,82,827.0000194
0.00,15,83,826.9854333
0.00,15,84,826.9716592
0.00,15,85,826.9583156
0.00,15,86,826.9454962
0.00,15,87,826.932978
0.00,15,88,826.9208001
0.00,15,89,826.9088311
0.00,15,90,826.8970843
0.00,15,91,826.8854813
0.00,15,92,826.8740241
0.00,15,93,826.8704552
0.00,15,94,826.8558664
0.00,15,95,826.8418125
0.00,15,96,826.8284484
0.00,15,97,826.8154614
0.00,15,98,826.8029208
0.00,15,99,826.7906433
0.00,15,100,826.7786562
0.00,15,101,826.766851
0.00,15,102,826.7552358
0.00,15,103,826.7437457
0.00,15,104,826.7411643
0.00,15,105,826.7262131
0.00,15,106,826.7121655
0.00,15,107,826.698586
0.00,15,108,826.6855891
0.00,15,109,826.6729208
0.00,15,110,826.6606304
0.00,15,111,826.6485683
0.00,15,112,826.6367527
0.00,15,113,826.6250947
0.00,15,114,826.6135983
0.00,15,115,826.6120034
0.00,15,116,826.5970496
0.00,15,117,826.582677
0.00,15,118,826.5690734
0.00,15,119,826.5558813
0.00,15,120,826.5431862
0.00,15,121,826.5307789
0.00,15,122,826.5186948
0.00,15,123,826.5068101
0.00,15,124,826.4951366
0.00,15,125,826.4836005
0.00,15,126,826.4831389
0.00,15,127,826.4677639
0.00,15,128,826.4533993
0.00,15,129,826.4395447
0.00,15,130,826.4263409
0.00,15,131,826.4134963
0.00,15,132,826.4010733
0.00,15,133,826.3889008
0.00,15,134,826.377003
0.00,15,135,826.3652783
0.00,15,136,826.3537335
0.00,15,137,826.3423077
0.00,15,138,826.3388812
0.00,15,139,826.3241653
0.00,15,140,826.3103043
0.00,15,141,826.2968906
0.00,15,142,826.2840288
0.00,15,143,826.2714808
0.00,15,144,826.2592912
0.00,15,145,826.2473196
0.00,15,146,826.2355821
0.00,15,147,826.223995
0.00,15,148,826.2125615
0.00,15,149,826.2101366
0.00,15,150,826.1954023
0.00,15,151,826.1812254
0.00,15,152,826.1677789
0.00,15,153,826.1547265
0.00,15,154,826.1421469
0.00,15,155,826.1298428
0.00,15,156,826.1178463
0.00,15,157,826.1060408
0.00,15,158,826.0944366
0.00,15,159,826.0829639
0.00,15,160,826.0816855
0.00,15,161,826.0665403
0.00,15,162,826.0523574
0.00,15,163,826.0386648
0.00,15,164,826.0255927
0.00,15,165,826.0128657
0.00,15,166,826.0005412
0.00,15,167,825.9884573
0.00,15,168,825.9766358
0.00,15,169,825.9649807
0.00,15,170,825.9534977
0.00,15,171,825.9533735
0.00,15,172,825.9382096
0.00,15,173,825.923656
0.00,15,174,825.9099262
0.00,15,175,825.8966299
0.00,15,176,825.8838659
0.00,15,177,825.8714061
0.00,15,178,825.8592923
0.00,15,179,825.8473898
0.00,15,180,825.8357136
0.00,15,181,825.8241831
0.00,15,182,825.8128012
0.00,15,183,825.8098934
0.00,15,184,825.7953081
0.00,15,185,825.7812648
0.00,15,186,825.7679279
0.00,15,187,825.7549741
0.00,15,188,825.7424779
0.00,15,189,825.7302496
0.00,15,190,825.7183194
0.00,15,191,825.7065748
0.00,15,192,825.6950255
0.00,15,193,825.683604
0.00,15,194,825.6818716
0.00,15,195,825.6668771
0.00,15,196,825.652816
0.00,15,197,825.6392329
0.00,15,198,825.6262522
0.00,15,199,825.613608
0.00,15,200,825.601355
0.00,16,1,919.8434919
0.00,16,2,919.7172708
0.00,16,3,919.6831707
0.00,16,4,919.6685552
0.00,16,5,919.0583514
0.00,16,6,918.5572003
0.00,16,7,918.546563
0.00,16,8,917.9256872
0.00,16,9,917.8640853
0.00,16,10,915.9798358
0.00,16,11,915.7860893
0.00,16,12,915.7327552
0.00,16,13,915.6958936
0.00,16,14,915.6759928
0.00,16,15,915.0977334
0.00,16,16,914.9442359
0.00,16,17,913.1852537
0.00,16,18,913.000973
0.00,16,19,912.949705
0.00,16,20,912.9116053
0.00,16,21,912.8921231
0.00,16,22,912.8917565
0.00,16,23,912.2060349
0.00,16,24,911.7499822
0.00,16,25,911.7388749
0.00,16,26,911.1215703
0.00,16,27,910.9050428
0.00,16,28,909.2560044
0.00,16,29,909.0227002
0.00,16,30,908.9578301
0.00,16,31,908.9038768
0.00,16,32,908.8613522
0.00,16,33,908.8350647
0.00,16,34,908.8252179
0.00,16,35,908.1906531
0.00,16,36,908.0747528
0.00,16,37,906.3604073
0.00,16,38,906.1580108
0.00,16,39,906.0993078
0.00,16,40,906.0504648
0.00,16,41,906.0155468
0.00,16,42,905.9946488
0.00,16,43,905.9942818
0.00,16,44,905.3141824
0.00,16,45,905.1453481
0.00,16,46,903.5169464
0.00,16,47,903.2743624
0.00,16,48,903.2055358
0.00,16,49,903.1453419
0.00,16,50,903.0940095
0.00,16,51,903.055205
0.00,16,52,903.0288758
0.00,16,53,903.0208304
0.00,16,54,902.3830727
0.00,16,55,902.0563969
0.00,16,56,900.6193524
0.00,16,57,900.4987494
0.00,16,58,899.7179104
0.00,16,59,899.6564299
0.00,16,60,897.9923594
0.00,16,61,897.7516741
0.00,16,62,897.6781626
0.00,16,63,897.6146207
0.00,16,64,897.5591786
0.00,16,65,897.5143226
0.00,16,66,897.4795909
0.00,16,67,897.459655
0.00,16,68,897.453525
0.00,16,69,896.7874475
0.00,16,70,896.5293856
0.00,16,71,895.0872793
0.00,16,72,894.9983228
0.00,16,73,894.2181752
0.00,16,74,894.1698259
0.00,16,75,892.5624291
0.00,16,76,892.3299987
0.00,16,77,892.2536613
0.00,16,78,892.1882261
0.00,16,79,892.131986
0.00,16,80,892.0834599
0.00,16,81,892.0455847
0.00,16,82,892.0174637
0.00,16,83,892.0040881
0.00,16,84,892.0037369
0.00,16,85,891.2911561
0.00,16,86,891.0284665
0.00,16,87,889.6512611
0.00,16,88,889.4772404
0.00,16,89,888.8129684
0.00,16,90,888.4224186
0.00,16,91,887.2158212
0.00,16,92,887.0694827
0.00,16,93,886.9740111
0.00,16,94,886.9502135
0.00,16,95,886.187464
0.00,16,96,886.1081854
0.00,16,97,886.0554544
0.00,16,98,884.5455617
0.00,16,99,884.2745438
0.00,16,100,884.1784798
0.00,16,101,884.1011013
0.00,16,102,884.0317704
0.00,16,103,883.9688795
0.00,16,104,883.9111291
0.00,16,105,883.860411
0.00,16,106,883.8159193
0.00,16,107,883.7808476
0.00,16,108,883.7538439
0.00,16,109,883.7397032
0.00,16,110,883.7360193
0.00,16,111,883.0281294
0.00,16,112,882.6072294
0.00,16,113,881.4757263
0.00,16,114,881.138441
0.00,16,115,881.1095283
0.00,16,116,881.0893332
0.00,16,117,881.0829997
0.00,16,118,880.4034471
0.00,16,119,879.80388
0.00,16,120,878.8785257
0.00,16,121,878.6244302
0.00,16,122,877.3851774
0.00,16,123,877.0787494
0.00,16,124,876.9543399
0.00,16,125,876.8963683
0.00,16,126,876.8621324
0.00,16,127,876.8439339
0.00,16,128,876.8354083
0.00,16,129,876.1450188
0.00,16,130,875.6029148
0.00,16,131,874.6655273
0.00,16,132,874.4949576
0.00,16,133,873.2628094
0.00,16,134,872.9728429
0.00,16,135,872.8657708
0.00,16,136,872.7820311
0.00,16,137,872.7070535
0.00,16,138,872.6360548
0.00,16,139,872.5685294
0.00,16,140,872.5037142
0.00,16,141,872.442691
0.00,16,142,872.3848512
0.00,16,143,872.3318959
0.00,16,144,872.2829004
0.00,16,145,872.2403014
0.00,16,146,872.2026318
0.00,16,147,872.1733689
0.00,16,148,872.1502094
0.00,16,149,872.138124
0.00,16,150,872.1335371
0.00,16,151,871.3953016
0.00,16,152,870.8378027
0.00,16,153,869.9603892
0.00,16,154,869.5610592
0.00,16,155,868.5424935
0.00,16,156,868.345844
0.00,16,157,868.3215285
0.00,16,158,867.0698604
0.00,16,159,866.8128665
0.00,16,160,866.6535988
0.00,16,161,866.5766287
0.00,16,162,866.5264841
0.00,16,163,866.4906807
0.00,16,164,866.4618562
0.00,16,165,866.4430528
0.00,16,166,866.4301916
0.00,16,167,866.4294024
0.00,16,168,865.656119
0.00,16,169,864.9678153
0.00,16,170,864.9628869
0.00,16,171,864.1937355
0.00,16,172,863.584878
0.00,16,173,863.5842855
0.00,16,174,862.7468203
0.00,16,175,862.1003399
0.00,16,176,862.0643203
0.00,16,177,862.0601731
0.00,16,178,861.2331843
0.00,16,179,860.6399516
0.00,16,180,860.5649693
0.00,16,181,860.5435449
0.00,16,182,860.5401141
0.00,16,183,859.6534561
0.00,16,184,859.1153774
0.00,16,185,859.0768537
0.00,16,186,859.0712393
0.00,16,187,858.1726162
0.00,16,188,857.7280983
0.00,16,189,857.6376824
0.00,16,190,857.6107933
0.00,16,191,856.7092468
0.00,16,192,856.3117421
0.00,16,193,856.125768
0.00,16,194,856.067904
0.00,16,195,856.0583829
0.00,16,196,855.1764797
0.00,16,197,854.6282597
0.00,16,198,854.4883014
0.00,16,199,854.4356573
0.00,16,200,854.4100437
0.00,17,1,699.4973846
0.00,17,2,695.9019937
0.00,17,3,694.8072196
0.00,17,4,694.4328496
0.00,17,5,691.5009923
0.00,17,6,691.0386309
0.00,17,7,690.0582681
0.00,17,8,681.6907973
0.00,17,9,679.9066529
0.00,17,10,679.4230751
0.00,17,11,679.1971459
0.00,17,12,677.1081677
0.00,17,13,676.9473634
0.00,17,14,676.8547684
0.00,17,15,676.7894555
0.00,17,16,676.5033735
0.00,17,17,671.1068302
0.00,17,18,671.0023203
0.00,17,19,669.1750267
0.00,17,20,668.8906629
0.00,17,21,668.7482076
0.00,17,22,668.7291621
0.00,17,23,668.564571
0.00,17,24,668.4726429
0.00,17,25,668.4032747
0.00,17,26,668.300903
0.00,17,27,668.262519
0.00,17,28,668.1413477
0.00,17,29,668.0639031
0.00,17,30,667.0530565
0.00,17,31,665.4416188
0.00,17,32,664.9335812
0.00,17,33,661.9398261
0.00,17,34,661.712601
0.00,17,35,661.5735846
0.00,17,36,661.4688676
0.00,17,37,661.4514637
0.00,17,38,658.8659044
0.00,17,39,657.751752
0.00,17,40,657.4351304
0.00,17,41,657.2920963
0.00,17,42,657.2125993
0.00,17,43,657.1447585
0.00,17,44,657.0589599
0.00,17,45,657.01116
0.00,17,46,656.9142275
0.00,17,47,656.8915488
0.00,17,48,656.7771478
0.00,17,49,656.7077189
0.00,17,50,655.4005714
0.00,17,51,649.3119297
0.00,17,52,645.8330363
0.00,17,53,645.3625745
0.00,17,54,645.1748505
0.00,17,55,645.0635859
0.00,17,56,644.9908067
0.00,17,57,644.8729131
0.00,17,58,644.8432481
0.00,17,59,644.7095834
0.00,17,60,644.6330056
0.00,17,61,644.5689398
0.00,17,62,643.3403628
0.00,17,63,641.4039165
0.00,17,64,641.2575491
0.00,17,65,639.8332901
0.00,17,66,639.0065186
0.00,17,67,638.6958211
0.00,17,68,638.5809159
0.00,17,69,638.5765031
0.00,17,70,638.4492727
0.00,17,71,638.3803552
0.00,17,72,638.3260419
0.00,17,73,638.2542876
0.00,17,74,638.2104367
0.00,17,75,638.1339378
0.00,17,76,638.1010269
0.00,17,77,638.0178088
0.00,17,78,637.9970213
0.00,17,79,637.904923
0.00,17,80,637.359007
0.00,17,81,630.8280706
0.00,17,82,628.516477
0.00,17,83,628.2181842
0.00,17,84,628.0946747
0.00,17,85,628.0832332
0.00,17,86,627.957711
0.00,17,87,627.8934085
0.00,17,88,627.8354535
0.00,17,89,627.7707891
0.00,17,90,627.7232377
0.00,17,91,627.6562877
0.00,17,92,627.6187311
0.00,17,93,627.5476426
0.00,17,94,627.5205274
0.00,17,95,627.4433549
0.00,17,96,627.4279227
0.00,17,97,627.3424731
0.00,17,98,627.3407816
0.00,17,99,627.2444505
0.00,17,100,627.1920068
0.00,17,101,625.5807735
0.00,17,102,622.5116046
0.00,17,103,622.2385067
0.00,17,104,619.3863024
0.00,17,105,618.5791841
0.00,17,106,617.6318447
0.00,17,107,614.8651243
0.00,17,108,614.3608466
0.00,17,109,614.3168516
0.00,17,110,613.8760109
0.00,17,111,613.6662876
0.00,17,112,613.5045623
0.00,17,113,613.3324337
0.00,17,114,613.2218313
0.00,17,115,613.074888
0.00,17,116,613.0012179
0.00,17,117,612.8706908
0.00,17,118,612.8241886
0.00,17,119,612.7037705
0.00,17,120,612.677847
0.00,17,121,612.5629023
0.00,17,122,612.5532364
0.00,17,123,612.4402625
0.00,17,124,612.383643
0.00,17,125,612.3316273
0.00,17,126,612.276067
0.00,17,127,612.2323637
0.00,17,128,612.1763811
0.00,17,129,612.1399651
0.00,17,130,612.0822873
0.00,17,131,612.0527644
0.00,17,132,611.9922124
0.00,17,133,611.9696956
0.00,17,134,611.9050924
0.00,17,135,611.8901325
0.00,17,136,611.8202239
0.00,17,137,611.8137828
0.00,17,138,611.737162
0.00,17,139,611.6949311
0.00,17,140,610.8620401
0.00,17,141,608.4422352
0.00,17,142,604.9498103
0.00,17,143,604.6986274
0.00,17,144,604.5906609
0.00,17,145,604.5331636
0.00,17,146,604.4846521
0.00,17,147,604.4263023
0.00,17,148,604.3915277
0.00,17,149,604.3299713
0.00,17,150,604.3080635
0.00,17,151,603.6543802
0.00,17,152,602.5853378
0.00,17,153,597.197129
0.00,17,154,597.0050173
0.00,17,155,596.922182
0.00,17,156,596.8764953
0.00,17,157,596.8333637
0.00,17,158,596.7869216
0.00,17,159,596.7528171
0.00,17,160,596.7041089
0.00,17,161,596.6784888
0.00,17,162,595.5408548
0.00,17,163,594.7067534
0.00,17,164,590.3979085
0.00,17,165,590.2897824
0.00,17,166,590.2624216
0.00,17,167,590.1493601
0.00,17,168,590.0879949
0.00,17,169,590.0369833
0.00,17,170,589.9760218
0.00,17,171,589.9439847
0.00,17,172,589.8800236
0.00,17,173,589.865446
0.00,17,174,589.7953855
0.00,17,175,589.7552254
0.00,17,176,589.7182004
0.00,17,177,589.6771158
0.00,17,178,589.6467103
0.00,17,179,589.6036911
0.00,17,180,589.5794296
0.00,17,181,589.53359
0.00,17,182,588.7343945
0.00,17,183,586.2710529
0.00,17,184,584.6532021
0.00,17,185,584.0756095
0.00,17,186,583.9146061
0.00,17,187,583.8425228
0.00,17,188,583.8099847
0.00,17,189,583.7407884
0.00,17,190,583.7209068
0.00,17,191,583.6522367
0.00,17,192,583.6430609
0.00,17,193,583.5729943
0.00,17,194,583.5361803
0.00,17,195,583.5010148
0.00,17,196,583.4640259
0.00,17,197,583.4340489
0.00,17,198,583.3959726
0.00,17,199,583.3709025
0.00,17,200,583.3308795
0.00,18,1,891.9887109
0.00,18,2,891.4257002
0.00,18,3,891.4108312
0.00,18,4,891.0231681
0.00,18,5,890.9316493
0.00,18,6,890.6502574
0.00,18,7,890.5055877
0.00,18,8,890.2895175
0.00,18,9,890.2875355
0.00,18,10,889.7783748
0.00,18,11,889.7540018
0.00,18,12,889.4003183
0.00,18,13,889.2950117
0.00,18,14,889.0364673
0.00,18,15,888.8822695
0.00,18,16,888.6816083
0.00,18,17,888.6151957
0.00,18,18,888.1662988
0.00,18,19,888.111138
0.00,18,20,887.7967855
0.00,18,21,887.6727287
0.00,18,22,887.4397351
0.00,18,23,887.2745703
0.00,18,24,887.2541044
0.00,18,25,886.900344
0.00,18,26,886.7948497
0.00,18,27,886.5418404
0.00,18,28,886.3869523
0.00,18,29,886.1928383
0.00,18,30,886.1013331
0.00,18,31,885.6801719
0.00,18,32,885.6086711
0.00,18,33,885.3183585
0.00,18,34,885.1832675
0.00,18,35,884.9687017
0.00,18,36,884.797056
0.00,18,37,884.7445439
0.00,18,38,884.4342793
0.00,18,39,884.3116288
0.00,18,40,884.0846544
0.00,18,41,883.9210709
0.00,18,42,883.8927415
0.00,18,43,883.5552108
0.00,18,44,883.4447868
0.00,18,45,883.2051126
0.00,18,46,883.0480368
0.00,18,47,883.0373793
0.00,18,48,882.681461
0.00,18,49,882.5830163
0.00,18,50,882.3314322
0.00,18,51,882.18223
0.00,18,52,881.9913828
0.00,18,53,881.9059901
0.00,18,54,881.4934132
0.00,18,55,881.4235477
0.00,18,56,881.1407739
0.00,18,57,881.0081324
0.00,18,58,880.8004234
0.00,18,59,880.7911337
0.00,18,60,880.3160369
0.00,18,61,880.2770709
0.00,18,62,879.9601852
0.00,18,63,879.8452008
0.00,18,64,879.6192149
0.00,18,65,879.4611344
0.00,18,66,879.4341894
0.00,18,67,879.1041828
0.00,18,68,878.9942414
0.00,18,69,878.763911
0.00,18,70,878.6081742
0.00,18,71,878.5851735
0.00,18,72,878.2528214
0.00,18,73,878.1467798
0.00,18,74,877.9139376
0.00,18,75,877.7613089
0.00,18,76,877.7461
0.00,18,77,877.4055199
0.00,18,78,877.3019264
0.00,18,79,877.0677562
0.00,18,80,876.9159427
0.00,18,81,876.8996245
0.00,18,82,876.5627052
0.00,18,83,876.4602734
0.00,18,84,876.2268188
0.00,18,85,876.0766016
0.00,18,86,876.0631408
0.00,18,87,875.7238282
0.00,18,88,875.6210801
0.00,18,89,875.3895668
0.00,18,90,875.2386481
0.00,18,91,875.2191646
0.00,18,92,874.8893579
0.00,18,93,874.7850641
0.00,18,94,874.5574677
0.00,18,95,874.406644
0.00,18,96,874.3851147
0.00,18,97,874.0588138
0.00,18,98,873.9516807
0.00,18,99,873.7290543
0.00,18,100,873.5762459
0.00,18,101,873.5446418
0.00,18,102,873.2326654
0.00,18,103,873.1217037
0.00,18,104,872.905697
0.00,18,105,872.7517082
0.00,18,106,872.7138987
0.00,18,107,872.4105215
0.00,18,108,872.2947868
0.00,18,109,872.08611
0.00,18,110,871.9292509
0.00,18,111,871.8786881
0.00,18,112,871.5928101
0.00,18,113,871.4716762
0.00,18,114,871.2714752
0.00,18,115,871.2583784
0.00,18,116,870.8135067
0.00,18,117,870.7639491
0.00,18,118,870.4791195
0.00,18,119,870.3586334
0.00,18,120,870.1600771
0.00,18,121,870.1434626
0.00,18,122,869.7047537
0.00,18,123,869.6529145
0.00,18,124,869.3730783
0.00,18,125,869.2515016
0.00,18,126,869.0566655
0.00,18,127,869.0284191
0.00,18,128,868.6029676
0.00,18,129,868.5457829
0.00,18,130,868.2746387
0.00,18,131,868.1503877
0.00,18,132,867.9611723
0.00,18,133,867.914054
0.00,18,134,867.5082107
0.00,18,135,867.4430274
0.00,18,136,867.1837979
0.00,18,137,867.0555389
0.00,18,138,866.8735528
0.00,18,139,866.8016256
0.00,18,140,866.4206173
0.00,18,141,866.3453432
0.00,18,142,866.1005883
0.00,18,143,865.9673085
0.00,18,144,865.7937795
0.00,18,145,865.69271
0.00,18,146,865.3403692
0.00,18,147,865.2535678
0.00,18,148,865.0250637
0.00,18,149,864.8861107
0.00,18,150,864.8701391
0.00,18,151,864.5557059
0.00,18,152,864.4517094
0.00,18,153,864.245611
0.00,18,154,864.0975445
0.00,18,155,864.0491544
0.00,18,156,863.7763252
0.00,18,157,863.6573266
0.00,18,158,863.4713841
0.00,18,159,863.424302
0.00,18,160,863.0307601
0.00,18,161,862.9627759
0.00,18,162,862.7160123
0.00,18,163,862.5872556
0.00,18,164,862.4155129
0.00,18,165,862.3182493
0.00,18,166,861.9719231
0.00,18,167,861.8850067
0.00,18,168,861.6635703
0.00,18,169,861.5255459
0.00,18,170,861.5014838
0.00,18,171,861.2034068
0.00,18,172,861.0957049
0.00,18,173,860.9011873
0.00,18,174,860.8869279
0.00,18,175,860.4699795
0.00,18,176,860.4098843
0.00,18,177,860.158234
0.00,18,178,860.0331115
0.00,18,179,859.8622507
0.00,18,180,859.7655527
0.00,18,181,859.424836
0.00,18,182,859.3354038
0.00,18,183,859.1220435
0.00,18,184,858.9829725
0.00,18,185,858.9469384
0.00,18,186,858.6688996
0.00,18,187,858.5569156
0.00,18,188,858.3731107
0.00,18,189,858.3316246
0.00,18,190,857.9468673
0.00,18,191,857.8781267
0.00,18,192,857.6424349
0.00,18,193,857.5145954
0.00,18,194,857.5101335
0.00,18,195,857.1953784
0.00,18,196,857.0975644
0.00,18,197,856.8991244
0.00,18,198,856.7568407
0.00,18,199,856.7037823
0.00,18,200,856.4510432
0.00,19,1,773.7357991
0.00,19,2,771.8229542
0.00,19,3,770.5738782
0.00,19,4,768.3871563
0.00,19,5,767.6660826
0.00,19,6,765.0988768
0.00,19,7,765.0277343
0.00,19,8,761.9557416
0.00,19,9,760.3221252
0.00,19,10,759.0611658
0.00,19,11,757.2186785
0.00,19,12,756.3961121
0.00,19,13,754.2503195
0.00,19,14,754.0018415
0.00,19,15,751.4270225
0.00,19,16,749.8989724
0.00,19,17,748.6945807
0.00,19,18,747.0337928
0.00,19,19,746.0834832
0.00,19,20,744.257116
0.00,19,21,743.590695
0.00,19,22,741.5650442
0.00,19,23,741.2111309
0.00,19,24,738.9533
0.00,19,25,737.7149359
0.00,19,26,736.4672768
0.00,19,27,735.148415
0.00,19,28,734.0796616
0.00,19,29,732.6556502
0.00,19,30,731.7934944
0.00,19,31,730.2355579
0.00,19,32,729.6127447
0.00,19,33,727.8874447
0.00,19,34,727.5423799
0.00,19,35,725.6110215
0.00,19,36,725.5884435
0.00,19,37,723.4064218
0.00,19,38,722.2083015
0.00,19,39,721.2275502
0.00,19,40,719.9840288
0.00,19,41,719.1013401
0.00,19,42,717.8094824
0.00,19,43,717.0244159
0.00,19,44,715.6823969
0.00,19,45,714.9933943
0.00,19,46,713.6005937
0.00,19,47,713.0049422
0.00,19,48,711.5619898
0.00,19,49,711.0558378
0.00,19,50,709.5646075
0.00,19,51,709.1430307
0.00,19,52,707.6065835
0.00,19,53,707.2636958
0.00,19,54,705.6861762
0.00,19,55,705.4152771
0.00,19,56,703.8017695
0.00,19,57,703.5955196
0.00,19,58,701.9518746
0.00,19,59,701.802486
0.00,19,60,700.1351284
0.00,19,61,700.0345606
0.00,19,62,698.3502888
0.00,19,63,698.2904394
0.00,19,64,696.5962273
0.00,19,65,696.5691095
0.00,19,66,694.8719203
0.00,19,67,694.0411964
0.00,19,68,693.2017468
0.00,19,69,692.3623213
0.00,19,70,691.5613759
0.00,19,71,690.7130134
0.00,19,72,689.9497139
0.00,19,73,689.0923083
0.00,19,74,688.3657163
0.00,19,75,687.4992844
0.00,19,76,686.8083877
0.00,19,77,685.9330612
0.00,19,78,685.2767811
0.00,19,79,684.3927974
0.00,19,80,683.7699977
0.00,19,81,682.8776894
0.00,19,82,682.2871858
0.00,19,83,681.3869697
0.00,19,84,680.8275402
0.00,19,85,679.9199054
0.00,19,86,679.3903005
0.00,19,87,678.4757964
0.00,19,88,677.9747504
0.00,19,89,677.0539741
0.00,19,90,676.5802157
0.00,19,91,675.6538
0.00,19,92,675.2060626
0.00,19,93,674.2746639
0.00,19,94,673.8516963
0.00,19,95,672.9159831
0.00,19,96,672.5165586
0.00,19,97,671.5772004
0.00,19,98,671.200126
0.00,19,99,670.2577831
0.00,19,100,669.901908
0.00,19,101,668.9572216
0.00,19,102,668.6214446
0.00,19,103,667.6750283
0.00,19,104,667.3583047
0.00,19,105,666.4107362
0.00,19,106,666.1120836
0.00,19,107,665.1638978
0.00,19,108,664.8824018
0.00,19,109,663.9340844
0.00,19,110,663.6689024
0.00,19,111,662.7208844
0.00,19,112,662.4712499
0.00,19,113,661.5239029
0.00,19,114,661.2891286
0.00,19,115,660.3427606
0.00,19,116,660.122241
0.00,19,117,659.177093
0.00,19,118,658.9703064
0.00,19,119,658.0265496
0.00,19,120,657.8330601
0.00,19,121,656.8907932
0.00,19,122,656.7102522
0.00,19,123,655.7694996
0.00,19,124,655.6016468
0.00,19,125,654.6623565
0.00,19,126,654.5070217
0.00,19,127,653.5690634
0.00,19,128,653.4261674
0.00,19,129,652.4893309
0.00,19,130,652.3588874
0.00,19,131,651.4228808
0.00,19,132,651.3049979
0.00,19,133,650.3694452
0.00,19,134,650.2643279
0.00,19,135,649.3287668
0.00,19,136,649.2367195
0.00,19,137,648.3005984
0.00,19,138,648.2220287
0.00,19,139,647.284703
0.00,19,140,647.2201261
0.00,19,141,646.2808537
0.00,19,142,646.2308976
0.00,19,143,645.2888339
0.00,19,144,645.2542463
0.00,19,145,644.3084373
0.00,19,146,644.2900936
0.00,19,147,643.3394683
0.00,19,148,642.8513415
0.00,19,149,642.8353021
0.00,19,150,641.5139691
0.00,19,151,640.9706685
0.00,19,152,640.575776
0.00,19,153,640.0342658
0.00,19,154,639.6483684
0.00,19,155,639.108108
0.00,19,156,638.7315997
0.00,19,157,638.1920065
0.00,19,158,637.8253357
0.00,19,159,637.2857806
0.00,19,160,636.9294557
0.00,19,161,636.3892572
0.00,19,162,636.0438537
0.00,19,163,635.5022714
0.00,19,164,635.1684399
0.00,19,165,634.6246666
0.00,19,166,634.3031425
0.00,19,167,633.756295
0.00,19,168,633.4479105
0.00,19,169,632.8970182
0.00,19,170,632.6027156
0.00,19,171,632.0467075
0.00,19,172,631.7675562
0.00,19,173,631.2052454
0.00,19,174,630.9424607
0.00,19,175,630.372526
0.00,19,176,630.1274931
0.00,19,177,629.5484566
0.00,19,178,629.3227579
0.00,19,179,628.7329594
0.00,19,180,628.5284083
0.00,19,181,627.9259733
0.00,19,182,627.7446542
0.00,19,183,627.1274567
0.00,19,184,626.9717734
0.00,19,185,626.3373905
0.00,19,186,626.2101251
0.00,19,187,625.555782
0.00,19,188,625.4601663
0.00,19,189,624.7826701
0.00,19,190,624.7224731
0.00,19,191,624.0181313
0.00,19,192,623.9977664
0.00,19,193,623.2622878
0.00,19,194,622.8763381
0.00,19,195,622.5066289
0.00,19,196,622.1182947
0.00,19,197,621.7586798
0.00,19,198,621.3672135
0.00,19,199,621.0184302
0.00,19,200,620.6230075
0.00,20,1,804.7525026
0.00,20,2,804.7095971
0.00,20,3,804.6809961
0.00,20,4,804.6752912
0.00,20,5,804.6157229
0.00,20,6,804.5939718
0.00,20,7,804.5539589
0.00,20,8,804.5239965
0.00,20,9,804.5136208
0.00,20,10,804.4599255
0.00,20,11,804.4361103
0.00,20,12,804.3987312
0.00,20,13,804.3915517
0.00,20,14,804.3105713
0.00,20,15,804.2987265
0.00,20,16,804.2469215
0.00,20,17,804.2223557
0.00,20,18,804.1859995
0.00,20,19,804.1750506
0.00,20,20,804.0975256
0.00,20,21,804.0842327
0.00,20,22,804.0342931
0.00,20,23,804.0089887
0.00,20,24,803.9736407
0.00,20,25,803.9589853
0.00,20,26,803.8848611
0.00,20,27,803.8701466
0.00,20,28,803.8220404
0.00,20,29,803.7960126
0.00,20,30,803.7616544
0.00,20,31,803.7433692
0.00,20,32,803.6725789
0.00,20,33,803.6564749
0.00,20,34,803.6101636
0.00,20,35,803.5834302
0.00,20,36,803.5829815
0.00,20,37,803.5175782
0.00,20,38,803.4986273
0.00,20,39,803.4557873
0.00,20,40,803.4274032
0.00,20,41,803.4213247
0.00,20,42,803.3629892
0.00,20,43,803.3415603
0.00,20,44,803.3018673
0.00,20,45,803.2723763
0.00,20,46,803.2627371
0.00,20,47,803.2086875
0.00,20,48,803.1850892
0.00,20,49,803.1480686
0.00,20,50,803.1394
0.00,20,51,803.0602495
0.00,20,52,803.0471714
0.00,20,53,802.9974199
0.00,20,54,802.972093
0.00,20,55,802.937288
0.00,20,56,802.9204707
0.00,20,57,802.8486815
0.00,20,58,802.832604
0.00,20,59,802.7866155
0.00,20,60,802.7597843
0.00,20,61,802.7582299
0.00,20,62,802.6947513
0.00,20,63,802.6757745
0.00,20,64,802.633457
0.00,20,65,802.6053354
0.00,20,66,802.599657
0.00,20,67,802.5411254
0.00,20,68,802.51962
0.00,20,69,802.4804027
0.00,20,70,802.4508394
0.00,20,71,802.4402502
0.00,20,72,802.3878846
0.00,20,73,802.3641907
0.00,20,74,802.3277577
0.00,20,75,802.3190826
0.00,20,76,802.2408407
0.00,20,77,802.2284224
0.00,20,78,802.1783836
0.00,20,79,802.1537539
0.00,20,80,802.1185667
0.00,20,81,802.1052739
0.00,20,82,802.0312315
0.00,20,83,802.0170508
0.00,20,84,801.9692582
0.00,20,85,801.9437293
0.00,20,86,801.9097436
0.00,20,87,801.8920121
0.00,20,88,801.8220126
0.00,20,89,801.8061413
0.00,20,90,801.7605084
0.00,20,91,801.7341192
0.00,20,92,801.7334304
0.00,20,93,801.6692593
0.00,20,94,801.6503812
0.00,20,95,801.6084186
0.00,20,96,801.5803086
0.00,20,97,801.57378
0.00,20,98,801.5169328
0.00,20,99,801.4954649
0.00,20,100,801.4567845
0.00,20,101,801.4275084
0.00,20,102,801.4172288
0.00,20,103,801.3649092
0.00,20,104,801.341201
0.00,20,105,801.3052833
0.00,20,106,801.2943653
0.00,20,107,801.2184771
0.00,20,108,801.2045955
0.00,20,109,801.1567754
0.00,20,110,801.131263
0.00,20,111,801.0976528
0.00,20,112,801.0782745
0.00,20,113,801.0100241
0.00,20,114,800.9930437
0.00,20,115,800.9491095
0.00,20,116,800.9220487
0.00,20,117,800.9184281
0.00,20,118,800.8583844
0.00,20,119,800.8385097
0.00,20,120,800.7982358
0.00,20,121,800.7698739
0.00,20,122,800.7620862
0.00,20,123,800.707063
0.00,20,124,800.6846943
0.00,20,125,800.6474869
0.00,20,126,800.6420829
0.00,20,127,800.561758
0.00,20,128,800.5499028
0.00,20,129,800.499948
0.00,20,130,800.4755429
0.00,20,131,800.4409262
0.00,20,132,800.4260148
0.00,20,133,800.354257
0.00,20,134,800.3389272
0.00,20,135,800.2933175
0.00,20,136,800.2671762
0.00,20,137,800.266048
0.00,20,138,800.2033069
0.00,20,139,800.1848035
0.00,20,140,800.1432012
0.00,20,141,800.115635
0.00,20,142,800.1099575
0.00,20,143,800.0526907
0.00,20,144,800.0314634
0.00,20,145,799.9932036
0.00,20,146,799.9923969
0.00,20,147,799.9084409
0.00,20,148,799.8982693
0.00,20,149,799.8465929
0.00,20,150,799.8231173
0.00,20,151,799.7877068
0.00,20,152,799.7764422
0.00,20,153,799.7018974
0.00,20,154,799.687912
0.00,20,155,799.6409959
0.00,20,156,799.6156156
0.00,20,157,799.5826352
0.00,20,158,799.5624806
0.00,20,159,799.4959553
0.00,20,160,799.4787274
0.00,20,161,799.4358743
0.00,20,162,799.4088781
0.00,20,163,799.4043887
0.00,20,164,799.3461595
0.00,20,165,799.3259876
0.00,20,166,799.2868539
0.00,20,167,799.2585269
0.00,20,168,799.2497728
0.00,20,169,799.1966951
0.00,20,170,799.174011
0.00,20,171,799.1379709
0.00,20,172,799.1297193
0.00,20,173,799.0529438
0.00,20,174,799.0400667
0.00,20,175,798.992128
0.00,20,176,798.9673864
0.00,20,177,798.933963
0.00,20,178,798.9161397
0.00,20,179,798.8479891
0.00,20,180,798.8316278
0.00,20,181,798.788048
0.00,20,182,798.7615713
0.00,20,183,798.7582953
0.00,20,184,798.698914
0.00,20,185,798.6794417
0.00,20,186,798.6397885
0.00,20,187,798.6119052
0.00,20,188,798.6041298
0.00,20,189,798.5501824
0.00,20,190,798.5280658
0.00,20,191,798.4916659
0.00,20,192,798.4854043
0.00,20,193,798.4073001
0.00,20,194,798.3951552
0.00,20,195,798.3466492
0.00,20,196,798.3223544
0.00,20,197,798.2887188
0.00,20,198,798.2723511
0.00,20,199,798.2033467
0.00,20,200,798.1875303
0.00,21,1,724.0250877
0.00,21,2,723.9647332
0.00,21,3,723.9444288
0.00,21,4,723.9237942
0.00,21,5,723.9116003
0.00,21,6,723.8978989
0.00,21,7,723.896992
0.00,21,8,723.8924843
0.00,21,9,723.6033613
0.00,21,10,723.4636452
0.00,21,11,723.459751
0.00,21,12,723.4528803
0.00,21,13,723.1842013
0.00,21,14,723.0294522
0.00,21,15,723.0222659
0.00,21,16,723.0127189
0.00,21,17,722.7666153
0.00,21,18,722.7595592
0.00,21,19,722.114582
0.00,21,20,722.063189
0.00,21,21,722.0446681
0.00,21,22,722.0255999
0.00,21,23,722.0155756
0.00,21,24,722.0036983
0.00,21,25,721.7783379
0.00,21,26,721.7072759
0.00,21,27,721.131918
0.00,21,28,721.0672397
0.00,21,29,721.0459176
0.00,21,30,721.0244247
0.00,21,31,721.0103904
0.00,21,32,720.9951509
0.00,21,33,720.9911256
0.00,21,34,720.9841315
0.00,21,35,720.72108
0.00,21,36,720.5666583
0.00,21,37,720.5586649
0.00,21,38,720.5484724
0.00,21,39,720.3126634
0.00,21,40,720.2779353
0.00,21,41,719.6747985
0.00,21,42,719.616654
0.00,21,43,719.5967825
0.00,21,44,719.5765099
0.00,21,45,719.5641045
0.00,21,46,719.5502464
0.00,21,47,719.5482278
0.00,21,48,719.5428233
0.00,21,49,719.2693132
0.00,21,50,719.1254431
0.00,21,51,719.1191194
0.00,21,52,719.1102877
0.00,21,53,718.8662333
0.00,21,54,718.8603653
0.00,21,55,718.2367536
0.00,21,56,718.1839439
0.00,21,57,718.1651356
0.00,21,58,718.1458122
0.00,21,59,718.1346513
0.00,21,60,718.121841
0.00,21,61,718.1212982
0.00,21,62,718.1170457
0.00,21,63,717.8364735
0.00,21,64,717.7004546
0.00,21,65,717.6952458
0.00,21,66,717.6873131
0.00,21,67,717.4386104
0.00,21,68,717.2797867
0.00,21,69,717.2698092
0.00,21,70,717.2579817
0.00,21,71,717.0421912
0.00,21,72,716.9529885
0.00,21,73,716.4228462
0.00,21,74,716.3531957
0.00,21,75,716.331008
0.00,21,76,716.3086963
0.00,21,77,716.2925373
0.00,21,78,716.2755033
0.00,21,79,716.2676557
0.00,21,80,716.2575786
0.00,21,81,716.0293177
0.00,21,82,715.9800772
0.00,21,83,715.4158104
0.00,21,84,715.3538219
0.00,21,85,715.3330598
0.00,21,86,715.3120946
0.00,21,87,715.2978708
0.00,21,88,715.282501
0.00,21,89,715.2771817
0.00,21,90,715.269147
0.00,21,91,715.0257813
0.00,21,92,715.0245831
0.00,21,93,714.4180217
0.00,21,94,714.3651728
0.00,21,95,714.3461936
0.00,21,96,714.3268311
0.00,21,97,714.3149574
0.00,21,98,714.3015732
0.00,21,99,714.2993535
0.00,21,100,714.2937736
0.00,21,101,714.0314388
0.00,21,102,713.8886273
0.00,21,103,713.8807809
0.00,21,104,713.870723
0.00,21,105,713.6471947
0.00,21,106,713.5887852
0.00,21,107,713.0468741
0.00,21,108,712.982277
0.00,21,109,712.9611531
0.00,21,110,712.9398005
0.00,21,111,712.9245461
0.00,21,112,712.9083107
0.00,21,113,712.901147
0.00,21,114,712.8916322
0.00,21,115,712.6653213
0.00,21,116,712.6170352
0.00,21,117,712.0704705
0.00,21,118,712.0078715
0.00,21,119,711.9870204
0.00,21,120,711.9659967
0.00,21,121,711.9511143
0.00,21,122,711.9352062
0.00,21,123,711.9284024
0.00,21,124,711.9191805
0.00,21,125,711.6922848
0.00,21,126,711.647625
0.00,21,127,711.1027628
0.00,21,128,711.0406462
0.00,21,129,711.0198972
0.00,21,130,710.9989737
0.00,21,131,710.9840867
0.00,21,132,710.9681818
0.00,21,133,710.9612122
0.00,21,134,710.9518592
0.00,21,135,710.7279456
0.00,21,136,710.6763928
0.00,21,137,710.1436417
0.00,21,138,710.0800501
0.00,21,139,710.059034
0.00,21,140,710.0378758
0.00,21,141,710.0224679
0.00,21,142,710.0061253
0.00,21,143,709.9982782
0.00,21,144,709.9882202
0.00,21,145,709.772167
0.00,21,146,709.6997245
0.00,21,147,709.1929646
0.00,21,148,709.1253844
0.00,21,149,709.103632
0.00,21,150,709.0818105
0.00,21,151,709.0652291
0.00,21,152,709.047885
0.00,21,153,709.0382634
0.00,21,154,709.0267656
0.00,21,155,708.8248153
0.00,21,156,708.7142814
0.00,21,157,708.2505947
0.00,21,158,708.176108
0.00,21,159,708.1530852
0.00,21,160,708.1301017
0.00,21,161,708.1116065
0.00,21,162,708.0926033
0.00,21,163,708.0801931
0.00,21,164,708.0663959
0.00,21,165,708.0623646
0.00,21,166,708.0553548
0.00,21,167,707.8167398
0.00,21,168,707.8131595
0.00,21,169,707.2481688
0.00,21,170,707.1928865
0.00,21,171,707.1734823
0.00,21,172,707.1537957
0.00,21,173,707.1402041
0.00,21,174,707.1254272
0.00,21,175,707.1196265
0.00,21,176,707.1112194
0.00,21,177,706.8864928
0.00,21,178,706.8444428
0.00,21,179,706.3227417
0.00,21,180,706.2602507
0.00,21,181,706.2395107
0.00,21,182,706.2186311
0.00,21,183,706.2030426
0.00,21,184,706.1865772
0.00,21,185,706.1778802
0.00,21,186,706.1671513
0.00,21,187,705.9642845
0.00,21,188,705.8626896
0.00,21,189,705.4052317
0.00,21,190,705.3321557
0.00,21,191,705.3094824
0.00,21,192,705.2868388
0.00,21,193,705.2684253
0.00,21,194,705.2495186
0.00,21,195,705.236797
0.00,21,196,705.2227617
0.00,21,197,705.2178474
0.00,21,198,705.2101464
0.00,21,199,704.9827807
0.00,21,200,704.9515006
0.00,22,1,775.957331
0.00,22,2,775.362273
0.00,22,3,775.027416
0.00,22,4,774.7598108
0.00,22,5,774.5796569
0.00,22,6,774.4311443
0.00,22,7,774.3142905
0.00,22,8,774.2115443
0.00,22,9,774.1207563
0.00,22,10,774.0360505
0.00,22,11,774.0074274
0.00,22,12,773.8833106
0.00,22,13,773.780277
0.00,22,14,773.6872372
0.00,22,15,773.6022859
0.00,22,16,773.5853085
0.00,22,17,773.4600331
0.00,22,18,773.3514221
0.00,22,19,773.2574257
0.00,22,20,773.1706903
0.00,22,21,773.168756
0.00,22,22,773.0338488
0.00,22,23,772.9249067
0.00,22,24,772.8278892
0.00,22,25,772.7407947
0.00,22,26,772.6588459
0.00,22,27,772.6143839
0.00,22,28,772.4991489
0.00,22,29,772.4015294
0.00,22,30,772.3124531
0.00,22,31,772.2301929
0.00,22,32,772.196799
0.00,22,33,772.0799713
0.00,22,34,771.9775217
0.00,22,35,771.8874423
0.00,22,36,771.8036234
0.00,22,37,771.7843083
0.00,22,38,771.6590106
0.00,22,39,771.5558331
0.00,22,40,771.4630413
0.00,22,41,771.3787728
0.00,22,42,771.3736846
0.00,22,43,771.24647
0.00,22,44,771.1367206
0.00,22,45,771.0425929
0.00,22,46,770.9561488
0.00,22,47,770.8757887
0.00,22,48,770.8338251
0.00,22,49,770.7221861
0.00,22,50,770.6235798
0.00,22,51,770.5360757
0.00,22,52,770.4542538
0.00,22,53,770.4260909
0.00,22,54,770.3064969
0.00,22,55,770.206892
0.00,22,56,770.1167934
0.00,22,57,770.034446
0.00,22,58,770.0205278
0.00,22,59,769.8985979
0.00,22,60,769.7927797
0.00,22,61,769.701251
0.00,22,62,769.6168204
0.00,22,63,769.5379875
0.00,22,64,769.4910349
0.00,22,65,769.3830751
0.00,22,66,769.2872442
0.00,22,67,769.2016899
0.00,22,68,769.1214355
0.00,22,69,769.0883162
0.00,22,70,768.9726333
0.00,22,71,768.8755833
0.00,22,72,768.7874677
0.00,22,73,768.7066162
0.00,22,74,768.6880287
0.00,22,75,768.5696508
0.00,22,76,768.4665229
0.00,22,77,768.3768723
0.00,22,78,768.2939568
0.00,22,79,768.2939102
0.00,22,80,768.1646834
0.00,22,81,768.0600811
0.00,22,82,767.9668
0.00,22,83,767.8830624
0.00,22,84,767.8042818
0.00,22,85,767.766834
0.00,22,86,767.6547294
0.00,22,87,767.560046
0.00,22,88,767.4737808
0.00,22,89,767.3943427
0.00,22,90,767.3716636
0.00,22,91,767.2565571
0.00,22,92,767.1559193
0.00,22,93,767.0680286
0.00,22,94,766.986544
0.00,22,95,766.9826827
0.00,22,96,766.856846
0.00,22,97,766.7544662
0.00,22,98,766.6629314
0.00,22,99,766.5805308
0.00,22,100,766.5028932
0.00,22,101,766.4641625
0.00,22,102,766.3542516
0.00,22,103,766.261134
0.00,22,104,766.1761598
0.00,22,105,766.097795
0.00,22,106,766.0743958
0.00,22,107,765.9611664
0.00,22,108,765.8620208
0.00,22,109,765.7753013
0.00,22,110,765.6948389
0.00,22,111,765.6909976
0.00,22,112,765.5668154
0.00,22,113,765.4656674
0.00,22,114,765.3751784
0.00,22,115,765.2936935
0.00,22,116,765.2169073
0.00,22,117,765.1796127
0.00,22,118,765.0706704
0.00,22,119,764.9784036
0.00,22,120,764.894219
0.00,22,121,764.8166202
0.00,22,122,764.7955891
0.00,22,123,764.6829701
0.00,22,124,764.5844068
0.00,22,125,764.4983176
0.00,22,126,764.4185002
0.00,22,127,764.4182808
0.00,22,128,764.2941385
0.00,22,129,764.1932951
0.00,22,130,764.103193
0.00,22,131,764.0222247
0.00,22,132,763.9460123
0.00,22,133,763.9127902
0.00,22,134,763.8036402
0.00,22,135,763.7115347
0.00,22,136,763.6276531
0.00,22,137,763.5505208
0.00,22,138,763.5349302
0.00,22,139,763.4216764
0.00,22,140,763.3227939
0.00,22,141,763.2367979
0.00,22,142,763.1572479
0.00,22,143,763.0828437
0.00,22,144,763.041282
0.00,22,145,762.9388937
0.00,22,146,762.8478542
0.00,22,147,762.7666059
0.00,22,148,762.6904136
0.00,22,149,762.6667888
0.00,22,150,762.5550113
0.00,22,151,762.4616567
0.00,22,152,762.3770799
0.00,22,153,762.2998058
0.00,22,154,762.2961975
0.00,22,155,762.179713
0.00,22,156,762.0786185
0.00,22,157,761.9915964
0.00,22,158,761.9115268
0.00,22,159,761.8370815
0.00,22,160,761.8061361
0.00,22,161,761.7009925
0.00,22,162,761.608134
0.00,22,163,761.5260763
0.00,22,164,761.4495292
0.00,22,165,761.4392677
0.00,22,166,761.323217
0.00,22,167,761.2276613
0.00,22,168,761.1417002
0.00,22,169,761.0638643
0.00,22,170,760.9903044
0.00,22,171,760.9526757
0.00,22,172,760.8490049
0.00,22,173,760.7607387
0.00,22,174,760.6799826
0.00,22,175,760.6053891
0.00,22,176,760.5861818
0.00,22,177,760.4778479
0.00,22,178,760.3828293
0.00,22,179,760.2997569
0.00,22,180,760.2227
0.00,22,181,760.1504585
0.00,22,182,760.1088749
0.00,22,183,760.0098828
0.00,22,184,759.9216308
0.00,22,185,759.8426853
0.00,22,186,759.7685629
0.00,22,187,759.7462426
0.00,22,188,759.6374425
0.00,22,189,759.5464447
0.00,22,190,759.4639376
0.00,22,191,759.3885461
0.00,22,192,759.3882842
0.00,22,193,759.2739531
0.00,22,194,759.1746976
0.00,22,195,759.0893835
0.00,22,196,759.010944
0.00,22,197,758.9381189
0.00,22,198,758.9128583
0.00,22,199,758.8088326
0.00,22,200,758.7171051
0.00,23,1,826.1980698
0.00,23,2,826.0132113
0.00,23,3,825.7222455
0.00,23,4,825.6334613
0.00,23,5,825.573298
0.00,23,6,825.5149578
0.00,23,7,825.4628837
0.00,23,8,825.4094924
0.00,23,9,825.3635034
0.00,23,10,825.3154935
0.00,23,11,825.2766428
0.00,23,12,825.2348471
0.00,23,13,825.2043975
0.00,23,14,825.1697643
0.00,23,15,825.1492015
0.00,23,16,825.12281
0.00,23,17,825.1138852
0.00,23,18,825.0969605
0.00,23,19,824.1025907
0.00,23,20,812.7882587
0.00,23,21,803.381698
0.00,23,22,803.2966858
0.00,23,23,803.227219
0.00,23,24,803.1590558
0.00,23,25,803.091851
0.00,23,26,803.0241793
0.00,23,27,802.9573473
0.00,23,28,802.8899655
0.00,23,29,802.8235014
0.00,23,30,802.756417
0.00,23,31,802.6903371
0.00,23,32,802.6235588
0.00,23,33,802.5578795
0.00,23,34,802.4914157
0.00,23,35,802.4261543
0.00,23,36,802.3600136
0.00,23,37,802.2951878
0.00,23,38,802.2293787
0.00,23,39,802.1650073
0.00,23,40,802.0995382
0.00,23,41,802.0356404
0.00,23,42,801.9705197
0.00,23,43,801.9071157
0.00,23,44,801.8423517
0.00,23,45,801.7794625
0.00,23,46,801.7150633
0.00,23,47,801.6527107
0.00,23,48,801.5886842
0.00,23,49,801.5268907
0.00,23,50,801.4632445
0.00,23,51,801.4020336
0.00,23,52,801.3387752
0.00,23,53,801.2781711
0.00,23,54,801.2153075
0.00,23,55,801.1553354
0.00,23,56,801.0928731
0.00,23,57,801.0335591
0.00,23,58,800.9715044
0.00,23,59,800.9128753
0.00,23,60,800.8512338
0.00,23,61,800.7933175
0.00,23,62,800.7320942
0.00,23,63,800.6749194
0.00,23,64,800.6141187
0.00,23,65,800.5577151
0.00,23,66,800.4973407
0.00,23,67,800.4417389
0.00,23,68,800.3817936
0.00,23,69,800.3270249
0.00,23,70,800.2675107
0.00,23,71,800.2136077
0.00,23,72,800.1545257
0.00,23,73,800.1015215
0.00,23,74,800.0428717
0.00,23,75,799.9908007
0.00,23,76,799.932582
0.00,23,77,799.8814792
0.00,23,78,799.8236894
0.00,23,79,799.7735908
0.00,23,80,799.7162262
0.00,23,81,799.6671688
0.00,23,82,799.6102246
0.00,23,83,799.5622461
0.00,23,84,799.5057159
0.00,23,85,799.4588549
0.00,23,86,799.4027307
0.00,23,87,799.3570267
0.00,23,88,799.3012991
0.00,23,89,799.2567923
0.00,23,90,799.2014499
0.00,23,91,799.1581814
0.00,23,92,799.1032113
0.00,23,93,799.0612228
0.00,23,94,799.0066099
0.00,23,95,798.9659439
0.00,23,96,798.9116714
0.00,23,97,798.8723711
0.00,23,98,798.8184199
0.00,23,99,798.780529
0.00,23,100,798.726878
0.00,23,101,798.6904409
0.00,23,102,798.6370668
0.00,23,103,798.6021283
0.00,23,104,798.5490055
0.00,23,105,798.5156109
0.00,23,106,798.4627113
0.00,23,107,798.4309063
0.00,23,108,798.3781996
0.00,23,109,798.3480301
0.00,23,110,798.2954833
0.00,23,111,798.2669958
0.00,23,112,798.2145733
0.00,23,113,798.1878141
0.00,23,114,798.1354779
0.00,23,115,798.1104935
0.00,23,116,798.0582028
0.00,23,117,798.0350398
0.00,23,118,797.9827511
0.00,23,119,797.9614559
0.00,23,120,797.9091229
0.00,23,121,797.8897417
0.00,23,122,797.8373157
0.00,23,123,797.8198943
0.00,23,124,797.7673234
0.00,23,125,797.7519074
0.00,23,126,797.6991371
0.00,23,127,797.6857713
0.00,23,128,797.6327444
0.00,23,129,797.6214731
0.00,23,130,797.5681296
0.00,23,131,797.5589962
0.00,23,132,797.5052734
0.00,23,133,797.4983203
0.00,23,134,797.4441527
0.00,23,135,797.4394215
0.00,23,136,797.384741
0.00,23,137,797.3822717
0.00,23,138,797.3270079
0.00,23,139,795.1342122
0.00,23,140,788.0943727
0.00,23,141,779.3957917
0.00,23,142,779.2650637
0.00,23,143,779.1788184
0.00,23,144,779.1111817
0.00,23,145,779.0327417
0.00,23,146,778.965787
0.00,23,147,778.8880944
0.00,23,148,778.8212207
0.00,23,149,778.7442484
0.00,23,150,778.6774962
0.00,23,151,778.6012397
0.00,23,152,778.5346262
0.00,23,153,778.4590724
0.00,23,154,778.3926099
0.00,23,155,778.317744
0.00,23,156,778.2514435
0.00,23,157,778.1772507
0.00,23,158,778.1111223
0.00,23,159,778.0375876
0.00,23,160,777.9716405
0.00,23,161,777.8987487
0.00,23,162,777.8329914
0.00,23,163,777.7607275
0.00,23,164,777.6951674
0.00,23,165,777.6235162
0.00,23,166,777.5581602
0.00,23,167,777.4871067
0.00,23,168,777.4219608
0.00,23,169,777.35149
0.00,23,170,777.2865594
0.00,23,171,777.2166564
0.00,23,172,777.1519457
0.00,23,173,777.0825957
0.00,23,174,777.0181088
0.00,23,175,776.949297
0.00,23,176,776.8850373
0.00,23,177,776.816749
0.00,23,178,776.7527192
0.00,23,179,776.6849401
0.00,23,180,776.6211422
0.00,23,181,776.553858
0.00,23,182,776.4902935
0.00,23,183,776.4234901
0.00,23,184,776.3601602
0.00,23,185,776.2938237
0.00,23,186,776.2307288
0.00,23,187,776.1648455
0.00,23,188,776.1019857
0.00,23,189,776.0365423
0.00,23,190,775.9739171
0.00,23,191,775.9089003
0.00,23,192,775.8465091
0.00,23,193,775.7819058
0.00,23,194,775.7197474
0.00,23,195,775.6555451
0.00,23,196,775.593618
0.00,23,197,775.529804
0.00,23,198,775.4681064
0.00,23,199,775.4046686
0.00,23,200,775.3431984
0.00,24,1,863.2973675
0.00,24,2,863.2297138
0.00,24,3,863.1806264
0.00,24,4,863.1405172
0.00,24,5,863.1056518
0.00,24,6,863.0827768
0.00,24,7,863.0345776
0.00,24,8,862.9949855
0.00,24,9,862.9604075
0.00,24,10,862.9359924
0.00,24,11,862.888682
0.00,24,12,862.849604
0.00,24,13,862.8153108
0.00,24,14,862.7893756
0.00,24,15,862.7429442
0.00,24,16,862.7043737
0.00,24,17,862.7028948
0.00,24,18,862.6424149
0.00,24,19,862.5970846
0.00,24,20,862.5591444
0.00,24,21,862.5541675
0.00,24,22,862.495705
0.00,24,23,862.4514278
0.00,24,24,862.4140899
0.00,24,25,862.4057848
0.00,24,26,862.3492448
0.00,24,27,862.3059727
0.00,24,28,862.2692092
0.00,24,29,862.2577423
0.00,24,30,862.2030316
0.00,24,31,862.1607175
0.00,24,32,862.1245013
0.00,24,33,862.1100349
0.00,24,34,862.0570627
0.00,24,35,862.0156606
0.00,24,36,861.9799652
0.00,24,37,861.9626569
0.00,24,38,861.9113349
0.00,24,39,861.8708
0.00,24,40,861.8355996
0.00,24,41,861.8156028
0.00,24,42,861.7658451
0.00,24,43,861.7261339
0.00,24,44,861.6914036
0.00,24,45,861.6688666
0.00,24,46,861.6205901
0.00,24,47,861.5816602
0.00,24,48,861.5473758
0.00,24,49,861.5224423
0.00,24,50,861.4755666
0.00,24,51,861.4373769
0.00,24,52,861.4364506
0.00,24,53,861.3768324
0.00,24,54,861.3310397
0.00,24,55,861.2934266
0.00,24,56,861.2892254
0.00,24,57,861.2314379
0.00,24,58,861.1866933
0.00,24,59,861.1496387
0.00,24,60,861.14228
0.00,24,61,861.086262
0.00,24,62,861.0425287
0.00,24,63,861.0060137
0.00,24,64,860.9956179
0.00,24,65,860.9413061
0.00,24,66,860.8985464
0.00,24,67,860.8625518
0.00,24,68,860.8492415
0.00,24,69,860.7965713
0.00,24,70,860.754747
0.00,24,71,860.7192531
0.00,24,72,860.7031522
0.00,24,73,860.6520581
0.00,24,74,860.6111305
0.00,24,75,860.5761174
0.00,24,76,860.5573507
0.00,24,77,860.5077664
0.00,24,78,860.4676969
0.00,24,79,860.4331445
0.00,24,80,860.4118369
0.00,24,81,860.363696
0.00,24,82,860.3244458
0.00,24,83,860.2903342
0.00,24,84,860.2666098
0.00,24,85,860.2198462
0.00,24,86,860.1813767
0.00,24,87,860.147686
0.00,24,88,860.121668
0.00,24,89,860.0762157
0.00,24,90,860.0384889
0.00,24,91,860.0350866
0.00,24,92,859.9765311
0.00,24,93,859.9325443
0.00,24,94,859.895644
0.00,24,95,859.8876939
0.00,24,96,859.8317682
0.00,24,97,859.7891404
0.00,24,98,859.7530057
0.00,24,99,859.7408607
0.00,24,100,859.6873646
0.00,24,101,859.6459953
0.00,24,102,859.6105692
0.00,24,103,859.5945595
0.00,24,104,859.5433059
0.00,24,105,859.503101
0.00,24,106,859.4683301
0.00,24,107,859.4487635
0.00,24,108,859.3995779
0.00,24,109,859.3604493
0.00,24,110,859.3262841
0.00,24,111,859.3034475
0.00,24,112,859.2561674
0.00,24,113,859.2180329
0.00,24,114,859.184427
0.00,24,115,859.1585879
0.00,24,116,859.1130617
0.00,24,117,859.0758446
0.00,24,118,859.0718171
0.00,24,119,859.014617
0.00,24,120,858.9704878
0.00,24,121,858.9340055
0.00,24,122,858.9258376
0.00,24,123,858.8709606
0.00,24,124,858.8281444
0.00,24,125,858.792354
0.00,24,126,858.7803085
0.00,24,127,858.7276135
0.00,24,128,858.6860284
0.00,24,129,858.6508881
0.00,24,130,858.6352195
0.00,24,131,858.5845697
0.00,24,132,858.5441365
0.00,24,133,858.5096058
0.00,24,134,858.4905592
0.00,24,135,858.4418223
0.00,24,136,858.402465
0.00,24,137,858.368505
0.00,24,138,858.3463156
0.00,24,139,858.2993646
0.00,24,140,858.2610102
0.00,24,141,858.2275835
0.00,24,142,858.2024764
0.00,24,143,858.1571893
0.00,24,144,858.1197681
0.00,24,145,858.1167024
0.00,24,146,858.0585564
0.00,24,147,858.0150346
0.00,24,148,857.9786004
0.00,24,149,857.9701481
0.00,24,150,857.9151265
0.00,24,151,857.8732082
0.00,24,152,857.8376694
0.00,24,153,857.824351
0.00,24,154,857.7721565
0.00,24,155,857.7316931
0.00,24,156,857.6969661
0.00,24,157,857.6792558
0.00,24,158,857.6296173
0.00,24,159,857.5904731
0.00,24,160,857.5564819
0.00,24,161,857.5348115
0.00,24,162,857.4874825
0.00,24,163,857.4495336
0.00,24,164,857.4162088
0.00,24,165,857.3909713
0.00,24,166,857.3457276
0.00,24,167,857.308861
0.00,24,168,857.3047495
0.00,24,169,857.2481374
0.00,24,170,857.2045626
0.00,24,171,857.1685666
0.00,24,172,857.1595835
0.00,24,173,857.1057129
0.00,24,174,857.0636759
0.00,24,175,857.028484
0.00,24,176,857.0150276
0.00,24,177,856.9636826
0.00,24,178,856.9230593
0.00,24,179,856.8886084
0.00,24,180,856.8710538
0.00,24,181,856.8220303
0.00,24,182,856.7827042
0.00,24,183,856.7489351
0.00,24,184,856.7276338
0.00,24,185,856.6807402
0.00,24,186,856.6426021
0.00,24,187,856.6094592
0.00,24,188,856.5847402
0.00,24,189,856.5397968
0.00,24,190,856.502745
0.00,24,191,856.499324
0.00,24,192,856.4418867
0.00,24,193,856.3989387
0.00,24,194,856.362995
0.00,24,195,856.3535776
0.00,24,196,856.2996303
0.00,24,197,856.2584645
0.00,24,198,856.2235093
0.00,24,199,856.2087654
0.00,24,200,856.1579228
0.00,25,1,929.1717954
0.00,25,2,928.8132916
0.00,25,3,928.7828666
0.00,25,4,928.584905
0.00,25,5,928.4974253
0.00,25,6,928.3718913
0.00,25,7,928.2966896
0.00,25,8,928.0571607
0.00,25,9,927.9847866
0.00,25,10,927.840864
0.00,25,11,927.8270383
0.00,25,12,927.5332708
0.00,25,13,927.480416
0.00,25,14,927.3124912
0.00,25,15,927.2153062
0.00,25,16,927.1927413
0.00,25,17,926.986657
0.00,25,18,926.9023773
0.00,25,19,926.7748871
0.00,25,20,926.7068572
0.00,25,21,926.4631616
0.00,25,22,926.3921237
0.00,25,23,926.248531
0.00,25,24,926.2329223
0.00,25,25,925.9427675
0.00,25,26,925.8878857
0.00,25,27,925.724461
0.00,25,28,925.6264393
0.00,25,29,925.598107
0.00,25,30,925.4015625
0.00,25,31,925.3157871
0.00,25,32,925.1923903
0.00,25,33,925.1166883
0.00,25,34,924.8831545
0.00,25,35,924.8106202
0.00,25,36,924.6711109
0.00,25,37,924.6485129
0.00,25,38,924.3680614
0.00,25,39,924.3121607
0.00,25,40,924.152206
0.00,25,41,924.0546045
0.00,25,42,924.0250659
0.00,25,43,923.8318255
0.00,25,44,923.745309
0.00,25,45,923.624897
0.00,25,46,923.5406531
0.00,25,47,923.3171001
0.00,25,48,923.2411538
0.00,25,49,923.1079666
0.00,25,50,923.0649675
0.00,25,51,922.8049752
0.00,25,52,922.7415774
0.00,25,53,922.5930717
0.00,25,54,922.4923506
0.00,25,55,922.4502338
0.00,25,56,922.2751572
0.00,25,57,922.1841389
0.00,25,58,922.1715103
0.00,25,59,921.9590365
0.00,25,60,921.8802323
0.00,25,61,921.7524805
0.00,25,62,921.6949358
0.00,25,63,921.4504342
0.00,25,64,921.3826311
0.00,25,65,921.2415071
0.00,25,66,921.2266106
0.00,25,67,920.944331
0.00,25,68,920.889357
0.00,25,69,920.7325036
0.00,25,70,920.6359763
0.00,25,71,920.6034591
0.00,25,72,920.4184838
0.00,25,73,920.3321421
0.00,25,74,920.3305693
0.00,25,75,920.1062194
0.00,25,76,920.0325283
0.00,25,77,919.900677
0.00,25,78,919.8592731
0.00,25,79,919.6032886
0.00,25,80,919.5403369
0.00,25,81,919.3954034
0.00,25,82,919.3953249
0.00,25,83,919.1027011
0.00,25,84,919.0520554
0.00,25,85,918.8920133
0.00,25,86,918.7978896
0.00,25,87,918.7695418
0.00,25,88,918.5815193
0.00,25,89,918.4974552
0.00,25,90,918.3809235
0.00,25,91,918.2969667
0.00,25,92,918.0825546
0.00,25,93,918.007681
0.00,25,94,917.8800465
0.00,25,95,917.8318328
0.00,25,96,917.5859567
0.00,25,97,917.5219305
0.00,25,98,917.3810557
0.00,25,99,917.3751259
0.00,25,100,917.091855
0.00,25,101,917.0406103
0.00,25,102,916.8839997
0.00,25,103,916.7906107
0.00,25,104,916.7613738
0.00,25,105,916.5767716
0.00,25,106,916.4923064
0.00,25,107,916.4893529
0.00,25,108,916.2716228
0.00,25,109,916.1989722
0.00,25,110,916.0708277
0.00,25,111,916.0274476
0.00,25,112,915.7802146
0.00,25,113,915.7176498
0.00,25,114,915.5772018
0.00,25,115,915.5728334
0.00,25,116,915.2911137
0.00,25,117,915.2402387
0.00,25,118,915.0854113
0.00,25,119,914.9927266
0.00,25,120,914.9626096
0.00,25,121,914.7813388
0.00,25,122,914.6969975
0.00,25,123,914.6913648
0.00,25,124,914.479195
0.00,25,125,914.4058002
0.00,25,126,914.2809083
0.00,25,127,914.2306526
0.00,25,128,913.9926068
0.00,25,129,913.9280086
0.00,25,130,913.7924345
0.00,25,131,913.7758864
0.00,25,132,913.5081106
0.00,25,133,913.4535318
0.00,25,134,913.3056876
0.00,25,135,913.211994
0.00,25,136,913.1758612
0.00,25,137,913.004511
0.00,25,138,912.9181862
0.00,25,139,912.9035814
0.00,25,140,912.7050483
0.00,25,141,912.6282897
0.00,25,142,912.5099894
0.00,25,143,912.4427332
0.00,25,144,912.2230152
0.00,25,145,912.1534481
0.00,25,146,912.0265025
0.00,25,147,911.9864871
0.00,25,148,911.742862
0.00,25,149,911.6813364
0.00,25,150,911.5446376
0.00,25,151,911.5351277
0.00,25,152,911.2646204
0.00,25,153,911.2120632
0.00,25,154,911.0644022
0.00,25,155,910.9722566
0.00,25,156,910.9371593
0.00,25,157,910.7671988
0.00,25,158,910.6819443
0.00,25,159,910.666886
0.00,25,160,910.4715827
0.00,25,161,910.3951817
0.00,25,162,910.279261
0.00,25,163,910.2088819
0.00,25,164,909.9956604
0.00,25,165,909.9253128
0.00,25,166,909.8021804
0.00,25,167,909.7544321
0.00,25,168,909.5214424
0.00,25,169,909.4577129
0.00,25,170,909.3266284
0.00,25,171,909.3036514
0.00,25,172,909.0489373
0.00,25,173,908.9924215
0.00,25,174,908.8526035
0.00,25,175,908.7595253
0.00,25,176,908.7180621
0.00,25,177,908.5590167
0.00,25,178,908.4718347
0.00,25,179,908.4474125
0.00,25,180,908.2668111
0.00,25,181,908.1871076
0.00,25,182,908.1850606
0.00,25,183,907.9756239
0.00,25,184,907.9044744
0.00,25,185,907.7848484
0.00,25,186,907.7278233
0.00,25,187,907.5060952
0.00,25,188,907.4390224
0.00,25,189,907.3146982
0.00,25,190,907.2722363
0.00,25,191,907.0379756
0.00,25,192,906.97503
0.00,25,193,906.8459338
0.00,25,194,906.8181802
0.00,25,195,906.5712432
0.00,25,196,906.5124454
0.00,25,197,906.3785421
0.00,25,198,906.365528
0.00,25,199,906.1058749
0.00,25,200,906.0512136
0.00,26,1,648.7280673
0.00,26,2,648.6364138
0.00,26,3,648.6009097
0.00,26,4,648.5408745
0.00,26,5,648.5012461
0.00,26,6,648.4557079
0.00,26,7,648.4363206
0.00,26,8,648.335261
0.00,26,9,648.3241342
0.00,26,10,648.2513792
0.00,26,11,648.2258231
0.00,26,12,648.1698305
0.00,26,13,648.1353064
0.00,26,14,648.0896649
0.00,26,15,648.0839431
0.00,26,16,647.9736823
0.00,26,17,647.9691773
0.00,26,18,647.8896573
0.00,26,19,647.8687623
0.00,26,20,647.808016
0.00,26,21,647.7767868
0.00,26,22,647.7278532
0.00,26,23,647.6899647
0.00,26,24,647.6869078
0.00,26,25,647.6078923
0.00,26,26,647.5932373
0.00,26,27,647.5269202
0.00,26,28,647.5032563
0.00,26,29,647.4468467
0.00,26,30,647.4162633
0.00,26,31,647.3674976
0.00,26,32,647.3316509
0.00,26,33,647.2887274
0.00,26,34,647.2855226
0.00,26,35,647.1785456
0.00,26,36,647.1343538
0.00,26,37,647.1265188
0.00,26,38,647.0196291
0.00,26,39,647.0153022
0.00,26,40,646.936791
0.00,26,41,646.9168667
0.00,26,42,646.8561196
0.00,26,43,646.8261447
0.00,26,44,646.7768229
0.00,26,45,646.7402394
0.00,26,46,646.6984286
0.00,26,47,646.6807606
0.00,26,48,646.5830568
0.00,26,49,646.5745307
0.00,26,50,646.5013182
0.00,26,51,646.4790552
0.00,26,52,646.4214407
0.00,26,53,646.3901971
0.00,26,54,646.3427654
0.00,26,55,646.3055404
0.00,26,56,646.3032757
0.00,26,57,646.2251323
0.00,26,58,646.2123219
0.00,26,59,646.1456244
0.00,26,60,646.1243888
0.00,26,61,646.0668742
0.00,26,62,646.0389754
0.00,26,63,645.9887536
0.00,26,64,645.9556314
0.00,26,65,645.9111519
0.00,26,66,645.8739666
0.00,26,67,645.8726707
0.00,26,68,645.7921672
0.00,26,69,645.7752436
0.00,26,70,645.7124283
0.00,26,71,645.6852085
0.00,26,72,645.6340243
0.00,26,73,645.5998884
0.00,26,74,645.5565132
0.00,26,75,645.5521697
0.00,26,76,645.4447278
0.00,26,77,645.4439165
0.00,26,78,645.3633966
0.00,26,79,645.3471745
0.00,26,80,645.2840598
0.00,26,81,645.2576015
0.00,26,82,645.206025
0.00,26,83,645.1726354
0.00,26,84,645.1288672
0.00,26,85,645.1286307
0.00,26,86,645.0183144
0.00,26,87,644.9779848
0.00,26,88,644.9707142
0.00,26,89,644.8705073
0.00,26,90,644.827883
0.00,26,91,644.8231061
0.00,26,92,644.7171638
0.00,26,93,644.7169861
0.00,26,94,644.6366571
0.00,26,95,644.6215239
0.00,26,96,644.5580199
0.00,26,97,644.5328046
0.00,26,98,644.4806209
0.00,26,99,644.4484813
0.00,26,100,644.4040672
0.00,26,101,644.3670996
0.00,26,102,644.3635641
0.00,26,103,644.289138
0.00,26,104,644.2769434
0.00,26,105,644.2118136
0.00,26,106,644.1924461
0.00,26,107,644.1350464
0.00,26,108,644.1097864
0.00,26,109,644.0587609
0.00,26,110,644.0286952
0.00,26,111,643.9828886
0.00,26,112,643.9489288
0.00,26,113,643.9073694
0.00,26,114,643.8702724
0.00,26,115,643.8668535
0.00,26,116,643.7911907
0.00,26,117,643.7746287
0.00,26,118,643.7136728
0.00,26,119,643.6880493
0.00,26,120,643.6372175
0.00,26,121,643.6052424
0.00,26,122,643.5615047
0.00,26,123,643.5250159
0.00,26,124,643.52224
0.00,26,125,643.4480142
0.00,26,126,643.4371719
0.00,26,127,643.3715612
0.00,26,128,643.353923
0.00,26,129,643.2955971
0.00,26,130,643.2722772
0.00,26,131,643.2200634
0.00,26,132,643.1920251
0.00,26,133,643.1449058
0.00,26,134,643.1129725
0.00,26,135,643.0700755
0.00,26,136,643.0349439
0.00,26,137,642.9955291
0.00,26,138,642.9925435
0.00,26,139,642.8918838
0.00,26,140,642.8490565
0.00,26,141,642.8127306
0.00,26,142,642.8097265
0.00,26,143,642.7365809
0.00,26,144,642.7261377
0.00,26,145,642.6609074
0.00,26,146,642.6441151
0.00,26,147,642.5856636
0.00,26,148,642.5634902
0.00,26,149,642.5108034
0.00,26,150,642.4840969
0.00,26,151,642.4362832
0.00,26,152,642.4057787
0.00,26,153,642.3620631
0.00,26,154,642.3283922
0.00,26,155,642.2881074
0.00,26,156,642.2518085
0.00,26,157,642.249383
0.00,26,158,642.1745524
0.00,26,159,642.1600915
0.00,26,160,642.0986099
0.00,26,161,642.0755709
0.00,26,162,642.0235906
0.00,26,163,641.9943457
0.00,26,164,641.9492366
0.00,26,165,641.9154447
0.00,26,166,641.8753738
0.00,26,167,641.8709046
0.00,26,168,641.769195
0.00,26,169,641.7304236
0.00,26,170,641.7296235
0.00,26,171,641.6291019
0.00,26,172,641.5862442
0.00,26,173,641.5513058
0.00,26,174,641.5128323
0.00,26,175,641.5009785
0.00,26,176,641.4060797
0.00,26,177,641.405905
0.00,26,178,641.3295916
0.00,26,179,641.3174811
0.00,26,180,641.2543518
0.00,26,181,641.2336088
0.00,26,182,641.1800008
0.00,26,183,641.152922
0.00,26,184,641.1062979
0.00,26,185,641.0745103
0.00,26,186,641.0330791
0.00,26,187,640.9977541
0.00,26,188,640.9963115
0.00,26,189,640.9236525
0.00,26,190,640.9161131
0.00,26,191,640.8498733
0.00,26,192,640.8369418
0.00,26,193,640.7763967
0.00,26,194,640.7587237
0.00,26,195,640.7032009
0.00,26,196,640.6813791
0.00,26,197,640.630264
0.00,26,198,640.6048273
0.00,26,199,640.5575643
0.00,26,200,640.5289906
0.00,27,1,737.6791593
0.00,27,2,729.8559609
0.00,27,3,720.4434578
0.00,27,4,712.7910757
0.00,27,5,706.1641937
0.00,27,6,698.2845067
0.00,27,7,693.9762403
0.00,27,8,685.7252535
0.00,27,9,683.3984644
0.00,27,10,674.6918411
0.00,27,11,674.1193172
0.00,27,12,664.8821437
0.00,27,13,662.7270365
0.00,27,14,662.6615247
0.00,27,15,659.1599144
0.00,27,16,658.1833101
0.00,27,17,654.7347775
0.00,27,18,653.9994565
0.00,27,19,650.5291428
0.00,27,20,650.1041147
0.00,27,21,646.524759
0.00,27,22,645.4189889
0.00,27,23,644.8918253
0.00,27,24,644.5605367
0.00,27,25,644.4859987
0.00,27,26,641.8727229
0.00,27,27,641.0633828
0.00,27,28,635.1166877
0.00,27,29,634.5093503
0.00,27,30,631.7606128
0.00,27,31,630.3358342
0.00,27,32,628.545222
0.00,27,33,627.6736275
0.00,27,34,622.7928457
0.00,27,35,621.9455247
0.00,27,36,621.600883
0.00,27,37,621.3929625
0.00,27,38,619.9066024
0.00,27,39,619.2749553
0.00,27,40,614.7390514
0.00,27,41,614.0507342
0.00,27,42,613.8005226
0.00,27,43,613.7177913
0.00,27,44,612.1264014
0.00,27,45,611.0237422
0.00,27,46,609.6102289
0.00,27,47,608.4905452
0.00,27,48,607.1737551
0.00,27,49,606.0876853
0.00,27,50,604.8122614
0.00,27,51,603.7991408
0.00,27,52,602.5215076
0.00,27,53,601.6167436
0.00,27,54,600.29765
0.00,27,55,599.5373729
0.00,27,56,598.1371904
0.00,27,57,597.5617065
0.00,27,58,596.036939
0.00,27,59,595.6936231
0.00,27,60,593.9939836
0.00,27,61,593.4097644
0.00,27,62,593.2164027
0.00,27,63,593.1664449
0.00,27,64,591.9992379
0.00,27,65,591.4886309
0.00,27,66,590.0621602
0.00,27,67,589.9495831
0.00,27,68,588.1752117
0.00,27,69,587.7150136
0.00,27,70,587.6115677
0.00,27,71,586.72239
0.00,27,72,586.4427574
0.00,27,73,584.9284329
0.00,27,74,584.6437303
0.00,27,75,583.9178541
0.00,27,76,583.4349636
0.00,27,77,582.1858756
0.00,27,78,581.8473911
0.00,27,79,581.8056282
0.00,27,80,580.8464054
0.00,27,81,580.6349955
0.00,27,82,579.1783417
0.00,27,83,578.8210369
0.00,27,84,578.798239
0.00,27,85,577.8891545
0.00,27,86,577.4820557
0.00,27,87,577.3811146
0.00,27,88,576.6271118
0.00,27,89,576.2977486
0.00,27,90,575.050026
0.00,27,91,574.7140678
0.00,27,92,574.163845
0.00,27,93,573.5717218
0.00,27,94,572.6348427
0.00,27,95,572.2431527
0.00,27,96,572.1866426
0.00,27,97,571.4552647
0.00,27,98,571.0720511
0.00,27,99,570.9885715
0.00,27,100,570.297754
0.00,27,101,570.1681522
0.00,27,102,568.8519433
0.00,27,103,568.6657882
0.00,27,104,568.0311076
0.00,27,105,567.8986217
0.00,27,106,566.6289965
0.00,27,107,566.4752381
0.00,27,108,565.8314581
0.00,27,109,565.4382489
0.00,27,110,565.3725833
0.00,27,111,564.7548028
0.00,27,112,564.4183929
0.00,27,113,564.376138
0.00,27,114,563.6969665
0.00,27,115,563.3533483
0.00,27,116,562.9379418
0.00,27,117,562.5080885
0.00,27,118,561.6231022
0.00,27,119,561.4128077
0.00,27,120,560.8804179
0.00,27,121,560.5094014
0.00,27,122,560.4599995
0.00,27,123,559.8726704
0.00,27,124,559.5980726
0.00,27,125,559.1525256
0.00,27,126,558.7908818
0.00,27,127,558.71802
0.00,27,128,558.1704814
0.00,27,129,557.8489127
0.00,27,130,557.4650057
0.00,27,131,557.1803561
0.00,27,132,556.2456457
0.00,27,133,556.1776063
0.00,27,134,555.5512966
0.00,27,135,555.3194456
0.00,27,136,554.8677322
0.00,27,137,554.5395727
0.00,27,138,554.1926444
0.00,27,139,553.9295048
0.00,27,140,553.0257222
0.00,27,141,552.7995286
0.00,27,142,552.6314482
0.00,27,143,552.5462737
0.00,27,144,552.0902465
0.00,27,145,551.8071447
0.00,27,146,551.4384655
0.00,27,147,551.103016
0.00,27,148,551.080758
0.00,27,149,550.5493194
0.00,27,150,550.3995947
0.00,27,151,549.9118096
0.00,27,152,549.7337442
0.00,27,153,549.2797454
0.00,27,154,549.0812906
0.00,27,155,548.6529504
0.00,27,156,548.4408242
0.00,27,157,548.0312771
0.00,27,158,547.8113493
0.00,27,159,547.4146025
0.00,27,160,547.1922252
0.00,27,161,546.8028258
0.00,27,162,546.5831336
0.00,27,163,546.1958675
0.00,27,164,545.9840745
0.00,27,165,545.5936711
0.00,27,166,545.3953913
0.00,27,167,544.996206
0.00,27,168,544.8178327
0.00,27,169,544.4034742
0.00,27,170,544.2526637
0.00,27,171,543.8155209
0.00,27,172,543.7018465
0.00,27,173,543.2324511
0.00,27,174,543.1683309
0.00,27,175,542.6544572
0.00,27,176,542.4657903
0.00,27,177,542.3186492
0.00,27,178,542.3039285
0.00,27,179,541.8436367
0.00,27,180,541.799038
0.00,27,181,541.2765664
0.00,27,182,541.0953911
0.00,27,183,540.9616411
0.00,27,184,540.6908688
0.00,27,185,540.4158146
0.00,27,186,540.1274334
0.00,27,187,539.8798885
0.00,27,188,539.5681535
0.00,27,189,539.3555148
0.00,27,190,539.0131057
0.00,27,191,538.8449601
0.00,27,192,538.4624159
0.00,27,193,538.3513113
0.00,27,194,537.9162752
0.00,27,195,537.8787471
0.00,27,196,537.3749596
0.00,27,197,537.198042
0.00,27,198,537.0965696
0.00,27,199,536.8122005
0.00,27,200,536.6300061
0.00,28,1,779.0392184
0.00,28,2,776.8633458
0.00,28,3,774.9884119
0.00,28,4,773.8241917
0.00,28,5,769.5091331
0.00,28,6,768.9082396
0.00,28,7,768.4247778
0.00,28,8,765.2293301
0.00,28,9,744.2043831
0.00,28,10,742.522921
0.00,28,11,740.8739573
0.00,28,12,740.4039991
0.00,28,13,738.0418621
0.00,28,14,736.3444444
0.00,28,15,736.1438429
0.00,28,16,733.6228861
0.00,28,17,731.9138362
0.00,28,18,730.9094426
0.00,28,19,728.7920183
0.00,28,20,727.9057718
0.00,28,21,727.2822031
0.00,28,22,726.9741656
0.00,28,23,726.7602557
0.00,28,24,726.6213008
0.00,28,25,726.5119641
0.00,28,26,726.4571857
0.00,28,27,721.1523467
0.00,28,28,717.3977441
0.00,28,29,717.1925606
0.00,28,30,712.2349611
0.00,28,31,706.9407711
0.00,28,32,704.5372541
0.00,28,33,699.7677872
0.00,28,34,699.4989628
0.00,28,35,699.3937484
0.00,28,36,699.1023685
0.00,28,37,698.9174491
0.00,28,38,698.7781825
0.00,28,39,698.7221453
0.00,28,40,698.554518
0.00,28,41,698.4405769
0.00,28,42,698.3499436
0.00,28,43,698.2934255
0.00,28,44,698.1798044
0.00,28,45,698.0958001
0.00,28,46,698.0784111
0.00,28,47,697.9586925
0.00,28,48,697.870212
0.00,28,49,697.7996496
0.00,28,50,697.754415
0.00,28,51,697.6596233
0.00,28,52,697.5849613
0.00,28,53,694.9735317
0.00,28,54,688.3756849
0.00,28,55,683.6807889
0.00,28,56,683.6384359
0.00,28,57,683.5447144
0.00,28,58,683.4758384
0.00,28,59,683.451526
0.00,28,60,683.3550876
0.00,28,61,683.2836327
0.00,28,62,683.2772415
0.00,28,63,683.1703333
0.00,28,64,682.5348467
0.00,28,65,677.2473167
0.00,28,66,674.9118832
0.00,28,67,671.3202253
0.00,28,68,670.8910219
0.00,28,69,670.6787425
0.00,28,70,670.5414421
0.00,28,71,670.4456022
0.00,28,72,670.3994014
0.00,28,73,670.285272
0.00,28,74,670.2045329
0.00,28,75,670.1896468
0.00,28,76,670.0797713
0.00,28,77,670.0071854
0.00,28,78,669.9495657
0.00,28,79,669.9005276
0.00,28,80,669.8289287
0.00,28,81,669.7738935
0.00,28,82,669.7317039
0.00,28,83,669.6607344
0.00,28,84,669.605525
0.00,28,85,668.8524676
0.00,28,86,663.8263034
0.00,28,87,663.660009
0.00,28,88,660.6718937
0.00,28,89,659.5963767
0.00,28,90,659.2019341
0.00,28,91,658.9862227
0.00,28,92,655.2764955
0.00,28,93,654.0527525
0.00,28,94,653.3144892
0.00,28,95,652.9767011
0.00,28,96,649.6217956
0.00,28,97,648.8175859
0.00,28,98,648.3932497
0.00,28,99,648.2133882
0.00,28,100,648.1105984
0.00,28,101,648.04673
0.00,28,102,648.0461275
0.00,28,103,647.9560553
0.00,28,104,647.8965904
0.00,28,105,647.8962857
0.00,28,106,647.8104703
0.00,28,107,647.7557839
0.00,28,108,647.7521019
0.00,28,109,647.6730941
0.00,28,110,647.619603
0.00,28,111,647.6131443
0.00,28,112,647.5361038
0.00,28,113,647.4853828
0.00,28,114,647.4748057
0.00,28,115,647.4026075
0.00,28,116,647.352405
0.00,28,117,645.6380996
0.00,28,118,643.8203215
0.00,28,119,642.2746155
0.00,28,120,639.9430749
0.00,28,121,639.2367166
0.00,28,122,638.8743776
0.00,28,123,638.7229969
0.00,28,124,638.6382979
0.00,28,125,638.5859667
0.00,28,126,638.5838018
0.00,28,127,638.5089685
0.00,28,128,638.4592759
0.00,28,129,638.4519696
0.00,28,130,638.381599
0.00,28,131,638.3355371
0.00,28,132,638.3221909
0.00,28,133,638.2581404
0.00,28,134,638.2134994
0.00,28,135,637.6284799
0.00,28,136,635.6226958
0.00,28,137,635.5298529
0.00,28,138,630.3991756
0.00,28,139,630.3610062
0.00,28,140,630.2853573
0.00,28,141,630.237144
0.00,28,142,630.2366367
0.00,28,143,630.1672669
0.00,28,144,630.1234217
0.00,28,145,630.1144494
0.00,28,146,630.0529818
0.00,28,147,630.0111157
0.00,28,148,629.892992
0.00,28,149,628.1995555
0.00,28,150,628.1165476
0.00,28,151,624.4302705
0.00,28,152,623.4992453
0.00,28,153,623.0314611
0.00,28,154,622.852839
0.00,28,155,622.7604909
0.00,28,156,622.7092857
0.00,28,157,622.6727972
0.00,28,158,622.6479145
0.00,28,159,622.6014032
0.00,28,160,622.5676308
0.00,28,161,622.5383667
0.00,28,162,622.4963844
0.00,28,163,622.4911749
0.00,28,164,622.431904
0.00,28,165,622.3924012
0.00,28,166,622.3794511
0.00,28,167,622.3254957
0.00,28,168,622.2891215
0.00,28,169,622.2692112
0.00,28,170,622.2211723
0.00,28,171,622.1864737
0.00,28,172,621.978235
0.00,28,173,619.5152749
0.00,28,174,616.8831659
0.00,28,175,616.135187
0.00,28,176,615.7698009
0.00,28,177,615.626433
0.00,28,178,615.5512059
0.00,28,179,615.507347
0.00,28,180,615.4748442
0.00,28,181,615.4451861
0.00,28,182,615.4059139
0.00,28,183,615.3966842
0.00,28,184,615.342996
0.00,28,185,615.3078294
0.00,28,186,615.2910096
0.00,28,187,615.2444482
0.00,28,188,615.2114732
0.00,28,189,615.1889212
0.00,28,190,615.1466926
0.00,28,191,615.1160036
0.00,28,192,615.0885072
0.00,28,193,615.0505101
0.00,28,194,615.0433486
0.00,28,195,614.990395
0.00,28,196,614.9548552
0.00,28,197,614.9400139
0.00,28,198,614.8923461
0.00,28,199,614.8596782
0.00,28,200,614.8382485
0.00,29,1,902.7515245
0.00,29,2,900.9485347
0.00,29,3,900.9033811
0.00,29,4,900.8629344
0.00,29,5,900.8246769
0.00,29,6,900.7933926
0.00,29,7,900.7647225
0.00,29,8,900.7466292
0.00,29,9,900.7313987
0.00,29,10,900.404818
0.00,29,11,900.2631526
0.00,29,12,899.4005138
0.00,29,13,899.2892045
0.00,29,14,899.2556617
0.00,29,15,899.2245679
0.00,29,16,899.2028685
0.00,29,17,899.1838217
0.00,29,18,899.179044
0.00,29,19,899.1767645
0.00,29,20,898.7631049
0.00,29,21,898.5325349
0.00,29,22,898.5241301
0.00,29,23,898.518208
0.00,29,24,898.1294218
0.00,29,25,897.8806987
0.00,29,26,897.8680594
0.00,29,27,897.8578815
0.00,29,28,897.498321
0.00,29,29,897.4388578
0.00,29,30,896.5127883
0.00,29,31,896.411826
0.00,29,32,896.3799821
0.00,29,33,896.3504054
0.00,29,34,896.3303737
0.00,29,35,896.3126694
0.00,29,36,896.3093691
0.00,29,37,896.3080547
0.00,29,38,895.8870184
0.00,29,39,895.6602164
0.00,29,40,895.6506992
0.00,29,41,895.6432691
0.00,29,42,895.2649884
0.00,29,43,895.2450235
0.00,29,44,894.2936413
0.00,29,45,894.196165
0.00,29,46,894.1646861
0.00,29,47,894.1353038
0.00,29,48,894.1152147
0.00,29,49,894.0972028
0.00,29,50,894.0931353
0.00,29,51,894.090728
0.00,29,52,893.6767525
0.00,29,53,893.4440238
0.00,29,54,893.4319062
0.00,29,55,893.421641
0.00,29,56,893.0635733
0.00,29,57,892.9704327
0.00,29,58,892.1058129
0.00,29,59,891.993095
0.00,29,60,891.9582791
0.00,29,61,891.9253034
0.00,29,62,891.8999363
0.00,29,63,891.8764456
0.00,29,64,891.8642741
0.00,29,65,891.8537456
0.00,29,66,891.4978086
0.00,29,67,891.3888714
0.00,29,68,890.5497093
0.00,29,69,890.432612
0.00,29,70,890.3967691
0.00,29,71,890.3626299
0.00,29,72,890.3354519
0.00,29,73,890.31001
0.00,29,74,890.2948709
0.00,29,75,890.2812726
0.00,29,76,889.9478998
0.00,29,77,889.7693278
0.00,29,78,889.0091892
0.00,29,79,889.0072222
0.00,29,80,888.5269324
0.00,29,81,888.337414
0.00,29,82,888.3262688
0.00,29,83,888.3198294
0.00,29,84,887.9339045
0.00,29,85,887.8817239
0.00,29,86,887.0077096
0.00,29,87,886.8954351
0.00,29,88,886.8601787
0.00,29,89,886.8264154
0.00,29,90,886.7992729
0.00,29,91,886.7735678
0.00,29,92,886.7575723
0.00,29,93,886.7427385
0.00,29,94,886.7422297
0.00,29,95,886.7420056
0.00,29,96,886.3084512
0.00,29,97,886.0848484
0.00,29,98,886.0702861
0.00,29,99,886.0567542
0.00,29,100,885.7241012
0.00,29,101,885.522449
0.00,29,102,884.8109619
0.00,29,103,884.761553
0.00,29,104,884.3418847
0.00,29,105,884.1124765
0.00,29,106,884.0912166
0.00,29,107,884.0747599
0.00,29,108,884.071565
0.00,29,109,884.0684414
0.00,29,110,883.6556938
0.00,29,111,883.640294
0.00,29,112,882.7552287
0.00,29,113,882.6438052
0.00,29,114,882.6083424
0.00,29,115,882.5741352
0.00,29,116,882.5458365
0.00,29,117,882.5186623
0.00,29,118,882.5000507
0.00,29,119,882.4822625
0.00,29,120,882.4769536
0.00,29,121,882.4716476
0.00,29,122,882.0752734
0.00,29,123,882.0079924
0.00,29,124,881.1840639
0.00,29,125,881.0638356
0.00,29,126,881.0266902
0.00,29,127,880.9906893
0.00,29,128,880.959763
0.00,29,129,880.9298887
0.00,29,130,880.9073234
0.00,29,131,880.8855992
0.00,29,132,880.874461
0.00,29,133,880.8635448
0.00,29,134,880.5112501
0.00,29,135,880.3302652
0.00,29,136,879.6290402
0.00,29,137,879.5580657
0.00,29,138,879.1758323
0.00,29,139,879.0758063
0.00,29,140,878.3069774
0.00,29,141,878.2203416
0.00,29,142,878.135481
0.00,29,143,878.0979054
0.00,29,144,878.0645575
0.00,29,145,878.0321147
0.00,29,146,878.0056582
0.00,29,147,877.979958
0.00,29,148,877.9628418
0.00,29,149,877.9460273
0.00,29,150,877.9415861
0.00,29,151,877.9364403
0.00,29,152,877.5365511
0.00,29,153,877.4463067
0.00,29,154,876.6717523
0.00,29,155,876.6358555
0.00,29,156,876.2273545
0.00,29,157,876.1739875
0.00,29,158,875.3774288
0.00,29,159,875.3081242
0.00,29,160,875.2082712
0.00,29,161,875.171127
0.00,29,162,875.1380355
0.00,29,163,875.1056941
0.00,29,164,875.0790256
0.00,29,165,875.0529233
0.00,29,166,875.0348922
0.00,29,167,875.0169499
0.00,29,168,875.0105483
0.00,29,169,875.0032419
0.00,29,170,874.6199058
0.00,29,171,874.4750534
0.00,29,172,873.7717198
0.00,29,173,873.6864873
0.00,29,174,873.3359664
0.00,29,175,873.1409299
0.00,29,176,872.5018776
0.00,29,177,872.4107035
0.00,29,178,872.3114669
0.00,29,179,872.27108
0.00,29,180,872.2333836
0.00,29,181,872.1963461
0.00,29,182,872.1630018
0.00,29,183,872.1302703
0.00,29,184,872.102724
0.00,29,185,872.075597
0.00,29,186,872.055785
0.00,29,187,872.0359337
0.00,29,188,872.0264511
0.00,29,189,872.0160148
0.00,29,190,871.6584228
0.00,29,191,871.4446768
0.00,29,192,870.8268576
0.00,29,193,870.6896046
0.00,29,194,870.681793
0.00,29,195,870.6731029
0.00,29,196,870.2996741
0.00,29,197,870.1107053
0.00,29,198,869.4757227
0.00,29,199,869.3449106
0.00,29,200,869.337397
0.00,30,1,721.4722318
0.00,30,2,721.4661295
0.00,30,3,721.4625432
0.00,30,4,721.4519933
0.00,30,5,721.4453847
0.00,30,6,721.4326626
0.00,30,7,721.4290383
0.00,30,8,721.4133984
0.00,30,9,721.4070241
0.00,30,10,721.4026993
0.00,30,11,721.3933486
0.00,30,12,721.3850801
0.00,30,13,721.3739892
0.00,30,14,721.3680631
0.00,30,15,721.3546798
0.00,30,16,721.3518339
0.00,30,17,721.3354348
0.00,30,18,721.3291433
0.00,30,19,721.3250046
0.00,30,20,721.3153752
0.00,30,21,721.3075666
0.00,30,22,721.2960456
0.00,30,23,721.2908185
0.00,30,24,721.2767738
0.00,30,25,721.2749927
0.00,30,26,721.2575784
0.00,30,27,721.2514353
0.00,30,28,721.2476567
0.00,30,29,721.237476
0.00,30,30,721.2303602
0.00,30,31,721.2181691
0.00,30,32,721.2137591
0.00,30,33,721.1989193
0.00,30,34,721.1980682
0.00,30,35,721.1797433
0.00,30,36,721.1736974
0.00,30,37,721.1701383
0.00,30,38,721.1596266
0.00,30,39,721.1530573
0.00,30,40,721.1403526
0.00,30,41,721.1367795
0.00,30,42,721.1211454
0.00,30,43,721.1147966
0.00,30,44,721.1105031
0.00,30,45,721.1011511
0.00,30,46,721.0929538
0.00,30,47,721.0818486
0.00,30,48,721.076014
0.00,30,49,721.0625966
0.00,30,50,721.059873
0.00,30,51,721.0434098
0.00,30,52,721.0371522
0.00,30,53,721.033065
0.00,30,54,721.0234026
0.00,30,55,721.0157088
0.00,30,56,721.0041308
0.00,30,57,720.9990551
0.00,30,58,720.9849178
0.00,30,59,720.9833412
0.00,30,60,720.9657826
0.00,30,61,720.9596834
0.00,30,62,720.9559815
0.00,30,63,720.9457287
0.00,30,64,720.9387805
0.00,30,65,720.9264804
0.00,30,66,720.9222912
0.00,30,67,720.9072907
0.00,30,68,720.9067342
0.00,30,69,720.8881764
0.00,30,70,720.8821849
0.00,30,71,720.8787277
0.00,30,72,720.8681044
0.00,30,73,720.861759
0.00,30,74,720.8488904
0.00,30,75,720.8456166
0.00,30,76,720.8297452
0.00,30,77,720.8234513
0.00,30,78,720.8192612
0.00,30,79,720.8097949
0.00,30,80,720.8018205
0.00,30,81,720.7905519
0.00,30,82,720.7850093
0.00,30,83,720.7713611
0.00,30,84,720.769024
0.00,30,85,720.7522377
0.00,30,86,720.7460449
0.00,30,87,720.742085
0.00,30,88,720.7322709
0.00,30,89,720.7248541
0.00,30,90,720.71306
0.00,30,91,720.7083528
0.00,30,92,720.6939101
0.00,30,93,720.6928294
0.00,30,94,720.6748411
0.00,30,95,720.6688209
0.00,30,96,720.665281
0.00,30,97,720.6548222
0.00,30,98,720.648222
0.00,30,99,720.635636
0.00,30,100,720.6319056
0.00,30,101,720.6165107
0.00,30,102,720.6101621
0.00,30,103,720.6058096
0.00,30,104,720.5966321
0.00,30,105,720.5883785
0.00,30,106,720.5774291
0.00,30,107,720.5716014
0.00,30,108,720.5582811
0.00,30,109,720.5557006
0.00,30,110,720.539206
0.00,30,111,720.5330145
0.00,30,112,720.5290432
0.00,30,113,720.5192816
0.00,30,114,720.5117744
0.00,30,115,720.5001029
0.00,30,116,720.4951754
0.00,30,117,720.4809795
0.00,30,118,720.4794561
0.00,30,119,720.4619276
0.00,30,120,720.4558504
0.00,30,121,720.452141
0.00,30,122,720.4419822
0.00,30,123,720.4351063
0.00,30,124,720.4228376
0.00,30,125,720.4188533
0.00,30,126,720.4037582
0.00,30,127,720.4036497
0.00,30,128,720.3847655
0.00,30,129,720.3788816
0.00,30,130,720.3756439
0.00,30,131,720.3647597
0.00,30,132,720.3588038
0.00,30,133,720.3456414
0.00,30,134,720.3427622
0.00,30,135,720.3265882
0.00,30,136,720.3203593
0.00,30,137,720.3162676
0.00,30,138,720.3067291
0.00,30,139,720.2990377
0.00,30,140,720.2875926
0.00,30,141,720.2825151
0.00,30,142,720.2685155
0.00,30,143,720.2669421
0.00,30,144,720.2495171
0.00,30,145,720.2434659
0.00,30,146,720.2398063
0.00,30,147,720.2296042
0.00,30,148,720.2227609
0.00,30,149,720.2104935
0.00,30,150,720.2064424
0.00,30,151,720.1914426
0.00,30,152,720.1910794
0.00,30,153,720.1724691
0.00,30,154,720.1665485
0.00,30,155,720.1631901
0.00,30,156,720.1525296
0.00,30,157,720.1464108
0.00,30,158,720.1334557
0.00,30,159,720.1304864
0.00,30,160,720.114453
0.00,30,161,720.1082425
0.00,30,162,720.1041807
0.00,30,163,720.0946298
0.00,30,164,720.0869394
0.00,30,165,720.0755274
0.00,30,166,720.0703559
0.00,30,167,720.0564795
0.00,30,168,720.0546381
0.00,30,169,720.0375021
0.00,30,170,720.0314153
0.00,30,171,720.0276389
0.00,30,172,720.0176541
0.00,30,173,720.0106428
0.00,30,174,719.9985865
0.00,30,175,719.9944194
0.00,30,176,719.9795836
0.00,30,177,719.9792352
0.00,30,178,719.9606665
0.00,30,179,719.9547821
0.00,30,180,719.9514995
0.00,30,181,719.940755
0.00,30,182,719.9347145
0.00,30,183,719.921715
0.00,30,184,719.9187259
0.00,30,185,719.9027401
0.00,30,186,719.896526
0.00,30,187,719.892426
0.00,30,188,719.8829691
0.00,30,189,719.8752669
0.00,30,190,719.863912
0.00,30,191,719.8588169
0.00,30,192,719.8449145
0.00,30,193,719.8433205
0.00,30,194,719.8259961
0.00,30,195,719.8199704
0.00,30,196,719.8163292
0.00,30,197,719.8061674
0.00,30,198,719.7993718
0.00,30,199,719.7871374
0.00,30,200,719.7831492
0.00,31,1,796.0805632
0.00,31,2,796.0185236
0.00,31,3,795.9995152
0.00,31,4,795.9477391
0.00,31,5,795.9221531
0.00,31,6,795.8778297
0.00,31,7,795.8472462
0.00,31,8,795.8084606
0.00,31,9,795.7741475
0.00,31,10,795.7686906
0.00,31,11,795.7023414
0.00,31,12,795.6865726
0.00,31,13,795.6315943
0.00,31,14,795.6082065
0.00,31,15,795.5616384
0.00,31,16,795.5326195
0.00,31,17,795.4922767
0.00,31,18,795.4590951
0.00,31,19,795.4573811
0.00,31,20,795.3871685
0.00,31,21,795.3744042
0.00,31,22,795.3163477
0.00,31,23,795.2953427
0.00,31,24,795.2463631
0.00,31,25,795.2192188
0.00,31,26,795.1770124
0.00,31,27,795.1452989
0.00,31,28,795.1081439
0.00,31,29,795.1016451
0.00,31,30,795.0097681
0.00,31,31,794.9729965
0.00,31,32,794.9640101
0.00,31,33,794.87413
0.00,31,34,794.8379732
0.00,31,35,794.8261703
0.00,31,36,794.7388937
0.00,31,37,794.7379588
0.00,31,38,794.6672718
0.00,31,39,794.6550927
0.00,31,40,794.596781
0.00,31,41,794.576232
0.00,31,42,794.5271436
0.00,31,43,794.5003704
0.00,31,44,794.4581517
0.00,31,45,794.4267546
0.00,31,46,794.3896498
0.00,31,47,794.3839238
0.00,31,48,794.2919292
0.00,31,49,794.2552516
0.00,31,50,794.2467893
0.00,31,51,794.156998
0.00,31,52,794.1209769
0.00,31,53,794.1094657
0.00,31,54,794.0224706
0.00,31,55,794.0215785
0.00,31,56,793.9512213
0.00,31,57,793.9390788
0.00,31,58,793.8811102
0.00,31,59,793.8606086
0.00,31,60,793.8118561
0.00,31,61,793.7851498
0.00,31,62,793.743249
0.00,31,63,793.7119418
0.00,31,64,793.6751321
0.00,31,65,793.6687725
0.00,31,66,793.5778231
0.00,31,67,793.541478
0.00,31,68,793.5321844
0.00,31,69,793.4436066
0.00,31,70,793.4434966
0.00,31,71,793.3724987
0.00,31,72,793.3606979
0.00,31,73,793.3026088
0.00,31,74,793.282224
0.00,31,75,793.2336219
0.00,31,76,793.2069312
0.00,31,77,793.1653071
0.00,31,78,793.1339831
0.00,31,79,793.0974956
0.00,31,80,793.0896551
0.00,31,81,793.0001884
0.00,31,82,792.9644222
0.00,31,83,792.9531687
0.00,31,84,792.8668
0.00,31,85,792.8658591
0.00,31,86,792.7961605
0.00,31,87,792.7839905
0.00,31,88,792.7266673
0.00,31,89,792.7061789
0.00,31,90,792.6580348
0.00,31,91,792.6313903
0.00,31,92,792.5900499
0.00,31,93,792.5588542
0.00,31,94,792.5225542
0.00,31,95,792.5149803
0.00,31,96,792.4258733
0.00,31,97,792.3900947
0.00,31,98,792.3792908
0.00,31,99,792.2928087
0.00,31,100,792.2916745
0.00,31,101,792.2224064
0.00,31,102,792.2098674
0.00,31,103,792.1532033
0.00,31,104,792.1323141
0.00,31,105,792.0848867
0.00,31,106,792.0578811
0.00,31,107,792.0172285
0.00,31,108,791.9857417
0.00,31,109,791.9500618
0.00,31,110,791.9393454
0.00,31,111,791.8531086
0.00,31,112,791.8519527
0.00,31,113,791.7829376
0.00,31,114,791.7703882
0.00,31,115,791.7139687
0.00,31,116,791.6930866
0.00,31,117,791.6458872
0.00,31,118,791.6189085
0.00,31,119,791.5784641
0.00,31,120,791.5470236
0.00,31,121,791.511532
0.00,31,122,791.5003944
0.00,31,123,791.4148256
0.00,31,124,791.4133679
0.00,31,125,791.3449135
0.00,31,126,791.3321493
0.00,31,127,791.2761983
0.00,31,128,791.2551743
0.00,31,129,791.2083659
0.00,31,130,791.1813051
0.00,31,131,791.1411877
0.00,31,132,791.1097139
0.00,31,133,791.074497
0.00,31,134,791.0624513
0.00,31,135,790.9779552
0.00,31,136,790.9759286
0.00,31,137,790.9083284
0.00,31,138,790.8951553
0.00,31,139,790.8398859
0.00,31,140,790.8185786
0.00,31,141,790.772316
0.00,31,142,790.7450701
0.00,31,143,790.705392
0.00,31,144,790.6738096
0.00,31,145,790.6733288
0.00,31,146,790.6042623
0.00,31,147,790.5924522
0.00,31,148,790.5358909
0.00,31,149,790.5157349
0.00,31,150,790.4683971
0.00,31,151,790.4420993
0.00,31,152,790.4015597
0.00,31,153,790.3707468
0.00,31,154,790.3352151
0.00,31,155,790.3264565
0.00,31,156,790.2399038
0.00,31,157,790.2050006
0.00,31,158,790.1924494
0.00,31,159,790.1089998
0.00,31,160,790.1065625
0.00,31,161,790.0398656
0.00,31,162,790.0264071
0.00,31,163,789.97191
0.00,31,164,789.9504263
0.00,31,165,789.9048212
0.00,31,166,789.8774913
0.00,31,167,789.8383726
0.00,31,168,789.806783
0.00,31,169,789.805468
0.00,31,170,789.7377663
0.00,31,171,789.7253514
0.00,31,172,789.6699102
0.00,31,173,789.6493371
0.00,31,174,789.6029183
0.00,31,175,789.5763553
0.00,31,176,789.5365716
0.00,31,177,789.5056151
0.00,31,178,789.4707082
0.00,31,179,789.4596717
0.00,31,180,789.3756302
0.00,31,181,789.3742469
0.00,31,182,789.3068415
0.00,31,183,789.2943814
0.00,31,184,789.2392152
0.00,31,185,789.2186231
0.00,31,186,789.1724532
0.00,31,187,789.1458973
0.00,31,188,789.1063358
0.00,31,189,789.0754103
0.00,31,190,789.0407005
0.00,31,191,789.0291714
0.00,31,192,788.9458454
0.00,31,193,788.9441218
0.00,31,194,788.8773117
0.00,31,195,788.8646074
0.00,31,196,788.8099344
0.00,31,197,788.7891778
0.00,31,198,788.743416
0.00,31,199,788.7167606
0.00,31,200,788.6775375
0.00,32,1,743.4388322
0.00,32,2,742.9031217
0.00,32,3,741.8284249
0.00,32,4,741.2738289
0.00,32,5,740.2416545
0.00,32,6,739.6675626
0.00,32,7,738.6780546
0.00,32,8,738.084286
0.00,32,9,737.1371663
0.00,32,10,736.5239252
0.00,32,11,735.6185362
0.00,32,12,734.9863629
0.00,32,13,734.1217142
0.00,32,14,733.4714359
0.00,32,15,732.6462527
0.00,32,16,731.9789328
0.00,32,17,731.1917057
0.00,32,18,730.5085952
0.00,32,19,729.7576288
0.00,32,20,729.0601196
0.00,32,21,728.3435793
0.00,32,22,728.2841312
0.00,32,23,726.4002156
0.00,32,24,725.6046989
0.00,32,25,724.9880862
0.00,32,26,724.2424373
0.00,32,27,723.6000976
0.00,32,28,722.8993141
0.00,32,29,722.8736599
0.00,32,30,721.0332801
0.00,32,31,720.3019396
0.00,32,32,719.6970996
0.00,32,33,719.0091224
0.00,32,34,718.3822575
0.00,32,35,717.7336752
0.00,32,36,717.6426047
0.00,32,37,715.9659513
0.00,32,38,715.2601096
0.00,32,39,714.6839711
0.00,32,40,714.0286117
0.00,32,41,713.4252828
0.00,32,42,713.3682438
0.00,32,43,712.1921965
0.00,32,44,712.0371026
0.00,32,45,710.9782991
0.00,32,46,710.7387142
0.00,32,47,709.7827875
0.00,32,48,709.4708572
0.00,32,49,708.6048987
0.00,32,50,708.2314397
0.00,32,51,707.4439102
0.00,32,52,707.0185042
0.00,32,53,706.2991412
0.00,32,54,705.8302301
0.00,32,55,705.1699522
0.00,32,56,704.6649339
0.00,32,57,704.0557443
0.00,32,58,703.5210676
0.00,32,59,702.9559587
0.00,32,60,702.8615337
0.00,32,61,701.4211807
0.00,32,62,700.8204179
0.00,32,63,700.3071716
0.00,32,64,700.3029008
0.00,32,65,699.2185227
0.00,32,66,699.1023744
0.00,32,67,698.1481885
0.00,32,68,697.9393065
0.00,32,69,697.0949087
0.00,32,70,696.8095721
0.00,32,71,696.0575688
0.00,32,72,695.7095761
0.00,32,73,695.0351829
0.00,32,74,694.6361901
0.00,32,75,694.0268789
0.00,32,76,693.5866964
0.00,32,77,693.0318849
0.00,32,78,692.5587394
0.00,32,79,692.0495175
0.00,32,80,691.9641233
0.00,32,81,690.6744108
0.00,32,82,690.1406538
0.00,32,83,689.6746304
0.00,32,84,689.6411546
0.00,32,85,688.6982026
0.00,32,86,688.5589535
0.00,32,87,687.7385683
0.00,32,88,687.5138404
0.00,32,89,686.7942523
0.00,32,90,686.5007921
0.00,32,91,685.8640013
0.00,32,92,685.5155952
0.00,32,93,684.9467485
0.00,32,94,684.5547163
0.00,32,95,684.0415848
0.00,32,96,683.6151951
0.00,32,97,683.1477335
0.00,32,98,683.0786408
0.00,32,99,681.8957768
0.00,32,100,681.410136
0.00,32,101,680.9829031
0.00,32,102,680.9404098
0.00,32,103,680.0917096
0.00,32,104,679.949173
0.00,32,105,679.2159927
0.00,32,106,678.9938474
0.00,32,107,678.3541765
0.00,32,108,678.0689754
0.00,32,109,677.5049545
0.00,32,110,677.1700828
0.00,32,111,676.6672415
0.00,32,112,676.2935008
0.00,32,113,675.840134
0.00,32,114,675.4362219
0.00,32,115,675.4095271
0.00,32,116,674.5923341
0.00,32,117,674.4562684
0.00,32,118,673.7650983
0.00,32,119,673.5457569
0.00,32,120,672.9521153
0.00,32,121,672.6693785
0.00,32,122,672.1515614
0.00,32,123,671.8206485
0.00,32,124,671.3620337
0.00,32,125,670.9946408
0.00,32,126,670.582442
0.00,32,127,670.5032247
0.00,32,128,669.476026
0.00,32,129,669.0672337
0.00,32,130,669.0423805
0.00,32,131,667.9977691
0.00,32,132,667.5764385
0.00,32,133,667.2106616
0.00,32,134,667.1779976
0.00,32,135,666.4425655
0.00,32,136,666.318655
0.00,32,137,665.6878042
0.00,32,138,665.4922415
0.00,32,139,664.9447862
0.00,32,140,664.6931636
0.00,32,141,664.2122261
0.00,32,142,663.91694
0.00,32,143,663.4890825
0.00,32,144,663.1599772
0.00,32,145,662.7745098
0.00,32,146,662.4193928
0.00,32,147,662.3722103
0.00,32,148,661.6904015
0.00,32,149,661.5524496
0.00,32,150,660.9749577
0.00,32,151,660.7681959
0.00,32,152,660.271014
0.00,32,153,660.0120767
0.00,32,154,659.5770257
0.00,32,155,659.2785762
0.00,32,156,658.8918154
0.00,32,157,658.5635328
0.00,32,158,658.5473173
0.00,32,159,657.865701
0.00,32,160,657.7638992
0.00,32,161,657.1797846
0.00,32,162,657.0107865
0.00,32,163,656.504285
0.00,32,164,656.2826794
0.00,32,165,655.8380006
0.00,32,166,655.575356
0.00,32,167,655.1799645
0.00,32,168,654.8854494
0.00,32,169,654.529397
0.00,32,170,654.2102725
0.00,32,171,654.1824399
0.00,32,172,653.5454323
0.00,32,173,653.4326481
0.00,32,174,652.8926626
0.00,32,175,652.7151924
0.00,32,176,652.250096
0.00,32,177,652.0233245
0.00,32,178,651.6163246
0.00,32,179,651.3519912
0.00,32,180,650.9902757
0.00,32,181,650.697377
0.00,32,182,650.3711243
0.00,32,183,650.3060053
0.00,32,184,649.4917267
0.00,32,185,649.1650831
0.00,32,186,649.1534988
0.00,32,187,648.3136944
0.00,32,188,647.9756858
0.00,32,189,647.6851927
0.00,32,190,647.6701892
0.00,32,191,647.0706214
0.00,32,192,646.9832458
0.00,32,193,646.4656511
0.00,32,194,646.3209233
0.00,32,195,645.869095
0.00,32,196,645.6790019
0.00,32,197,645.2799986
0.00,32,198,645.0541083
0.00,32,199,644.6975924
0.00,32,200,644.4435429
0.00,33,1,943.3960932
0.00,33,2,943.3075243
0.00,33,3,943.2597027
0.00,33,4,943.2245106
0.00,33,5,943.1710771
0.00,33,6,943.1444892
0.00,33,7,943.083415
0.00,33,8,943.0681843
0.00,33,9,942.9969177
0.00,33,10,942.9968174
0.00,33,11,942.9119567
0.00,33,12,942.8650946
0.00,33,13,942.8288235
0.00,33,14,942.7765889
0.00,33,15,942.748221
0.00,33,16,942.6888764
0.00,33,17,942.6709371
0.00,33,18,942.6021918
0.00,33,19,942.598006
0.00,33,20,942.5168426
0.00,33,21,942.4713867
0.00,33,22,942.4334249
0.00,33,23,942.3829662
0.00,33,24,942.3524326
0.00,33,25,942.2953159
0.00,33,26,942.2746535
0.00,33,27,942.208675
0.00,33,28,942.2011388
0.00,33,29,942.1233634
0.00,33,30,942.0787792
0.00,33,31,942.0396384
0.00,33,32,941.9904036
0.00,33,33,941.958098
0.00,33,34,941.9027168
0.00,33,35,941.879417
0.00,33,36,941.8159199
0.00,33,37,941.8044795
0.00,33,38,941.7302757
0.00,33,39,941.6870132
0.00,33,40,941.6462837
0.00,33,41,941.5987236
0.00,33,42,941.5643663
0.00,33,43,941.5110967
0.00,33,44,941.4851894
0.00,33,45,941.4243345
0.00,33,46,941.4096399
0.00,33,47,941.3387061
0.00,33,48,941.2963187
0.00,33,49,941.2544357
0.00,33,50,941.2080849
0.00,33,51,941.1720239
0.00,33,52,941.1204419
0.00,33,53,941.0920395
0.00,33,54,941.033559
0.00,33,55,941.0152273
0.00,33,56,940.9476574
0.00,33,57,940.9425609
0.00,33,58,940.8630261
0.00,33,59,940.8183071
0.00,33,60,940.7802268
0.00,33,61,940.7307152
0.00,33,62,940.6997176
0.00,33,63,940.6438502
0.00,33,64,940.6222307
0.00,33,65,940.5579341
0.00,33,66,940.5487401
0.00,33,67,940.4732623
0.00,33,68,940.4296233
0.00,33,69,940.3900699
0.00,33,70,940.3420493
0.00,33,71,940.3089076
0.00,33,72,940.255116
0.00,33,73,940.2303929
0.00,33,74,940.1690071
0.00,33,75,940.1553322
0.00,33,76,940.0839616
0.00,33,77,940.0417875
0.00,33,78,940.0004331
0.00,33,79,939.9542752
0.00,33,80,939.9188018
0.00,33,81,939.8673699
0.00,33,82,939.8396665
0.00,33,83,939.7812528
0.00,33,84,939.7638218
0.00,33,85,939.6961644
0.00,33,86,939.692323
0.00,33,87,939.6124248
0.00,33,88,939.5675733
0.00,33,89,939.5302771
0.00,33,90,939.4806454
0.00,33,91,939.4503191
0.00,33,92,939.3944047
0.00,33,93,939.3732124
0.00,33,94,939.3090473
0.00,33,95,939.2998187
0.00,33,96,939.2248285
0.00,33,97,939.1817063
0.00,33,98,939.142241
0.00,33,99,939.0948094
0.00,33,100,939.0616857
0.00,33,101,939.0085594
0.00,33,102,938.9838009
0.00,33,103,938.9231492
0.00,33,104,938.9094326
0.00,33,105,938.8388347
0.00,33,106,938.7969158
0.00,33,107,938.755821
0.00,33,108,938.7100269
0.00,33,109,938.6745827
0.00,33,110,938.6237013
0.00,33,111,938.5956509
0.00,33,112,938.5380963
0.00,33,113,938.5197169
0.00,33,114,938.4534167
0.00,33,115,938.4476801
0.00,33,116,938.3699284
0.00,33,117,938.3261146
0.00,33,118,938.2881523
0.00,33,119,938.2397908
0.00,33,120,938.2085012
0.00,33,121,938.1541408
0.00,33,122,938.1316388
0.00,33,123,938.0693651
0.00,33,124,938.0584435
0.00,33,125,937.9857293
0.00,33,126,937.9432949
0.00,33,127,937.9034395
0.00,33,128,937.8569507
0.00,33,129,937.8229886
0.00,33,130,937.7711876
0.00,33,131,937.7449226
0.00,33,132,937.6861672
0.00,33,133,937.6699512
0.00,33,134,937.6020994
0.00,33,135,937.5989955
0.00,33,136,937.5192562
0.00,33,137,937.474981
0.00,33,138,937.4381764
0.00,33,139,937.3891923
0.00,33,140,937.3592778
0.00,33,141,937.3040935
0.00,33,142,937.2832376
0.00,33,143,937.2198886
0.00,33,144,937.21095
0.00,33,145,937.1368479
0.00,33,146,937.0941185
0.00,33,147,937.0551757
0.00,33,148,937.0082841
0.00,33,149,936.9753738
0.00,33,150,936.9230391
0.00,33,151,936.8979933
0.00,33,152,936.8385465
0.00,33,153,936.8237492
0.00,33,154,936.7550174
0.00,33,155,936.7535677
0.00,33,156,936.6727247
0.00,33,157,936.6282502
0.00,33,158,936.5922147
0.00,33,159,936.5429555
0.00,33,160,936.5139025
0.00,33,161,936.4583546
0.00,33,162,936.4384659
0.00,33,163,936.3746515
0.00,33,164,936.366798
0.00,33,165,936.2921159
0.00,33,166,936.2493353
0.00,33,167,936.2109476
0.00,33,168,936.1639738
0.00,33,169,936.1316472
0.00,33,170,936.0792001
0.00,33,171,936.054761
0.00,33,172,935.9951754
0.00,33,173,935.9809962
0.00,33,174,935.9121082
0.00,33,175,935.9112671
0.00,33,176,935.830268
0.00,33,177,935.7858737
0.00,33,178,935.7501961
0.00,33,179,935.7010304
0.00,33,180,935.6722985
0.00,33,181,935.6168727
0.00,33,182,935.5972404
0.00,33,183,935.5336008
0.00,33,184,935.5258974
0.00,33,185,935.4514786
0.00,33,186,935.4089004
0.00,33,187,935.3706988
0.00,33,188,935.3239746
0.00,33,189,935.2917513
0.00,33,190,935.2396251
0.00,33,191,935.2151676
0.00,33,192,935.1560085
0.00,33,193,935.1416347
0.00,33,194,935.0733273
0.00,33,195,935.0720391
0.00,33,196,934.9918422
0.00,33,197,934.9478101
0.00,33,198,934.912079
0.00,33,199,934.8633765
0.00,33,200,934.8344277
0.00,34,1,832.6545923
0.00,34,2,832.4686528
0.00,34,3,832.3847655
0.00,34,4,832.3359686
0.00,34,5,832.2479083
0.00,34,6,832.2041678
0.00,34,7,832.111427
0.00,34,8,832.0731945
0.00,34,9,831.9752732
0.00,34,10,831.9431081
0.00,34,11,831.8394591
0.00,34,12,831.8139812
0.00,34,13,831.7040031
0.00,34,14,831.6858925
0.00,34,15,831.5689256
0.00,34,16,831.558927
0.00,34,17,831.4342488
0.00,34,18,831.4331766
0.00,34,19,831.2999966
0.00,34,20,831.2308983
0.00,34,21,831.1663007
0.00,34,22,831.0946735
0.00,34,23,831.0331125
0.00,34,24,830.9586863
0.00,34,25,830.9004676
0.00,34,26,830.822946
0.00,34,27,830.7684054
0.00,34,28,830.6874629
0.00,34,29,830.6369689
0.00,34,30,830.5522482
0.00,34,31,830.5062051
0.00,34,32,830.4173141
0.00,34,33,830.376165
0.00,34,34,830.2826741
0.00,34,35,830.2469046
0.00,34,36,830.1483427
0.00,34,37,830.1184846
0.00,34,38,830.0143358
0.00,34,39,829.9909715
0.00,34,40,829.8806709
0.00,34,41,829.8644373
0.00,34,42,829.7473668
0.00,34,43,829.7389605
0.00,34,44,829.6144442
0.00,34,45,829.5480557
0.00,34,46,829.4818645
0.00,34,47,829.4133735
0.00,34,48,829.3496972
0.00,34,49,829.2789007
0.00,34,50,829.2179657
0.00,34,51,829.1446432
0.00,34,52,829.0866952
0.00,34,53,829.0106074
0.00,34,54,828.9559129
0.00,34,55,828.8768004
0.00,34,56,828.8256481
0.00,34,57,828.7432295
0.00,34,58,828.6959323
0.00,34,59,828.6099028
0.00,34,60,828.5667991
0.00,34,61,828.4768289
0.00,34,62,828.4382847
0.00,34,63,828.344017
0.00,34,64,828.3104277
0.00,34,65,828.2114771
0.00,34,66,828.1832694
0.00,34,67,828.0792197
0.00,34,68,828.0568541
0.00,34,69,827.9472562
0.00,34,70,827.9312288
0.00,34,71,827.8155986
0.00,34,72,827.8064438
0.00,34,73,827.6842598
0.00,34,74,827.6825525
0.00,34,75,827.5532534
0.00,34,76,827.4863331
0.00,34,77,827.4226913
0.00,34,78,827.3537045
0.00,34,79,827.2925142
0.00,34,80,827.2212753
0.00,34,81,827.1627422
0.00,34,82,827.0890506
0.00,34,83,827.0333968
0.00,34,84,826.9570358
0.00,34,85,826.9045012
0.00,34,86,826.8252368
0.00,34,87,826.7760802
0.00,34,88,826.69366
0.00,34,89,826.6481607
0.00,34,90,826.5623123
0.00,34,91,826.520771
0.00,34,92,826.4312008
0.00,34,93,826.393942
0.00,34,94,826.3003335
0.00,34,95,826.2677063
0.00,34,96,826.1697187
0.00,34,97,826.1420989
0.00,34,98,826.0393655
0.00,34,99,826.0171574
0.00,34,100,825.9092835
0.00,34,101,825.8929216
0.00,34,102,825.7794828
0.00,34,103,825.7694343
0.00,34,104,825.6499747
0.00,34,105,825.6467411
0.00,34,106,825.5207706
0.00,34,107,825.4552243
0.00,34,108,825.3918214
0.00,34,109,825.3244989
0.00,34,110,825.263189
0.00,34,111,825.1939518
0.00,34,112,825.1348855
0.00,34,113,825.063586
0.00,34,114,825.0069236
0.00,34,115,824.9334045
0.00,34,116,824.8793171
0.00,34,117,824.8034109
0.00,34,118,824.7520801
0.00,34,119,824.6736084
0.00,34,120,824.6252277
0.00,34,121,824.544001
0.00,34,122,824.4987756
0.00,34,123,824.4145924
0.00,34,124,824.3727403
0.00,34,125,824.2853867
0.00,34,126,824.2471394
0.00,34,127,824.1563883
0.00,34,128,824.1219909
0.00,34,129,824.0276016
0.00,34,130,823.9973138
0.00,34,131,823.8990314
0.00,34,132,823.8731279
0.00,34,133,823.7706825
0.00,34,134,823.7494541
0.00,34,135,823.6425601
0.00,34,136,823.6263139
0.00,34,137,823.5146696
0.00,34,138,823.5037297
0.00,34,139,823.3870166
0.00,34,140,823.3817248
0.00,34,141,823.2596068
0.00,34,142,823.1958533
0.00,34,143,823.1325299
0.00,34,144,823.0672507
0.00,34,145,823.0057241
0.00,34,146,822.9388115
0.00,34,147,822.8791978
0.00,34,148,822.8105378
0.00,34,149,822.7529597
0.00,34,150,822.6824317
0.00,34,151,822.6270191
0.00,34,152,822.5544955
0.00,34,153,822.5013859
0.00,34,154,822.4267315
0.00,34,155,822.3760703
0.00,34,156,822.2991423
0.00,34,157,822.2510831
0.00,34,158,822.1717303
0.00,34,159,822.1264355
0.00,34,160,822.0444984
0.00,34,161,822.0021392
0.00,34,162,821.9174495
0.00,34,163,821.8782065
0.00,34,164,821.7905864
0.00,34,165,821.7546503
0.00,34,166,821.6639125
0.00,34,167,821.631484
0.00,34,168,821.5374309
0.00,34,169,821.5087214
0.00,34,170,821.4111451
0.00,34,171,821.3863772
0.00,34,172,821.2850587
0.00,34,173,821.2644666
0.00,34,174,821.1591754
0.00,34,175,821.1430051
0.00,34,176,821.0334991
0.00,34,177,821.0220093
0.00,34,178,820.9080338
0.00,34,179,820.901496
0.00,34,180,820.7827837
0.00,34,181,820.781483
0.00,34,182,820.6577533
0.00,34,183,820.5942323
0.00,34,184,820.5328886
0.00,34,185,820.4680611
0.00,34,186,820.4082433
0.00,34,187,820.3420364
0.00,34,188,820.2838213
0.00,34,189,820.2161592
0.00,34,190,820.1596264
0.00,34,191,820.0904302
0.00,34,192,820.0356625
0.00,34,193,819.9648503
0.00,34,194,819.9119338
0.00,34,195,819.8394203
0.00,34,196,819.7884444
0.00,34,197,819.7141411
0.00,34,198,819.6651984
0.00,34,199,819.5890137
0.00,34,200,819.5422003
0.00,35,1,886.1365044
0.00,35,2,886.0358787
0.00,35,3,886.023129
0.00,35,4,886.0125011
0.00,35,5,886.002808
0.00,35,6,885.9937197
0.00,35,7,885.9849813
0.00,35,8,885.9765444
0.00,35,9,885.9683109
0.00,36,1,895.3156827
0.00,36,2,895.3123944
0.00,36,3,895.2472168
0.00,36,4,895.2245752
0.00,36,5,895.1909299
0.00,36,6,895.1678545
0.00,36,7,895.1123314
0.00,36,8,895.0912095
0.00,36,9,895.0899953
0.00,36,10,895.0341176
0.00,36,11,895.0136779
0.00,36,12,895.0130743
0.00,36,13,894.9570868
0.00,36,14,894.93701
0.00,36,15,894.9369475
0.00,36,16,894.8804994
0.00,36,17,894.8605788
0.00,36,18,894.8309571
0.00,36,19,894.8060762
0.00,36,20,894.7572685
0.00,36,21,894.7354391
0.00,36,22,894.7298911
0.00,36,23,894.6810615
0.00,36,24,894.6593081
0.00,36,25,894.6539606
0.00,36,26,894.6048771
0.00,36,27,894.5831495
0.00,36,28,894.577804
0.00,36,29,894.5287584
0.00,36,30,894.5070853
0.00,36,31,894.5018942
0.00,36,32,894.4526496
0.00,36,33,894.4309854
0.00,36,34,894.4257536
0.00,36,35,894.3766017
0.00,36,36,894.3549775
0.00,36,37,894.3498609
0.00,36,38,894.3005616
0.00,36,39,894.2789326
0.00,36,40,894.2737369
0.00,36,41,894.2245818
0.00,36,42,894.2029795
0.00,36,43,894.1978617
0.00,36,44,894.1486094
0.00,36,45,894.1269895
0.00,36,46,894.121756
0.00,36,47,894.0726972
0.00,36,48,894.0510913
0.00,36,49,894.0458987
0.00,36,50,893.9967926
0.00,36,51,893.9751565
0.00,36,52,893.9698128
0.00,36,53,893.9209479
0.00,36,54,893.8993132
0.00,36,55,893.8939741
0.00,36,56,893.845111
0.00,36,57,893.823434
0.00,36,58,893.8179097
0.00,36,59,893.7693337
0.00,36,60,893.7476459
0.00,36,61,893.7420905
0.00,36,62,893.6935647
0.00,36,63,893.671823
0.00,36,64,893.6660496
0.00,36,65,893.617855
0.00,36,66,893.5960904
0.00,36,67,893.5902511
0.00,36,68,893.542154
0.00,36,69,893.5203244
0.00,36,70,893.5142359
0.00,36,71,893.4665119
0.00,36,72,893.4446478
0.00,36,73,893.4384597
0.00,36,74,893.3908791
0.00,36,75,893.3689395
0.00,36,76,893.3624731
0.00,36,77,893.3153047
0.00,36,78,893.2933196
0.00,36,79,893.2867211
0.00,36,80,893.2397404
0.00,36,81,893.21767
0.00,36,82,893.210766
0.00,36,83,893.1642339
0.00,36,84,893.1421074
0.00,36,85,893.1350407
0.00,36,86,893.0887383
0.00,36,87,893.0665175
0.00,36,88,893.0591204
0.00,36,89,893.0132999
0.00,36,90,892.9910132
0.00,36,91,892.9834245
0.00,36,92,892.9378733
0.00,36,93,892.915484
0.00,36,94,892.9075424
0.00,36,95,892.8625033
0.00,36,96,892.8400391
0.00,36,97,892.8318789
0.00,36,98,892.7871461
0.00,36,99,892.7645718
0.00,36,100,892.7560389
0.00,36,101,892.7118447
0.00,36,102,892.6891872
0.00,36,103,892.6804111
0.00,36,104,892.6365573
0.00,36,105,892.6137831
0.00,36,106,892.604617
0.00,36,107,892.5613248
0.00,36,108,892.5384601
0.00,36,109,892.5290284
0.00,36,110,892.4861075
0.00,36,111,892.4631205
0.00,36,112,892.4532842
0.00,36,113,892.4109443
0.00,36,114,892.3878601
0.00,36,115,892.3777385
0.00,36,116,892.3357974
0.00,36,117,892.3125862
0.00,36,118,892.3020482
0.00,36,119,892.2607039
0.00,36,120,892.2373898
0.00,36,121,892.2265491
0.00,36,122,892.1856279
0.00,36,123,892.1621831
0.00,36,124,892.1509167
0.00,36,125,892.1106044
0.00,36,126,892.0870518
0.00,36,127,892.0754681
0.00,36,128,892.0355995
0.00,36,129,892.0119135
0.00,36,130,891.9998976
0.00,36,131,891.9606464
0.00,36,132,891.9368487
0.00,36,133,891.9245034
0.00,36,134,891.8857131
0.00,36,135,891.8845239
0.00,36,136,891.8150344
0.00,36,137,891.7988178
0.00,36,138,891.7653088
0.00,36,139,891.7511631
0.00,36,140,891.6937693
0.00,36,141,891.6745334
0.00,36,142,891.6451535
0.00,36,143,891.6208985
0.00,36,144,891.5729543
0.00,36,145,891.5513663
0.00,36,146,891.5451574
0.00,36,147,891.4981867
0.00,36,148,891.4764135
0.00,36,149,891.4696743
0.00,36,150,891.4234315
0.00,36,151,891.401439
0.00,36,152,891.3940145
0.00,36,153,891.3487353
0.00,36,154,891.3265568
0.00,36,155,891.3185981
0.00,36,156,891.2740537
0.00,36,157,891.2516585
0.00,36,158,891.2430244
0.00,36,159,891.1994294
0.00,36,160,891.1768487
0.00,36,161,891.16768
0.00,36,162,891.1248217
0.00,36,163,891.102028
0.00,36,164,891.0921968
0.00,36,165,891.05027
0.00,36,166,891.0272923
0.00,36,167,891.0169293
0.00,36,168,890.9757366
0.00,36,169,890.9525505
0.00,36,170,890.9415409
0.00,36,171,890.9012577
0.00,36,172,890.8778903
0.00,36,173,890.8663548
0.00,36,174,890.8267991
0.00,36,175,890.8032287
0.00,36,176,890.7910646
0.00,36,177,890.7523936
0.00,36,178,890.7514616
0.00,36,179,890.6822564
0.00,36,180,890.666179
0.00,36,181,890.6328541
0.00,36,182,890.6188087
0.00,36,183,890.5618376
0.00,36,184,890.5427042
0.00,36,185,890.5135644
0.00,36,186,890.489284
0.00,36,187,890.441875
0.00,36,188,890.4203629
0.00,36,189,890.4139402
0.00,36,190,890.3675848
0.00,36,191,890.3457735
0.00,36,192,890.3384389
0.00,36,193,890.2933562
0.00,36,194,890.2712839
0.00,36,195,890.2632031
0.00,36,196,890.2191445
0.00,36,197,890.1967861
0.00,36,198,890.1878345
0.00,36,199,890.1449919
0.00,36,200,890.1223827
0.00,37,1,727.9169357
0.00,37,2,727.9085988
0.00,37,3,727.8890457
0.00,37,4,727.8862155
0.00,37,5,727.8638045
0.00,37,6,727.8559746
0.00,37,7,727.8509556
0.00,37,8,727.8388851
0.00,37,9,727.8293812
0.00,37,10,727.8154972
0.00,37,11,727.8087834
0.00,37,12,727.7925048
0.00,37,13,727.7891329
0.00,37,14,727.7697489
0.00,37,15,727.7622642
0.00,37,16,727.7571563
0.00,37,17,727.7461341
0.00,37,18,727.7359852
0.00,37,19,727.7233857
0.00,37,20,727.7152615
0.00,37,21,727.700696
0.00,37,22,727.6950689
0.00,37,23,727.6780602
0.00,37,24,727.675518
0.00,37,25,727.6554812
0.00,37,26,727.6480853
0.00,37,27,727.6430962
0.00,37,28,727.6319691
0.00,37,29,727.6222065
0.00,37,30,727.6093087
0.00,37,31,727.6018548
0.00,37,32,727.5866947
0.00,37,33,727.5821938
0.00,37,34,727.5641386
0.00,37,35,727.5634229
0.00,37,36,727.5416556
0.00,37,37,727.5345182
0.00,37,38,727.5301546
0.00,37,39,727.5180588
0.00,37,40,727.509397
0.00,37,41,727.4954276
0.00,37,42,727.4891348
0.00,37,43,727.4728372
0.00,37,44,727.4694815
0.00,37,45,727.4502957
0.00,37,46,727.442828
0.00,37,47,727.4376431
0.00,37,48,727.4268668
0.00,37,49,725.1362807
0.00,37,50,719.8792227
0.00,37,51,719.8329456
0.00,37,52,713.3422803
0.00,37,53,710.3786562
0.00,37,54,710.0620289
0.00,37,55,710.0429414
0.00,37,56,709.743133
0.00,37,57,709.6907391
0.00,37,58,709.6164772
0.00,37,59,709.5627511
0.00,37,60,709.4929026
0.00,37,61,709.4665708
0.00,37,62,709.4542515
0.00,37,63,709.4203933
0.00,37,64,709.4116785
0.00,37,65,709.3739884
0.00,37,66,709.3635664
0.00,37,67,709.3600602
0.00,37,68,709.3399234
0.00,37,69,709.3376445
0.00,37,70,709.3137883
0.00,37,71,709.3067456
0.00,37,72,709.3034749
0.00,37,73,709.29021
0.00,37,74,709.2857082
0.00,37,75,709.2693746
0.00,37,76,709.2628051
0.00,37,77,709.2586134
0.00,37,78,709.2486778
0.00,37,79,709.2411462
0.00,37,80,709.2291491
0.00,37,81,709.2247964
0.00,37,82,709.2099384
0.00,37,83,709.2097112
0.00,37,84,709.1909437
0.00,37,85,709.1851063
0.00,37,86,709.1819935
0.00,37,87,709.171023
0.00,37,88,709.1657504
0.00,37,89,709.1520344
0.00,37,90,709.1507164
0.00,37,91,709.1331632
0.00,37,92,709.1272498
0.00,37,93,709.1239227
0.00,37,94,709.1133326
0.00,37,95,709.1074007
0.00,37,96,709.0943507
0.00,37,97,709.091842
0.00,37,98,709.0754499
0.00,37,99,709.0693598
0.00,37,100,709.0655706
0.00,37,101,709.0557121
0.00,37,102,709.0489326
0.00,37,103,709.0367394
0.00,37,104,709.0333043
0.00,37,105,709.0178532
0.00,37,106,709.0116826
0.00,37,107,709.0077045
0.00,37,108,708.9981485
0.00,37,109,708.9908156
0.00,37,110,708.9791609
0.00,37,111,708.9747522
0.00,37,112,708.9602418
0.00,37,113,708.9598016
0.00,37,114,708.9414134
0.00,37,115,708.9355866
0.00,37,116,708.9324284
0.00,37,117,708.921614
0.00,37,118,708.9162367
0.00,37,119,708.9027011
0.00,37,120,708.9012277
0.00,37,121,708.8838888
0.00,37,122,708.8779755
0.00,37,123,708.8746177
0.00,37,124,708.8641214
0.00,37,125,708.8581312
0.00,37,126,708.8451883
0.00,37,127,708.8426048
0.00,37,128,708.8263342
0.00,37,129,708.8202519
0.00,37,130,708.8164561
0.00,37,131,708.8066482
0.00,37,132,708.7998596
0.00,37,133,708.7877213
0.00,37,134,708.7842748
0.00,37,135,708.768881
0.00,37,136,708.7627251
0.00,37,137,708.7587577
0.00,37,138,708.7492245
0.00,37,139,708.7419204
0.00,37,140,708.7302831
0.00,37,141,708.7259146
0.00,37,142,708.7114106
0.00,37,143,708.7110311
0.00,37,144,708.6926297
0.00,37,145,708.686827
0.00,37,146,708.6837032
0.00,37,147,708.6728751
0.00,37,148,708.6675802
0.00,37,149,708.6540098
0.00,37,150,708.6526544
0.00,37,151,708.6352464
0.00,37,152,708.6293643
0.00,37,153,708.6260585
0.00,37,154,708.615521
0.00,37,155,708.6096498
0.00,37,156,708.5966361
0.00,37,157,708.5942172
0.00,37,158,708.5778314
0.00,37,159,708.5717855
0.00,37,160,708.568054
0.00,37,161,708.5581856
0.00,37,162,708.5515444
0.00,37,163,708.5393077
0.00,37,164,708.5360677
0.00,37,165,708.5205181
0.00,37,166,708.5144043
0.00,37,167,708.5105152
0.00,37,168,708.5008996
0.00,37,169,708.4937703
0.00,37,170,708.4820073
0.00,37,171,708.4778775
0.00,37,172,708.4631857
0.00,37,173,708.463136
0.00,37,174,708.444458
0.00,37,175,708.4387124
0.00,37,176,708.4357039
0.00,37,177,708.4247366
0.00,37,178,708.419704
0.00,37,179,708.4059231
0.00,37,180,708.4049384
0.00,37,181,708.3872148
0.00,37,182,708.381396
0.00,37,183,708.3782215
0.00,37,184,708.3675199
0.00,37,185,708.361939
0.00,37,186,708.3486868
0.00,37,187,708.3466661
0.00,37,188,708.3299366
0.00,37,189,708.3239558
0.00,37,190,708.3203593
0.00,37,191,708.3103208
0.00,37,192,708.3039842
0.00,37,193,708.2914956
0.00,37,194,708.2886829
0.00,37,195,708.2727622
0.00,37,196,708.2667185
0.00,37,197,708.2629773
0.00,37,198,708.2531715
0.00,37,199,708.2463676
0.00,37,200,708.2343317
0.00,38,1,701.5875486
0.00,38,2,700.01084
0.00,38,3,696.8253449
0.00,38,4,695.1920323
0.00,38,5,688.0771572
0.00,38,6,687.8156657
0.00,38,7,687.6868613
0.00,38,8,687.6227935
0.00,38,9,687.614801
0.00,38,10,687.6108058
0.00,38,11,687.6035151
0.00,38,12,673.6304494
0.00,38,13,671.2108464
0.00,38,14,670.9973739
0.00,38,15,670.995709
0.00,38,16,670.9948765
0.00,38,17,670.9754467
0.00,38,18,670.9591895
0.00,38,19,657.7796377
0.00,38,20,656.3020724
0.00,38,21,656.2106731
0.00,38,22,656.1650293
0.00,38,23,656.1536245
0.00,38,24,656.1507737
0.00,38,25,656.1493484
0.00,38,26,656.148992
0.00,39,1,798.4234142
0.00,39,2,792.7782604
0.00,39,3,787.9135473
0.00,39,4,787.1556426
0.00,39,5,786.9718347
0.00,39,6,786.8453483
0.00,39,7,786.7060848
0.00,39,8,766.7503732
0.00,39,9,763.3886969
0.00,39,10,761.0806724
0.00,39,11,760.4824307
0.00,39,12,760.1885622
0.00,39,13,760.042339
0.00,39,14,759.9756592
0.00,39,15,759.7245014
0.00,39,16,742.7774246
0.00,39,17,740.4099984
0.00,39,18,738.2540117
0.00,39,19,738.0887147
0.00,39,20,738.0101808
0.00,39,21,737.5527372
0.00,39,22,735.1506357
0.00,39,23,734.577436
0.00,39,24,734.224273
0.00,39,25,730.8404717
0.00,39,26,727.4916128
0.00,39,27,727.0164012
0.00,39,28,726.9541106
0.00,39,29,726.5292941
0.00,39,30,715.1385536
0.00,39,31,712.6721001
0.00,39,32,710.6927261
0.00,39,33,709.9817747
0.00,39,34,709.7405674
0.00,39,35,708.9350501
0.00,39,36,707.3118368
0.00,39,37,707.0947474
0.00,39,38,706.9974915
0.00,39,39,706.9512324
0.00,39,40,706.2952585
0.00,39,41,705.7975202
0.00,39,42,702.9483985
0.00,39,43,702.851069
0.00,39,44,702.8271613
0.00,39,45,702.8152564
0.00,39,46,702.1237387
0.00,39,47,699.2091805
0.00,39,48,697.6679479
0.00,39,49,697.3419569
0.00,39,50,697.0060339
0.00,39,51,692.9740366
0.00,39,52,689.8342676
0.00,39,53,689.4852612
0.00,39,54,689.323777
0.00,39,55,689.24445
0.00,39,56,689.1502005
0.00,39,57,688.4586341
0.00,39,58,682.538862
0.00,39,59,679.7720526
0.00,39,60,677.9300303
0.00,39,61,676.9030631
0.00,39,62,676.3804067
0.00,39,63,675.96545
0.00,39,64,675.0848808
0.00,39,65,675.0136375
0.00,39,66,674.8124369
0.00,39,67,672.4260953
0.00,39,68,672.2818636
0.00,39,69,672.2147639
0.00,39,70,672.1823676
0.00,39,71,671.1639694
0.00,39,72,670.5879629
0.00,39,73,670.0955475
0.00,39,74,669.122607
0.00,39,75,669.0722523
0.00,39,76,668.8202202
0.00,39,77,667.3252898
0.00,39,78,667.0063838
0.00,39,79,666.6246492
0.00,39,80,666.0054701
0.00,39,81,665.5856032
0.00,39,82,665.164891
0.00,39,83,664.5334065
0.00,39,84,664.4338564
0.00,39,85,664.3876117
0.00,39,86,663.4523699
0.00,39,87,663.2557591
0.00,39,88,662.8885714
0.00,39,89,661.2732378
0.00,39,90,661.1737568
0.00,39,91,661.1729933
0.00,39,92,661.1470006
0.00,39,93,661.1364442
0.00,39,94,661.1302622
0.00,39,95,661.1132285
0.00,39,96,661.1046084
0.00,39,97,661.0816846
0.00,39,98,661.0716276
0.00,39,99,661.0656332
0.00,39,100,661.0497409
0.00,39,101,661.0403863
0.00,39,102,661.0197409
0.00,39,103,661.0184914
0.00,39,104,660.9907231
0.00,39,105,660.9822088
0.00,39,106,660.9785731
0.00,39,107,660.9609591
0.00,39,108,660.9577127
0.00,39,109,660.9333601
0.00,39,110,660.9251024
0.00,39,111,660.8953368
0.00,39,112,660.1476485
0.00,39,113,659.3061465
0.00,39,114,659.1930585
0.00,39,115,659.0108156
0.00,39,116,658.9314511
0.00,39,117,658.8938012
0.00,39,118,657.720492
0.00,39,119,657.639458
0.00,39,120,657.4534879
0.00,39,121,657.4123647
0.00,39,122,656.2015917
0.00,39,123,656.1464783
0.00,39,124,656.1337081
0.00,39,125,656.1302912
0.00,39,126,656.0981517
0.00,39,127,656.0834075
0.00,39,128,656.0740691
0.00,39,129,656.0524106
0.00,39,130,656.0368643
0.00,39,131,656.009847
0.00,39,132,656.0039312
0.00,39,133,655.9691366
0.00,39,134,655.9566673
0.00,39,135,655.949846
0.00,39,136,655.9283011
0.00,39,137,655.9190719
0.00,39,138,655.890563
0.00,39,139,655.8786682
0.00,39,140,655.8716685
0.00,39,141,655.8525992
0.00,39,142,655.8413534
0.00,39,143,655.8172251
0.00,39,144,655.8147027
0.00,39,145,655.7832285
0.00,39,146,655.7730741
0.00,39,147,655.7681346
0.00,39,148,655.7487608
0.00,39,149,655.7428556
0.00,39,150,655.7168929
0.00,39,151,655.7070489
0.00,39,152,655.7017463
0.00,39,153,655.6845014
0.00,39,154,655.6763808
0.00,39,155,655.654282
0.00,39,156,655.6542473
0.00,39,157,655.6250993
0.00,39,158,655.616611
0.00,39,159,655.6130369
0.00,39,160,655.5951947
0.00,39,161,655.5917131
0.00,39,162,655.5675365
0.00,39,163,655.5591688
0.00,39,164,655.5550983
0.00,39,165,655.5391378
0.00,39,166,655.5332916
0.00,39,167,655.5126149
0.00,39,168,655.4988768
0.00,39,169,655.3095561
0.00,39,170,654.1418643
0.00,39,171,654.11005
0.00,39,172,654.0960163
0.00,39,173,654.0548486
0.00,39,174,654.0374794
0.00,39,175,654.0269947
0.00,39,176,654.000299
0.00,39,177,653.9856848
0.00,39,178,653.9500325
0.00,39,179,653.9341504
0.00,39,180,653.9246908
0.00,39,181,653.9000285
0.00,39,182,653.885405
0.00,39,183,653.8537449
0.00,39,184,653.8517801
0.00,39,185,653.8096914
0.00,39,186,653.7969402
0.00,39,187,653.7915814
0.00,39,188,653.765322
0.00,39,189,653.7610803
0.00,39,190,653.724829
0.00,39,191,653.7129997
0.00,39,192,653.7080793
0.00,39,193,653.6837119
0.00,39,194,653.6780715
0.00,39,195,653.6459509
0.00,39,196,653.6344681
0.00,39,197,653.6284805
0.00,39,198,653.6079846
0.00,39,199,653.6007173
0.00,39,200,653.5729206
0.00,40,1,842.0807124
0.00,40,2,841.5772939
0.00,40,3,840.0035606
0.00,40,4,839.5714917
0.00,40,5,814.6475544
0.00,40,6,813.9326595
0.00,40,7,813.7557771
0.00,40,8,811.6990068
0.00,40,9,811.642689
0.00,40,10,808.4894182
0.00,40,11,795.9824091
0.00,40,12,790.9490624
0.00,40,13,788.4678463
0.00,40,14,786.8959997
0.00,40,15,783.8098283
0.00,40,16,783.663625
0.00,40,17,783.5947771
0.00,40,18,782.6781917
0.00,40,19,782.3373405
0.00,40,20,781.8205456
0.00,40,21,781.5845407
0.00,40,22,781.5758295
0.00,40,23,781.2277463
0.00,40,24,780.9922907
0.00,40,25,780.5494763
0.00,40,26,768.4396785
0.00,40,27,766.3858095
0.00,40,28,764.7608732
0.00,40,29,762.8991261
0.00,40,30,762.8923895
0.00,40,31,762.0257082
0.00,40,32,757.0648921
0.00,40,33,749.5590544
0.00,40,34,748.3348925
0.00,40,35,746.7765941
0.00,40,36,746.4468767
0.00,40,37,746.4150822
0.00,40,38,746.0863796
0.00,40,39,745.9201774
0.00,40,40,745.4822854
0.00,40,41,745.3852611
0.00,40,42,742.2613649
0.00,40,43,736.2772983
0.00,40,44,734.080012
0.00,40,45,732.9160583
0.00,40,46,732.7698126
0.00,40,47,730.2540022
0.00,40,48,729.6895638
0.00,40,49,729.5104209
0.00,40,50,729.4891663
0.00,40,51,729.4748935
0.00,40,52,729.2046629
0.00,40,53,729.0549812
0.00,40,54,728.7552267
0.00,40,55,728.6835844
0.00,40,56,726.1465867
0.00,40,57,721.0677358
0.00,40,58,719.2422853
0.00,40,59,718.2616513
0.00,40,60,717.5434902
0.00,40,61,717.194169
0.00,40,62,717.0347788
0.00,40,63,716.788372
0.00,40,64,713.5525972
0.00,40,65,713.5102279
0.00,40,66,713.4705025
0.00,40,67,713.432743
0.00,40,68,713.3981013
0.00,40,69,713.365464
0.00,40,70,713.3370608
0.00,40,71,713.3108455
0.00,40,72,713.2909201
0.00,40,73,713.2733924
0.00,40,74,713.2656925
0.00,40,75,713.2603851
0.00,40,76,713.0294713
0.00,40,77,712.8962097
0.00,40,78,710.84207
0.00,40,79,706.7993196
0.00,40,80,705.3447728
0.00,40,81,704.5303508
0.00,40,82,704.1733399
0.00,40,83,703.0868981
0.00,40,84,700.3893002
0.00,40,85,700.3438639
0.00,40,86,700.3017204
0.00,40,87,700.262164
0.00,40,88,700.2257247
0.00,40,89,700.1915134
0.00,40,90,700.1608046
0.00,40,91,700.1321996
0.00,40,92,700.1081638
0.00,40,93,700.0862361
0.00,40,94,700.0709001
0.00,40,95,700.0576507
0.00,40,96,700.0544803
0.00,40,97,700.0530707
0.00,40,98,699.8168613
0.00,40,99,699.7109168
0.00,40,100,699.3581579
0.00,40,101,695.108273
0.00,40,102,693.6664865
0.00,40,103,692.9036457
0.00,40,104,691.1610505
0.00,40,105,688.6923619
0.00,40,106,688.6055843
0.00,40,107,688.5877676
0.00,40,108,688.5798144
0.00,40,109,688.574412
0.00,40,110,688.3603563
0.00,40,111,688.2444217
0.00,40,112,688.0627809
0.00,40,113,687.9326867
0.00,40,114,687.0730465
0.00,40,115,684.1436633
0.00,40,116,683.0870419
0.00,40,117,682.6582217
0.00,40,118,682.5358259
0.00,40,119,679.613458
0.00,40,120,678.2773817
0.00,40,121,678.2643994
0.00,40,122,678.2450178
0.00,40,123,678.2278414
0.00,40,124,678.2172257
0.00,40,125,678.2086452
0.00,40,126,678.0493687
0.00,40,127,677.9168607
0.00,40,128,677.9131603
0.00,40,129,677.9107714
0.00,40,130,677.7270289
0.00,40,131,677.6243151
0.00,40,132,677.4745261
0.00,40,133,677.4500524
0.00,40,134,676.98799
0.00,40,135,676.9587124
0.00,40,136,675.7826159
0.00,40,137,673.9399896
0.00,40,138,673.1893965
0.00,40,139,673.0127403
0.00,40,140,669.5198503
0.00,40,141,668.446889
0.00,40,142,668.4359465
0.00,40,143,668.4194137
0.00,40,144,668.4042721
0.00,40,145,668.3936228
0.00,40,146,668.3845447
0.00,40,147,668.3824752
0.00,40,148,668.3819918
0.00,40,149,668.2057547
0.00,40,150,668.1227231
0.00,40,151,667.9736775
0.00,40,152,667.8666422
0.00,40,153,667.8648588
0.00,40,154,667.8645562
0.00,40,155,667.6893084
0.00,40,156,667.6067843
0.00,40,157,667.4595103
0.00,40,158,667.3522217
0.00,40,159,667.3502946
0.00,40,160,667.3498706
0.00,40,161,667.1765608
0.00,40,162,667.0938513
0.00,40,163,666.9478532
0.00,40,164,666.8409704
0.00,40,165,666.8390824
0.00,40,166,666.8387208
0.00,40,167,666.6662405
0.00,40,168,666.5844352
0.00,40,169,666.4386106
0.00,40,170,666.3331369
0.00,40,171,666.3315299
0.00,40,172,666.3314709
0.00,40,173,666.1583243
0.00,40,174,666.0788186
0.00,40,175,665.9317621
0.00,40,176,665.8289754
0.00,40,177,665.8279587
0.00,40,178,665.6790649
0.00,40,179,663.8943595
0.00,40,180,658.9498237
0.00,40,181,658.3492747
0.00,40,182,657.4858031
0.00,40,183,657.4256277
0.00,40,184,656.6987541
0.00,40,185,652.4102305
0.00,40,186,652.3775685
0.00,40,187,652.3569657
0.00,40,188,652.3387428
0.00,40,189,652.3221808
0.00,40,190,652.3089406
0.00,40,191,652.2976468
0.00,40,192,652.2913924
0.00,40,193,652.287457
0.00,40,194,652.1637182
0.00,40,195,652.0797402
0.00,40,196,651.9611784
0.00,40,197,651.8748237
0.00,40,198,651.7625253
0.00,40,199,651.6703049
0.00,40,200,651.5644503
0.00,41,1,878.3532914
0.00,41,2,877.31797
0.00,41,3,877.1318751
0.00,41,4,877.1125489
0.00,41,5,877.0673818
0.00,41,6,877.0587645
0.00,41,7,877.0152371
0.00,41,8,876.4762647
0.00,41,9,876.2097031
0.00,41,10,875.410922
0.00,41,11,875.1656191
0.00,41,12,875.1334103
0.00,41,13,875.0837299
0.00,41,14,875.0576226
0.00,41,15,875.0090412
0.00,41,16,874.9900581
0.00,41,17,874.9424053
0.00,41,18,874.9318209
0.00,41,19,874.8848626
0.00,41,20,874.8842007
0.00,41,21,874.837587
0.00,41,22,874.219984
0.00,41,23,874.0263633
0.00,41,24,873.1678599
0.00,41,25,872.9757869
0.00,41,26,872.9477384
0.00,41,27,872.8973881
0.00,41,28,872.8755151
0.00,41,29,872.8258396
0.00,41,30,872.8111916
0.00,41,31,872.7619695
0.00,41,32,872.755765
0.00,41,33,872.7066733
0.00,41,34,872.1227092
0.00,41,35,871.8157112
0.00,41,36,871.0844807
0.00,41,37,871.0790158
0.00,41,38,870.0536759
0.00,41,39,869.9196247
0.00,41,40,869.8967491
0.00,41,41,869.8457246
0.00,41,42,869.828941
0.00,41,43,869.7778088
0.00,41,44,869.768032
0.00,41,45,869.7164985
0.00,41,46,869.7147779
0.00,41,47,869.6624569
0.00,41,48,869.0286097
0.00,41,49,868.756466
0.00,41,50,868.0107618
0.00,41,51,867.9480839
0.00,41,52,866.9998634
0.00,41,53,866.803617
0.00,41,54,866.7706805
0.00,41,55,866.7175529
0.00,41,56,866.6884542
0.00,41,57,866.6352648
0.00,41,58,866.6105133
0.00,41,59,866.5571036
0.00,41,60,866.5372747
0.00,41,61,866.4834408
0.00,41,62,866.4691783
0.00,41,63,866.4146612
0.00,41,64,866.4066828
0.00,41,65,866.3511589
0.00,41,66,866.350262
0.00,41,67,866.2933334
0.00,41,68,865.6319511
0.00,41,69,865.3368806
0.00,41,70,864.6361966
0.00,41,71,864.416047
0.00,41,72,863.647124
0.00,41,73,863.4673732
0.00,41,74,862.6652306
0.00,41,75,862.6305261
0.00,41,76,861.6922108
0.00,41,77,861.66968
0.00,41,78,860.7337494
0.00,41,79,860.5527254
0.00,41,80,860.5144962
0.00,41,81,860.4556545
0.00,41,82,860.4208099
0.00,41,83,860.362609
0.00,41,84,860.3308645
0.00,41,85,860.2727706
0.00,41,86,860.2441101
0.00,41,87,860.1857634
0.00,41,88,860.1603078
0.00,41,89,860.1014256
0.00,41,90,860.0793718
0.00,41,91,860.0197021
0.00,41,92,860.0012958
0.00,41,93,859.9405932
0.00,41,94,859.9261155
0.00,41,95,859.8641281
0.00,41,96,859.8538893
0.00,41,97,859.7903508
0.00,41,98,859.7846864
0.00,41,99,859.7193109
0.00,41,100,859.7185799
0.00,41,101,859.6510582
0.00,41,102,858.9396259
0.00,41,103,858.5895802
0.00,41,104,858.5827071
0.00,41,105,858.5182424
0.00,41,106,858.5155824
0.00,41,107,858.4485462
0.00,41,108,857.756236
0.00,41,109,857.3733596
0.00,41,110,857.3596566
0.00,41,111,857.2944866
0.00,41,112,857.2842218
0.00,41,113,857.2172467
0.00,41,114,857.2106516
0.00,41,115,857.1416844
0.00,41,116,857.1389955
0.00,41,117,857.0678296
0.00,41,118,856.3543607
0.00,41,119,855.9616553
0.00,41,120,855.9459136
0.00,41,121,855.8812021
0.00,41,122,855.8682243
0.00,41,123,855.801516
0.00,41,124,855.791469
0.00,41,125,855.7226967
0.00,41,126,855.7157648
0.00,41,127,855.6448387
0.00,41,128,855.6412088
0.00,41,129,855.5680137
0.00,41,130,854.8525055
0.00,41,131,854.4391323
0.00,41,132,854.4189661
0.00,41,133,854.3540455
0.00,41,134,854.3359884
0.00,41,135,854.2693981
0.00,41,136,854.2535675
0.00,41,137,854.185277
0.00,41,138,854.1717964
0.00,41,139,854.1017555
0.00,41,140,854.0907462
0.00,41,141,854.0188855
0.00,41,142,854.0104646
0.00,41,143,853.9366978
0.00,41,144,853.9309772
0.00,41,145,853.855205
0.00,41,146,853.852292
0.00,41,147,853.7744046
0.00,41,148,853.0311248
0.00,41,149,852.6168028
0.00,41,150,852.5942612
0.00,41,151,852.5285822
0.00,41,152,852.5075797
0.00,41,153,852.4403335
0.00,41,154,852.4209333
0.00,41,155,852.3521462
0.00,41,156,852.3344244
0.00,41,157,852.2641057
0.00,41,158,852.2481367
0.00,41,159,852.1762766
0.00,41,160,852.1621289
0.00,41,161,852.0887009
0.00,41,162,852.076436
0.00,41,163,852.0014011
0.00,41,164,851.991074
0.00,41,165,851.9143835
0.00,41,166,851.9060436
0.00,41,167,851.8276426
0.00,41,168,851.8213338
0.00,41,169,851.7411633
0.00,41,170,851.7369248
0.00,41,171,851.6549236
0.00,41,172,851.6527901
0.00,41,173,851.5688961
0.00,41,174,850.7920596
0.00,41,175,850.3760977
0.00,41,176,850.3505665
0.00,41,177,850.2839388
0.00,41,178,850.2593436
0.00,41,179,850.1913657
0.00,41,180,850.1677298
0.00,41,181,850.0984775
0.00,41,182,850.0758394
0.00,41,183,850.0053712
0.00,41,184,849.9837685
0.00,41,185,849.9121233
0.00,41,186,849.8915867
0.00,41,187,849.8187867
0.00,41,188,849.7993394
0.00,41,189,849.7253939
0.00,41,190,849.7070526
0.00,41,191,849.6319618
0.00,41,192,849.6147371
0.00,41,193,849.5384952
0.00,41,194,849.5223932
0.00,41,195,849.4449909
0.00,41,196,849.4300132
0.00,41,197,849.3514392
0.00,41,198,849.337584
0.00,41,199,849.2578265
0.00,41,200,849.2450887
0.00,42,1,799.6027997
0.00,42,2,799.4975191
0.00,42,3,794.3974752
0.00,42,4,794.3385416
0.00,42,5,793.4491993
0.00,42,6,793.3632876
0.00,42,7,793.3118121
0.00,42,8,793.2703399
0.00,42,9,793.2251803
0.00,42,10,793.1901448
0.00,42,11,793.1500666
0.00,42,12,793.1224693
0.00,42,13,793.0881683
0.00,42,14,793.0692683
0.00,42,15,793.0415186
0.00,42,16,793.032782
0.00,42,17,793.0124343
0.00,42,18,792.0992402
0.00,42,19,791.707709
0.00,42,20,789.6153827
0.00,42,21,789.3173542
0.00,42,22,789.2685738
0.00,42,23,789.2176825
0.00,42,24,789.1736815
0.00,42,25,789.1265728
0.00,42,26,789.0879002
0.00,42,27,789.0450839
0.00,42,28,789.0126202
0.00,42,29,788.9746776
0.00,42,30,788.9494485
0.00,42,31,788.917025
0.00,42,32,788.9002225
0.00,42,33,788.8740292
0.00,42,34,788.8670364
0.00,42,35,788.8478498
0.00,42,36,787.9309449
0.00,42,37,787.5518179
0.00,42,38,785.5302672
0.00,42,39,785.2297007
0.00,42,40,785.1808363
0.00,42,41,785.1300481
0.00,42,42,785.0853976
0.00,42,43,785.0379389
0.00,42,44,784.9979601
0.00,42,45,784.9542682
0.00,42,46,784.9197126
0.00,42,47,784.8802859
0.00,42,48,784.8520268
0.00,42,49,784.817418
0.00,42,50,784.7964672
0.00,42,51,784.7672854
0.00,42,52,784.7548138
0.00,42,53,784.7317244
0.00,42,54,784.7290842
0.00,42,55,784.7128075
0.00,42,56,783.7578682
0.00,42,57,783.475137
0.00,42,58,781.4384286
0.00,42,59,781.1496125
0.00,42,60,781.101941
0.00,42,61,781.0523368
0.00,42,62,781.0085682
0.00,42,63,780.962017
0.00,42,64,780.9225461
0.00,42,65,780.8794358
0.00,42,66,780.8449358
0.00,42,67,780.8057079
0.00,42,68,780.7769579
0.00,42,69,780.7421008
0.00,42,70,780.7200006
0.00,42,71,780.6900509
0.00,42,72,780.6756385
0.00,42,73,780.6511811
0.00,42,74,780.6456514
0.00,42,75,780.6273182
0.00,42,76,779.7250474
0.00,42,77,779.3134711
0.00,42,78,777.4820733
0.00,42,79,777.3902966
0.00,42,80,776.361468
0.00,42,81,775.8124667
0.00,42,82,775.7499815
0.00,42,83,775.7149308
0.00,42,84,775.694149
0.00,42,85,775.6653002
0.00,42,86,775.6517786
0.00,42,87,775.6279666
0.00,42,88,775.6227199
0.00,42,89,775.6044933
0.00,42,90,774.7179475
0.00,42,91,774.2735811
0.00,42,92,772.5673528
0.00,42,93,772.3972096
0.00,42,94,771.4923651
0.00,42,95,771.2207634
0.00,42,96,771.1661879
0.00,42,97,769.3378016
0.00,42,98,768.8335175
0.00,42,99,768.4684078
0.00,42,100,768.4064701
0.00,42,101,768.3562982
0.00,42,102,768.3102869
0.00,42,103,768.2626069
0.00,42,104,768.2191799
0.00,42,105,768.1735808
0.00,42,106,768.133074
0.00,42,107,768.0898022
0.00,42,108,768.0526338
0.00,42,109,768.011963
0.00,42,110,767.9786119
0.00,42,111,767.9408433
0.00,42,112,767.911857
0.00,42,113,767.8773199
0.00,42,114,767.8533242
0.00,42,115,767.822377
0.00,42,116,767.8040859
0.00,42,117,767.777116
0.00,42,118,767.7653434
0.00,42,119,767.7427661
0.00,42,120,767.7384383
0.00,42,121,767.7206948
0.00,42,122,766.8509628
0.00,42,123,766.3778952
0.00,42,124,764.8397952
0.00,42,125,764.5777568
0.00,42,126,764.5716892
0.00,42,127,764.5530857
0.00,42,128,763.7125141
0.00,42,129,763.1847146
0.00,42,130,761.7551455
0.00,42,131,761.4527364
0.00,42,132,761.4271589
0.00,42,133,761.4042209
0.00,42,134,761.3994802
0.00,42,135,761.3814387
0.00,42,136,760.5397978
0.00,42,137,760.0200037
0.00,42,138,758.6355453
0.00,42,139,758.3029686
0.00,42,140,758.2870061
0.00,42,141,758.2629976
0.00,42,142,758.2549117
0.00,42,143,758.2347802
0.00,42,144,758.2334648
0.00,42,145,758.2174549
0.00,42,146,757.3384634
0.00,42,147,756.8961942
0.00,42,148,755.4868096
0.00,42,149,755.1721303
0.00,42,150,755.1580206
0.00,42,151,755.1343475
0.00,42,152,755.1262434
0.00,42,153,755.1061252
0.00,42,154,755.1044217
0.00,42,155,755.0881442
0.00,42,156,754.2251246
0.00,42,157,753.7575689
0.00,42,158,752.4235617
0.00,42,159,752.0781603
0.00,42,160,752.0607427
0.00,42,161,752.0350157
0.00,42,162,752.022782
0.00,42,163,752.0001733
0.00,42,164,751.9934721
0.00,42,165,751.9742336
0.00,42,166,751.9737625
0.00,42,167,751.9581682
0.00,42,168,751.0873216
0.00,42,169,750.6395778
0.00,42,170,749.335225
0.00,42,171,748.9833242
0.00,42,172,748.9645081
0.00,42,173,748.9379869
0.00,42,174,748.9238318
0.00,42,175,748.9001233
0.00,42,176,748.8909457
0.00,42,177,748.870274
0.00,42,178,748.8666886
0.00,42,179,748.8492971
0.00,42,180,748.035237
0.00,42,181,747.4947459
0.00,42,182,746.3302501
0.00,42,183,745.9226689
0.00,42,184,745.8991384
0.00,42,185,745.8696611
0.00,42,186,745.8498611
0.00,42,187,745.8227201
0.00,42,188,745.8069138
0.00,42,189,745.7823005
0.00,42,190,745.7709726
0.00,42,191,745.7490952
0.00,42,192,745.7427882
0.00,42,193,745.7238629
0.00,42,194,745.7231824
0.00,42,195,745.7074302
0.00,42,196,744.8599424
0.00,42,197,744.3850295
0.00,42,198,743.2029893
0.00,42,199,742.8131006
0.00,42,200,742.7900916
0.00,43,1,778.5680357
0.00,43,2,778.4428872
0.00,43,3,778.3540516
0.00,43,4,778.3076199
0.00,43,5,778.0826664
0.00,43,6,777.9167362
0.00,43,7,777.6423316
0.00,43,8,777.5938106
0.00,43,9,777.2469743
0.00,43,10,777.1438086
0.00,43,11,777.1072306
0.00,43,12,777.105471
0.00,43,13,776.8528994
0.00,43,14,776.780075
0.00,43,15,776.4631774
0.00,43,16,776.3539366
0.00,43,17,776.3126067
0.00,43,18,776.3022373
0.00,43,19,776.071944
0.00,43,20,775.9711935
0.00,43,21,775.6845646
0.00,43,22,775.6550778
0.00,43,23,775.298639
0.00,43,24,775.1991615
0.00,43,25,775.1640738
0.00,43,26,775.1635576
0.00,43,27,774.9107647
0.00,43,28,774.8391331
0.00,43,29,774.5270625
0.00,43,30,774.4183214
0.00,43,31,774.376397
0.00,43,32,774.3638287
0.00,43,33,774.1418551
0.00,43,34,774.0322063
0.00,43,35,773.7603703
0.00,43,36,773.7127934
0.00,43,37,773.3802573
0.00,43,38,773.2769379
0.00,43,39,773.2382265
0.00,43,40,773.2303878
0.00,43,41,772.9984328
0.00,43,42,772.9020962
0.00,43,43,772.6204734
0.00,43,44,772.5850643
0.00,43,45,772.243848
0.00,43,46,772.1432715
0.00,43,47,772.1059081
0.00,43,48,772.0996535
0.00,43,49,771.8654267
0.00,43,50,771.7726889
0.00,43,51,771.490903
0.00,43,52,771.4558134
0.00,43,53,771.1176733
0.00,43,54,771.0172742
0.00,43,55,770.9795021
0.00,43,56,770.9718843
0.00,43,57,770.7426809
0.00,43,58,770.6446762
0.00,43,59,770.3715128
0.00,43,60,770.3262998
0.00,43,61,770.0015989
0.00,43,62,769.8991927
0.00,43,63,769.859541
0.00,43,64,769.848112
0.00,43,65,769.630056
0.00,43,66,769.5195909
0.00,43,67,769.2621737
0.00,43,68,769.1986558
0.00,43,69,768.8955074
0.00,43,70,768.8855962
0.00,43,71,768.5300526
0.00,43,72,768.43517
0.00,43,73,768.3999595
0.00,43,74,768.395114
0.00,43,75,768.1626846
0.00,43,76,768.0703888
0.00,43,77,767.7991959
0.00,43,78,767.752233
0.00,43,79,767.4368815
0.00,43,80,767.3345122
0.00,43,81,767.2937737
0.00,43,82,767.2790665
0.00,43,83,767.0730387
0.00,43,84,766.9507977
0.00,43,85,766.7126828
0.00,43,86,766.6279548
0.00,43,87,766.3534669
0.00,43,88,766.3105876
0.00,43,89,765.9953844
0.00,43,90,765.8941038
0.00,43,91,765.8534985
0.00,43,92,765.8382149
0.00,43,93,765.6357842
0.00,43,94,765.5108484
0.00,43,95,765.2796219
0.00,43,96,765.1879433
0.00,43,97,764.924562
0.00,43,98,764.8694573
0.00,43,99,764.5705969
0.00,43,100,764.5552426
0.00,43,101,764.2177173
0.00,43,102,764.1222349
0.00,43,103,764.0847626
0.00,43,104,764.0737111
0.00,43,105,763.8631337
0.00,43,106,763.7492163
0.00,43,107,763.512123
0.00,43,108,763.4282116
0.00,43,109,763.1621722
0.00,43,110,763.110551
0.00,43,111,762.8132725
0.00,43,112,762.7960097
0.00,43,113,762.4654144
0.00,43,114,762.3698355
0.00,43,115,762.3315997
0.00,43,116,762.3183392
0.00,43,117,762.1159351
0.00,43,118,761.9945709
0.00,43,119,761.7699154
0.00,43,120,761.673419
0.00,43,121,761.4249166
0.00,43,122,761.3547163
0.00,43,123,761.0809303
0.00,43,124,761.038246
0.00,43,125,760.7379476
0.00,43,126,760.7237446
0.00,43,127,760.3959589
0.00,43,128,760.3013377
0.00,43,129,760.2629381
0.00,43,130,760.248322
0.00,43,131,760.0524017
0.00,43,132,759.9260568
0.00,43,133,759.7122199
0.00,43,134,759.6056005
0.00,43,135,759.3730175
0.00,43,136,759.2867859
0.00,43,137,759.0347867
0.00,43,138,758.9694206
0.00,43,139,758.6975194
0.00,43,140,758.6532913
0.00,43,141,758.3612076
0.00,43,142,758.338169
0.00,43,143,758.0258428
0.00,43,144,758.0238153
0.00,43,145,757.6914167
0.00,43,146,757.5995889
0.00,43,147,757.5620099
0.00,43,148,757.5473647
0.00,43,149,757.3554268
0.00,43,150,757.22771
0.00,43,151,757.0227762
0.00,43,152,756.9090977
0.00,43,153,756.6910566
0.00,43,154,756.59139
0.00,43,155,756.3602612
0.00,43,156,756.2744451
0.00,43,157,756.0303834
0.00,43,158,755.9581201
0.00,43,159,755.7014166
0.00,43,160,755.6422743
0.00,43,161,755.3733544
0.00,43,162,755.3267727
0.00,43,163,755.0461903
0.00,43,164,755.0114887
0.00,43,165,754.7199183
0.00,43,166,754.6963073
0.00,43,167,754.3945325
0.00,43,168,754.3811264
0.00,43,169,754.0700273
0.00,43,170,754.0658596
0.00,43,171,753.7463973
0.00,43,172,753.6550227
0.00,43,173,753.6163979
0.00,43,174,753.5981232
0.00,43,175,753.4213795
0.00,43,176,753.2824134
0.00,43,177,753.0994971
0.00,43,178,752.9671868
0.00,43,179,752.7784864
0.00,43,180,752.6523848
0.00,43,181,752.4583425
0.00,43,182,752.3379552
0.00,43,183,752.1390606
0.00,43,184,752.0238527
0.00,43,185,751.8206359
0.00,43,186,751.7100398
0.00,43,187,751.503064
0.00,43,188,751.3964864
0.00,43,189,751.1863405
0.00,43,190,751.0831705
0.00,43,191,750.8704613
0.00,43,192,750.7700779
0.00,43,193,750.5554221
0.00,43,194,750.457202
0.00,43,195,750.2412192
0.00,43,196,750.1445432
0.00,43,197,749.9278487
0.00,43,198,749.8321087
0.00,43,199,749.6153068
0.00,43,200,749.5199116
0.00,44,1,808.3626777
0.00,44,2,808.0716617
0.00,44,3,807.9610115
0.00,44,4,807.7294861
0.00,44,5,807.6434524
0.00,44,6,807.4592255
0.00,44,7,807.3808578
0.00,44,8,807.2336132
0.00,44,9,807.1550114
0.00,44,10,807.035959
0.00,44,11,806.9540623
0.00,44,12,806.8559302
0.00,44,13,806.8550363
0.00,44,14,806.6182454
0.00,44,15,806.5280964
0.00,44,16,806.503828
0.00,44,17,806.2956659
0.00,44,18,806.2792766
0.00,44,19,806.1312331
0.00,44,20,806.0837131
0.00,44,21,805.9726547
0.00,44,22,805.9058666
0.00,44,23,805.8177507
0.00,44,24,805.7980297
0.00,44,25,805.5933482
0.00,44,26,805.5758776
0.00,44,27,805.4318515
0.00,44,28,805.383133
0.00,44,29,805.275531
0.00,44,30,805.2078245
0.00,44,31,805.1223936
0.00,44,32,805.092321
0.00,44,33,804.8982724
0.00,44,34,804.8754879
0.00,44,35,804.7385484
0.00,44,36,804.6865352
0.00,44,37,804.5836568
0.00,44,38,804.5139841
0.00,44,39,804.5139436
0.00,44,40,804.3529017
0.00,44,41,804.319773
0.00,44,42,804.1964742
0.00,44,43,804.1411204
0.00,44,44,804.0432935
0.00,44,45,803.9731887
0.00,44,46,803.9721849
0.00,44,47,803.8109926
0.00,44,48,803.7720279
0.00,44,49,803.6551209
0.00,44,50,803.5934805
0.00,44,51,803.5030419
0.00,44,52,803.4993426
0.00,44,53,803.2849459
0.00,44,54,803.273167
0.00,44,55,803.125286
0.00,44,56,803.0799796
0.00,44,57,802.9712353
0.00,44,58,802.9058898
0.00,44,59,802.8205607
0.00,44,60,802.7954793
0.00,44,61,802.6007777
0.00,44,62,802.5795145
0.00,44,63,802.4434493
0.00,44,64,802.3925861
0.00,44,65,802.2910945
0.00,44,66,802.2225284
0.00,44,67,802.221852
0.00,44,68,802.0640555
0.00,44,69,802.0305181
0.00,44,70,801.9103042
0.00,44,71,801.8549028
0.00,44,72,801.7598113
0.00,44,73,801.6900334
0.00,44,74,801.6857031
0.00,44,75,801.5309639
0.00,44,76,801.4902468
0.00,44,77,801.3780424
0.00,44,78,801.31574
0.00,44,79,801.2287846
0.00,44,80,801.2149813
0.00,44,81,801.0129674
0.00,44,82,800.9962785
0.00,44,83,800.8567078
0.00,44,84,800.8087747
0.00,44,85,800.7057463
0.00,44,86,800.6392499
0.00,44,87,800.5579599
0.00,44,88,800.5204392
0.00,44,89,800.3401392
0.00,44,90,800.3130392
0.00,44,91,800.1863669
0.00,44,92,800.1323702
0.00,44,93,800.0371762
0.00,44,94,799.9671802
0.00,44,95,799.9574417
0.00,44,96,799.8124581
0.00,44,97,799.7729992
0.00,44,98,799.6621161
0.00,44,99,799.6030948
0.00,44,100,799.5147654
0.00,44,101,799.443016
0.00,44,102,799.4275458
0.00,44,103,799.2883365
0.00,44,104,799.2413342
0.00,44,105,799.1390525
0.00,44,106,799.0734169
0.00,44,107,798.9929825
0.00,44,108,798.9555957
0.00,44,109,798.7776314
0.00,44,110,798.7503318
0.00,44,111,798.6256778
0.00,44,112,798.5718082
0.00,44,113,798.4782911
0.00,44,114,798.4086943
0.00,44,115,798.397448
0.00,44,116,798.2559039
0.00,44,117,798.215554
0.00,44,118,798.1074595
0.00,44,119,798.0480677
0.00,44,120,797.9619645
0.00,44,121,797.8902577
0.00,44,122,797.8720231
0.00,44,123,797.7377916
0.00,44,124,797.6893823
0.00,44,125,797.590535
0.00,44,126,797.524368
0.00,44,127,797.5231133
0.00,44,128,797.3711209
0.00,44,129,797.3374029
0.00,44,130,797.2227112
0.00,44,131,797.1677517
0.00,44,132,797.0775804
0.00,44,133,797.0088885
0.00,44,134,796.9994473
0.00,44,135,796.8559211
0.00,44,136,796.8127638
0.00,44,137,796.7088049
0.00,44,138,796.6459174
0.00,44,139,796.5651328
0.00,44,140,796.5353156
0.00,44,141,796.3545128
0.00,44,142,796.3300731
0.00,44,143,796.2048183
0.00,44,144,796.1530081
0.00,44,145,796.0598927
0.00,44,146,795.9920223
0.00,44,147,795.9822416
0.00,44,148,795.8416615
0.00,44,149,795.8024455
0.00,44,150,795.6957702
0.00,44,151,795.6374502
0.00,44,152,795.5528853
0.00,44,153,795.4823117
0.00,44,154,795.4635487
0.00,44,155,795.3326277
0.00,44,156,795.2842584
0.00,44,157,795.1881257
0.00,44,158,795.1224653
0.00,44,159,795.1185858
0.00,44,160,794.9721868
0.00,44,161,794.9368814
0.00,44,162,794.8266861
0.00,44,163,794.7710083
0.00,44,164,794.6843928
0.00,44,165,794.6156667
0.00,44,166,794.6016969
0.00,44,167,794.4661212
0.00,44,168,794.4206554
0.00,44,169,794.3221157
0.00,44,170,794.2583351
0.00,44,171,794.181355
0.00,44,172,794.1406162
0.00,44,173,793.9729969
0.00,44,174,793.943554
0.00,44,175,793.8268188
0.00,44,176,793.7724817
0.00,44,177,793.6850394
0.00,44,178,793.6161817
0.00,44,179,793.5988527
0.00,44,180,793.4695025
0.00,44,181,793.4255828
0.00,44,182,793.3269612
0.00,44,183,793.2659731
0.00,44,184,793.1871739
0.00,44,185,793.1672917
0.00,44,186,792.9861007
0.00,44,187,792.9718865
0.00,44,188,792.839638
0.00,44,189,792.7977866
0.00,44,190,792.6974827
0.00,44,191,792.6379119
0.00,44,192,792.5581893
0.00,44,193,792.5443351
0.00,44,194,792.3589691
0.00,44,195,792.3474956
0.00,44,196,792.2127698
0.00,44,197,792.1727399
0.00,44,198,792.0710303
0.00,44,199,792.0127152
0.00,44,200,791.9322483
0.00,45,1,823.0547386
0.00,45,2,821.9161285
0.00,45,3,821.20049
0.00,45,4,817.7431169
0.00,45,5,799.4667183
0.00,45,6,798.4949872
0.00,45,7,797.6496652
0.00,45,8,793.9635785
0.00,45,9,793.9076823
0.00,45,10,793.6492116
0.00,45,11,793.5410267
0.00,45,12,793.3962371
0.00,45,13,791.8907366
0.00,45,14,787.9375383
0.00,45,15,785.4779128
0.00,45,16,783.8360848
0.00,45,17,783.5868471
0.00,45,18,783.4916797
0.00,45,19,782.3293887
0.00,45,20,770.9821503
0.00,45,21,769.6593819
0.00,45,22,769.009241
0.00,45,23,764.4073362
0.00,45,24,764.1916937
0.00,45,25,764.1746221
0.00,45,26,763.8335303
0.00,45,27,763.791525
0.00,45,28,763.6304448
0.00,45,29,759.556541
0.00,45,30,753.9299397
0.00,45,31,752.0232424
0.00,45,32,745.2127328
0.00,45,33,740.0962595
0.00,45,34,739.3094507
0.00,45,35,739.0681337
0.00,45,36,737.656491
0.00,45,37,737.2742394
0.00,45,38,736.522065
0.00,45,39,736.2317411
0.00,45,40,734.9046851
0.00,45,41,734.5132515
0.00,45,42,733.8041282
0.00,45,43,733.4419385
0.00,45,44,732.2188652
0.00,45,45,731.8126865
0.00,45,46,731.1529229
0.00,45,47,730.7028209
0.00,45,48,725.2650953
0.00,45,49,725.079675
0.00,45,50,725.0283783
0.00,45,51,724.9301581
0.00,45,52,724.9164986
0.00,45,53,719.3317334
0.00,45,54,719.0560738
0.00,45,55,718.3388621
0.00,45,56,717.8517026
0.00,45,57,717.4384575
0.00,45,58,714.4440206
0.00,45,59,712.8233634
0.00,45,60,712.5360363
0.00,45,61,712.5271961
0.00,45,62,712.4033927
0.00,45,63,709.677789
0.00,45,64,708.0374409
0.00,45,65,707.7312806
0.00,45,66,702.963735
0.00,45,67,702.7691345
0.00,45,68,702.7151601
0.00,45,69,702.6203297
0.00,45,70,702.5608008
0.00,45,71,702.5377257
0.00,45,72,702.4401454
0.00,45,73,702.3893931
0.00,45,74,702.3727188
0.00,45,75,702.2282187
0.00,45,76,699.1828469
0.00,45,77,698.5655638
0.00,45,78,693.8937931
0.00,45,79,693.1484953
0.00,45,80,693.1357382
0.00,45,81,692.8745241
0.00,45,82,692.8357055
0.00,45,83,692.7255658
0.00,45,84,692.674724
0.00,45,85,692.6676418
0.00,45,86,692.559916
0.00,45,87,692.5207995
0.00,45,88,692.4597093
0.00,45,89,692.4244095
0.00,45,90,691.8697858
0.00,45,91,689.9890139
0.00,45,92,689.5590948
0.00,45,93,689.1698475
0.00,45,94,689.0742364
0.00,45,95,684.2151972
0.00,45,96,683.7969451
0.00,45,97,683.6979531
0.00,45,98,683.6879495
0.00,45,99,683.5300361
0.00,45,100,683.5085456
0.00,45,101,683.4329627
0.00,45,102,683.3902653
0.00,45,103,683.3743583
0.00,45,104,683.2941712
0.00,45,105,683.2545337
0.00,45,106,682.4921263
0.00,45,107,681.5840368
0.00,45,108,681.3013301
0.00,45,109,677.3732889
0.00,45,110,675.9876754
0.00,45,111,675.7414544
0.00,45,112,675.6882839
0.00,45,113,675.6631492
0.00,45,114,675.5652216
0.00,45,115,675.5365124
0.00,45,116,675.530337
0.00,45,117,674.5516525
0.00,45,118,674.2711517
0.00,45,119,672.9265913
0.00,45,120,668.9286726
0.00,45,121,668.5459786
0.00,45,122,668.4664363
0.00,45,123,668.4312903
0.00,45,124,668.4297035
0.00,45,125,668.3437238
0.00,45,126,668.3154566
0.00,45,127,668.265375
0.00,45,128,668.2488046
0.00,45,129,668.1529109
0.00,45,130,668.1286203
0.00,45,131,668.0741856
0.00,45,132,668.0721155
0.00,45,133,667.9635509
0.00,45,134,667.943669
0.00,45,135,667.8837382
0.00,45,136,667.8476756
0.00,45,137,667.8354805
0.00,45,138,667.7654696
0.00,45,139,667.6894971
0.00,45,140,667.3816989
0.00,45,141,661.771931
0.00,45,142,661.5862203
0.00,45,143,661.5569809
0.00,45,144,661.4729856
0.00,45,145,661.4373181
0.00,45,146,661.3908855
0.00,45,147,661.3633225
0.00,45,148,661.2808954
0.00,45,149,661.2548752
0.00,45,150,661.2082479
0.00,45,151,661.1911358
0.00,45,152,661.1028753
0.00,45,153,661.0789904
0.00,45,154,661.0300075
0.00,45,155,661.0203953
0.00,45,156,660.9255377
0.00,45,157,660.9038074
0.00,45,158,660.8522037
0.00,45,159,660.8506496
0.00,45,160,660.7486112
0.00,45,161,660.7292057
0.00,45,162,660.674757
0.00,45,163,660.6406242
0.00,45,164,660.6273372
0.00,45,165,660.5653405
0.00,45,166,660.5344496
0.00,45,167,660.531409
0.00,45,168,660.4560519
0.00,45,169,660.4285949
0.00,45,170,660.3847585
0.00,45,171,660.361247
0.00,45,172,660.2798094
0.00,45,173,660.254355
0.00,45,174,660.2080884
0.00,45,175,660.192107
0.00,45,176,660.1039755
0.00,45,177,660.080712
0.00,45,178,660.0317729
0.00,45,179,660.0240331
0.00,45,180,659.9285546
0.00,45,181,659.9076817
0.00,45,182,659.8558134
0.00,45,183,659.8213437
0.00,45,184,659.8063375
0.00,45,185,659.7472301
0.00,45,186,659.7158425
0.00,45,187,659.7105624
0.00,45,188,659.6388024
0.00,45,189,659.6107318
0.00,45,190,659.5683606
0.00,45,191,659.5420558
0.00,45,192,659.4640506
0.00,45,193,659.4380455
0.00,45,194,659.3931637
0.00,45,195,659.3746621
0.00,45,196,659.2897153
0.00,45,197,659.2659908
0.00,45,198,659.2183221
0.00,45,199,659.2084401
0.00,45,200,659.1158028
0.00,46,1,686.5723198
0.00,46,2,686.3347868
0.00,46,3,686.2364642
0.00,46,4,685.9242865
0.00,46,5,685.6241221
0.00,46,6,685.3527879
0.00,46,7,685.0878824
0.00,46,8,684.8402016
0.00,46,9,684.5957248
0.00,46,10,684.3619133
0.00,46,11,684.294311
0.00,46,12,683.9811458
0.00,46,13,683.6808621
0.00,46,14,683.4108677
0.00,46,15,683.1478514
0.00,46,16,682.9028437
0.00,46,17,682.6613737
0.00,46,18,682.430996
0.00,46,19,682.3963107
0.00,46,20,682.0813206
0.00,46,21,681.780169
0.00,46,22,681.5109642
0.00,46,23,681.2493454
0.00,46,24,681.0066257
0.00,46,25,680.7678141
0.00,46,26,680.5405807
0.00,46,27,680.3151998
0.00,46,28,680.2192709
0.00,46,29,679.9175705
0.00,46,30,679.6493121
0.00,46,31,679.3892043
0.00,46,32,679.1487928
0.00,46,33,678.9126386
0.00,46,34,678.6884934
0.00,46,35,678.4664088
0.00,46,36,678.3974954
0.00,46,37,678.0945609
0.00,46,38,677.8267479
0.00,46,39,677.5677023
0.00,46,40,677.3292482
0.00,46,41,677.0954341
0.00,46,42,676.8741136
0.00,46,43,676.6550825
0.00,46,44,676.6148224
0.00,46,45,676.3099364
0.00,46,46,676.04205
0.00,46,47,675.7836033
0.00,46,48,675.5467484
0.00,46,49,675.3149519
0.00,46,50,675.0961909
0.00,46,51,674.8799708
0.00,46,52,674.8701589
0.00,46,53,674.5625667
0.00,46,54,674.2940681
0.00,46,55,674.0357395
0.00,46,56,673.8001164
0.00,46,57,673.5700084
0.00,46,58,673.3535391
0.00,46,59,673.1398861
0.00,46,60,672.9347076
0.00,46,61,672.8568276
0.00,46,62,672.5859044
0.00,46,63,672.3261197
0.00,46,64,672.0906334
0.00,46,65,671.8612655
0.00,46,66,671.6464053
0.00,46,67,671.4347234
0.00,46,68,671.2319978
0.00,46,69,671.1873501
0.00,46,70,670.913173
0.00,46,71,670.6511989
0.00,46,72,670.4153193
0.00,46,73,670.1862251
0.00,46,74,669.9726163
0.00,46,75,669.762589
0.00,46,76,669.5620592
0.00,46,77,669.553399
0.00,46,78,669.2750665
0.00,46,79,669.0101045
0.00,46,80,668.7732618
0.00,46,81,668.5439415
0.00,46,82,668.3312059
0.00,46,83,668.1224996
0.00,46,84,667.9238988
0.00,46,85,667.7273326
0.00,46,86,667.6668991
0.00,46,87,667.3990949
0.00,46,88,667.1613514
0.00,46,89,666.9318424
0.00,46,90,666.7199656
0.00,46,91,666.5125563
0.00,46,92,666.3158277
0.00,46,93,666.1213945
0.00,46,94,666.0912071
0.00,46,95,665.8198056
0.00,46,96,665.5806275
0.00,46,97,665.3504594
0.00,46,98,665.1390876
0.00,46,99,664.9326633
0.00,46,100,664.7375579
0.00,46,101,664.5450355
0.00,46,102,664.3595541
0.00,46,103,664.2758216
0.00,46,104,664.0336439
0.00,46,105,663.8014656
0.00,46,106,663.589653
0.00,46,107,663.3834006
0.00,46,108,663.1893304
0.00,46,109,662.9982102
0.00,46,110,662.8146134
0.00,46,111,662.7631077
0.00,46,112,662.5170939
0.00,46,113,662.2821721
0.00,46,114,662.0693931
0.00,46,115,661.8628559
0.00,46,116,661.6694755
0.00,46,117,661.4794562
0.00,46,118,661.2975039
0.00,46,119,661.2812187
0.00,46,120,661.030445
0.00,46,121,660.7919683
0.00,46,122,660.5776483
0.00,46,123,660.3703277
0.00,46,124,660.1772647
0.00,46,125,659.988023
0.00,46,126,659.8074609
0.00,46,127,659.6288896
0.00,46,128,659.5698252
0.00,46,129,659.3277635
0.00,46,130,659.1118567
0.00,46,131,658.9037008
0.00,46,132,658.7108884
0.00,46,133,658.5223587
0.00,46,134,658.3431093
0.00,46,135,658.1661258
0.00,46,136,658.1374875
0.00,46,137,657.8910403
0.00,46,138,657.6729866
0.00,46,139,657.4635071
0.00,46,140,657.2705839
0.00,46,141,657.0824525
0.00,46,142,656.9042705
0.00,46,143,656.7286599
0.00,46,144,656.5592165
0.00,46,145,656.4851162
0.00,46,146,656.2634308
0.00,46,147,656.0513522
0.00,46,148,655.8574237
0.00,46,149,655.6689272
0.00,46,150,655.4912605
0.00,46,151,655.31655
0.00,46,152,655.1485008
0.00,46,153,655.1067036
0.00,46,154,654.8804977
0.00,46,155,654.665046
0.00,46,156,654.4695624
0.00,46,157,654.2802279
0.00,46,158,654.1027237
0.00,46,159,653.9286103
0.00,46,160,653.761718
0.00,46,161,653.7556104
0.00,46,162,653.5238887
0.00,46,163,653.3041944
0.00,46,164,653.1065452
0.00,46,165,652.9158475
0.00,46,166,652.738119
0.00,46,167,652.5642709
0.00,46,168,652.3982793
0.00,46,169,652.2343773
0.00,46,170,652.1901751
0.00,46,171,651.9660715
0.00,46,172,651.7661262
0.00,46,173,651.5739429
0.00,46,174,651.3958812
0.00,46,175,651.2221996
0.00,46,176,651.0570139
0.00,46,177,650.8942176
0.00,46,178,650.8815967
0.00,46,179,650.6521921
0.00,46,180,650.4493338
0.00,46,181,650.255131
0.00,46,182,650.0763471
0.00,46,183,649.9024981
0.00,46,184,649.7378627
0.00,46,185,649.5759519
0.00,46,186,649.4197107
0.00,46,187,649.3659522
0.00,46,188,649.1586559
0.00,46,189,648.9611281
0.00,46,190,648.7807071
0.00,46,191,648.6059153
0.00,46,192,648.4412705
0.00,46,193,648.2797712
0.00,46,194,648.1244655
0.00,46,195,648.1044789
0.00,46,196,647.8917505
0.00,46,197,647.6900352
0.00,46,198,647.5073703
0.00,46,199,647.3311174
0.00,46,200,647.1660821
0.00,47,1,802.9898887
0.00,47,2,802.8590084
0.00,47,3,802.8161649
0.00,47,4,802.7921631
0.00,47,5,802.7870338
0.00,47,6,802.6904616
0.00,47,7,802.639442
0.00,47,8,802.6279504
0.00,47,9,802.5441984
0.00,47,10,802.4915518
0.00,47,11,802.4793481
0.00,47,12,802.397895
0.00,47,13,802.3740592
0.00,47,14,802.2129551
0.00,47,15,802.1884553
0.00,47,16,802.1064732
0.00,47,17,802.084345
0.00,47,18,801.9219874
0.00,47,19,801.8982003
0.00,47,20,801.8157229
0.00,47,21,801.7952229
0.00,47,22,801.6316884
0.00,47,23,801.6085823
0.00,47,24,801.5256417
0.00,47,25,801.5066947
0.00,47,26,801.3420553
0.00,47,27,801.3196006
0.00,47,28,801.2362267
0.00,47,29,801.218762
0.00,47,30,801.0530858
0.00,47,31,801.0312543
0.00,47,32,800.9474755
0.00,47,33,800.9314265
0.00,47,34,800.7647772
0.00,47,35,800.7435427
0.00,47,36,800.6593855
0.00,47,37,800.6446895
0.00,47,38,800.4771271
0.00,47,39,800.4564647
0.00,47,40,800.3719539
0.00,47,41,800.3585523
0.00,47,42,800.1901329
0.00,47,43,800.1700194
0.00,47,44,800.0851784
0.00,47,45,800.0730161
0.00,47,46,799.9037922
0.00,47,47,799.8842058
0.00,47,48,799.7990564
0.00,47,49,799.7880817
0.00,47,50,799.6181025
0.00,47,51,799.5990227
0.00,47,52,799.5135852
0.00,47,53,799.5037499
0.00,47,54,799.3330612
0.00,47,55,799.3144691
0.00,47,56,799.2287624
0.00,47,57,799.2200214
0.00,47,58,799.048666
0.00,47,59,799.0305437
0.00,47,60,798.9445854
0.00,47,61,798.9368967
0.00,47,62,798.7649143
0.00,47,63,798.7472452
0.00,47,64,798.6610518
0.00,47,65,798.654376
0.00,47,66,798.4818038
0.00,47,67,798.4645723
0.00,47,68,798.3781591
0.00,47,69,798.3724595
0.00,47,70,798.1993319
0.00,47,71,798.1825235
0.00,47,72,798.0959047
0.00,47,73,798.0911472
0.00,47,74,797.9174963
0.00,47,75,797.9010975
0.00,47,76,797.8142863
0.00,47,77,797.810439
0.00,47,78,797.6362945
0.00,47,79,797.6202926
0.00,47,80,797.5333013
0.00,47,81,797.5303345
0.00,47,82,797.3557241
0.00,47,83,797.3401074
0.00,47,84,797.2529473
0.00,47,85,797.2508333
0.00,47,86,797.0757827
0.00,47,87,797.0605402
0.00,47,88,796.9732218
0.00,47,89,796.9719349
0.00,47,90,796.7964679
0.00,47,91,796.7815895
0.00,47,92,796.6941225
0.00,47,93,796.6936386
0.00,47,94,796.5177773
0.00,47,95,796.5032533
0.00,47,96,796.4156469
0.00,47,97,796.3654494
0.00,47,98,796.3530133
0.00,47,99,796.2765321
0.00,47,100,796.2694428
0.00,47,101,796.1016523
0.00,47,102,796.09726
0.00,47,103,795.9998005
0.00,47,104,795.9589479
0.00,47,105,795.9561797
0.00,47,106,795.860829
0.00,47,107,795.8142457
0.00,47,108,795.8050033
0.00,47,109,795.7223252
0.00,47,110,795.6741744
0.00,47,111,795.6642732
0.00,47,112,795.5837612
0.00,47,113,795.5693175
0.00,47,114,795.4087631
0.00,47,115,795.3889625
0.00,47,116,795.3077749
0.00,47,117,795.2953281
0.00,47,118,795.1331971
0.00,47,119,795.1142184
0.00,47,120,795.0323992
0.00,47,121,795.0218464
0.00,47,122,794.8582385
0.00,47,123,794.8400408
0.00,47,124,794.7576318
0.00,47,125,794.7488754
0.00,47,126,794.5838851
0.00,47,127,794.5664297
0.00,47,128,794.4834705
0.00,47,129,794.476418
0.00,47,130,794.3101349
0.00,47,131,794.2933851
0.00,47,132,794.209913
0.00,47,133,794.2044773
0.00,47,134,794.0369856
0.00,47,135,794.0209069
0.00,47,136,793.9369571
0.00,47,137,793.933056
0.00,47,138,793.764435
0.00,47,139,793.7489951
0.00,47,140,793.6646005
0.00,47,141,793.6621569
0.00,47,142,793.4924811
0.00,47,143,793.4776494
0.00,47,144,793.392841
0.00,47,145,793.3917825
0.00,47,146,793.2211217
0.00,47,147,793.2068696
0.00,47,148,793.1216765
0.00,47,149,793.072788
0.00,47,150,793.0606849
0.00,47,151,792.9862059
0.00,47,152,792.9793035
0.00,47,153,792.8159007
0.00,47,154,792.811601
0.00,47,155,792.7167129
0.00,47,156,792.676914
0.00,47,157,792.6742096
0.00,47,158,792.5813765
0.00,47,159,792.5360475
0.00,47,160,792.527096
0.00,47,161,792.4464892
0.00,47,162,792.399639
0.00,47,163,792.3900432
0.00,47,164,792.3115422
0.00,47,165,792.2978821
0.00,47,166,792.1411198
0.00,47,167,792.1220983
0.00,47,168,792.0427532
0.00,47,169,792.0314564
0.00,47,170,791.8727397
0.00,47,171,791.8546832
0.00,47,172,791.7745471
0.00,47,173,791.7654897
0.00,47,174,791.604939
0.00,47,175,791.5877981
0.00,47,176,791.5069218
0.00,47,177,791.4999851
0.00,47,178,791.3377157
0.00,47,179,791.3214431
0.00,47,180,791.2398751
0.00,47,181,791.234946
0.00,47,182,791.0710678
0.00,47,183,791.0556185
0.00,47,184,790.9734049
0.00,47,185,790.9703759
0.00,47,186,790.8049933
0.00,47,187,790.7903247
0.00,47,188,790.7075092
0.00,47,189,790.7062783
0.00,47,190,790.5394903
0.00,47,191,790.5255619
0.00,47,192,790.4421858
0.00,47,193,790.394388
0.00,47,194,790.3825918
0.00,47,195,790.3096272
0.00,47,196,790.3031069
0.00,47,197,790.1429834
0.00,47,198,790.1388766
0.00,47,199,790.0459202
0.00,47,200,790.0070255
0.00,48,1,783.9610398
0.00,48,2,782.071768
0.00,48,3,774.0987121
0.00,48,4,773.1148776
0.00,48,5,761.8185465
0.00,48,6,758.1320838
0.00,48,7,757.2142661
0.00,48,8,749.9859597
0.00,48,9,742.6316517
0.00,48,10,741.0224782
0.00,48,11,739.8895254
0.00,48,12,739.1043539
0.00,48,13,737.632624
0.00,48,14,736.504016
0.00,48,15,735.5776535
0.00,48,16,726.4297911
0.00,48,17,724.7000965
0.00,48,18,722.718095
0.00,48,19,721.914104
0.00,48,20,714.980461
0.00,48,21,713.7033329
0.00,48,22,712.86881
0.00,48,23,712.4527926
0.00,48,24,712.1776804
0.00,48,25,711.9993498
0.00,48,26,711.8612726
0.00,48,27,711.7468931
0.00,48,28,711.6627097
0.00,48,29,709.9629847
0.00,48,30,708.6979234
0.00,48,31,707.9242463
0.00,48,32,707.7355536
0.00,48,33,700.0717532
0.00,48,34,699.0389628
0.00,48,35,697.9509062
0.00,48,36,697.1928084
0.00,48,37,696.5958497
0.00,48,38,694.6090063
0.00,48,39,694.4288798
0.00,48,40,686.3073192
0.00,48,41,685.4264953
0.00,48,42,685.0097995
0.00,48,43,684.7391027
0.00,48,44,684.5745401
0.00,48,45,684.4525104
0.00,48,46,684.3566513
0.00,48,47,684.3506995
0.00,48,48,684.2030694
0.00,48,49,684.0906033
0.00,48,50,683.9994534
0.00,48,51,683.9701568
0.00,48,52,683.8363219
0.00,48,53,683.7316221
0.00,48,54,683.6443472
0.00,48,55,683.5961053
0.00,48,56,683.4735706
0.00,48,57,683.3752146
0.00,48,58,683.2911462
0.00,48,59,683.2275108
0.00,48,60,683.1142603
0.00,48,61,683.0211074
0.00,48,62,683.0031118
0.00,48,63,682.8616437
0.00,48,64,682.7569444
0.00,48,65,682.6685706
0.00,48,66,682.6279679
0.00,48,67,682.5005881
0.00,48,68,682.4027157
0.00,48,69,682.3181594
0.00,48,70,682.2597261
0.00,48,71,682.1435203
0.00,48,72,682.0511326
0.00,48,73,682.0399571
0.00,48,74,681.8990803
0.00,48,75,681.7908195
0.00,48,76,681.7023909
0.00,48,77,681.6714624
0.00,48,78,681.5422443
0.00,48,79,681.4405843
0.00,48,80,681.3554832
0.00,48,81,681.3082205
0.00,48,82,681.1887372
0.00,48,83,681.0925759
0.00,48,84,681.01028
0.00,48,85,680.9495004
0.00,48,86,680.8381619
0.00,48,87,680.7465958
0.00,48,88,680.7331495
0.00,48,89,680.5927509
0.00,48,90,680.4891597
0.00,48,91,680.4019529
0.00,48,92,680.367662
0.00,48,93,680.2402007
0.00,48,94,680.1429078
0.00,48,95,680.0592475
0.00,48,96,680.0082038
0.00,48,97,679.891196
0.00,48,98,679.7990533
0.00,48,99,679.7182998
0.00,48,100,679.6537372
0.00,48,101,679.545228
0.00,48,102,679.4573218
0.00,48,103,679.4364188
0.00,48,104,679.3051502
0.00,48,105,679.2027662
0.00,48,106,679.1179603
0.00,48,107,679.0816473
0.00,48,108,678.9595062
0.00,48,109,678.8623203
0.00,48,110,678.7801742
0.00,48,111,678.7308641
0.00,48,112,678.6164985
0.00,48,113,678.5237355
0.00,48,114,678.4438783
0.00,48,115,678.3835964
0.00,48,116,678.2758687
0.00,48,117,678.1868807
0.00,48,118,678.1742328
0.00,48,119,678.037555
0.00,48,120,677.9363911
0.00,48,121,677.8511269
0.00,48,122,677.8205249
0.00,48,123,677.6949589
0.00,48,124,677.5992467
0.00,48,125,677.5170792
0.00,48,126,677.471731
0.00,48,127,677.3553426
0.00,48,128,677.2641821
0.00,48,129,677.1846071
0.00,48,130,677.1271014
0.00,48,131,677.018335
0.00,48,132,676.9309958
0.00,48,133,676.9215917
0.00,48,134,676.7879245
0.00,48,135,676.6846103
0.00,48,136,676.6000465
0.00,48,137,676.5767093
0.00,48,138,676.451254
0.00,48,139,676.3526622
0.00,48,140,676.2705256
0.00,48,141,676.2351914
0.00,48,142,676.1168711
0.00,48,143,676.0223788
0.00,48,144,675.9423707
0.00,48,145,675.8966956
0.00,48,146,675.7845869
0.00,48,147,675.6936631
0.00,48,148,675.6155275
0.00,48,149,675.560929
0.00,48,150,675.4542403
0.00,48,151,675.3664318
0.00,48,152,675.3633326
0.00,48,153,675.2256004
0.00,48,154,675.1245955
0.00,48,155,675.040045
0.00,48,156,675.0210685
0.00,48,157,674.8931286
0.00,48,158,674.796952
0.00,48,159,674.7151729
0.00,48,160,674.6828509
0.00,48,161,674.5631863
0.00,48,162,674.4711295
0.00,48,163,674.3917213
0.00,48,164,674.3481428
0.00,48,165,674.2355053
0.00,48,166,674.1469808
0.00,48,167,674.0696127
0.00,48,168,674.0165087
0.00,48,169,673.9098671
0.00,48,170,673.8243856
0.00,48,171,673.8225268
0.00,48,172,673.6895676
0.00,48,173,673.5871181
0.00,48,174,673.5037994
0.00,48,175,673.4911445
0.00,48,176,673.3645708
0.00,48,177,673.2658381
0.00,48,178,673.1844535
0.00,48,179,673.1622959
0.00,48,180,673.0413934
0.00,48,181,672.9459614
0.00,48,182,672.86631
0.00,48,183,672.8357819
0.00,48,184,672.7199239
0.00,48,185,672.6274294
0.00,48,186,672.5493349
0.00,48,187,672.511428
0.00,48,188,672.4000648
0.00,48,189,672.3101904
0.00,48,190,672.2334982
0.00,48,191,672.1890822
0.00,48,192,672.081731
0.00,48,193,671.9941991
0.00,48,194,671.918773
0.00,48,195,671.8686121
0.00,48,196,671.7648483
0.00,48,197,671.6794153
0.00,48,198,671.6051354
0.00,48,199,671.5499025
0.00,48,200,671.4493518
0.00,49,1,652.2649356
0.00,49,2,652.2616375
0.00,49,3,652.1641453
0.00,49,4,652.1534499
0.00,49,5,652.0454909
0.00,49,6,652.0060298
0.00,49,7,651.9775656
0.00,49,8,651.9736838
0.00,49,9,651.8776258
0.00,49,10,651.8660205
0.00,49,11,651.7593918
0.00,49,12,651.7200104
0.00,49,13,651.6915329
0.00,49,14,651.6874604
0.00,49,15,651.5921435
0.00,49,16,651.5804251
0.00,49,17,651.4743361
0.00,49,18,651.435113
0.00,49,19,651.4068071
0.00,49,20,651.4029625
0.00,49,21,651.3076934
0.00,49,22,651.2966807
0.00,49,23,651.1903199
0.00,49,24,651.1513365
0.00,49,25,651.1233937
0.00,49,26,651.1202128
0.00,49,27,651.0242723
0.00,49,28,651.0148254
0.00,49,29,650.9073412
0.00,49,30,650.8686843
0.00,49,31,650.8413096
0.00,49,32,650.8392594
0.00,49,33,650.7418791
0.00,49,34,650.7349288
0.00,49,35,650.6254006
0.00,49,36,650.5871655
0.00,49,37,650.5605847
0.00,49,38,650.5601806
0.00,49,39,650.4605147
0.00,49,40,650.4570985
0.00,49,41,650.3445016
0.00,49,42,650.306796
0.00,49,43,650.2812648
0.00,49,44,650.2231981
0.00,49,45,650.1676313
0.00,49,46,650.1066874
0.00,49,47,650.0544311
0.00,49,48,649.9903589
0.00,49,49,649.9416795
0.00,49,50,649.8742135
0.00,49,51,649.829399
0.00,49,52,649.758252
0.00,49,53,649.7176089
0.00,49,54,649.6424753
0.00,49,55,649.6063318
0.00,49,56,649.5268845
0.00,49,57,649.495589
0.00,49,58,649.4114804
0.00,49,59,649.3854031
0.00,49,60,649.2962642
0.00,49,61,649.2757963
0.00,49,62,649.1812366
0.00,49,63,649.1667908
0.00,49,64,649.0663989
0.00,49,65,649.0584086
0.00,49,66,648.9517517
0.00,49,67,648.9506708
0.00,49,68,648.837296
0.00,49,69,648.7998933
0.00,49,70,648.7737041
0.00,49,71,648.7186571
0.00,49,72,648.6652798
0.00,49,73,648.6045072
0.00,49,74,648.558328
0.00,49,75,648.490616
0.00,49,76,648.4531677
0.00,49,77,648.3770082
0.00,49,78,648.3502164
0.00,49,79,648.2637161
0.00,49,80,648.2500117
0.00,49,81,648.150782
0.00,49,82,648.1132911
0.00,49,83,648.0867551
0.00,49,84,648.0850887
0.00,49,85,647.9911
0.00,49,86,647.9874483
0.00,49,87,647.8787165
0.00,49,88,647.8424518
0.00,49,89,647.8186333
0.00,49,90,647.76101
0.00,49,91,647.7098229
0.00,49,92,647.6480364
0.00,49,93,647.6016848
0.00,49,94,647.5352532
0.00,49,95,647.4942627
0.00,49,96,647.4226633
0.00,49,97,647.38761
0.00,49,98,647.3102694
0.00,49,99,647.2817773
0.00,49,100,647.1980744
0.00,49,101,647.1768191
0.00,49,102,647.0860812
0.00,49,103,647.0727889
0.00,49,104,646.9742928
0.00,49,105,646.9697406
0.00,49,106,646.8627119
0.00,49,107,646.8261555
0.00,49,108,646.8006305
0.00,49,109,646.7470454
0.00,49,110,646.6957986
0.00,49,111,646.6356925
0.00,49,112,646.5928271
0.00,49,113,646.524624
0.00,49,114,646.492185
0.00,49,115,646.4138771
0.00,49,116,646.3944982
0.00,49,117,646.3035016
0.00,49,118,646.3005969
0.00,49,119,646.1935644
0.00,49,120,646.1583626
0.00,49,121,646.1359279
0.00,49,122,646.0782299
0.00,49,123,646.0304557
0.00,49,124,645.9676389
0.00,49,125,645.9258869
0.00,49,126,645.8572491
0.00,49,127,645.8223003
0.00,49,128,645.7470657
0.00,49,129,645.7197869
0.00,49,130,645.6370936
0.00,49,131,645.6184364
0.00,49,132,645.5273384
0.00,49,133,645.5183435
0.00,49,134,645.4178053
0.00,49,135,645.3816549
0.00,49,136,645.3561302
0.00,49,137,645.3043633
0.00,49,138,645.2536691
0.00,49,139,645.1950107
0.00,49,140,645.1533255
0.00,49,141,645.0859601
0.00,49,142,645.0556847
0.00,49,143,644.9772585
0.00,49,144,644.9615397
0.00,49,145,644.8689702
0.00,49,146,644.8330979
0.00,49,147,644.8081604
0.00,49,148,644.756151
0.00,49,149,644.7044152
0.00,49,150,644.6473497
0.00,49,151,644.6016861
0.00,49,152,644.5387545
0.00,49,153,644.5000866
0.00,49,154,644.4303725
0.00,49,155,644.3997452
0.00,49,156,644.3222116
0.00,49,157,644.3007952
0.00,49,158,644.21428
0.00,49,159,644.2033788
0.00,49,160,644.106586
0.00,49,161,644.070986
0.00,49,162,644.0458919
0.00,49,163,643.9950543
0.00,49,164,643.9457206
0.00,49,165,643.8875086
0.00,49,166,643.8479691
0.00,49,167,643.780287
0.00,49,168,643.7533637
0.00,49,169,643.6734487
0.00,49,170,643.6629032
0.00,49,171,643.5670759
0.00,49,172,643.5325025
0.00,49,173,643.509798
0.00,49,174,643.4558159
0.00,49,175,643.4088754
0.00,49,176,643.3488336
0.00,49,177,643.3092437
0.00,49,178,643.2420728
0.00,49,179,643.2110676
0.00,49,180,643.1355443
0.00,49,181,643.1145327
0.00,49,182,643.0292595
0.00,49,183,643.0198328
0.00,49,184,642.9232303
0.00,49,185,642.8884356
0.00,49,186,642.8644642
0.00,49,187,642.8132747
0.00,49,188,642.7667032
0.00,49,189,642.7073719
0.00,49,190,642.6717767
0.00,49,191,642.6018254
0.00,49,192,642.5806023
0.00,49,193,642.4967111
0.00,49,194,642.4944626
0.00,49,195,642.3921361
0.00,49,196,642.3591715
0.00,49,197,642.3395605
0.00,49,198,642.282085
0.00,49,199,642.2415963
0.00,49,200,642.1767583
0.00,50,1,835.3907985
0.00,50,2,835.3464419
0.00,50,3,835.3158311
0.00,50,4,835.3066305
0.00,50,5,835.177787
0.00,50,6,835.1077008
0.00,50,7,835.0885188
0.00,50,8,834.9827091
0.00,50,9,834.9249533
0.00,50,10,834.7359643
0.00,50,11,834.6862601
0.00,50,12,834.6840466
0.00,50,13,834.5413406
0.00,50,14,834.4773457
0.00,50,15,834.4631704
0.00,50,16,834.3471127
0.00,50,17,834.3107372
0.00,50,18,834.1017497
0.00,50,19,834.0595897
0.00,50,20,833.9609002
0.00,50,21,833.88909
0.00,50,22,833.7156857
0.00,50,23,833.6605763
0.00,50,24,833.653184
0.00,50,25,833.5225274
0.00,50,26,833.4541092
0.00,50,27,833.4355655
0.00,50,28,833.3297757
0.00,50,29,833.2728721
0.00,50,30,833.0858373
0.00,50,31,833.0359311
0.00,50,32,833.032728
0.00,50,33,832.8934206
0.00,50,34,832.828802
0.00,50,35,832.8133246
0.00,50,36,832.7014272
0.00,50,37,832.657229
0.00,50,38,832.4587213
0.00,50,39,832.413166
0.00,50,40,832.3196511
0.00,50,41,832.2384514
0.00,50,42,832.0770713
0.00,50,43,832.0181834
0.00,50,44,832.0067764
0.00,50,45,831.8861715
0.00,50,46,831.8714768
0.00,50,47,831.6457223
0.00,50,48,831.6164583
0.00,50,49,831.5067846
0.00,50,50,831.4683281
0.00,50,51,831.2665579
0.00,50,52,831.2276872
0.00,50,53,831.1284346
0.00,50,54,831.067534
0.00,50,55,830.8884568
0.00,50,56,830.8405935
0.00,50,57,830.8388614
0.00,50,58,830.6987267
0.00,50,59,830.63274
0.00,50,60,830.6146488
0.00,50,61,830.5098028
0.00,50,62,830.4613503
0.00,50,63,830.2710582
0.00,50,64,830.2278516
0.00,50,65,830.1341019
0.00,50,66,830.0620025
0.00,50,67,829.8955864
0.00,50,68,829.8430275
0.00,50,69,829.8367213
0.00,50,70,829.7072842
0.00,50,71,829.6987999
0.00,50,72,829.4700269
0.00,50,73,829.4358997
0.00,50,74,829.333298
0.00,50,75,829.2721996
0.00,50,76,829.095967
0.00,50,77,829.0434788
0.00,50,78,829.036192
0.00,50,79,828.9088666
0.00,50,80,828.8413963
0.00,50,81,828.8217162
0.00,50,82,828.7222476
0.00,50,83,828.6553486
0.00,50,84,828.4858486
0.00,50,85,828.4312039
0.00,50,86,828.4218166
0.00,50,87,828.299593
0.00,50,88,828.2891432
0.00,50,89,828.065099
0.00,50,90,828.0357142
0.00,50,91,827.9296051
0.00,50,92,827.8851184
0.00,50,93,827.6951617
0.00,50,94,827.6525298
0.00,50,95,827.5606535
0.00,50,96,827.4864251
0.00,50,97,827.3263376
0.00,50,98,827.272245
0.00,50,99,827.26343
0.00,50,100,827.1414412
0.00,50,101,827.1188717
0.00,50,102,826.9081985
0.00,50,103,826.8682909
0.00,50,104,826.7742112
0.00,50,105,826.6980849
0.00,50,106,826.5408908
0.00,50,107,826.4826854
0.00,50,108,826.4694612
0.00,50,109,826.3572477
0.00,50,110,826.3262143
0.00,50,111,826.125571
0.00,50,112,826.0874685
0.00,50,113,825.9923367
0.00,50,114,825.9259649
0.00,50,115,825.7606977
0.00,50,116,825.7091565
0.00,50,117,825.7018301
0.00,50,118,825.5777623
0.00,50,119,825.5594327
0.00,50,120,825.3471042
0.00,50,121,825.308095
0.00,50,122,825.2145523
0.00,50,123,825.1384515
0.00,50,124,824.9837721
0.00,50,125,824.9253121
0.00,50,126,824.9112356
0.00,50,127,824.8021474
0.00,50,128,824.765203
0.00,50,129,824.5728825
0.00,50,130,824.5319806
0.00,50,131,824.441249
0.00,50,132,824.366877
0.00,50,133,824.2119938
0.00,50,134,824.1570904
0.00,50,135,824.1462221
0.00,50,136,824.0311489
0.00,50,137,823.9962385
0.00,50,138,823.8027786
0.00,50,139,823.7577945
0.00,50,140,823.7544354
0.00,50,141,823.6223326
0.00,50,142,823.559168
0.00,50,143,823.5410509
0.00,50,144,823.4424841
0.00,50,145,823.3769589
0.00,50,146,823.214693
0.00,50,147,823.159462
0.00,50,148,823.1473559
0.00,50,149,823.0352549
0.00,50,150,823.0050838
0.00,50,151,822.8089144
0.00,50,152,822.7698946
0.00,50,153,822.6788388
0.00,50,154,822.6063483
0.00,50,155,822.452438
0.00,50,156,822.3978378
0.00,50,157,822.386488
0.00,50,158,822.2738353
0.00,50,159,822.2349713
0.00,50,160,822.0482258
0.00,50,161,822.0014956
0.00,50,162,821.9959297
0.00,50,163,821.8700489
0.00,50,164,821.8679462
0.00,50,165,821.6459695
0.00,50,166,821.6167757
0.00,50,167,821.5164836
0.00,50,168,821.4631861
0.00,50,169,821.2922107
0.00,50,170,821.2442925
0.00,50,171,821.238077
0.00,50,172,821.114878
0.00,50,173,821.0955775
0.00,50,174,820.8913278
0.00,50,175,820.8506135
0.00,50,176,820.8494902
0.00,50,177,820.7144474
0.00,50,178,820.65365
0.00,50,179,820.636402
0.00,50,180,820.5382405
0.00,50,181,820.4735925
0.00,50,182,820.3150902
0.00,50,183,820.2596729
0.00,50,184,820.2462675
0.00,50,185,820.1393309
0.00,50,186,820.0998354
0.00,50,187,819.9174268
0.00,50,188,819.8740864
0.00,50,189,819.8711087
0.00,50,190,819.7416813
0.00,50,191,819.7337301
0.00,50,192,819.5204141
0.00,50,193,819.4829088
0.00,50,194,819.3932115
0.00,50,195,819.3139188
0.00,50,196,819.1717055
0.00,50,197,819.1114463
0.00,50,198,819.0936566
0.00,50,199,818.9975176
0.00,50,200,818.9373742
