SNR_dB,mc_idx,iter_idx,L_val
10.00,1,1,781.7458751
10.00,1,2,781.6014204
10.00,1,3,781.4993712
10.00,1,4,781.3370001
10.00,1,5,781.2578857
10.00,1,6,781.0735532
10.00,1,7,781.0212094
10.00,1,8,780.8109391
10.00,1,9,780.7900699
10.00,1,10,780.5492012
10.00,1,11,780.4636228
10.00,1,12,780.4052213
10.00,1,13,780.2771067
10.00,1,14,780.1594255
10.00,1,15,780.0153458
10.00,1,16,779.9177332
10.00,1,17,779.7543673
10.00,1,18,779.6808528
10.00,1,19,779.4942211
10.00,1,20,779.4496428
10.00,1,21,779.2349673
10.00,1,22,779.22513
10.00,1,23,778.9766788
10.00,1,24,778.8934159
10.00,1,25,778.8388369
10.00,1,26,778.7070257
10.00,1,27,778.594633
10.00,1,28,778.4482338
10.00,1,29,778.3535763
10.00,1,30,778.1901363
10.00,1,31,778.1160296
10.00,1,32,777.9327559
10.00,1,33,777.8824028
10.00,1,34,777.6761183
10.00,1,35,777.6531433
10.00,1,36,777.4202513
10.00,1,37,777.3359644
10.00,1,38,777.2770087
10.00,1,39,777.1546386
10.00,1,40,777.034583
10.00,1,41,776.8988233
10.00,1,42,776.7953188
10.00,1,43,776.6436993
10.00,1,44,776.5596757
10.00,1,45,776.3892977
10.00,1,46,776.3282006
10.00,1,47,776.1356559
10.00,1,48,776.101534
10.00,1,49,775.8828179
10.00,1,50,775.8804263
10.00,1,51,775.6308352
10.00,1,52,775.5498969
10.00,1,53,775.4969608
10.00,1,54,775.367614
10.00,1,55,775.2570512
10.00,1,56,775.115179
10.00,1,57,775.019566
10.00,1,58,774.8633652
10.00,1,59,774.7847198
10.00,1,60,774.6121853
10.00,1,61,774.5527528
10.00,1,62,774.3616532
10.00,1,63,774.3239199
10.00,1,64,774.111784
10.00,1,65,774.0984905
10.00,1,66,773.8625933
10.00,1,67,773.7809785
10.00,1,68,773.7243115
10.00,1,69,773.6036791
10.00,1,70,773.4867673
10.00,1,71,773.3545827
10.00,1,72,773.2516695
10.00,1,73,773.1061024
10.00,1,74,773.019302
10.00,1,75,772.8582565
10.00,1,76,772.7899981
10.00,1,77,772.6110668
10.00,1,78,772.5641378
10.00,1,79,772.3645582
10.00,1,80,772.3421554
10.00,1,81,772.1187594
10.00,1,82,772.0374289
10.00,1,83,771.979677
10.00,1,84,771.9764807
10.00,1,85,771.7715411
10.00,1,86,771.7558976
10.00,1,87,771.5268843
10.00,1,88,771.4465105
10.00,1,89,771.3903534
10.00,1,90,771.3901706
10.00,1,91,771.1811259
10.00,1,92,771.1707452
10.00,1,93,770.9375849
10.00,1,94,770.8580116
10.00,1,95,770.8030871
10.00,1,96,770.6840422
10.00,1,97,770.5682606
10.00,1,98,770.4402708
10.00,1,99,770.3349599
10.00,1,100,770.1970298
10.00,1,101,770.1032632
10.00,1,102,769.9543229
10.00,1,103,769.8732585
10.00,1,104,769.7121542
10.00,1,105,769.6450345
10.00,1,106,769.4705278
10.00,1,107,769.418681
10.00,1,108,769.2294477
10.00,1,109,769.1942881
10.00,1,110,768.9889182
10.00,1,111,768.9719445
10.00,1,112,768.7489431
10.00,1,113,768.6694073
10.00,1,114,768.6120957
10.00,1,115,768.6065627
10.00,1,116,768.4100813
10.00,1,117,768.383681
10.00,1,118,768.1710734
10.00,1,119,768.1627487
10.00,1,120,767.9326074
10.00,1,121,767.8542769
10.00,1,122,767.7989016
10.00,1,123,767.7969477
10.00,1,124,767.5957058
10.00,1,125,767.5752395
10.00,1,126,767.3581811
10.00,1,127,767.3553409
10.00,1,128,767.1211842
10.00,1,129,767.0437494
10.00,1,130,766.9896019
10.00,1,131,766.8749344
10.00,1,132,766.7607613
10.00,1,133,766.6381867
10.00,1,134,766.5332881
10.00,1,135,766.4019382
10.00,1,136,766.3072638
10.00,1,137,766.1661933
10.00,1,138,766.0827842
10.00,1,139,765.930957
10.00,1,140,765.8599521
10.00,1,141,765.6962349
10.00,1,142,765.6388794
10.00,1,143,765.4620331
10.00,1,144,765.4196869
10.00,1,145,765.2283584
10.00,1,146,765.2025054
10.00,1,147,764.9952181
10.00,1,148,764.9874763
10.00,1,149,764.7626204
10.00,1,150,764.6861735
10.00,1,151,764.6320356
10.00,1,152,764.628905
10.00,1,153,764.4337653
10.00,1,154,764.4128265
10.00,1,155,764.2020445
10.00,1,156,764.1987887
10.00,1,157,763.9708532
10.00,1,158,763.8951964
10.00,1,159,763.8420794
10.00,1,160,763.8404308
10.00,1,161,763.6438942
10.00,1,162,763.6251508
10.00,1,163,763.4135574
10.00,1,164,763.4117563
10.00,1,165,763.1837349
10.00,1,166,763.1085765
10.00,1,167,763.0558148
10.00,1,168,763.054131
10.00,1,169,762.8586884
10.00,1,170,762.8393594
10.00,1,171,762.629702
10.00,1,172,762.6262999
10.00,1,173,762.4012138
10.00,1,174,762.3262647
10.00,1,175,762.2732014
10.00,1,176,762.2699906
10.00,1,177,762.0781004
10.00,1,178,762.0554816
10.00,1,179,761.8504342
10.00,1,180,761.8425018
10.00,1,181,761.6232498
10.00,1,182,761.5482376
10.00,1,183,761.4942567
10.00,1,184,761.4881254
10.00,1,185,761.3020921
10.00,1,186,761.2736882
10.00,1,187,761.0757202
10.00,1,188,761.0605961
10.00,1,189,760.8498135
10.00,1,190,760.8488792
10.00,1,191,760.6243736
10.00,1,192,760.5504673
10.00,1,193,760.498044
10.00,1,194,760.4944181
10.00,1,195,760.305542
10.00,1,196,760.2810833
10.00,1,197,760.0808923
10.00,1,198,760.0689527
10.00,1,199,759.8566931
10.00,1,200,759.7821299
10.00,2,1,740.2406673
10.00,2,2,740.0380476
10.00,2,3,739.9270329
10.00,2,4,739.8611424
10.00,2,5,739.8527099
10.00,2,6,739.7602958
10.00,2,7,739.6986296
10.00,2,8,739.6757877
10.00,2,9,739.5928116
10.00,2,10,739.5370965
10.00,2,11,739.5015658
10.00,2,12,739.4295348
10.00,2,13,739.3766288
10.00,2,14,739.3321177
10.00,2,15,739.2662013
10.00,2,16,739.2548076
10.00,2,17,739.1633582
10.00,2,18,739.1046906
10.00,2,19,739.0779837
10.00,2,20,738.999813
10.00,2,21,738.944396
10.00,2,22,738.9069742
10.00,2,23,738.8359737
10.00,2,24,738.7847829
10.00,2,25,738.7381638
10.00,2,26,738.6750026
10.00,2,27,738.6613973
10.00,2,28,738.5739462
10.00,2,29,738.514655
10.00,2,30,738.4877595
10.00,2,31,738.409005
10.00,2,32,738.3550796
10.00,2,33,738.3166423
10.00,2,34,738.247792
10.00,2,35,738.1964561
10.00,2,36,738.1498326
10.00,2,37,738.0865908
10.00,2,38,738.070377
10.00,2,39,737.9837291
10.00,2,40,737.92704
10.00,2,41,737.8968943
10.00,2,42,737.8222852
10.00,2,43,737.7686025
10.00,2,44,737.7286584
10.00,2,45,737.660648
10.00,2,46,737.6571354
10.00,2,47,737.561006
10.00,2,48,737.5010048
10.00,2,49,737.4806884
10.00,2,50,737.399198
10.00,2,51,737.3426732
10.00,2,52,737.3106493
10.00,2,53,737.2369021
10.00,2,54,737.1850483
10.00,2,55,737.1429013
10.00,2,56,737.0778068
10.00,2,57,737.0722856
10.00,2,58,736.9802789
10.00,2,59,736.9193277
10.00,2,60,736.8992134
10.00,2,61,736.8166283
10.00,2,62,736.7616529
10.00,2,63,736.7287597
10.00,2,64,736.6571841
10.00,2,65,736.6050054
10.00,2,66,736.5630821
10.00,2,67,736.4976208
10.00,2,68,736.4895811
10.00,2,69,736.3980073
10.00,2,70,736.339882
10.00,2,71,736.3163573
10.00,2,72,736.2382307
10.00,2,73,736.1833553
10.00,2,74,736.148989
10.00,2,75,736.078071
10.00,2,76,736.0274954
10.00,2,77,735.9837694
10.00,2,78,735.920835
10.00,2,79,735.9113043
10.00,2,80,735.8232395
10.00,2,81,735.764194
10.00,2,82,735.7411044
10.00,2,83,735.6618418
10.00,2,84,735.6083122
10.00,2,85,735.5733695
10.00,2,86,735.5042939
10.00,2,87,735.4533884
10.00,2,88,735.4100349
10.00,2,89,735.3466789
10.00,2,90,735.3351791
10.00,2,91,735.2473079
10.00,2,92,735.1907533
10.00,2,93,735.164824
10.00,2,94,735.0894513
10.00,2,95,735.0359599
10.00,2,96,734.9998851
10.00,2,97,734.931286
10.00,2,98,734.8817999
10.00,2,99,734.8369745
10.00,2,100,734.7758271
10.00,2,101,734.7632827
10.00,2,102,734.6784107
10.00,2,103,734.620943
10.00,2,104,734.5956663
10.00,2,105,734.5190946
10.00,2,106,734.4667804
10.00,2,107,734.4303842
10.00,2,108,734.3633506
10.00,2,109,734.3135203
10.00,2,110,734.2692057
10.00,2,111,734.2075742
10.00,2,112,734.1935314
10.00,2,113,734.1086297
10.00,2,114,734.053381
10.00,2,115,734.0257401
10.00,2,116,733.9525928
10.00,2,117,733.9002561
10.00,2,118,733.86302
10.00,2,119,733.7962982
10.00,2,120,733.7957883
10.00,2,121,733.7007519
10.00,2,122,733.6419444
10.00,2,123,733.624818
10.00,2,124,733.5442753
10.00,2,125,733.4888657
10.00,2,126,733.4601346
10.00,2,127,733.3872114
10.00,2,128,733.3364608
10.00,2,129,733.2976199
10.00,2,130,733.233344
10.00,2,131,733.2320861
10.00,2,132,733.1402379
10.00,2,133,733.0800448
10.00,2,134,733.0641427
10.00,2,135,732.9816603
10.00,2,136,732.9275171
10.00,2,137,732.8986815
10.00,2,138,732.8273613
10.00,2,139,732.776006
10.00,2,140,732.7380162
10.00,2,141,732.6728391
10.00,2,142,732.670221
10.00,2,143,732.5778008
10.00,2,144,732.5201592
10.00,2,145,732.5016656
10.00,2,146,732.4230711
10.00,2,147,732.368696
10.00,2,148,732.3390815
10.00,2,149,732.267802
10.00,2,150,732.2178812
10.00,2,151,732.1785757
10.00,2,152,732.1155766
10.00,2,153,732.1126416
10.00,2,154,732.0229635
10.00,2,155,731.9639029
10.00,2,156,731.9468824
10.00,2,157,731.8662272
10.00,2,158,731.8129724
10.00,2,159,731.7835074
10.00,2,160,731.7135809
10.00,2,161,731.6630194
10.00,2,162,731.6247239
10.00,2,163,731.5607291
10.00,2,164,731.5568826
10.00,2,165,731.4663772
10.00,2,166,731.4096473
10.00,2,167,731.3904572
10.00,2,168,731.3133011
10.00,2,169,731.2597387
10.00,2,170,731.2297744
10.00,2,171,731.1597097
10.00,2,172,731.1104582
10.00,2,173,731.0710966
10.00,2,174,731.009056
10.00,2,175,731.005297
10.00,2,176,730.9171471
10.00,2,177,730.8589382
10.00,2,178,730.8414811
10.00,2,179,730.7621086
10.00,2,180,730.7095414
10.00,2,181,730.679969
10.00,2,182,730.611035
10.00,2,183,730.5610937
10.00,2,184,730.5229077
10.00,2,185,730.4597591
10.00,2,186,730.4555034
10.00,2,187,730.3662605
10.00,2,188,730.3102044
10.00,2,189,730.2909452
10.00,2,190,730.2147501
10.00,2,191,730.161793
10.00,2,192,730.1319799
10.00,2,193,730.0627275
10.00,2,194,730.0139939
10.00,2,195,729.9749616
10.00,2,196,729.9135788
10.00,2,197,729.9098025
10.00,2,198,729.8225739
10.00,2,199,729.7649512
10.00,2,200,729.7477044
10.00,3,1,789.9877181
10.00,3,2,789.8497199
10.00,3,3,789.7969186
10.00,3,4,789.753575
10.00,3,5,789.7515527
10.00,3,6,789.6599253
10.00,3,7,789.6445203
10.00,3,8,789.5674932
10.00,3,9,789.541761
10.00,3,10,789.4760271
10.00,3,11,789.4423589
10.00,3,12,789.3853253
10.00,3,13,789.3455835
10.00,3,14,789.2952283
10.00,3,15,789.2508562
10.00,3,16,789.24485
10.00,3,17,789.1572853
10.00,3,18,789.1371738
10.00,3,19,789.0652184
10.00,3,20,789.034849
10.00,3,21,788.9742543
10.00,3,22,788.9364016
10.00,3,23,788.8841058
10.00,3,24,788.8407822
10.00,3,25,788.8376766
10.00,3,26,788.7476922
10.00,3,27,788.731205
10.00,3,28,788.655856
10.00,3,29,788.6291285
10.00,3,30,788.565006
10.00,3,31,788.5304753
10.00,3,32,788.4749296
10.00,3,33,788.4344774
10.00,3,34,788.38546
10.00,3,35,788.3829378
10.00,3,36,788.2592438
10.00,3,37,788.2100118
10.00,3,38,788.2050107
10.00,3,39,788.082208
10.00,3,40,788.0346168
10.00,3,41,788.0241281
10.00,3,42,787.9072572
10.00,3,43,787.8595914
10.00,3,44,787.8462699
10.00,3,45,787.7307309
10.00,3,46,787.7287996
10.00,3,47,787.6375191
10.00,3,48,787.6199885
10.00,3,49,787.5460349
10.00,3,50,787.5173203
10.00,3,51,787.4557966
10.00,3,52,787.4190366
10.00,3,53,787.3664653
10.00,3,54,787.3239037
10.00,3,55,787.3216483
10.00,3,56,787.2315059
10.00,3,57,787.2152676
10.00,3,58,787.1404763
10.00,3,59,787.1136779
10.00,3,60,787.0505077
10.00,3,61,787.0157695
10.00,3,62,786.9613597
10.00,3,63,786.9206773
10.00,3,64,786.8728462
10.00,3,65,786.8649157
10.00,3,66,786.7468092
10.00,3,67,786.6991973
10.00,3,68,786.6867092
10.00,3,69,786.5713671
10.00,3,70,786.569215
10.00,3,71,786.4787747
10.00,3,72,786.460817
10.00,3,73,786.3879823
10.00,3,74,786.3588062
10.00,3,75,786.2984745
10.00,3,76,786.2613086
10.00,3,77,786.2098926
10.00,3,78,786.1670221
10.00,3,79,786.1622348
10.00,3,80,786.0754549
10.00,3,81,786.0570301
10.00,3,82,785.9852712
10.00,3,83,785.9566582
10.00,3,84,785.8961486
10.00,3,85,785.8599585
10.00,3,86,785.8078378
10.00,3,87,785.7660368
10.00,3,88,785.7650077
10.00,3,89,785.6737304
10.00,3,90,785.6563797
10.00,3,91,785.5833174
10.00,3,92,785.5544675
10.00,3,93,785.4942457
10.00,3,94,785.4572644
10.00,3,95,785.4061334
10.00,3,96,785.3633872
10.00,3,97,785.3580689
10.00,3,98,785.272284
10.00,3,99,785.253281
10.00,3,100,785.1826009
10.00,3,101,785.1534481
10.00,3,102,785.0939989
10.00,3,103,785.0573522
10.00,3,104,785.0062178
10.00,3,105,784.9640623
10.00,3,106,784.9607644
10.00,3,107,784.8724262
10.00,3,108,784.8533129
10.00,3,109,784.7826591
10.00,3,110,784.7524742
10.00,3,111,784.6942081
10.00,3,112,784.6562447
10.00,3,113,784.6066932
10.00,3,114,784.6065543
10.00,3,115,784.4823873
10.00,3,116,784.435533
10.00,3,117,784.4244385
10.00,3,118,784.3107767
10.00,3,119,784.3105849
10.00,3,120,784.219686
10.00,3,121,784.2042272
10.00,3,122,784.1302152
10.00,3,123,784.1035219
10.00,3,124,784.0419658
10.00,3,125,784.0070454
10.00,3,126,783.9546349
10.00,3,127,783.9137173
10.00,3,128,783.9135969
10.00,3,129,783.8222439
10.00,3,130,783.8051123
10.00,3,131,783.732829
10.00,3,132,783.7039065
10.00,3,133,783.6448478
10.00,3,134,783.607721
10.00,3,135,783.557875
10.00,3,136,783.5150239
10.00,3,137,783.5071227
10.00,3,138,783.4251376
10.00,3,139,783.4038514
10.00,3,140,783.3367149
10.00,3,141,783.3056675
10.00,3,142,783.249387
10.00,3,143,783.2112545
10.00,3,144,783.1628763
10.00,3,145,783.1614786
10.00,3,146,783.0407174
10.00,3,147,782.9935581
10.00,3,148,782.9821224
10.00,3,149,782.8687364
10.00,3,150,782.8651146
10.00,3,151,782.7782142
10.00,3,152,782.758461
10.00,3,153,782.68969
10.00,3,154,782.6588458
10.00,3,155,782.6025469
10.00,3,156,782.564049
10.00,3,157,782.5163684
10.00,3,158,782.5081105
10.00,3,159,782.3923945
10.00,3,160,782.3901475
10.00,3,161,782.3019474
10.00,3,162,782.2830429
10.00,3,163,782.2135852
10.00,3,164,782.1832788
10.00,3,165,782.1266567
10.00,3,166,782.0885163
10.00,3,167,782.0407247
10.00,3,168,782.0334607
10.00,3,169,781.9172621
10.00,3,170,781.91527
10.00,3,171,781.8270248
10.00,3,172,781.8082019
10.00,3,173,781.7389157
10.00,3,174,781.7086202
10.00,3,175,781.6522637
10.00,3,176,781.614118
10.00,3,177,781.5666201
10.00,3,178,781.5582391
10.00,3,179,781.4433468
10.00,3,180,781.4405395
10.00,3,181,781.353452
10.00,3,182,781.333987
10.00,3,183,781.2656846
10.00,3,184,781.2349091
10.00,3,185,781.1793685
10.00,3,186,781.1408839
10.00,3,187,781.0940531
10.00,3,188,781.082633
10.00,3,189,780.970679
10.00,3,190,780.9660953
10.00,3,191,780.8812495
10.00,3,192,780.8605007
10.00,3,193,780.7939051
10.00,3,194,780.7622198
10.00,3,195,780.7079785
10.00,3,196,780.6688665
10.00,3,197,780.6230268
10.00,3,198,780.606925
10.00,3,199,780.4993063
10.00,3,200,780.492137
10.00,4,1,793.0607185
10.00,4,2,793.0490663
10.00,4,3,793.0409026
10.00,4,4,793.0265357
10.00,4,5,793.0156816
10.00,4,6,793.0120558
10.00,4,7,792.9971143
10.00,4,8,792.9863477
10.00,4,9,792.9775997
10.00,4,10,792.9706092
10.00,4,11,792.9594206
10.00,4,12,792.9506531
10.00,4,13,792.946004
10.00,4,14,792.9339882
10.00,4,15,792.9249292
10.00,4,16,792.9227779
10.00,4,17,792.9095427
10.00,4,18,792.8999714
10.00,4,19,792.8921326
10.00,4,20,792.8858371
10.00,4,21,792.8755324
10.00,4,22,792.8673792
10.00,4,23,792.8627656
10.00,4,24,792.8514957
10.00,4,25,792.8429021
10.00,4,26,792.8403248
10.00,4,27,792.8278102
10.00,4,28,792.8186433
10.00,4,29,792.8185725
10.00,4,30,792.8044904
10.00,4,31,792.7945853
10.00,4,32,792.7866543
10.00,4,33,792.7815689
10.00,4,34,792.7707365
10.00,4,35,792.7623694
10.00,4,36,792.7591239
10.00,4,37,792.7471198
10.00,4,38,792.7382057
10.00,4,39,792.7372536
10.00,4,40,792.7237876
10.00,4,41,792.7141813
10.00,4,42,792.7063985
10.00,4,43,792.7007928
10.00,4,44,792.6903237
10.00,4,45,792.6821331
10.00,4,46,792.6782196
10.00,4,47,792.6666649
10.00,4,48,792.6579665
10.00,4,49,792.6561658
10.00,4,50,792.6432594
10.00,4,51,792.6339206
10.00,4,52,792.6262669
10.00,4,53,792.6201596
10.00,4,54,792.6100241
10.00,4,55,792.6019938
10.00,4,56,792.5974448
10.00,4,57,792.5863083
10.00,4,58,792.5778095
10.00,4,59,792.5752056
10.00,4,60,792.5628237
10.00,4,61,792.5537352
10.00,4,62,792.5535638
10.00,4,63,792.5396165
10.00,4,64,792.5297962
10.00,4,65,792.521917
10.00,4,66,792.5167642
10.00,4,67,792.5060239
10.00,4,68,792.4977142
10.00,4,69,792.4943477
10.00,4,70,792.4824633
10.00,4,71,792.4736121
10.00,4,72,792.4724781
10.00,4,73,792.459157
10.00,4,74,792.4496341
10.00,4,75,792.4418977
10.00,4,76,792.4361753
10.00,4,77,792.4258089
10.00,4,78,792.4176777
10.00,4,79,792.4135924
10.00,4,80,792.4021774
10.00,4,81,792.3935502
10.00,4,82,792.391509
10.00,4,83,792.3787784
10.00,4,84,792.3695363
10.00,4,85,792.3619346
10.00,4,86,792.3556761
10.00,4,87,792.3456622
10.00,4,88,792.3376994
10.00,4,89,792.3329376
10.00,4,90,792.3219649
10.00,4,91,792.3135489
10.00,4,92,792.3106547
10.00,4,93,792.29848
10.00,4,94,792.2895022
10.00,4,95,792.2889337
10.00,4,96,792.2752682
10.00,4,97,792.2655844
10.00,4,98,792.2577794
10.00,4,99,792.2523858
10.00,4,100,792.2418269
10.00,4,101,792.2336085
10.00,4,102,792.229918
10.00,4,103,792.218263
10.00,4,104,792.2095323
10.00,4,105,792.2079614
10.00,4,106,792.1949474
10.00,4,107,792.1855737
10.00,4,108,792.1779169
10.00,4,109,792.1719315
10.00,4,110,792.1617608
10.00,4,111,792.1537278
10.00,4,112,792.1492922
10.00,4,113,792.1381242
10.00,4,114,792.1296252
10.00,4,115,792.1271168
10.00,4,116,792.1147129
10.00,4,117,792.1056294
10.00,4,118,792.1055224
10.00,4,119,792.0915708
10.00,4,120,792.0817647
10.00,4,121,792.0739059
10.00,4,122,792.0687721
10.00,4,123,792.0580611
10.00,4,124,792.0497794
10.00,4,125,792.0463935
10.00,4,126,792.0345615
10.00,4,127,792.0257501
10.00,4,128,792.0245402
10.00,4,129,792.0113057
10.00,4,130,792.0018395
10.00,4,131,791.9941431
10.00,4,132,791.9883603
10.00,4,133,791.9780749
10.00,4,134,791.9699958
10.00,4,135,791.9657945
10.00,4,136,791.9544945
10.00,4,137,791.9459363
10.00,4,138,791.9437026
10.00,4,139,791.9311346
10.00,4,140,791.9219844
10.00,4,141,791.9144392
10.00,4,142,791.9080547
10.00,4,143,791.8981645
10.00,4,144,791.8902736
10.00,4,145,791.8853169
10.00,4,146,791.8745107
10.00,4,147,791.8661875
10.00,4,148,791.863006
10.00,4,149,791.8510558
10.00,4,150,791.8421986
10.00,4,151,791.8412194
10.00,4,152,791.8278555
10.00,4,153,791.8183299
10.00,4,154,791.8106128
10.00,4,155,791.8049611
10.00,4,156,791.79461
10.00,4,157,791.7865035
10.00,4,158,791.7824503
10.00,4,159,791.7710692
10.00,4,160,791.762482
10.00,4,161,791.7604107
10.00,4,162,791.7477571
10.00,4,163,791.7385686
10.00,4,164,791.7310122
10.00,4,165,791.7247198
10.00,4,166,791.7147891
10.00,4,167,791.7068828
10.00,4,168,791.7020266
10.00,4,169,791.6911705
10.00,4,170,791.6828324
10.00,4,171,791.6797558
10.00,4,172,791.667757
10.00,4,173,791.6588793
10.00,4,174,791.6580117
10.00,4,175,791.6445873
10.00,4,176,791.6350451
10.00,4,177,791.6273239
10.00,4,178,791.6217276
10.00,4,179,791.6113562
10.00,4,180,791.6032482
10.00,4,181,791.5992456
10.00,4,182,791.5878507
10.00,4,183,791.5792599
10.00,4,184,791.5772339
10.00,4,185,791.5645635
10.00,4,186,791.555378
10.00,4,187,791.5478269
10.00,4,188,791.541553
10.00,4,189,791.5316262
10.00,4,190,791.5237294
10.00,4,191,791.5188795
10.00,4,192,791.5080382
10.00,4,193,791.4997102
10.00,4,194,791.4966252
10.00,4,195,791.484645
10.00,4,196,791.4757862
10.00,4,197,791.4748841
10.00,4,198,791.4615011
10.00,4,199,791.4519796
10.00,4,200,791.4442754
10.00,5,1,860.6560934
10.00,5,2,860.5332599
10.00,5,3,860.412235
10.00,5,4,860.3014474
10.00,5,5,860.1925543
10.00,5,6,860.0915303
10.00,5,7,859.9923478
10.00,5,8,859.8992295
10.00,5,9,859.8078201
10.00,5,10,859.7210965
10.00,5,11,859.6359104
10.00,5,12,859.5543546
10.00,5,13,859.4741522
10.00,5,14,859.3967698
10.00,5,15,859.3205596
10.00,5,16,859.2465456
10.00,5,17,859.1735345
10.00,5,18,859.1022385
10.00,5,19,859.0317924
10.00,5,20,858.9626891
10.00,5,21,858.894301
10.00,5,22,858.8269672
10.00,5,23,858.7602316
10.00,5,24,858.6943262
10.00,5,25,858.6289192
10.00,5,26,858.564168
10.00,5,27,858.4998307
10.00,5,28,858.4360131
10.00,5,29,858.3725387
10.00,5,30,858.3094778
10.00,5,31,858.246701
10.00,5,32,858.1842546
10.00,5,33,858.1220438
10.00,5,34,858.1208251
10.00,5,35,858.0456068
10.00,5,36,857.9725314
10.00,5,37,857.9004838
10.00,5,38,857.8301018
10.00,5,39,857.7605822
10.00,5,40,857.6923606
10.00,5,41,857.6248578
10.00,5,42,857.5583696
10.00,5,43,857.4924774
10.00,5,44,857.4273806
10.00,5,45,857.3627763
10.00,5,46,857.2987976
10.00,5,47,857.2352247
10.00,5,48,857.1721456
10.00,5,49,857.1094005
10.00,5,50,857.0470466
10.00,5,51,856.9849676
10.00,5,52,856.9231998
10.00,5,53,856.8616584
10.00,5,54,856.8492112
10.00,5,55,856.7757637
10.00,5,56,856.7042838
10.00,5,57,856.6338064
10.00,5,58,856.5648522
10.00,5,59,856.4967302
10.00,5,60,856.4297908
10.00,5,61,856.3635383
10.00,5,62,856.2982067
10.00,5,63,856.2334397
10.00,5,64,856.1693921
10.00,5,65,856.1058072
10.00,5,66,856.0427861
10.00,5,67,855.9801435
10.00,5,68,855.9179445
10.00,5,69,855.856055
10.00,5,70,855.794516
10.00,5,71,855.73323
10.00,5,72,855.7305274
10.00,5,73,855.6560906
10.00,5,74,855.5838664
10.00,5,75,855.5127657
10.00,5,76,855.443368
10.00,5,77,855.3748982
10.00,5,78,855.3077428
10.00,5,79,855.2413493
10.00,5,80,855.1759733
10.00,5,81,855.1112202
10.00,5,82,855.0472571
10.00,5,83,854.9838017
10.00,5,84,854.9209617
10.00,5,85,854.8585346
10.00,5,86,854.7965888
10.00,5,87,854.7349784
10.00,5,88,854.6737459
10.00,5,89,854.6127861
10.00,5,90,854.5521244
10.00,5,91,854.5407163
10.00,5,92,854.4681974
10.00,5,93,854.3968957
10.00,5,94,854.3274142
10.00,5,95,854.2589323
10.00,5,96,854.1918478
10.00,5,97,854.1255793
10.00,5,98,854.060387
10.00,5,99,853.9958578
10.00,5,100,853.9321599
10.00,5,101,853.8689993
10.00,5,102,853.8064829
10.00,5,103,853.7444008
10.00,5,104,853.6828199
10.00,5,105,853.6215899
10.00,5,106,853.5607512
10.00,5,107,853.500196
10.00,5,108,853.4399479
10.00,5,109,853.4287117
10.00,5,110,853.3564692
10.00,5,111,853.2854979
10.00,5,112,853.2163819
10.00,5,113,853.148303
10.00,5,114,853.081642
10.00,5,115,853.0158222
10.00,5,116,852.9510892
10.00,5,117,852.8870356
10.00,5,118,852.8238178
10.00,5,119,852.7611471
10.00,5,120,852.6991211
10.00,5,121,852.6375349
10.00,5,122,852.5764479
10.00,5,123,852.5157142
10.00,5,124,852.4553687
10.00,5,125,852.395307
10.00,5,126,852.3934852
10.00,5,127,852.3197742
10.00,5,128,852.2484338
10.00,5,129,852.1783693
10.00,5,130,852.110104
10.00,5,131,852.0428719
10.00,5,132,851.9770094
10.00,5,133,851.9119791
10.00,5,134,851.8479946
10.00,5,135,851.7846779
10.00,5,136,851.7221623
10.00,5,137,851.6601811
10.00,5,138,851.5988156
10.00,5,139,851.5378772
10.00,5,140,851.4774138
10.00,5,141,851.4172916
10.00,5,142,851.3575375
10.00,5,143,851.2980561
10.00,5,144,851.2870871
10.00,5,145,851.2149637
10.00,5,146,851.145045
10.00,5,147,851.0763586
10.00,5,148,851.0093399
10.00,5,149,850.9433113
10.00,5,150,850.8785479
10.00,5,151,850.8145764
10.00,5,152,850.7515678
10.00,5,153,850.6891904
10.00,5,154,850.6275482
10.00,5,155,850.566408
10.00,5,156,850.5058314
10.00,5,157,850.4456536
10.00,5,158,850.3859093
10.00,5,159,850.326482
10.00,5,160,850.26739
10.00,5,161,850.2572435
10.00,5,162,850.1857161
10.00,5,163,850.1156203
10.00,5,164,850.0474911
10.00,5,165,849.980509
10.00,5,166,849.9150104
10.00,5,167,849.850426
10.00,5,168,849.786964
10.00,5,169,849.7242278
10.00,5,170,849.6623436
10.00,5,171,849.6010343
10.00,5,172,849.5403738
10.00,5,173,849.4801678
10.00,5,174,849.420458
10.00,5,175,849.3611075
10.00,5,176,849.302138
10.00,5,177,849.2434528
10.00,5,178,849.2305231
10.00,5,179,849.1592644
10.00,5,180,849.0902383
10.00,5,181,849.0225006
10.00,5,182,848.956438
10.00,5,183,848.8913986
10.00,5,184,848.8276199
10.00,5,185,848.7646503
10.00,5,186,848.7026325
10.00,5,187,848.6412527
10.00,5,188,848.580594
10.00,5,189,848.5204373
10.00,5,190,848.4608289
10.00,5,191,848.4016155
10.00,5,192,848.3428207
10.00,5,193,848.2843366
10.00,5,194,848.2787544
10.00,5,195,848.2066762
10.00,5,196,848.1370451
10.00,5,197,848.0688204
10.00,5,198,848.0024229
10.00,5,199,847.9371379
10.00,5,200,847.8732215
10.00,6,1,798.9945863
10.00,6,2,798.4584574
10.00,6,3,798.2056557
10.00,6,4,798.039597
10.00,6,5,797.9230697
10.00,6,6,797.8886149
10.00,6,7,797.7218661
10.00,6,8,797.5996475
10.00,6,9,797.5774097
10.00,6,10,797.3982393
10.00,6,11,797.2767459
10.00,6,12,797.263609
10.00,6,13,797.0839656
10.00,6,14,796.9555107
10.00,6,15,796.854582
10.00,6,16,796.7662505
10.00,6,17,796.6366143
10.00,6,18,796.5329145
10.00,6,19,796.4517015
10.00,6,20,796.3157436
10.00,6,21,796.211988
10.00,6,22,796.1367101
10.00,6,23,795.9994804
10.00,6,24,795.8922984
10.00,6,25,795.8254362
10.00,6,26,795.6804781
10.00,6,27,795.5733047
10.00,6,28,795.5133318
10.00,6,29,795.3670464
10.00,6,30,795.2556335
10.00,6,31,795.2056486
10.00,6,32,795.0498937
10.00,6,33,794.938601
10.00,6,34,794.8966289
10.00,6,35,794.7395463
10.00,6,36,794.6230011
10.00,6,37,794.5929257
10.00,6,38,794.4242122
10.00,6,39,794.3079661
10.00,6,40,794.2872247
10.00,6,41,794.1172697
10.00,6,42,793.9945053
10.00,6,43,793.9879809
10.00,6,44,793.8037042
10.00,6,45,793.6815136
10.00,6,46,793.5823533
10.00,6,47,793.4964922
10.00,6,48,793.3685211
10.00,6,49,793.2691213
10.00,6,50,793.1891323
10.00,6,51,793.0595851
10.00,6,52,792.9570566
10.00,6,53,792.8851588
10.00,6,54,792.7484478
10.00,6,55,792.6457006
10.00,6,56,792.5807001
10.00,6,57,792.4422702
10.00,6,58,792.3355959
10.00,6,59,792.2803077
10.00,6,60,792.1329832
10.00,6,61,792.0261511
10.00,6,62,791.9789829
10.00,6,63,791.8298344
10.00,6,64,791.7180674
10.00,6,65,791.6826023
10.00,6,66,791.5223828
10.00,6,67,791.4105793
10.00,6,68,791.3846896
10.00,6,69,791.2226101
10.00,6,70,791.1045951
10.00,6,71,791.0928568
10.00,6,72,790.9169614
10.00,6,73,790.7991207
10.00,6,74,790.798686
10.00,6,75,790.6210101
10.00,6,76,790.4953361
10.00,6,77,790.3979214
10.00,6,78,790.3215775
10.00,6,79,790.1940202
10.00,6,80,790.0933378
10.00,6,81,790.0255971
10.00,6,82,789.8905079
10.00,6,83,789.7894501
10.00,6,84,789.729205
10.00,6,85,789.5920227
10.00,6,86,789.486809
10.00,6,87,789.4370178
10.00,6,88,789.2903628
10.00,6,89,789.1848159
10.00,6,90,789.1439542
10.00,6,91,788.9950338
10.00,6,92,788.8841951
10.00,6,93,788.8560856
10.00,6,94,788.6952201
10.00,6,95,788.5841569
10.00,6,96,788.5667012
10.00,6,97,788.4034701
10.00,6,98,788.2856569
10.00,6,99,788.2838112
10.00,6,100,788.1054753
10.00,6,101,787.9876491
10.00,6,102,787.8923661
10.00,6,103,787.8137829
10.00,6,104,787.6896374
10.00,6,105,787.5938459
10.00,6,106,787.522083
10.00,6,107,787.3957296
10.00,6,108,787.296471
10.00,6,109,787.2339553
10.00,6,110,787.099569
10.00,6,111,786.9997803
10.00,6,112,786.9454704
10.00,6,113,786.808599
10.00,6,114,786.7043444
10.00,6,115,786.6614113
10.00,6,116,786.5143061
10.00,6,117,786.4095451
10.00,6,118,786.3765048
10.00,6,119,786.2266694
10.00,6,120,786.1161468
10.00,6,121,786.0971577
10.00,6,122,785.9342476
10.00,6,123,785.8233177
10.00,6,124,785.8162702
10.00,6,125,785.6504622
10.00,6,126,785.5320846
10.00,6,127,785.4394286
10.00,6,128,785.3638892
10.00,6,129,785.2431844
10.00,6,130,785.1473181
10.00,6,131,785.0806452
10.00,6,132,784.9524222
10.00,6,133,784.8559015
10.00,6,134,784.7972898
10.00,6,135,784.6663887
10.00,6,136,784.5656872
10.00,6,137,784.5180829
10.00,6,138,784.3775065
10.00,6,139,784.2761282
10.00,6,140,784.2383386
10.00,6,141,784.0947458
10.00,6,142,783.9879156
10.00,6,143,783.9638471
10.00,6,144,783.8077669
10.00,6,145,783.7003014
10.00,6,146,783.6881998
10.00,6,147,783.5288169
10.00,6,148,783.4142277
10.00,6,149,783.3238706
10.00,6,150,783.24745
10.00,6,151,783.1303947
10.00,6,152,783.036925
10.00,6,153,782.969308
10.00,6,154,782.8449059
10.00,6,155,782.7506753
10.00,6,156,782.6912113
10.00,6,157,782.5639275
10.00,6,158,782.4656006
10.00,6,159,782.4171687
10.00,6,160,782.2803349
10.00,6,161,782.1811896
10.00,6,162,782.1427813
10.00,6,163,782.0026457
10.00,6,164,781.8981024
10.00,6,165,781.8735769
10.00,6,166,781.7209899
10.00,6,167,781.615629
10.00,6,168,781.6034451
10.00,6,169,781.4471709
10.00,6,170,781.334682
10.00,6,171,781.2459012
10.00,6,172,781.1711029
10.00,6,173,781.0559648
10.00,6,174,780.9640271
10.00,6,175,780.8982809
10.00,6,176,780.7756529
10.00,6,177,780.6828474
10.00,6,178,780.6256002
10.00,6,179,780.4998412
10.00,6,180,780.4028387
10.00,6,181,780.3570453
10.00,6,182,780.2214519
10.00,6,183,780.1234961
10.00,6,184,780.0882534
10.00,6,185,779.9490295
10.00,6,186,779.8454859
10.00,6,187,779.8247977
10.00,6,188,779.6726202
10.00,6,189,779.5680955
10.00,6,190,779.5605226
10.00,6,191,779.4042397
10.00,6,192,779.2922588
10.00,6,193,779.2043679
10.00,6,194,779.1336026
10.00,6,195,779.0187229
10.00,6,196,778.9274853
10.00,6,197,778.8663612
10.00,6,198,778.7435194
10.00,6,199,778.651294
10.00,6,200,778.5993103
10.00,7,1,872.3278594
10.00,7,2,872.1268429
10.00,7,3,872.0490997
10.00,7,4,872.0092685
10.00,7,5,871.9325423
10.00,7,6,871.8924421
10.00,7,7,871.8163462
10.00,7,8,871.7758304
10.00,7,9,871.7002534
10.00,7,10,871.6593633
10.00,7,11,871.5842345
10.00,7,12,871.5430279
10.00,7,13,871.4682854
10.00,7,14,871.4268202
10.00,7,15,871.3524049
10.00,7,16,871.310738
10.00,7,17,871.2365926
10.00,7,18,871.1947803
10.00,7,19,871.120848
10.00,7,20,871.0789463
10.00,7,21,871.0051709
10.00,7,22,870.9632356
10.00,7,23,870.8895611
10.00,7,24,870.8476482
10.00,7,25,870.7740186
10.00,7,26,870.7321845
10.00,7,27,870.6585434
10.00,7,28,870.6168453
10.00,7,29,870.5431356
10.00,7,30,870.5016316
10.00,7,31,870.4277954
10.00,7,32,870.386545
10.00,7,33,870.3125231
10.00,7,34,870.2715874
10.00,7,35,870.1973191
10.00,7,36,870.1567611
10.00,7,37,870.0821841
10.00,7,38,870.0420691
10.00,7,39,869.9671186
10.00,7,40,869.9275147
10.00,7,41,869.8521235
10.00,7,42,869.8131017
10.00,7,43,869.7371997
10.00,7,44,869.6988347
10.00,7,45,869.6223483
10.00,7,46,869.5847187
10.00,7,47,869.5075706
10.00,7,48,869.4707595
10.00,7,49,869.392868
10.00,7,50,869.3569639
10.00,7,51,869.2782422
10.00,7,52,869.243339
10.00,7,53,869.1636951
10.00,7,54,869.1298934
10.00,7,55,869.0492288
10.00,7,56,869.0166363
10.00,7,57,868.9348458
10.00,7,58,868.9035782
10.00,7,59,868.8205487
10.00,7,60,868.790731
10.00,7,61,868.7063407
10.00,7,62,868.6781078
10.00,7,63,868.5922252
10.00,7,64,868.5657235
10.00,7,65,868.478206
10.00,7,66,868.4535944
10.00,7,67,868.3642877
10.00,7,68,868.3417393
10.00,7,69,868.250475
10.00,7,70,868.2301788
10.00,7,71,868.1367736
10.00,7,72,868.1189365
10.00,7,73,868.0231897
10.00,7,74,868.0080383
10.00,7,75,867.9097303
10.00,7,76,867.8975139
10.00,7,77,867.7964034
10.00,7,78,867.7873965
10.00,7,79,867.6832179
10.00,7,80,867.6777234
10.00,7,81,867.5701839
10.00,7,82,867.5685368
10.00,7,83,867.457313
10.00,7,84,867.4000965
10.00,7,85,867.3441873
10.00,7,86,867.2862033
10.00,7,87,867.2311982
10.00,7,88,867.1723774
10.00,7,89,867.1183535
10.00,7,90,867.0586207
10.00,7,91,867.0056621
10.00,7,92,866.9449355
10.00,7,93,866.8931342
10.00,7,94,866.8313244
10.00,7,95,866.7807808
10.00,7,96,866.7177902
10.00,7,97,866.6686145
10.00,7,98,866.6043361
10.00,7,99,866.5566492
10.00,7,100,866.4909658
10.00,7,101,866.4449004
10.00,7,102,866.3776832
10.00,7,103,866.3333856
10.00,7,104,866.2644928
10.00,7,105,866.2221242
10.00,7,106,866.1513997
10.00,7,107,866.1111377
10.00,7,108,866.0384097
10.00,7,109,866.0004505
10.00,7,110,865.9255289
10.00,7,111,865.8900896
10.00,7,112,865.8127647
10.00,7,113,865.7800856
10.00,7,114,865.7001249
10.00,7,115,865.6704725
10.00,7,116,865.5876187
10.00,7,117,865.5612886
10.00,7,118,865.4752561
10.00,7,119,865.4525767
10.00,7,120,865.3630485
10.00,7,121,865.3443851
10.00,7,122,865.2510086
10.00,7,123,865.2367681
10.00,7,124,865.139151
10.00,7,125,865.1297865
10.00,7,126,865.0274918
10.00,7,127,865.023509
10.00,7,128,864.9160493
10.00,7,129,864.8601072
10.00,7,130,864.8052147
10.00,7,131,864.7475013
10.00,7,132,864.69473
10.00,7,133,864.6350195
10.00,7,134,864.5846406
10.00,7,135,864.5226743
10.00,7,136,864.4749998
10.00,7,137,864.4104804
10.00,7,138,864.3658696
10.00,7,139,864.2984552
10.00,7,140,864.257323
10.00,7,141,864.1866191
10.00,7,142,864.1494458
10.00,7,143,864.0749959
10.00,7,144,864.0423389
10.00,7,145,863.9636142
10.00,7,146,863.9361216
10.00,7,147,863.8525074
10.00,7,148,863.8309351
10.00,7,149,863.7417154
10.00,7,150,863.7269468
10.00,7,151,863.6312858
10.00,7,152,863.6243563
10.00,7,153,863.5212751
10.00,7,154,863.465723
10.00,7,155,863.4113231
10.00,7,156,863.3536883
10.00,7,157,863.3018035
10.00,7,158,863.241798
10.00,7,159,863.192776
10.00,7,160,863.1300682
10.00,7,161,863.0843106
10.00,7,162,863.0185181
10.00,7,163,862.9764886
10.00,7,164,862.9071699
10.00,7,165,862.8694049
10.00,7,166,862.7960496
10.00,7,167,862.7631701
10.00,7,168,862.6851876
10.00,7,169,862.6579136
10.00,7,170,862.5746192
10.00,7,171,862.5537863
10.00,7,172,862.4643858
10.00,7,173,862.4509647
10.00,7,174,862.3545359
10.00,7,175,862.3496553
10.00,7,176,862.245126
10.00,7,177,862.1895491
10.00,7,178,862.1366106
10.00,7,179,862.0782226
10.00,7,180,862.0288327
10.00,7,181,861.9671294
10.00,7,182,861.9219326
10.00,7,183,861.8563097
10.00,7,184,861.8160814
10.00,7,185,861.7458129
10.00,7,186,861.711489
10.00,7,187,861.6356994
10.00,7,188,861.6084127
10.00,7,189,861.5260438
10.00,7,190,861.5071697
10.00,7,191,861.4169384
10.00,7,192,861.4081519
10.00,7,193,861.3084973
10.00,7,194,861.2535396
10.00,7,195,861.2004232
10.00,7,196,861.1425272
10.00,7,197,861.0931365
10.00,7,198,861.0317587
10.00,7,199,860.9867855
10.00,7,200,860.9212756
10.00,8,1,840.5601929
10.00,8,2,840.1669986
10.00,8,3,839.863
10.00,8,4,839.620115
10.00,8,5,839.4248607
10.00,8,6,839.2629974
10.00,8,7,839.1268821
10.00,8,8,839.0091005
10.00,8,9,838.9053246
10.00,8,10,838.8116321
10.00,8,11,838.7255861
10.00,8,12,838.6450902
10.00,8,13,838.5687804
10.00,8,14,838.4955287
10.00,8,15,838.4245757
10.00,8,16,838.411192
10.00,8,17,838.3117387
10.00,8,18,838.2213694
10.00,8,19,838.1378694
10.00,8,20,838.0593547
10.00,8,21,837.98459
10.00,8,22,837.9125633
10.00,8,23,837.84259
10.00,8,24,837.81562
10.00,8,25,837.7205044
10.00,8,26,837.6334624
10.00,8,27,837.5525051
10.00,8,28,837.4759627
10.00,8,29,837.4027316
10.00,8,30,837.3319172
10.00,8,31,837.3232866
10.00,8,32,837.2226529
10.00,8,33,837.1318216
10.00,8,34,837.0480545
10.00,8,35,836.9695934
10.00,8,36,836.8949812
10.00,8,37,836.8232479
10.00,8,38,836.7536149
10.00,8,39,836.7280202
10.00,8,40,836.632824
10.00,8,41,836.5460798
10.00,8,42,836.4654281
10.00,8,43,836.3893378
10.00,8,44,836.316556
10.00,8,45,836.2462423
10.00,8,46,836.2362372
10.00,8,47,836.1365273
10.00,8,48,836.0463999
10.00,8,49,835.9634614
10.00,8,50,835.885706
10.00,8,51,835.811819
10.00,8,52,835.7407376
10.00,8,53,835.6717439
10.00,8,54,835.6425596
10.00,8,55,835.5490058
10.00,8,56,835.4635183
10.00,8,57,835.3840602
10.00,8,58,835.3089506
10.00,8,59,835.2370769
10.00,8,60,835.1675501
10.00,8,61,835.1508006
10.00,8,62,835.0534782
10.00,8,63,834.9654872
10.00,8,64,834.8841863
10.00,8,65,834.8078683
10.00,8,66,834.7351452
10.00,8,67,834.6650895
10.00,8,68,834.660899
10.00,8,69,834.559944
10.00,8,70,834.4692167
10.00,8,71,834.3861216
10.00,8,72,834.308502
10.00,8,73,834.2349472
10.00,8,74,834.1643259
10.00,8,75,834.0958757
10.00,8,76,834.0679765
10.00,8,77,833.9746798
10.00,8,78,833.8896691
10.00,8,79,833.8108177
10.00,8,80,833.7363885
10.00,8,81,833.665232
10.00,8,82,833.5964384
10.00,8,83,833.5774575
10.00,8,84,833.4814552
10.00,8,85,833.3947214
10.00,8,86,833.3146055
10.00,8,87,833.2393909
10.00,8,88,833.1676976
10.00,8,89,833.098603
10.00,8,90,833.0880609
10.00,8,91,832.9896812
10.00,8,92,832.9011452
10.00,8,93,832.819911
10.00,8,94,832.743896
10.00,8,95,832.6717334
10.00,8,96,832.6023403
10.00,8,97,832.5996623
10.00,8,98,832.4988449
10.00,8,99,832.4088281
10.00,8,100,832.3264897
10.00,8,101,832.2498242
10.00,8,102,832.1772176
10.00,8,103,832.1075979
10.00,8,104,832.0401271
10.00,8,105,832.0091455
10.00,8,106,831.9176286
10.00,8,107,831.834418
10.00,8,108,831.7571213
10.00,8,109,831.6841786
10.00,8,110,831.6143539
10.00,8,111,831.5468178
10.00,8,112,831.5202374
10.00,8,113,831.4276059
10.00,8,114,831.3435415
10.00,8,115,831.2657911
10.00,8,116,831.1925418
10.00,8,117,831.1225956
10.00,8,118,831.0550172
10.00,8,119,831.0320783
10.00,8,120,830.9383934
10.00,8,121,830.8538022
10.00,8,122,830.7756631
10.00,8,123,830.7022608
10.00,8,124,830.6322394
10.00,8,125,830.5646921
10.00,8,126,830.5444782
10.00,8,127,830.4502111
10.00,8,128,830.3651396
10.00,8,129,830.2868266
10.00,8,130,830.213316
10.00,8,131,830.1433196
10.00,8,132,830.0758341
10.00,8,133,830.057461
10.00,8,134,829.9627046
10.00,8,135,829.8775254
10.00,8,136,829.7991207
10.00,8,137,829.7256753
10.00,8,138,829.6557588
10.00,8,139,829.5884172
10.00,8,140,829.5708873
10.00,8,141,829.4761568
10.00,8,142,829.3909292
10.00,8,143,829.3126652
10.00,8,144,829.2393358
10.00,8,145,829.1696064
10.00,8,146,829.1024422
10.00,8,147,829.0848474
10.00,8,148,828.9902448
10.00,8,149,828.9053549
10.00,8,150,828.8273176
10.00,8,151,828.7542816
10.00,8,152,828.6847953
10.00,8,153,828.6178913
10.00,8,154,828.5992602
10.00,8,155,828.5052994
10.00,8,156,828.4208031
10.00,8,157,828.3432207
10.00,8,158,828.270526
10.00,8,159,828.2013862
10.00,8,160,828.1347734
10.00,8,161,828.1142745
10.00,8,162,828.0210435
10.00,8,163,827.9373074
10.00,8,164,827.860256
10.00,8,165,827.7880681
10.00,8,166,827.7193244
10.00,8,167,827.6530787
10.00,8,168,827.6298648
10.00,8,169,827.5378327
10.00,8,170,827.4548948
10.00,8,171,827.3785785
10.00,8,172,827.3069338
10.00,8,173,827.2386765
10.00,8,174,827.1728221
10.00,8,175,827.1462201
10.00,8,176,827.0554419
10.00,8,177,826.9736207
10.00,8,178,826.8980946
10.00,8,179,826.8271337
10.00,8,180,826.7593999
10.00,8,181,826.6939996
10.00,8,182,826.6633591
10.00,8,183,826.574225
10.00,8,184,826.4935301
10.00,8,185,826.4189589
10.00,8,186,826.3487011
10.00,8,187,826.2815611
10.00,8,188,826.2802521
10.00,8,189,826.1815162
10.00,8,190,826.0940253
10.00,8,191,826.0147005
10.00,8,192,825.941107
10.00,8,193,825.8716561
10.00,8,194,825.8051287
10.00,8,195,825.7968912
10.00,8,196,825.7005593
10.00,8,197,825.615047
10.00,8,198,825.5371
10.00,8,199,825.4646229
10.00,8,200,825.3959934
10.00,9,1,993.9565364
10.00,9,2,993.8714249
10.00,9,3,993.7329929
10.00,9,4,993.6430412
10.00,9,5,993.539139
10.00,9,6,993.5244665
10.00,9,7,993.2980943
10.00,9,8,993.2182066
10.00,9,9,993.1871093
10.00,9,10,993.020188
10.00,9,11,993.0069166
10.00,9,12,992.8954971
10.00,9,13,992.8619158
10.00,9,14,992.7838901
10.00,9,15,992.7397506
10.00,9,16,992.6820112
10.00,9,17,992.672353
10.00,9,18,992.5448683
10.00,9,19,992.5365307
10.00,9,20,992.4517869
10.00,9,21,992.4254579
10.00,9,22,992.3657357
10.00,9,23,992.3295613
10.00,9,24,992.2845988
10.00,9,25,992.2664621
10.00,9,26,992.1695905
10.00,9,27,992.1559947
10.00,9,28,992.0904497
10.00,9,29,992.0628621
10.00,9,30,992.0153745
10.00,9,31,991.9799948
10.00,9,32,991.9723216
10.00,9,33,991.9034836
10.00,9,34,991.8802861
10.00,9,35,991.8306122
10.00,9,36,991.7983963
10.00,9,37,991.7978016
10.00,9,38,991.7224798
10.00,9,39,991.7029891
10.00,9,40,991.6505859
10.00,9,41,991.6204614
10.00,9,42,991.581101
10.00,9,43,991.5652633
10.00,9,44,991.479751
10.00,9,45,991.4660089
10.00,9,46,991.4081347
10.00,9,47,991.3814232
10.00,9,48,991.3391478
10.00,9,49,991.3377415
10.00,9,50,991.2408191
10.00,9,51,991.2328601
10.00,9,52,991.168803
10.00,9,53,991.145407
10.00,9,54,991.0997826
10.00,9,55,991.0677133
10.00,9,56,991.0622566
10.00,9,57,990.9956959
10.00,9,58,990.9742508
10.00,9,59,990.9266415
10.00,9,60,990.8959298
10.00,9,61,990.8948549
10.00,9,62,990.8230825
10.00,9,63,990.8035514
10.00,9,64,990.7537547
10.00,9,65,990.7238959
10.00,9,66,990.6864102
10.00,9,67,990.6667012
10.00,9,68,990.5869151
10.00,9,69,990.5712015
10.00,9,70,990.5170294
10.00,9,71,990.4893145
10.00,9,72,990.4494354
10.00,9,73,990.4399202
10.00,9,74,990.3514002
10.00,9,75,990.3397865
10.00,9,76,990.2808546
10.00,9,77,990.2554259
10.00,9,78,990.2129456
10.00,9,79,990.1798046
10.00,9,80,990.1696872
10.00,9,81,990.1091961
10.00,9,82,990.085027
10.00,9,83,990.0411868
10.00,9,84,990.0089423
10.00,9,85,990.0018526
10.00,9,86,989.9376676
10.00,9,87,989.9147447
10.00,9,88,989.8694222
10.00,9,89,989.8376913
10.00,9,90,989.8320154
10.00,9,91,989.7663877
10.00,9,92,989.7447605
10.00,9,93,989.6980383
10.00,9,94,989.6672569
10.00,9,95,989.6648266
10.00,9,96,989.5952044
10.00,9,97,989.5748479
10.00,9,98,989.5265943
10.00,9,99,989.4962989
10.00,9,100,989.4951599
10.00,9,101,989.4242685
10.00,9,102,989.40523
10.00,9,103,989.3555594
10.00,9,104,989.3262627
10.00,9,105,989.2887747
10.00,9,106,989.2712945
10.00,9,107,989.1907006
10.00,9,108,989.1763854
10.00,9,109,989.1211952
10.00,9,110,989.0945975
10.00,9,111,989.0539921
10.00,9,112,989.049899
10.00,9,113,988.957806
10.00,9,114,988.9490778
10.00,9,115,988.8873402
10.00,9,116,988.8639306
10.00,9,117,988.8196248
10.00,9,118,988.787846
10.00,9,119,988.7815457
10.00,9,120,988.7168061
10.00,9,121,988.6942793
10.00,9,122,988.6489117
10.00,9,123,988.6174336
10.00,9,124,988.6118466
10.00,9,125,988.5464899
10.00,9,126,988.524863
10.00,9,127,988.478558
10.00,9,128,988.4478007
10.00,9,129,988.4446972
10.00,9,130,988.3762471
10.00,9,131,988.3554664
10.00,9,132,988.3081326
10.00,9,133,988.2776278
10.00,9,134,988.275053
10.00,9,135,988.206226
10.00,9,136,988.1863027
10.00,9,137,988.1380898
10.00,9,138,988.1083058
10.00,9,139,988.108236
10.00,9,140,988.0362651
10.00,9,141,988.0171329
10.00,9,142,987.9679465
10.00,9,143,987.9383571
10.00,9,144,987.9016731
10.00,9,145,987.8801289
10.00,9,146,987.8033493
10.00,9,147,987.786436
10.00,9,148,987.734678
10.00,9,149,987.7063113
10.00,9,150,987.668251
10.00,9,151,987.6524431
10.00,9,152,987.5707423
10.00,9,153,987.5560887
10.00,9,154,987.5017077
10.00,9,155,987.474582
10.00,9,156,987.4351222
10.00,9,157,987.4251233
10.00,9,158,987.3384342
10.00,9,159,987.3260603
10.00,9,160,987.26903
10.00,9,161,987.2431519
10.00,9,162,987.2022832
10.00,9,163,987.1981095
10.00,9,164,987.1064147
10.00,9,165,987.0963179
10.00,9,166,987.0366388
10.00,9,167,987.0120027
10.00,9,168,986.9697305
10.00,9,169,986.9371517
10.00,9,170,986.9269451
10.00,9,171,986.867596
10.00,9,172,986.8433091
10.00,9,173,986.8007387
10.00,9,174,986.7685301
10.00,9,175,986.7596049
10.00,9,176,986.6986309
10.00,9,177,986.6746297
10.00,9,178,986.6317149
10.00,9,179,986.5994971
10.00,9,180,986.5902849
10.00,9,181,986.5298586
10.00,9,182,986.5061274
10.00,9,183,986.463011
10.00,9,184,986.4311262
10.00,9,185,986.4230781
10.00,9,186,986.3611598
10.00,9,187,986.3376314
10.00,9,188,986.294267
10.00,9,189,986.2623205
10.00,9,190,986.2538066
10.00,9,191,986.1926542
10.00,9,192,986.1693105
10.00,9,193,986.1258475
10.00,9,194,986.0941916
10.00,9,195,986.0867053
10.00,9,196,986.0242191
10.00,9,197,986.0009909
10.00,9,198,985.9573825
10.00,9,199,985.9256126
10.00,9,200,985.9174857
10.00,10,1,845.5375743
10.00,10,2,845.2717062
10.00,10,3,845.2226811
10.00,10,4,845.1817815
10.00,10,5,844.3107776
10.00,10,6,843.6650954
10.00,10,7,842.4056992
10.00,10,8,841.9646894
10.00,10,9,841.8723378
10.00,10,10,841.8076304
10.00,10,11,841.7682158
10.00,10,12,841.7159671
10.00,10,13,841.6961829
10.00,10,14,841.6571248
10.00,10,15,840.7522904
10.00,10,16,840.1021672
10.00,10,17,838.8929484
10.00,10,18,838.7813033
10.00,10,19,837.0751504
10.00,10,20,836.8239981
10.00,10,21,836.6289594
10.00,10,22,836.5293657
10.00,10,23,836.4355207
10.00,10,24,836.3408837
10.00,10,25,836.2509605
10.00,10,26,836.1596505
10.00,10,27,836.0744838
10.00,10,28,835.9871207
10.00,10,29,835.9077799
10.00,10,30,835.825084
10.00,10,31,835.7528861
10.00,10,32,835.675692
10.00,10,33,835.6122597
10.00,10,34,835.5415256
10.00,10,35,835.4888567
10.00,10,36,835.4256703
10.00,10,37,835.3862235
10.00,10,38,835.3318022
10.00,10,39,835.3085998
10.00,10,40,835.2642817
10.00,10,41,835.2610337
10.00,10,42,835.2282547
10.00,10,43,834.1637359
10.00,10,44,833.6385251
10.00,10,45,832.3885024
10.00,10,46,832.1931691
10.00,10,47,832.1827639
10.00,10,48,832.1775616
10.00,10,49,830.4243071
10.00,10,50,830.0727806
10.00,10,51,830.0205044
10.00,10,52,829.9581008
10.00,10,53,829.9201063
10.00,10,54,829.864721
10.00,10,55,829.8407475
10.00,10,56,829.7933047
10.00,10,57,829.7862439
10.00,10,58,829.7476563
10.00,10,59,828.6970144
10.00,10,60,828.0504842
10.00,10,61,826.9891454
10.00,10,62,826.4205966
10.00,10,63,826.3462825
10.00,10,64,826.308179
10.00,10,65,825.098433
10.00,10,66,824.5873618
10.00,10,67,823.4367918
10.00,10,68,823.3763938
10.00,10,69,822.8571951
10.00,10,70,822.7977822
10.00,10,71,821.5907393
10.00,10,72,821.0324035
10.00,10,73,820.9969602
10.00,10,74,820.9548912
10.00,10,75,819.7718628
10.00,10,76,819.1266433
10.00,10,77,819.1186951
10.00,10,78,819.0716893
10.00,10,79,817.9769284
10.00,10,80,817.2151715
10.00,10,81,817.1902401
10.00,10,82,817.1360641
10.00,10,83,817.1234842
10.00,10,84,817.0732415
10.00,10,85,816.0154291
10.00,10,86,815.8675221
10.00,10,87,812.9570917
10.00,10,88,812.9255896
10.00,10,89,812.8107702
10.00,10,90,812.7453407
10.00,10,91,812.7131501
10.00,10,92,812.6533522
10.00,10,93,812.6298738
10.00,10,94,812.5728012
10.00,10,95,812.5589641
10.00,10,96,812.5045897
10.00,10,97,812.5016613
10.00,10,98,812.4499264
10.00,10,99,811.247399
10.00,10,100,810.4912811
10.00,10,101,810.4550879
10.00,10,102,810.3934194
10.00,10,103,810.3663704
10.00,10,104,810.3067479
10.00,10,105,810.2880459
10.00,10,106,810.2305367
10.00,10,107,810.22124
10.00,10,108,810.1657667
10.00,10,109,809.018942
10.00,10,110,808.6820234
10.00,10,111,806.1131586
10.00,10,112,805.9387768
10.00,10,113,805.7860136
10.00,10,114,805.7113519
10.00,10,115,805.656726
10.00,10,116,805.5867813
10.00,10,117,805.5362089
10.00,10,118,805.467529
10.00,10,119,805.4212238
10.00,10,120,805.3537834
10.00,10,121,805.3121892
10.00,10,122,805.2459685
10.00,10,123,805.2095775
10.00,10,124,805.1445365
10.00,10,125,805.1138893
10.00,10,126,805.0499631
10.00,10,127,805.0256524
10.00,10,128,804.9627463
10.00,10,129,804.9454205
10.00,10,130,804.8834049
10.00,10,131,804.8737724
10.00,10,132,804.8124763
10.00,10,133,804.8113092
10.00,10,134,804.7505142
10.00,10,135,803.4459741
10.00,10,136,803.1868407
10.00,10,137,800.6583103
10.00,10,138,800.4721383
10.00,10,139,800.2801141
10.00,10,140,800.2020303
10.00,10,141,800.1406258
10.00,10,142,800.0678142
10.00,10,143,800.0088711
10.00,10,144,799.9367153
10.00,10,145,799.8801931
10.00,10,146,799.808654
10.00,10,147,799.7547506
10.00,10,148,799.6838048
10.00,10,149,799.6327371
10.00,10,150,799.5623527
10.00,10,151,799.514355
10.00,10,152,799.4444898
10.00,10,153,799.3998139
10.00,10,154,799.3304141
10.00,10,155,799.289331
10.00,10,156,799.2203292
10.00,10,157,799.1831296
10.00,10,158,799.1144436
10.00,10,159,799.0814392
10.00,10,160,799.0129698
10.00,10,161,798.9844941
10.00,10,162,798.9161234
10.00,10,163,798.8925325
10.00,10,164,798.8241217
10.00,10,165,798.8057955
10.00,10,166,798.7371829
10.00,10,167,798.7245252
10.00,10,168,798.6555236
10.00,10,169,798.6489635
10.00,10,170,798.5793582
10.00,10,171,797.2677465
10.00,10,172,796.6213755
10.00,10,173,794.605542
10.00,10,174,794.3038366
10.00,10,175,794.0966048
10.00,10,176,794.0163265
10.00,10,177,793.9458159
10.00,10,178,793.8705225
10.00,10,179,793.8010112
10.00,10,180,793.726006
10.00,10,181,793.6573448
10.00,10,182,793.5826065
10.00,10,183,793.5148408
10.00,10,184,793.4403622
10.00,10,185,793.3735424
10.00,10,186,793.2993146
10.00,10,187,793.2334938
10.00,10,188,793.1595062
10.00,10,189,793.0947406
10.00,10,190,793.0209803
10.00,10,191,792.9573289
10.00,10,192,792.8837808
10.00,10,193,792.8213056
10.00,10,194,792.7479519
10.00,10,195,792.6867182
10.00,10,196,792.6135385
10.00,10,197,792.553615
10.00,10,198,792.4805856
10.00,10,199,792.4220442
10.00,10,200,792.3491384
10.00,11,1,805.6904948
10.00,11,2,805.3732469
10.00,11,3,804.9650019
10.00,11,4,804.687222
10.00,11,5,804.3460366
10.00,11,6,804.0991341
10.00,11,7,803.8088606
10.00,11,8,803.5871021
10.00,11,9,803.3358646
10.00,11,10,803.1346355
10.00,11,11,802.9135431
10.00,11,12,802.7290974
10.00,11,13,802.5314244
10.00,11,14,802.3607074
10.00,11,15,802.1813212
10.00,11,16,802.021835
10.00,11,17,801.8567907
10.00,11,18,801.7064902
10.00,11,19,801.5527369
10.00,11,20,801.409947
10.00,11,21,801.2651135
10.00,11,22,801.1284629
10.00,11,23,800.9906981
10.00,11,24,800.8590649
10.00,11,25,800.7269187
10.00,11,26,800.5993863
10.00,11,27,800.4717195
10.00,11,28,800.3475399
10.00,11,29,800.2234551
10.00,11,30,800.102019
10.00,11,31,799.980808
10.00,11,32,799.8616197
10.00,11,33,799.7427228
10.00,11,34,799.6253796
10.00,11,35,799.5083536
10.00,11,36,799.3925292
10.00,11,37,799.2770229
10.00,11,38,799.1624529
10.00,11,39,799.0481879
10.00,11,40,798.9346586
10.00,11,41,798.9243893
10.00,11,42,798.7901368
10.00,11,43,798.6550162
10.00,11,44,798.5257416
10.00,11,45,798.3962211
10.00,11,46,798.2710738
10.00,11,47,798.1459892
10.00,11,48,798.0241875
10.00,11,49,797.9026224
10.00,11,50,797.7835349
10.00,11,51,797.664772
10.00,11,52,797.5478897
10.00,11,53,797.4313663
10.00,11,54,797.3162796
10.00,11,55,797.2015539
10.00,11,56,797.0879338
10.00,11,57,796.9746585
10.00,11,58,796.8622409
10.00,11,59,796.7501427
10.00,11,60,796.740039
10.00,11,61,796.6033414
10.00,11,62,796.4732862
10.00,11,63,796.3429608
10.00,11,64,796.217628
10.00,11,65,796.0923848
10.00,11,66,795.9708546
10.00,11,67,795.8496069
10.00,11,68,795.7311353
10.00,11,69,795.6130392
10.00,11,70,795.497031
10.00,11,71,795.3814302
10.00,11,72,795.2674098
10.00,11,73,795.1537931
10.00,11,74,795.0413813
10.00,11,75,794.92935
10.00,11,76,794.8182449
10.00,11,77,794.7074879
10.00,11,78,794.7071455
10.00,11,79,794.5703504
10.00,11,80,794.4406322
10.00,11,81,794.3107352
10.00,11,82,794.1861165
10.00,11,83,794.061677
10.00,11,84,793.9411334
10.00,11,85,793.820951
10.00,11,86,793.7036599
10.00,11,87,793.5868093
10.00,11,88,793.4721175
10.00,11,89,793.3578845
10.00,11,90,793.2452741
10.00,11,91,793.1331063
10.00,11,92,793.0221671
10.00,11,93,792.9116369
10.00,11,94,792.8020447
10.00,11,95,792.6928206
10.00,11,96,792.6898999
10.00,11,97,792.5547894
10.00,11,98,792.426683
10.00,11,99,792.2985875
10.00,11,100,792.1756811
10.00,11,101,792.053093
10.00,11,102,791.9343125
10.00,11,103,791.8159923
10.00,11,104,791.7004822
10.00,11,105,791.5854808
10.00,11,106,791.4725664
10.00,11,107,791.3601557
10.00,11,108,791.2493058
10.00,11,109,791.1389266
10.00,11,110,791.0297237
10.00,11,111,790.9209458
10.00,11,112,790.813062
10.00,11,113,790.705554
10.00,11,114,790.6892318
10.00,11,115,790.5574696
10.00,11,116,790.4321777
10.00,11,117,790.3071383
10.00,11,118,790.1868659
10.00,11,119,790.0670666
10.00,11,120,789.9507507
10.00,11,121,789.8349904
10.00,11,122,789.7217911
10.00,11,123,789.6091553
10.00,11,124,789.4984149
10.00,11,125,789.388206
10.00,11,126,789.2794104
10.00,11,127,789.1710955
10.00,11,128,789.0638431
10.00,11,129,788.9570149
10.00,11,130,788.8509926
10.00,11,131,788.8375585
10.00,11,132,788.709964
10.00,11,133,788.5824687
10.00,11,134,788.4607221
10.00,11,135,788.3394586
10.00,11,136,788.2223632
10.00,11,137,788.1058703
10.00,11,138,787.9924145
10.00,11,139,787.8795822
10.00,11,140,787.7689775
10.00,11,141,787.658965
10.00,11,142,787.5505983
10.00,11,143,787.4427677
10.00,11,144,787.3361626
10.00,11,145,787.2300292
10.00,11,146,787.1248163
10.00,11,147,787.0200112
10.00,11,148,787.0020044
10.00,11,149,786.8730384
10.00,11,150,786.7505006
10.00,11,151,786.628475
10.00,11,152,786.5111325
10.00,11,153,786.3944482
10.00,11,154,786.281152
10.00,11,155,786.1685385
10.00,11,156,786.0583922
10.00,11,157,785.9488928
10.00,11,158,785.8412029
10.00,11,159,785.7340962
10.00,11,160,785.6283268
10.00,11,161,785.5230676
10.00,11,162,785.4188054
10.00,11,163,785.3149813
10.00,11,164,785.3082407
10.00,11,165,785.1786607
10.00,11,166,785.0560058
10.00,11,167,784.9339268
10.00,11,168,784.8168637
10.00,11,169,784.7005248
10.00,11,170,784.5877927
10.00,11,171,784.4758023
10.00,11,172,784.3664229
10.00,11,173,784.2577392
10.00,11,174,784.1509592
10.00,11,175,784.0448009
10.00,11,176,783.9400413
10.00,11,177,783.835821
10.00,11,178,783.7326374
10.00,11,179,783.6299132
10.00,11,180,783.6273792
10.00,11,181,783.4982736
10.00,11,182,783.3762895
10.00,11,183,783.2549743
10.00,11,184,783.1387912
10.00,11,185,783.0234055
10.00,11,186,782.9116923
10.00,11,187,782.8007756
10.00,11,188,782.6925048
10.00,11,189,782.5849692
10.00,11,190,782.4793536
10.00,11,191,782.3743868
10.00,11,192,782.2708245
10.00,11,193,782.167819
10.00,11,194,782.06585
10.00,11,195,781.9643512
10.00,11,196,781.9591213
10.00,11,197,781.8316045
10.00,11,198,781.7110964
10.00,11,199,781.5913692
10.00,11,200,781.4766709
10.00,12,1,829.460468
10.00,12,2,829.3807145
10.00,12,3,829.2963423
10.00,12,4,829.2434628
10.00,12,5,829.1734702
10.00,12,6,829.1709993
10.00,12,7,828.9497893
10.00,12,8,828.9281084
10.00,12,9,828.9187657
10.00,12,10,828.9172504
10.00,12,11,828.82862
10.00,12,12,828.78416
10.00,12,13,828.709258
10.00,12,14,828.6533061
10.00,12,15,828.6522908
10.00,12,16,828.5638148
10.00,12,17,828.5120005
10.00,12,18,828.4446287
10.00,12,19,828.4122547
10.00,12,20,828.2215529
10.00,12,21,828.1905427
10.00,12,22,828.1757193
10.00,12,23,828.1669499
10.00,12,24,828.166143
10.00,12,25,828.0755784
10.00,12,26,828.0327111
10.00,12,27,827.956849
10.00,12,28,827.9018141
10.00,12,29,827.9009957
10.00,12,30,827.8121763
10.00,12,31,827.7606518
10.00,12,32,827.6936223
10.00,12,33,827.6596842
10.00,12,34,827.4717103
10.00,12,35,827.4404424
10.00,12,36,827.4254201
10.00,12,37,827.4162433
10.00,12,38,827.4147461
10.00,12,39,827.3265192
10.00,12,40,827.2817359
10.00,12,41,827.2084227
10.00,12,42,827.1514374
10.00,12,43,827.149358
10.00,12,44,827.0645116
10.00,12,45,827.0103407
10.00,12,46,827.0087927
10.00,12,47,826.9208488
10.00,12,48,826.8758508
10.00,12,49,826.8030917
10.00,12,50,826.7457377
10.00,12,51,826.7433299
10.00,12,52,826.6595926
10.00,12,53,826.6047161
10.00,12,54,826.6026909
10.00,12,55,826.5163372
10.00,12,56,826.4700613
10.00,12,57,826.3989213
10.00,12,58,826.3403454
10.00,12,59,826.3371801
10.00,12,60,826.2558318
10.00,12,61,826.1993946
10.00,12,62,826.196484
10.00,12,63,826.1129794
10.00,12,64,826.0644222
10.00,12,65,825.9959063
10.00,12,66,825.9867189
10.00,12,67,825.7772763
10.00,12,68,825.7537263
10.00,12,69,825.7429701
10.00,12,70,825.738986
10.00,12,71,825.6589357
10.00,12,72,825.6076452
10.00,12,73,825.5422489
10.00,12,74,825.5213334
10.00,12,75,825.324196
10.00,12,76,825.2988083
10.00,12,77,825.2870139
10.00,12,78,825.2814874
10.00,12,79,825.2063497
10.00,12,80,825.1512063
10.00,12,81,825.1493638
10.00,12,82,825.0644655
10.00,12,83,825.0105526
10.00,12,84,825.0084606
10.00,12,85,824.9228193
10.00,12,86,824.8760715
10.00,12,87,824.8067267
10.00,12,88,824.799613
10.00,12,89,824.589939
10.00,12,90,824.5664365
10.00,12,91,824.555575
10.00,12,92,824.5512846
10.00,12,93,824.4725919
10.00,12,94,824.4203797
10.00,12,95,824.4197523
10.00,12,96,824.3314444
10.00,12,97,824.2798432
10.00,12,98,824.2786091
10.00,12,99,824.190538
10.00,12,100,824.1457603
10.00,12,101,824.0750421
10.00,12,102,824.0722587
10.00,12,103,823.8594126
10.00,12,104,823.836386
10.00,12,105,823.8256994
10.00,12,106,823.8215631
10.00,12,107,823.742646
10.00,12,108,823.6907115
10.00,12,109,823.6899696
10.00,12,110,823.6022287
10.00,12,111,823.5503197
10.00,12,112,823.5487006
10.00,12,113,823.4620483
10.00,12,114,823.4161918
10.00,12,115,823.3471545
10.00,12,116,823.3377681
10.00,12,117,823.1325646
10.00,12,118,823.1084282
10.00,12,119,823.0970755
10.00,12,120,823.0918993
10.00,12,121,823.0164728
10.00,12,122,822.9619395
10.00,12,123,822.9596618
10.00,12,124,822.876781
10.00,12,125,822.8218201
10.00,12,126,822.8185317
10.00,12,127,822.7373145
10.00,12,128,822.6872949
10.00,12,129,822.6871563
10.00,12,130,822.5978972
10.00,12,131,822.5470424
10.00,12,132,822.5455934
10.00,12,133,822.4587157
10.00,12,134,822.4130928
10.00,12,135,822.3446414
10.00,12,136,822.3324138
10.00,12,137,822.1315396
10.00,12,138,822.1068034
10.00,12,139,822.0950341
10.00,12,140,822.0891417
10.00,12,141,822.0163162
10.00,12,142,821.9599756
10.00,12,143,821.9564806
10.00,12,144,821.8776191
10.00,12,145,821.8746609
10.00,12,146,821.6648425
10.00,12,147,821.6363505
10.00,12,148,821.6222972
10.00,12,149,821.6138442
10.00,12,150,821.6125803
10.00,12,151,821.5254015
10.00,12,152,821.4800611
10.00,12,153,821.4120853
10.00,12,154,821.3975084
10.00,12,155,821.2003644
10.00,12,156,821.1751289
10.00,12,157,821.1630089
10.00,12,158,821.1565063
10.00,12,159,821.0859421
10.00,12,160,821.0800416
10.00,12,161,820.8747924
10.00,12,162,820.8507137
10.00,12,163,820.8391673
10.00,12,164,820.8334371
10.00,12,165,820.7605635
10.00,12,166,820.7045088
10.00,12,167,820.7007564
10.00,12,168,820.6231065
10.00,12,169,820.6153484
10.00,12,170,820.4121906
10.00,12,171,820.383076
10.00,12,172,820.368617
10.00,12,173,820.3593907
10.00,12,174,820.3568732
10.00,12,175,820.2740283
10.00,12,176,820.2255086
10.00,12,177,820.2252683
10.00,12,178,820.1370399
10.00,12,179,820.0857347
10.00,12,180,820.0833006
10.00,12,181,820.0002782
10.00,12,182,819.9519189
10.00,12,183,819.951665
10.00,12,184,819.8635577
10.00,12,185,819.8122019
10.00,12,186,819.8096606
10.00,12,187,819.727063
10.00,12,188,819.6784147
10.00,12,189,819.6779297
10.00,12,190,819.5906103
10.00,12,191,819.5387975
10.00,12,192,819.5359631
10.00,12,193,819.4543813
10.00,12,194,819.405009
10.00,12,195,819.4040836
10.00,12,196,819.318196
10.00,12,197,819.2655383
10.00,12,198,819.262234
10.00,12,199,819.1822315
10.00,12,200,819.1317262
10.00,13,1,818.6976885
10.00,13,2,818.6122574
10.00,13,3,818.4734346
10.00,13,4,818.4384515
10.00,13,5,818.4337112
10.00,13,6,818.3447444
10.00,13,7,818.3093719
10.00,13,8,818.3037017
10.00,13,9,818.2160646
10.00,13,10,818.180056
10.00,13,11,818.1722493
10.00,13,12,818.0877021
10.00,13,13,818.0513416
10.00,13,14,818.042661
10.00,13,15,817.9592956
10.00,13,16,817.9223504
10.00,13,17,817.9117037
10.00,13,18,817.8311864
10.00,13,19,817.7939129
10.00,13,20,817.7824376
10.00,13,21,817.7030497
10.00,13,22,817.6652387
10.00,13,23,817.6519535
10.00,13,24,817.5751925
10.00,13,25,817.5370754
10.00,13,26,817.5230056
10.00,13,27,817.4473225
10.00,13,28,817.4087116
10.00,13,29,817.3929752
10.00,13,30,817.3197161
10.00,13,31,817.2808201
10.00,13,32,817.2643414
10.00,13,33,817.1921099
10.00,13,34,817.1527603
10.00,13,35,817.1347467
10.00,13,36,817.064753
10.00,13,37,817.025138
10.00,13,38,817.006423
10.00,13,39,816.9374081
10.00,13,40,816.8973765
10.00,13,41,816.8772476
10.00,13,42,816.8102993
10.00,13,43,816.7700212
10.00,13,44,816.7492301
10.00,13,45,816.6832132
10.00,13,46,816.6801303
10.00,13,47,816.5631926
10.00,13,48,816.5350397
10.00,13,49,816.4791648
10.00,13,50,816.4519244
10.00,13,51,816.3576945
10.00,13,52,816.3240861
10.00,13,53,816.3218071
10.00,13,54,816.2310676
10.00,13,55,816.1970686
10.00,13,56,816.1938448
10.00,13,57,816.104365
10.00,13,58,816.0697015
10.00,13,59,816.0642507
10.00,13,60,815.9779864
10.00,13,61,815.9429579
10.00,13,62,815.9366101
10.00,13,63,815.8515515
10.00,13,64,815.8159121
10.00,13,65,815.8075149
10.00,13,66,815.72542
10.00,13,67,815.6894399
10.00,13,68,815.6801917
10.00,13,69,815.5992494
10.00,13,70,815.5627078
10.00,13,71,815.5515731
10.00,13,72,815.4733637
10.00,13,73,815.4365041
10.00,13,74,815.4245634
10.00,13,75,815.3474544
10.00,13,76,815.3100788
10.00,13,77,815.296401
10.00,13,78,815.2218132
10.00,13,79,815.1841412
10.00,13,80,815.1697005
10.00,13,81,815.0961623
10.00,13,82,815.0580161
10.00,13,83,815.0419757
10.00,13,84,814.9707643
10.00,13,85,814.9323422
10.00,13,86,814.9155805
10.00,13,87,814.8453691
10.00,13,88,814.8065113
10.00,13,89,814.7882761
10.00,13,90,814.7202131
10.00,13,91,814.6810986
10.00,13,92,814.6621822
10.00,13,93,814.5950711
10.00,13,94,814.5555565
10.00,13,95,814.5352824
10.00,13,96,814.4701559
10.00,13,97,814.4698304
10.00,13,98,814.352643
10.00,13,99,814.3261639
10.00,13,100,814.2695877
10.00,13,101,814.2482542
10.00,13,102,814.1507229
10.00,13,103,814.1193254
10.00,13,104,814.0695551
10.00,13,105,814.0315757
10.00,13,106,813.9496591
10.00,13,107,813.9143794
10.00,13,108,813.9059059
10.00,13,109,813.8251392
10.00,13,110,813.7892961
10.00,13,111,813.778932
10.00,13,112,813.700902
10.00,13,113,813.6647401
10.00,13,114,813.6535701
10.00,13,115,813.576638
10.00,13,116,813.5399582
10.00,13,117,813.5270473
10.00,13,118,813.4526399
10.00,13,119,813.4156629
10.00,13,120,813.4019893
10.00,13,121,813.3286289
10.00,13,122,813.291176
10.00,13,123,813.2758989
10.00,13,124,813.2048688
10.00,13,125,813.167139
10.00,13,126,813.1511407
10.00,13,127,813.0811082
10.00,13,128,813.042941
10.00,13,129,813.0254655
10.00,13,130,812.9575847
10.00,13,131,812.9191599
10.00,13,132,812.9010032
10.00,13,133,812.8340721
10.00,13,134,812.7952454
10.00,13,135,812.7757275
10.00,13,136,812.7107841
10.00,13,137,812.671718
10.00,13,138,812.6515572
10.00,13,139,812.5875169
10.00,13,140,812.5845722
10.00,13,141,812.4711065
10.00,13,142,812.4438168
10.00,13,143,812.3895942
10.00,13,144,812.3632501
10.00,13,145,812.2717745
10.00,13,146,812.2391972
10.00,13,147,812.2370583
10.00,13,148,812.1489418
10.00,13,149,812.1159854
10.00,13,150,812.1129284
10.00,13,151,812.0260356
10.00,13,152,811.9924382
10.00,13,153,811.9872358
10.00,13,154,811.9034387
10.00,13,155,811.869487
10.00,13,156,811.8634131
10.00,13,157,811.7807866
10.00,13,158,811.7462454
10.00,13,159,811.7381963
10.00,13,160,811.6584242
10.00,13,161,811.6235522
10.00,13,162,811.6146768
10.00,13,163,811.5360232
10.00,13,164,811.500609
10.00,13,165,811.4899146
10.00,13,166,811.413894
10.00,13,167,811.3781713
10.00,13,168,811.3666943
10.00,13,169,811.2917411
10.00,13,170,811.2555197
10.00,13,171,811.2423672
10.00,13,172,811.169844
10.00,13,173,811.133335
10.00,13,174,811.119442
10.00,13,175,811.0479364
10.00,13,176,811.0109689
10.00,13,177,810.9955321
10.00,13,178,810.9262703
10.00,13,179,810.8890349
10.00,13,180,810.8728981
10.00,13,181,810.8046054
10.00,13,182,810.7669486
10.00,13,183,810.749389
10.00,13,184,810.683169
10.00,13,185,810.6452629
10.00,13,186,810.6270423
10.00,13,187,810.5617445
10.00,13,188,810.5234512
10.00,13,189,810.503919
10.00,13,190,810.4405367
10.00,13,191,810.4020116
10.00,13,192,810.3818557
10.00,13,193,810.3193503
10.00,13,194,810.3153812
10.00,13,195,810.2048301
10.00,13,196,810.1777614
10.00,13,197,810.1247757
10.00,13,198,810.0981086
10.00,13,199,810.0088874
10.00,13,200,809.9766873
10.00,14,1,861.2653464
10.00,14,2,860.1274597
10.00,14,3,859.8432856
10.00,14,4,858.7127983
10.00,14,5,858.6564807
10.00,14,6,858.4396347
10.00,14,7,858.3672472
10.00,14,8,858.084097
10.00,14,9,857.9701888
10.00,14,10,857.9031462
10.00,14,11,857.7165347
10.00,14,12,857.6362232
10.00,14,13,857.3660283
10.00,14,14,857.2564234
10.00,14,15,857.2021885
10.00,14,16,856.9972863
10.00,14,17,856.9155482
10.00,14,18,856.6446226
10.00,14,19,856.5301003
10.00,14,20,856.4593828
10.00,14,21,856.2805112
10.00,14,22,856.1876127
10.00,14,23,855.9322865
10.00,14,24,855.8210544
10.00,14,25,855.7602455
10.00,14,26,855.5674013
10.00,14,27,855.4695185
10.00,14,28,855.2173137
10.00,14,29,855.2056541
10.00,14,30,854.8698806
10.00,14,31,854.7652631
10.00,14,32,854.7166673
10.00,14,33,854.5076588
10.00,14,34,854.4729495
10.00,14,35,854.1658542
10.00,14,36,854.0649904
10.00,14,37,854.0286478
10.00,14,38,853.8019385
10.00,14,39,853.7548686
10.00,14,40,853.4566225
10.00,14,41,853.3479856
10.00,14,42,853.2873227
10.00,14,43,853.098473
10.00,14,44,853.028092
10.00,14,45,852.7577142
10.00,14,46,852.6513539
10.00,14,47,852.5983614
10.00,14,48,852.3987638
10.00,14,49,852.3142664
10.00,14,50,852.0554873
10.00,14,51,852.0548182
10.00,14,52,851.7146419
10.00,14,53,851.6125887
10.00,14,54,851.5657509
10.00,14,55,851.3588974
10.00,14,56,851.3233887
10.00,14,57,851.0232326
10.00,14,58,850.9231857
10.00,14,59,850.884023
10.00,14,60,850.6662883
10.00,14,61,850.6092283
10.00,14,62,850.3271003
10.00,14,63,850.2184858
10.00,14,64,850.1534333
10.00,14,65,849.9759913
10.00,14,66,849.8889383
10.00,14,67,849.6406274
10.00,14,68,849.5326768
10.00,14,69,849.4707851
10.00,14,70,849.2893895
10.00,14,71,849.182591
10.00,14,72,848.9519354
10.00,14,73,848.9143117
10.00,14,74,848.6165598
10.00,14,75,848.5110965
10.00,14,76,848.4514535
10.00,14,77,848.2685107
10.00,14,78,848.1934406
10.00,14,79,847.9370353
10.00,14,80,847.8316343
10.00,14,81,847.7738326
10.00,14,82,847.5888895
10.00,14,83,847.4891507
10.00,14,84,847.2550035
10.00,14,85,847.2234461
10.00,14,86,846.9231015
10.00,14,87,846.8190819
10.00,14,88,846.7606654
10.00,14,89,846.5784499
10.00,14,90,846.5041948
10.00,14,91,846.2502947
10.00,14,92,846.1456468
10.00,14,93,846.0873175
10.00,14,94,845.9057524
10.00,14,95,845.8033419
10.00,14,96,845.5751725
10.00,14,97,845.5367924
10.00,14,98,845.2464503
10.00,14,99,845.1422933
10.00,14,100,845.0812668
10.00,14,101,844.905534
10.00,14,102,844.8220848
10.00,14,103,844.5802128
10.00,14,104,844.4747649
10.00,14,105,844.4119564
10.00,14,106,844.2397348
10.00,14,107,844.1265127
10.00,14,108,843.9122485
10.00,14,109,843.8565505
10.00,14,110,843.5864748
10.00,14,111,843.4809321
10.00,14,112,843.4142987
10.00,14,113,843.2495776
10.00,14,114,843.1494012
10.00,14,115,842.9267441
10.00,14,116,842.8193872
10.00,14,117,842.7493293
10.00,14,118,842.5906611
10.00,14,119,842.4610305
10.00,14,120,842.2661132
10.00,14,121,842.1860637
10.00,14,122,841.9431234
10.00,14,123,841.9269791
10.00,14,124,841.621826
10.00,14,125,841.5218282
10.00,14,126,841.4661682
10.00,14,127,841.2877383
10.00,14,128,841.2134881
10.00,14,129,840.9697202
10.00,14,130,840.8670807
10.00,14,131,840.8064038
10.00,14,132,840.6364204
10.00,14,133,840.5247693
10.00,14,134,840.3160429
10.00,14,135,840.2563022
10.00,14,136,839.9971784
10.00,14,137,839.8927408
10.00,14,138,839.8241588
10.00,14,139,839.6678442
10.00,14,140,839.5585415
10.00,14,141,839.3514978
10.00,14,142,839.328088
10.00,14,143,839.0392135
10.00,14,144,838.9449681
10.00,14,145,838.9031243
10.00,14,146,838.7072255
10.00,14,147,838.6322157
10.00,14,148,838.3912067
10.00,14,149,838.3749093
10.00,14,150,838.0766843
10.00,14,151,837.9781315
10.00,14,152,837.9214164
10.00,14,153,837.7498489
10.00,14,154,837.6685079
10.00,14,155,837.4382116
10.00,14,156,837.3359116
10.00,14,157,837.2712794
10.00,14,158,837.1126607
10.00,14,159,836.9904643
10.00,14,160,836.7989207
10.00,14,161,836.7202638
10.00,14,162,836.4864922
10.00,14,163,836.4622851
10.00,14,164,836.175454
10.00,14,165,836.0767991
10.00,14,166,836.0174482
10.00,14,167,835.8527218
10.00,14,168,835.7625619
10.00,14,169,835.5442883
10.00,14,170,835.5432439
10.00,14,171,835.2399022
10.00,14,172,835.150272
10.00,14,173,835.1149721
10.00,14,174,834.9145225
10.00,14,175,834.8492457
10.00,14,176,834.6058646
10.00,14,177,834.5950483
10.00,14,178,834.2985236
10.00,14,179,834.20217
10.00,14,180,834.1460571
10.00,14,181,833.9791108
10.00,14,182,833.8950135
10.00,14,183,833.6743753
10.00,14,184,833.5732158
10.00,14,185,833.5065192
10.00,14,186,833.3567009
10.00,14,187,833.2280926
10.00,14,188,833.0500246
10.00,14,189,832.9582018
10.00,14,190,832.7444891
10.00,14,191,832.6980088
10.00,14,192,832.4401512
10.00,14,193,832.3406193
10.00,14,194,832.2745938
10.00,14,195,832.1256388
10.00,14,196,832.0151505
10.00,14,197,831.8233712
10.00,14,198,831.7821312
10.00,14,199,831.52416
10.00,14,200,831.4299879
10.00,15,1,877.7253061
10.00,15,2,877.6414422
10.00,15,3,877.5840383
10.00,15,4,877.5776865
10.00,15,5,877.2734055
10.00,15,6,877.2309554
10.00,15,7,876.7483664
10.00,15,8,876.6440161
10.00,15,9,876.633371
10.00,15,10,876.3352234
10.00,15,11,876.1949196
10.00,15,12,876.1582901
10.00,15,13,875.9232276
10.00,15,14,875.7705879
10.00,15,15,875.4019086
10.00,15,16,875.2669357
10.00,15,17,875.2308897
10.00,15,18,874.9930635
10.00,15,19,874.9126801
10.00,15,20,874.4782322
10.00,15,21,874.3977898
10.00,15,22,874.1822445
10.00,15,23,874.0557811
10.00,15,24,873.66929
10.00,15,25,873.5700751
10.00,15,26,873.5675831
10.00,15,27,873.2631796
10.00,15,28,873.2358584
10.00,15,29,872.7519632
10.00,15,30,872.6545838
10.00,15,31,872.6477083
10.00,15,32,872.3494756
10.00,15,33,872.215976
10.00,15,34,872.1830345
10.00,15,35,871.9480746
10.00,15,36,871.8100481
10.00,15,37,871.4403666
10.00,15,38,871.3121838
10.00,15,39,871.2797908
10.00,15,40,871.0420134
10.00,15,41,870.9771115
10.00,15,42,870.5407
10.00,15,43,870.4677959
10.00,15,44,870.2520711
10.00,15,45,870.1413929
10.00,15,46,869.7525158
10.00,15,47,869.6609242
10.00,15,48,869.4662845
10.00,15,49,869.3122801
10.00,15,50,868.9685242
10.00,15,51,868.8594396
10.00,15,52,868.845818
10.00,15,53,868.575325
10.00,15,54,868.5091815
10.00,15,55,868.0794669
10.00,15,56,867.974166
10.00,15,57,867.9587743
10.00,15,58,867.6894969
10.00,15,59,867.5519441
10.00,15,60,867.5129935
10.00,15,61,867.3006082
10.00,15,62,867.1412649
10.00,15,63,866.8081384
10.00,15,64,866.6766082
10.00,15,65,866.6393725
10.00,15,66,866.4220305
10.00,15,67,866.3296905
10.00,15,68,865.9353449
10.00,15,69,865.8524038
10.00,15,70,865.6560127
10.00,15,71,865.5204243
10.00,15,72,865.1710069
10.00,15,73,865.0705488
10.00,15,74,865.0623967
10.00,15,75,864.7874649
10.00,15,76,864.7423694
10.00,15,77,864.3041803
10.00,15,78,864.2073171
10.00,15,79,864.1970734
10.00,15,80,863.9238131
10.00,15,81,863.7940264
10.00,15,82,863.7598101
10.00,15,83,863.5444662
10.00,15,84,863.4036497
10.00,15,85,863.0643724
10.00,15,86,862.9405822
10.00,15,87,862.9079583
10.00,15,88,862.6877356
10.00,15,89,862.6159675
10.00,15,90,862.2134203
10.00,15,91,862.1400353
10.00,15,92,861.9406301
10.00,15,93,861.825673
10.00,15,94,861.4678852
10.00,15,95,861.3769411
10.00,15,96,861.3751276
10.00,15,97,861.093543
10.00,15,98,861.0726224
10.00,15,99,860.6223249
10.00,15,100,860.5346961
10.00,15,101,860.5303238
10.00,15,102,860.2511267
10.00,15,103,860.1296625
10.00,15,104,860.1007546
10.00,15,105,859.8808847
10.00,15,106,859.7607222
10.00,15,107,859.4126646
10.00,15,108,859.2971519
10.00,15,109,859.2696544
10.00,15,110,859.045078
10.00,15,111,858.9966405
10.00,15,112,858.5826776
10.00,15,113,858.5199877
10.00,15,114,858.3160807
10.00,15,115,858.2245294
10.00,15,116,857.8551467
10.00,15,117,857.7748495
10.00,15,118,857.5906968
10.00,15,119,857.4583352
10.00,15,120,857.1312659
10.00,15,121,857.0344767
10.00,15,122,857.025382
10.00,15,123,856.7680425
10.00,15,124,856.721925
10.00,15,125,856.3102319
10.00,15,126,856.2181146
10.00,15,127,856.2082816
10.00,15,128,855.9498644
10.00,15,129,855.8267037
10.00,15,130,855.7941634
10.00,15,131,855.590438
10.00,15,132,855.4576564
10.00,15,133,855.1355182
10.00,15,134,855.018832
10.00,15,135,854.9885419
10.00,15,136,854.7785459
10.00,15,137,854.7134644
10.00,15,138,854.3290095
10.00,15,139,854.2606341
10.00,15,140,854.0703613
10.00,15,141,853.9642677
10.00,15,142,853.6222247
10.00,15,143,853.5371802
10.00,15,144,853.5365501
10.00,15,145,853.2672737
10.00,15,146,853.2531738
10.00,15,147,852.8205347
10.00,15,148,852.7397575
10.00,15,149,852.7376655
10.00,15,150,852.4684576
10.00,15,151,852.3550979
10.00,15,152,852.3293268
10.00,15,153,852.117252
10.00,15,154,852.010645
10.00,15,155,851.673216
10.00,15,156,851.5662886
10.00,15,157,851.5424901
10.00,15,158,851.3244432
10.00,15,159,851.2898123
10.00,15,160,850.8859374
10.00,15,161,850.8311622
10.00,15,162,850.6327551
10.00,15,163,850.557
10.00,15,164,850.1955516
10.00,15,165,850.1239515
10.00,15,166,849.9443622
10.00,15,167,849.8295582
10.00,15,168,849.5084948
10.00,15,169,849.4210779
10.00,15,170,849.4163893
10.00,15,171,849.1635826
10.00,15,172,849.1359281
10.00,15,173,848.7291484
10.00,15,174,848.646986
10.00,15,175,848.6421154
10.00,15,176,848.3868963
10.00,15,177,848.274039
10.00,15,178,848.2467367
10.00,15,179,848.0454912
10.00,15,180,847.9340856
10.00,15,181,847.613652
10.00,15,182,847.5076549
10.00,15,183,847.4829459
10.00,15,184,847.2745246
10.00,15,185,847.2329768
10.00,15,186,846.8479172
10.00,15,187,846.7914176
10.00,15,188,846.6018308
10.00,15,189,846.5208808
10.00,15,190,846.1764621
10.00,15,191,846.1038752
10.00,15,192,845.9322771
10.00,15,193,845.8140342
10.00,15,194,845.5081818
10.00,15,195,845.4205184
10.00,15,196,845.4137217
10.00,15,197,845.1727605
10.00,15,198,845.1385572
10.00,15,199,844.7500957
10.00,15,200,844.6684218
10.00,16,1,933.2977869
10.00,16,2,933.252019
10.00,16,3,933.2078933
10.00,16,4,933.163226
10.00,16,5,933.1199523
10.00,16,6,933.0762391
10.00,16,7,933.0337318
10.00,16,8,932.9908766
10.00,16,9,932.9490666
10.00,16,10,932.906984
10.00,16,11,932.8658073
10.00,16,12,932.8244198
10.00,16,13,932.7838175
10.00,16,14,932.7430547
10.00,16,15,932.702973
10.00,16,16,932.6627717
10.00,16,17,932.6231616
10.00,16,18,932.5834651
10.00,16,19,932.5442822
10.00,16,20,932.5050395
10.00,16,21,932.4662433
10.00,16,22,932.4274087
10.00,16,23,932.3889626
10.00,16,24,932.3504951
10.00,16,25,932.3123659
10.00,16,26,932.2742287
10.00,16,27,932.2363864
10.00,16,28,932.1985465
10.00,16,29,932.1609639
10.00,16,30,932.1233917
10.00,16,31,932.0860442
10.00,16,32,932.0487132
10.00,16,33,932.0115786
10.00,16,34,931.9744649
10.00,16,35,931.9375232
10.00,16,36,931.9006055
10.00,16,37,931.8638386
10.00,16,38,931.8270977
10.00,16,39,931.7904893
10.00,16,40,931.7539081
10.00,16,41,931.7174434
10.00,16,42,931.6810065
10.00,16,43,931.6446723
10.00,16,44,931.608366
10.00,16,45,931.5721502
10.00,16,46,931.5359622
10.00,16,47,931.4998542
10.00,16,48,931.4637733
10.00,16,49,931.4277634
10.00,16,50,931.3917798
10.00,16,51,931.3558592
10.00,16,52,931.3199641
10.00,16,53,931.284125
10.00,16,54,931.2835361
10.00,16,55,931.2438698
10.00,16,56,931.2041379
10.00,16,57,931.1649598
10.00,16,58,931.1257428
10.00,16,59,931.0870038
10.00,16,60,931.0482465
10.00,16,61,931.0099023
10.00,16,62,930.9715556
10.00,16,63,930.9335663
10.00,16,64,930.8955864
10.00,16,65,930.8579159
10.00,16,66,930.8202638
10.00,16,67,930.7828799
10.00,16,68,930.7455208
10.00,16,69,930.7083946
10.00,16,70,930.6712976
10.00,16,71,930.6344029
10.00,16,72,930.5975405
10.00,16,73,930.5608541
10.00,16,74,930.5242017
10.00,16,75,930.4877027
10.00,16,76,930.4512385
10.00,16,77,930.4149081
10.00,16,78,930.3786127
10.00,16,79,930.3424343
10.00,16,80,930.3062903
10.00,16,81,930.2702488
10.00,16,82,930.2342409
10.00,16,83,930.198323
10.00,16,84,930.1624375
10.00,16,85,930.1266312
10.00,16,86,930.0908559
10.00,16,87,930.0551504
10.00,16,88,930.0194746
10.00,16,89,929.9838604
10.00,16,90,929.9482744
10.00,16,91,929.9458273
10.00,16,92,929.9060448
10.00,16,93,929.8668573
10.00,16,94,929.8276521
10.00,16,95,929.7889573
10.00,16,96,929.7502643
10.00,16,97,929.7120096
10.00,16,98,929.6737711
10.00,16,99,929.6359093
10.00,16,100,929.5980739
10.00,16,101,929.5605628
10.00,16,102,929.5230854
10.00,16,103,929.4858874
10.00,16,104,929.4487279
10.00,16,105,929.4118094
10.00,16,106,929.3749323
10.00,16,107,929.3382635
10.00,16,108,929.3016374
10.00,16,109,929.2651916
10.00,16,110,929.2287889
10.00,16,111,929.1925423
10.00,16,112,929.1563384
10.00,16,113,929.12027
10.00,16,114,929.0842433
10.00,16,115,929.0483344
10.00,16,116,929.0124655
10.00,16,117,928.9766994
10.00,16,118,928.9409716
10.00,16,119,928.9053335
10.00,16,120,928.8697317
10.00,16,121,928.8342085
10.00,16,122,928.7987195
10.00,16,123,928.7632994
10.00,16,124,928.7279117
10.00,16,125,928.6925844
10.00,16,126,928.6892831
10.00,16,127,928.64996
10.00,16,128,928.6106366
10.00,16,129,928.5718739
10.00,16,130,928.5331301
10.00,16,131,928.4948648
10.00,16,132,928.4566321
10.00,16,133,928.4188081
10.00,16,134,928.3810259
10.00,16,135,928.3435934
10.00,16,136,928.3062087
10.00,16,137,928.2691234
10.00,16,138,928.2320893
10.00,16,139,928.1953121
10.00,16,140,928.1585877
10.00,16,141,928.1220838
10.00,16,142,928.0856329
10.00,16,143,928.0493717
10.00,16,144,928.0131625
10.00,16,145,927.9771168
10.00,16,146,927.9411214
10.00,16,147,927.9052671
10.00,16,148,927.869461
10.00,16,149,927.833777
10.00,16,150,927.7981387
10.00,16,151,927.7626061
10.00,16,152,927.7271167
10.00,16,153,927.6917191
10.00,16,154,927.6563618
10.00,16,155,927.6210845
10.00,16,156,927.5858449
10.00,16,157,927.5506751
10.00,16,158,927.5155403
10.00,16,159,927.5137649
10.00,16,160,927.474102
10.00,16,161,927.4350815
10.00,16,162,927.3960938
10.00,16,163,927.3576509
10.00,16,164,927.3192549
10.00,16,165,927.2813214
10.00,16,166,927.243444
10.00,16,167,927.2059599
10.00,16,168,927.1685371
10.00,16,169,927.1314491
10.00,16,170,927.094425
10.00,16,171,927.0576864
10.00,16,172,927.0210121
10.00,16,173,926.9845816
10.00,16,174,926.9482145
10.00,16,175,926.9120558
10.00,16,176,926.8759584
10.00,16,177,926.8400396
10.00,16,178,926.8041794
10.00,16,179,926.7684725
10.00,16,180,926.732821
10.00,16,181,926.6973012
10.00,16,182,926.6618335
10.00,16,183,926.6264793
10.00,16,184,926.5911736
10.00,16,185,926.5559659
10.00,16,186,926.5208032
10.00,16,187,926.4857254
10.00,16,188,926.4506892
10.00,16,189,926.4157266
10.00,16,190,926.3808025
10.00,16,191,926.3791224
10.00,16,192,926.3395335
10.00,16,193,926.3006077
10.00,16,194,926.2617392
10.00,16,195,926.2234301
10.00,16,196,926.1851895
10.00,16,197,926.1474214
10.00,16,198,926.1097279
10.00,16,199,926.0724341
10.00,16,200,926.0352177
10.00,17,1,725.7205089
10.00,17,2,725.7030029
10.00,17,3,725.4648274
10.00,17,4,725.349798
10.00,17,5,725.3453131
10.00,17,6,725.0948069
10.00,17,7,725.0095618
10.00,17,8,724.8271103
10.00,17,9,724.6973474
10.00,17,10,724.6789701
10.00,17,11,724.4585407
10.00,17,12,724.338177
10.00,17,13,724.3259002
10.00,17,14,724.0921224
10.00,17,15,723.9965896
10.00,17,16,723.8266849
10.00,17,17,723.8045288
10.00,17,18,723.3686108
10.00,17,19,723.2820051
10.00,17,20,723.2133601
10.00,17,21,723.177936
10.00,17,22,722.9912593
10.00,17,23,722.8662868
10.00,17,24,722.8507301
10.00,17,25,722.6277098
10.00,17,26,722.5104413
10.00,17,27,722.4991068
10.00,17,28,722.2662577
10.00,17,29,722.1717136
10.00,17,30,722.0044187
10.00,17,31,721.9755519
10.00,17,32,721.5521982
10.00,17,33,721.4661191
10.00,17,34,721.3969515
10.00,17,35,721.358976
10.00,17,36,721.1802848
10.00,17,37,721.0523345
10.00,17,38,721.0313868
10.00,17,39,720.8216057
10.00,17,40,720.6995023
10.00,17,41,720.6812143
10.00,17,42,720.4648433
10.00,17,43,720.3614467
10.00,17,44,720.2067787
10.00,17,45,720.1377209
10.00,17,46,719.7591406
10.00,17,47,719.6720943
10.00,17,48,719.5994697
10.00,17,49,719.5534476
10.00,17,50,719.3936029
10.00,17,51,719.3432841
10.00,17,52,718.9492745
10.00,17,53,718.8634676
10.00,17,54,718.7926501
10.00,17,55,718.7494031
10.00,17,56,718.58542
10.00,17,57,718.5502697
10.00,17,58,718.1442448
10.00,17,59,718.0595042
10.00,17,60,717.9901547
10.00,17,61,717.9490424
10.00,17,62,717.7821607
10.00,17,63,717.7579259
10.00,17,64,717.3439626
10.00,17,65,717.2600912
10.00,17,66,717.1918228
10.00,17,67,717.1521183
10.00,17,68,716.9837585
10.00,17,69,716.9656548
10.00,17,70,716.5483459
10.00,17,71,716.4651268
10.00,17,72,716.397514
10.00,17,73,716.3584218
10.00,17,74,716.1901493
10.00,17,75,716.172989
10.00,17,76,715.7573207
10.00,17,77,715.6745234
10.00,17,78,715.6071159
10.00,17,79,715.5677968
10.00,17,80,715.4012725
10.00,17,81,715.3796423
10.00,17,82,714.9708229
10.00,17,83,714.8882123
10.00,17,84,714.8205517
10.00,17,85,714.7801545
10.00,17,86,714.6170714
10.00,17,87,714.5855518
10.00,17,88,714.1888003
10.00,17,89,714.1061466
10.00,17,90,714.0377867
10.00,17,91,713.9954854
10.00,17,92,713.8374935
10.00,17,93,713.7909096
10.00,17,94,713.4112137
10.00,17,95,713.3283032
10.00,17,96,713.2588322
10.00,17,97,713.2138662
10.00,17,98,713.0624909
10.00,17,99,712.9961775
10.00,17,100,712.6380371
10.00,17,101,712.6294793
10.00,17,102,712.3921471
10.00,17,103,712.3096065
10.00,17,104,712.1488568
10.00,17,105,712.1143991
10.00,17,106,711.728287
10.00,17,107,711.6467258
10.00,17,108,711.5786419
10.00,17,109,711.5350521
10.00,17,110,711.3836951
10.00,17,111,711.3208285
10.00,17,112,710.9646282
10.00,17,113,710.9557698
10.00,17,114,710.7217927
10.00,17,115,710.6389113
10.00,17,116,710.4815888
10.00,17,117,710.4395346
10.00,17,118,710.0659814
10.00,17,119,709.9849388
10.00,17,120,709.9166377
10.00,17,121,709.8714604
10.00,17,122,709.726035
10.00,17,123,709.648148
10.00,17,124,709.3116629
10.00,17,125,709.2917595
10.00,17,126,709.0721321
10.00,17,127,708.9825012
10.00,17,128,708.8351422
10.00,17,129,708.765379
10.00,17,130,708.4237691
10.00,17,131,708.4075723
10.00,17,132,708.1857173
10.00,17,133,708.0983545
10.00,17,134,707.9502602
10.00,17,135,707.8848162
10.00,17,136,707.5417343
10.00,17,137,707.5270545
10.00,17,138,707.305207
10.00,17,139,707.2188019
10.00,17,140,707.0713027
10.00,17,141,707.0060621
10.00,17,142,706.6654646
10.00,17,143,706.6499358
10.00,17,144,706.430514
10.00,17,145,706.3436692
10.00,17,146,706.1981865
10.00,17,147,706.1288113
10.00,17,148,705.794873
10.00,17,149,705.7760339
10.00,17,150,705.5615563
10.00,17,151,705.4728379
10.00,17,152,705.3308322
10.00,17,153,705.2529302
10.00,17,154,704.9298818
10.00,17,155,704.90528
10.00,17,156,704.6982582
10.00,17,157,704.6062602
10.00,17,158,704.6052957
10.00,17,159,704.3813623
10.00,17,160,704.2835586
10.00,17,161,704.2732929
10.00,17,162,704.0661492
10.00,17,163,703.9749456
10.00,17,164,703.9742182
10.00,17,165,703.7507627
10.00,17,166,703.6534618
10.00,17,167,703.6431707
10.00,17,168,703.437049
10.00,17,169,703.3460053
10.00,17,170,703.3448813
10.00,17,171,703.123164
10.00,17,172,703.0258151
10.00,17,173,703.0149823
10.00,17,174,702.8109321
10.00,17,175,702.7194578
10.00,17,176,702.7173515
10.00,17,177,702.4985402
10.00,17,178,702.400637
10.00,17,179,702.3887904
10.00,17,180,702.1877733
10.00,17,181,702.0953333
10.00,17,182,702.0917168
10.00,17,183,701.876866
10.00,17,184,701.777954
10.00,17,185,701.7646718
10.00,17,186,701.5675485
10.00,17,187,701.4736696
10.00,17,188,701.4680794
10.00,17,189,701.2581172
10.00,17,190,701.1577984
10.00,17,191,701.1427131
10.00,17,192,700.9502341
10.00,17,193,700.8545097
10.00,17,194,700.846551
10.00,17,195,700.6422698
10.00,17,196,700.5402053
10.00,17,197,700.5230064
10.00,17,198,700.3358072
10.00,17,199,700.2378989
10.00,17,200,700.2272467
10.00,18,1,910.6565069
10.00,18,2,909.9848778
10.00,18,3,909.5144546
10.00,18,4,909.0745456
10.00,18,5,908.7376492
10.00,18,6,908.4247573
10.00,18,7,908.1662815
10.00,18,8,907.925003
10.00,18,9,907.7131558
10.00,18,10,907.5129244
10.00,18,11,907.3289118
10.00,18,12,907.1524533
10.00,18,13,906.9850754
10.00,18,14,906.8224933
10.00,18,15,906.6650703
10.00,18,16,906.5106505
10.00,18,17,906.4513826
10.00,18,18,906.2438797
10.00,18,19,906.0552929
10.00,18,20,905.8752916
10.00,18,21,905.7058067
10.00,18,22,905.5417716
10.00,18,23,905.3836589
10.00,18,24,905.2289425
10.00,18,25,905.1960853
10.00,18,26,904.9818711
10.00,18,27,904.7891859
10.00,18,28,904.6060937
10.00,18,29,904.4348554
10.00,18,30,904.2696763
10.00,18,31,904.1111086
10.00,18,32,903.9562914
10.00,18,33,903.9447037
10.00,18,34,903.7251108
10.00,18,35,903.52927
10.00,18,36,903.3438969
10.00,18,37,903.1714859
10.00,18,38,903.0056474
10.00,18,39,902.8469751
10.00,18,40,902.6923423
10.00,18,41,902.5417259
10.00,18,42,902.4763676
10.00,18,43,902.2776801
10.00,18,44,902.0902978
10.00,18,45,901.9169125
10.00,18,46,901.750583
10.00,18,47,901.591928
10.00,18,48,901.4375791
10.00,18,49,901.2874957
10.00,18,50,901.2311098
10.00,18,51,901.0309232
10.00,18,52,900.8426769
10.00,18,53,900.6691125
10.00,18,54,900.5029465
10.00,18,55,900.3447702
10.00,18,56,900.1910748
10.00,18,57,900.0417869
10.00,18,58,899.9886486
10.00,18,59,899.7884923
10.00,18,60,899.6006668
10.00,18,61,899.4278039
10.00,18,62,899.262518
10.00,18,63,899.1053198
10.00,18,64,898.9526736
10.00,18,65,898.8044592
10.00,18,66,898.7488207
10.00,18,67,898.5502829
10.00,18,68,898.3641954
10.00,18,69,898.1929296
10.00,18,70,898.0292432
10.00,18,71,897.8735206
10.00,18,72,897.7223126
10.00,18,73,897.575443
10.00,18,74,897.5119686
10.00,18,75,897.3165747
10.00,18,76,897.1334694
10.00,18,77,896.9646424
10.00,18,78,896.8032204
10.00,18,79,896.6494303
10.00,18,80,896.5000118
10.00,18,81,896.4904656
10.00,18,82,896.2753601
10.00,18,83,896.0853206
10.00,18,84,895.906979
10.00,18,85,895.7417996
10.00,18,86,895.5835881
10.00,18,87,895.4323825
10.00,18,88,895.2852518
10.00,18,89,895.2507949
10.00,18,90,895.0444239
10.00,18,91,894.8606481
10.00,18,92,894.6877499
10.00,18,93,894.5266753
10.00,18,94,894.3720049
10.00,18,95,894.2236065
10.00,18,96,894.0789189
10.00,18,97,894.0173416
10.00,18,98,893.8205282
10.00,18,99,893.6435701
10.00,18,100,893.476494
10.00,18,101,893.3197783
10.00,18,102,893.1688139
10.00,18,103,893.0233302
10.00,18,104,892.997682
10.00,18,105,892.7948191
10.00,18,106,892.6070483
10.00,18,107,892.436571
10.00,18,108,892.2749783
10.00,18,109,892.1223852
10.00,18,110,891.9749062
10.00,18,111,891.8321766
10.00,18,112,891.7726703
10.00,18,113,891.5806709
10.00,18,114,891.4021017
10.00,18,115,891.2382184
10.00,18,116,891.0821307
10.00,18,117,890.9336708
10.00,18,118,890.7896517
10.00,18,119,890.7586107
10.00,18,120,890.5546496
10.00,18,121,890.3741038
10.00,18,122,890.205068
10.00,18,123,890.0480145
10.00,18,124,889.897549
10.00,18,125,889.753301
10.00,18,126,889.7476617
10.00,18,127,889.5411797
10.00,18,128,889.3515692
10.00,18,129,889.1809678
10.00,18,130,889.0201257
10.00,18,131,888.8690028
10.00,18,132,888.7233963
10.00,18,133,888.5828294
10.00,18,134,888.5278292
10.00,18,135,888.3370925
10.00,18,136,888.1605331
10.00,18,137,887.9990483
10.00,18,138,887.8456335
10.00,18,139,887.6999245
10.00,18,140,887.558726
10.00,18,141,887.5199607
10.00,18,142,887.3211394
10.00,18,143,887.1451448
10.00,18,144,886.9806103
10.00,18,145,886.8275894
10.00,18,146,886.6809943
10.00,18,147,886.5402887
10.00,18,148,886.513082
10.00,18,149,886.31546
10.00,18,150,886.1340457
10.00,18,151,885.969979
10.00,18,152,885.8150682
10.00,18,153,885.6689141
10.00,18,154,885.5278289
10.00,18,155,885.5106821
10.00,18,156,885.3062501
10.00,18,157,885.1272972
10.00,18,158,884.9610059
10.00,18,159,884.8074163
10.00,18,160,884.6608605
10.00,18,161,884.5207271
10.00,18,162,884.5079355
10.00,18,163,884.3073655
10.00,18,164,884.1242618
10.00,18,165,883.9597405
10.00,18,166,883.8049916
10.00,18,167,883.659523
10.00,18,168,883.5194091
10.00,18,169,883.5092318
10.00,18,170,883.304005
10.00,18,171,883.12526
10.00,18,172,882.9597003
10.00,18,173,882.8072131
10.00,18,174,882.6619724
10.00,18,175,882.5232775
10.00,18,176,882.5098509
10.00,18,177,882.3109601
10.00,18,178,882.1298416
10.00,18,179,881.9672911
10.00,18,180,881.8145684
10.00,18,181,881.6710369
10.00,18,182,881.5328307
10.00,18,183,881.5146969
10.00,18,184,881.3137778
10.00,18,185,881.1385497
10.00,18,186,880.9762804
10.00,18,187,880.8265917
10.00,18,188,880.68394
10.00,18,189,880.5475376
10.00,18,190,880.5195487
10.00,18,191,880.3267953
10.00,18,192,880.151132
10.00,18,193,879.9928208
10.00,18,194,879.8438333
10.00,18,195,879.7033737
10.00,18,196,879.5679071
10.00,18,197,879.5292994
10.00,18,198,879.3371128
10.00,18,199,879.1682546
10.00,18,200,879.0114271
10.00,19,1,752.340926
10.00,19,2,749.2504526
10.00,19,3,745.8505044
10.00,19,4,737.5165135
10.00,19,5,735.542782
10.00,19,6,733.6474589
10.00,19,7,732.789584
10.00,19,8,732.0142738
10.00,19,9,731.566611
10.00,19,10,731.1672295
10.00,19,11,730.8824874
10.00,19,12,730.6235491
10.00,19,13,730.4079117
10.00,19,14,730.2056689
10.00,19,15,730.0208472
10.00,19,16,729.8428867
10.00,19,17,729.7584004
10.00,19,18,729.5082942
10.00,19,19,729.2976997
10.00,19,20,729.0981455
10.00,19,21,728.9152965
10.00,19,22,728.7387853
10.00,19,23,728.6228846
10.00,19,24,722.4374426
10.00,19,25,722.1397533
10.00,19,26,709.2014146
10.00,19,27,708.2637725
10.00,19,28,708.0454787
10.00,19,29,707.8423561
10.00,19,30,707.6693437
10.00,19,31,707.5057238
10.00,19,32,707.3549498
10.00,19,33,707.2093825
10.00,19,34,707.1386201
10.00,19,35,706.9340582
10.00,19,36,706.7608423
10.00,19,37,706.5971113
10.00,19,38,706.4467187
10.00,19,39,706.3016442
10.00,19,40,706.2406626
10.00,19,41,706.0340608
10.00,19,42,705.860241
10.00,19,43,705.6961513
10.00,19,44,705.545983
10.00,19,45,705.4012938
10.00,19,46,705.350453
10.00,19,47,705.1416289
10.00,19,48,704.9671006
10.00,19,49,704.8025444
10.00,19,50,704.6525323
10.00,19,51,704.5081665
10.00,19,52,704.468076
10.00,19,53,704.2567577
10.00,19,54,704.0813782
10.00,19,55,703.9162222
10.00,19,56,703.7662859
10.00,19,57,703.6221734
10.00,19,58,703.5935165
10.00,19,59,703.3793991
10.00,19,60,703.2030115
10.00,19,61,703.0371088
10.00,19,62,702.8871616
10.00,19,63,702.7432266
10.00,19,64,702.7267567
10.00,19,65,702.509506
10.00,19,66,702.3319404
10.00,19,67,702.1651314
10.00,19,68,702.0150799
10.00,19,69,701.8712409
10.00,19,70,701.8677875
10.00,19,71,701.6470375
10.00,19,72,701.4681106
10.00,19,73,701.3002213
10.00,19,74,701.1499654
10.00,19,75,701.0061344
10.00,19,76,700.8700034
10.00,19,77,700.8023768
10.00,19,78,700.6189769
10.00,19,79,700.4472647
10.00,19,80,700.2952608
10.00,19,81,700.1501771
10.00,19,82,700.0136665
10.00,19,83,699.967139
10.00,19,84,699.7785094
10.00,19,85,699.6022365
10.00,19,86,699.4480953
10.00,19,87,699.3014162
10.00,19,88,699.1643257
10.00,19,89,699.141717
10.00,19,90,698.9469869
10.00,19,91,698.7652843
10.00,19,92,698.6085551
10.00,19,93,698.4598781
10.00,19,94,698.3219758
10.00,19,95,698.1885475
10.00,19,96,698.1150307
10.00,19,97,697.9302234
10.00,19,98,697.7722019
10.00,19,99,697.6225749
10.00,19,100,697.4844813
10.00,19,101,697.3510855
10.00,19,102,697.2905618
10.00,19,103,697.1022273
10.00,19,104,696.9426954
10.00,19,105,696.7919191
10.00,19,106,696.653518
10.00,19,107,696.5200556
10.00,19,108,696.4736139
10.00,19,109,696.2812887
10.00,19,110,696.1200105
10.00,19,111,695.967866
10.00,19,112,695.8290312
10.00,19,113,695.6953936
10.00,19,114,695.6642484
10.00,19,115,695.467417
10.00,19,116,695.3041337
10.00,19,117,695.1503784
10.00,19,118,695.0109718
10.00,19,119,694.8770394
10.00,19,120,694.8625471
10.00,19,121,694.6606341
10.00,19,122,694.4950619
10.00,19,123,694.3394262
10.00,19,124,694.1992966
10.00,19,125,694.0649375
10.00,19,126,693.9374228
10.00,19,127,693.8701583
10.00,19,128,693.6994328
10.00,19,129,693.5393858
10.00,19,130,693.3971009
10.00,19,131,693.2611407
10.00,19,132,693.1329853
10.00,19,133,693.0892828
10.00,19,134,692.9124262
10.00,19,135,692.7470146
10.00,19,136,692.6020698
10.00,19,137,692.464064
10.00,19,138,692.3350091
10.00,19,139,692.318675
10.00,19,140,692.1345339
10.00,19,141,691.9626029
10.00,19,142,691.8143994
10.00,19,143,691.6738114
10.00,19,144,691.5435494
10.00,19,145,691.4175555
10.00,19,146,691.3567737
10.00,19,147,691.180198
10.00,19,148,691.0298061
10.00,19,149,690.8874883
10.00,19,150,690.7565324
10.00,19,151,690.6301481
10.00,19,152,690.5866226
10.00,19,153,690.4047107
10.00,19,154,690.2517821
10.00,19,155,690.1074108
10.00,19,156,689.9755779
10.00,19,157,689.8486457
10.00,19,158,689.8242554
10.00,19,159,689.6362279
10.00,19,160,689.4803765
10.00,19,161,689.3335872
10.00,19,162,689.2006736
10.00,19,163,689.073017
10.00,19,164,689.0698931
10.00,19,165,688.8748637
10.00,19,166,688.7156597
10.00,19,167,688.5660391
10.00,19,168,688.4318176
10.00,19,169,688.3032373
10.00,19,170,688.181499
10.00,19,171,688.1302933
10.00,19,172,687.964641
10.00,19,173,687.8094088
10.00,19,174,687.6723155
10.00,19,175,687.5415123
10.00,19,176,687.4187256
10.00,19,177,687.3963392
10.00,19,178,687.2228825
10.00,19,179,687.0606919
10.00,19,180,686.9200221
10.00,19,181,686.7863667
10.00,19,182,686.6621693
10.00,19,183,686.5419179
10.00,19,184,686.4823757
10.00,19,185,686.3145493
10.00,19,186,686.171089
10.00,19,187,686.0351865
10.00,19,188,685.9099532
10.00,19,189,685.7890246
10.00,19,190,685.7498127
10.00,19,191,685.5753985
10.00,19,192,685.4286696
10.00,19,193,685.2900738
10.00,19,194,685.1635539
10.00,19,195,685.0417324
10.00,19,196,685.0255367
10.00,19,197,684.8434367
10.00,19,198,684.6928997
10.00,19,199,684.5510966
10.00,19,200,684.4230059
10.00,20,1,830.8868681
10.00,20,2,830.8235079
10.00,20,3,830.7559831
10.00,20,4,830.6938127
10.00,20,5,830.6280445
10.00,20,6,830.5669851
10.00,20,7,830.5028212
10.00,20,8,830.4427981
10.00,20,9,830.3800994
10.00,20,10,830.3210421
10.00,20,11,830.2596819
10.00,20,12,830.2015239
10.00,20,13,830.1413866
10.00,20,14,830.0840653
10.00,20,15,830.0250454
10.00,20,16,829.9685021
10.00,20,17,829.9105033
10.00,20,18,829.854683
10.00,20,19,829.7976175
10.00,20,20,829.7424685
10.00,20,21,829.6862565
10.00,20,22,829.6317307
10.00,20,23,829.576299
10.00,20,24,829.5223514
10.00,20,25,829.4676336
10.00,20,26,829.4142222
10.00,20,27,829.3601577
10.00,20,28,829.3072434
10.00,20,29,829.2537768
10.00,20,30,829.2013234
10.00,20,31,829.1484042
10.00,20,32,829.0963779
10.00,20,33,829.0439603
10.00,20,34,828.9923298
10.00,20,35,828.9403718
10.00,20,36,828.889108
10.00,20,37,828.8375714
10.00,20,38,828.7866475
10.00,20,39,828.7354975
10.00,20,40,828.6848885
10.00,20,41,828.6340934
10.00,20,42,828.5837764
10.00,20,43,828.5333071
10.00,20,44,828.4832608
10.00,20,45,828.4330911
10.00,20,46,828.3832958
10.00,20,47,828.3334017
10.00,20,48,828.2838392
10.00,20,49,828.2341988
10.00,20,50,828.1848525
10.00,20,51,828.1354459
10.00,20,52,828.0863004
10.00,20,53,828.0371093
10.00,20,54,827.9881503
10.00,20,55,827.9391583
10.00,20,56,827.8903729
10.00,20,57,827.8415648
10.00,20,58,827.7929409
10.00,20,59,827.744303
10.00,20,60,827.6958296
10.00,20,61,827.6473495
10.00,20,62,827.5990165
10.00,20,63,827.5506826
10.00,20,64,827.5024807
10.00,20,65,827.4542828
10.00,20,66,827.4062033
10.00,20,67,827.358132
10.00,20,68,827.3101672
10.00,20,69,827.2622137
10.00,20,70,827.2143564
10.00,20,71,827.1665131
10.00,20,72,827.1187567
10.00,20,73,827.0710163
10.00,20,74,827.0233547
10.00,20,75,826.9757109
10.00,20,76,826.9714414
10.00,20,77,826.9191741
10.00,20,78,826.8677919
10.00,20,79,826.8160657
10.00,20,80,826.7651148
10.00,20,81,826.7138816
10.00,20,82,826.6633277
10.00,20,83,826.6125436
10.00,20,84,826.5623552
10.00,20,85,826.5119804
10.00,20,86,826.4621285
10.00,20,87,826.4121271
10.00,20,88,826.3625851
10.00,20,89,826.3129245
10.00,20,90,826.2636678
10.00,20,91,826.2143185
10.00,20,92,826.1653247
10.00,20,93,826.1162602
10.00,20,94,826.0675087
10.00,20,95,826.0187046
10.00,20,96,825.9701768
10.00,20,97,825.9216112
10.00,20,98,825.8732897
10.00,20,99,825.8249428
10.00,20,100,825.7768119
10.00,20,101,825.7286659
10.00,20,102,825.6807111
10.00,20,103,825.6327496
10.00,20,104,825.5849579
10.00,20,105,825.5371663
10.00,20,106,825.4895257
10.00,20,107,825.4418905
10.00,20,108,825.39439
10.00,20,109,825.3468994
10.00,20,110,825.2995289
10.00,20,111,825.2521719
10.00,20,112,825.2049224
10.00,20,113,825.1576891
10.00,20,114,825.1105523
10.00,20,115,825.0634338
10.00,20,116,825.0164022
10.00,20,117,824.9693904
10.00,20,118,824.922457
10.00,20,119,824.9194802
10.00,20,120,824.8683142
10.00,20,121,824.8167941
10.00,20,122,824.7661256
10.00,20,123,824.7151708
10.00,20,124,824.6649576
10.00,20,125,824.6145147
10.00,20,126,824.564718
10.00,20,127,824.5147387
10.00,20,128,824.465323
10.00,20,129,824.4157639
10.00,20,130,824.3666968
10.00,20,131,824.3175189
10.00,20,132,824.2687708
10.00,20,133,824.2199389
10.00,20,134,824.171483
10.00,20,135,824.1229653
10.00,20,136,824.074777
10.00,20,137,824.0265451
10.00,20,138,823.978602
10.00,20,139,823.9306302
10.00,20,140,823.882912
10.00,20,141,823.8351772
10.00,20,142,823.7876655
10.00,20,143,823.7401468
10.00,20,144,823.6928247
10.00,20,145,823.6455035
10.00,20,146,823.5983558
10.00,20,147,823.5512152
10.00,20,148,823.5042281
10.00,20,149,823.4572529
10.00,20,150,823.4104138
10.00,20,151,823.3635904
10.00,20,152,823.3168879
10.00,20,153,823.270204
10.00,20,154,823.2236279
10.00,20,155,823.1770724
10.00,20,156,823.1306132
10.00,20,157,823.0841763
10.00,20,158,823.0378255
10.00,20,159,822.9914982
10.00,20,160,822.9896101
10.00,20,161,822.9382401
10.00,20,162,822.8878009
10.00,20,163,822.8370724
10.00,20,164,822.7871495
10.00,20,165,822.7369985
10.00,20,166,822.6875453
10.00,20,167,822.6379142
10.00,20,168,822.5888882
10.00,20,169,822.5397257
10.00,20,170,822.4910882
10.00,20,171,822.4423482
10.00,20,172,822.3940643
10.00,20,173,822.3457054
10.00,20,174,822.2977434
10.00,20,175,822.2497288
10.00,20,176,822.2020598
10.00,20,177,822.1543563
10.00,20,178,822.1069543
10.00,20,179,822.0595324
10.00,20,180,822.0123738
10.00,20,181,821.9652069
10.00,20,182,821.9182704
10.00,20,183,821.8713348
10.00,20,184,821.8246012
10.00,20,185,821.7778756
10.00,20,186,821.7313274
10.00,20,187,821.6847928
10.00,20,188,821.6384143
10.00,20,189,821.5920537
10.00,20,190,821.5458307
10.00,20,191,821.4996288
10.00,20,192,821.4535487
10.00,20,193,821.4074918
10.00,20,194,821.3615429
10.00,20,195,821.3156189
10.00,20,196,821.2697909
10.00,20,197,821.2239888
10.00,20,198,821.1782723
10.00,20,199,821.1325823
10.00,20,200,821.1275354
10.00,21,1,768.2556339
10.00,21,2,767.7628849
10.00,21,3,767.5178792
10.00,21,4,767.3465138
10.00,21,5,767.234698
10.00,21,6,767.1461254
10.00,21,7,767.0728348
10.00,21,8,767.0428913
10.00,21,9,766.9369776
10.00,21,10,766.8519538
10.00,21,11,766.7804676
10.00,21,12,766.7408554
10.00,21,13,766.6404424
10.00,21,14,766.5587051
10.00,21,15,766.4888997
10.00,21,16,766.4404104
10.00,21,17,766.3450907
10.00,21,18,766.2663772
10.00,21,19,766.2623681
10.00,21,20,766.1389835
10.00,21,21,766.0495267
10.00,21,22,765.974251
10.00,21,23,765.9527858
10.00,21,24,765.8400168
10.00,21,25,765.7556128
10.00,21,26,765.6832821
10.00,21,27,765.646991
10.00,21,28,765.5432606
10.00,21,29,765.4632044
10.00,21,30,765.3933955
10.00,21,31,765.34454
10.00,21,32,765.2484971
10.00,21,33,765.1721764
10.00,21,34,765.1639399
10.00,21,35,765.0473554
10.00,21,36,764.9566996
10.00,21,37,764.8830362
10.00,21,38,764.8603985
10.00,21,39,764.7519358
10.00,21,40,764.666106
10.00,21,41,764.5948407
10.00,21,42,764.5593929
10.00,21,43,764.4582185
10.00,21,44,764.3766838
10.00,21,45,764.3075693
10.00,21,46,764.2608095
10.00,21,47,764.1661313
10.00,21,48,764.088396
10.00,21,49,764.0834682
10.00,21,50,763.9620598
10.00,21,51,763.8742777
10.00,21,52,763.8005298
10.00,21,53,763.7757384
10.00,21,54,763.6664925
10.00,21,55,763.5844494
10.00,21,56,763.5139971
10.00,21,57,763.4729238
10.00,21,58,763.3736693
10.00,21,59,763.2963983
10.00,21,60,763.2286715
10.00,21,61,763.1742747
10.00,21,62,763.0832261
10.00,21,63,763.0099196
10.00,21,64,762.9894914
10.00,21,65,762.8810324
10.00,21,66,762.7957915
10.00,21,67,762.7253321
10.00,21,68,762.6898765
10.00,21,69,762.5900113
10.00,21,70,762.5097754
10.00,21,71,762.4417916
10.00,21,72,762.3934814
10.00,21,73,762.3010409
10.00,21,74,762.2250922
10.00,21,75,762.2146179
10.00,21,76,762.0978029
10.00,21,77,762.0127765
10.00,21,78,761.9410615
10.00,21,79,761.9098758
10.00,21,80,761.8058233
10.00,21,81,761.7267956
10.00,21,82,761.6584812
10.00,21,83,761.6108005
10.00,21,84,761.5169359
10.00,21,85,761.4427598
10.00,21,86,761.4304344
10.00,21,87,761.3184485
10.00,21,88,761.2316804
10.00,21,89,761.1609345
10.00,21,90,761.1306389
10.00,21,91,761.0289526
10.00,21,92,760.9481444
10.00,21,93,760.8803087
10.00,21,94,760.8350161
10.00,21,95,760.7420132
10.00,21,96,760.6661806
10.00,21,97,760.6580227
10.00,21,98,760.5408356
10.00,21,99,760.4561668
10.00,21,100,760.3850546
10.00,21,101,760.3541315
10.00,21,102,760.2510481
10.00,21,103,760.1729597
10.00,21,104,760.1055447
10.00,21,105,760.0569322
10.00,21,106,759.9648289
10.00,21,107,759.8919366
10.00,21,108,759.8758888
10.00,21,109,759.766989
10.00,21,110,759.6824772
10.00,21,111,759.6132328
10.00,21,112,759.578393
10.00,21,113,759.4803518
10.00,21,114,759.4020537
10.00,21,115,759.335828
10.00,21,116,759.2857027
10.00,21,117,759.1965892
10.00,21,118,759.1233476
10.00,21,119,759.1053688
10.00,21,120,758.9952515
10.00,21,121,758.9143297
10.00,21,122,758.8456757
10.00,21,123,758.8059304
10.00,21,124,758.7093727
10.00,21,125,758.6347805
10.00,21,126,758.6302292
10.00,21,127,758.5155923
10.00,21,128,758.4282276
10.00,21,129,758.3579962
10.00,21,130,758.3310978
10.00,21,131,758.2293844
10.00,21,132,758.1493975
10.00,21,133,758.0827078
10.00,21,134,758.0379623
10.00,21,135,757.9466813
10.00,21,136,757.8725808
10.00,21,137,757.8610458
10.00,21,138,757.7478055
10.00,21,139,757.6658719
10.00,21,140,757.5969816
10.00,21,141,757.5610001
10.00,21,142,757.4630566
10.00,21,143,757.3882025
10.00,21,144,757.3873334
10.00,21,145,757.2713502
10.00,21,146,757.1836357
10.00,21,147,757.1135955
10.00,21,148,757.0883157
10.00,21,149,756.98651
10.00,21,150,756.906844
10.00,21,151,756.8406402
10.00,21,152,756.7962341
10.00,21,153,756.7056589
10.00,21,154,756.6322887
10.00,21,155,756.6194865
10.00,21,156,756.5078692
10.00,21,157,756.4270808
10.00,21,158,756.3591282
10.00,21,159,756.3212166
10.00,21,160,756.2253814
10.00,21,161,756.1518704
10.00,21,162,756.1463193
10.00,21,163,756.0337725
10.00,21,164,755.9484009
10.00,21,165,755.8797983
10.00,21,166,755.849723
10.00,21,167,755.7515226
10.00,21,168,755.6742217
10.00,21,169,755.6094558
10.00,21,170,755.5605448
10.00,21,171,755.4734887
10.00,21,172,755.4023775
10.00,21,173,755.3811828
10.00,21,174,755.2756407
10.00,21,175,755.1979997
10.00,21,176,755.1320533
10.00,21,177,755.0872308
10.00,21,178,754.9966051
10.00,21,179,754.9258487
10.00,21,180,754.908593
10.00,21,181,754.8035886
10.00,21,182,754.7228094
10.00,21,183,754.6566765
10.00,21,184,754.616746
10.00,21,185,754.5251374
10.00,21,186,754.451803
10.00,21,187,754.4425882
10.00,21,188,754.3301913
10.00,21,189,754.2497695
10.00,21,190,754.1825661
10.00,21,191,754.1455343
10.00,21,192,754.050763
10.00,21,193,753.9783893
10.00,21,194,753.9710176
10.00,21,195,753.8608644
10.00,21,196,753.7775285
10.00,21,197,753.7104722
10.00,21,198,753.6771372
10.00,21,199,753.5823319
10.00,21,200,753.5075192
10.00,22,1,799.3579659
10.00,22,2,799.3497436
10.00,22,3,799.0897922
10.00,22,4,799.0749171
10.00,22,5,798.8257253
10.00,22,6,798.8057128
10.00,22,7,798.5667695
10.00,22,8,798.5421532
10.00,22,9,798.3126494
10.00,22,10,798.283817
10.00,22,11,798.0629991
10.00,22,12,798.0302927
10.00,22,13,797.8174816
10.00,22,14,797.7812099
10.00,22,15,797.5757941
10.00,22,16,797.5362366
10.00,22,17,797.337664
10.00,22,18,797.2950748
10.00,22,19,797.1028458
10.00,22,20,797.0574558
10.00,22,21,796.8711172
10.00,22,22,796.8231369
10.00,22,23,796.6422766
10.00,22,24,796.5918986
10.00,22,25,796.4161411
10.00,22,26,796.3635413
10.00,22,27,796.1925439
10.00,22,28,796.1378835
10.00,22,29,795.9713326
10.00,22,30,795.9147598
10.00,22,31,795.752368
10.00,22,32,795.6940188
10.00,22,33,795.5355223
10.00,22,34,795.4755221
10.00,22,35,795.3206782
10.00,22,36,795.2591426
10.00,22,37,795.1077279
10.00,22,38,795.0447634
10.00,22,39,794.8965719
10.00,22,40,794.8322771
10.00,22,41,794.6871182
10.00,22,42,794.6215843
10.00,22,43,794.4792819
10.00,22,44,794.4125935
10.00,22,45,794.2729844
10.00,22,46,794.2052198
10.00,22,47,794.0681526
10.00,22,48,793.9993845
10.00,22,49,793.8647187
10.00,22,50,793.7950148
10.00,22,51,793.6626196
10.00,22,52,793.5920428
10.00,22,53,793.4617966
10.00,22,54,793.3904054
10.00,22,55,793.2621949
10.00,22,56,793.1900438
10.00,22,57,793.0637631
10.00,22,58,792.9909031
10.00,22,59,792.8664536
10.00,22,60,792.7929321
10.00,22,61,792.6702214
10.00,22,62,792.5960829
10.00,22,63,792.4750246
10.00,22,64,792.4003105
10.00,22,65,792.2808238
10.00,22,66,792.2055729
10.00,22,67,792.087582
10.00,22,68,792.0118306
10.00,22,69,791.8952643
10.00,22,70,791.8190465
10.00,22,71,791.7038381
10.00,22,72,791.6271857
10.00,22,73,791.5132725
10.00,22,74,791.4362155
10.00,22,75,791.3235385
10.00,22,76,791.2461049
10.00,22,77,791.1346086
10.00,22,78,791.0568248
10.00,22,79,790.9464568
10.00,22,80,790.8683476
10.00,22,81,790.7590588
10.00,22,82,790.6806474
10.00,22,83,790.5723913
10.00,22,84,790.4936997
10.00,22,85,790.3864324
10.00,22,86,790.3074812
10.00,22,87,790.2011614
10.00,22,88,790.1219698
10.00,22,89,790.0165583
10.00,22,90,789.9371448
10.00,22,91,789.8326047
10.00,22,92,789.7529863
10.00,22,93,789.6492827
10.00,22,94,789.5694757
10.00,22,95,789.4665753
10.00,22,96,789.3865951
10.00,22,97,789.2844666
10.00,22,98,789.2043275
10.00,22,99,789.1029413
10.00,22,100,789.022657
10.00,22,101,788.9219848
10.00,22,102,788.8415681
10.00,22,103,788.7415832
10.00,22,104,788.6610462
10.00,22,105,788.5617234
10.00,22,106,788.4810776
10.00,22,107,788.3823926
10.00,22,108,788.3016488
10.00,22,109,788.2035789
10.00,22,110,788.1227474
10.00,22,111,788.0252708
10.00,22,112,787.9443612
10.00,22,113,787.8474572
10.00,22,114,787.7664787
10.00,22,115,787.6701277
10.00,22,116,787.5890889
10.00,22,117,787.4932722
10.00,22,118,787.4121813
10.00,22,119,787.316881
10.00,22,120,787.2357458
10.00,22,121,787.140945
10.00,22,122,787.0597728
10.00,22,123,786.9654553
10.00,22,124,786.884253
10.00,22,125,786.7904034
10.00,22,126,786.7091777
10.00,22,127,786.6157812
10.00,22,128,786.5345382
10.00,22,129,786.4415809
10.00,22,130,786.3603266
10.00,22,131,786.267795
10.00,22,132,786.186535
10.00,22,133,786.0944164
10.00,22,134,786.0131559
10.00,22,135,785.9214381
10.00,22,136,785.8401822
10.00,22,137,785.7488534
10.00,22,138,785.6676068
10.00,22,139,785.576656
10.00,22,140,785.4954233
10.00,22,141,785.4048398
10.00,22,142,785.3236251
10.00,22,143,785.2333987
10.00,22,144,785.1522062
10.00,22,145,785.0623272
10.00,22,146,784.9811607
10.00,22,147,784.8916196
10.00,22,148,784.8104828
10.00,22,149,784.7212708
10.00,22,150,784.640167
10.00,22,151,784.5512756
10.00,22,152,784.4702081
10.00,22,153,784.381629
10.00,22,154,784.3006011
10.00,22,155,784.2123264
10.00,22,156,784.1313408
10.00,22,157,784.0433631
10.00,22,158,783.9624227
10.00,22,159,783.8747346
10.00,22,160,783.7938422
10.00,22,161,783.7064369
10.00,22,162,783.6255948
10.00,22,163,783.5384655
10.00,22,164,783.4576762
10.00,22,165,783.3708167
10.00,22,166,783.2900824
10.00,22,167,783.2034864
10.00,22,168,783.1228093
10.00,22,169,783.0364711
10.00,22,170,782.9558531
10.00,22,171,782.8697669
10.00,22,172,782.7892101
10.00,22,173,782.7033705
10.00,22,174,782.6228766
10.00,22,175,782.5372784
10.00,22,176,782.4568491
10.00,22,177,782.3714873
10.00,22,178,782.2911244
10.00,22,179,782.2059941
10.00,22,180,782.125699
10.00,22,181,782.0407956
10.00,22,182,781.9605699
10.00,22,183,781.8758889
10.00,22,184,781.7957339
10.00,22,185,781.711271
10.00,22,186,781.631188
10.00,22,187,781.5469392
10.00,22,188,781.4669294
10.00,22,189,781.3828906
10.00,22,190,781.3029553
10.00,22,191,781.2191226
10.00,22,192,781.1392628
10.00,22,193,781.0556326
10.00,22,194,780.9758495
10.00,22,195,780.8924181
10.00,22,196,780.8127127
10.00,22,197,780.7294767
10.00,22,198,780.6498498
10.00,22,199,780.566806
10.00,22,200,780.4872586
10.00,23,1,854.6390938
10.00,23,2,854.6134185
10.00,23,3,854.5963502
10.00,23,4,854.5712406
10.00,23,5,854.5536522
10.00,23,6,854.5290827
10.00,23,7,854.5109976
10.00,23,8,854.4869445
10.00,23,9,854.4683851
10.00,23,10,854.4448257
10.00,23,11,854.4258136
10.00,23,12,854.4027261
10.00,23,13,854.3832819
10.00,23,14,854.3606453
10.00,23,15,854.3407888
10.00,23,16,854.318583
10.00,23,17,854.2983334
10.00,23,18,854.276539
10.00,23,19,854.2559146
10.00,23,20,854.2345131
10.00,23,21,854.2135313
10.00,23,22,854.2129213
10.00,23,23,854.1711922
10.00,23,24,854.1692471
10.00,23,25,854.1288855
10.00,23,26,854.1256652
10.00,23,27,854.0866105
10.00,23,28,854.0821725
10.00,23,29,854.0443663
10.00,23,30,854.038766
10.00,23,31,854.0021522
10.00,23,32,853.9954428
10.00,23,33,853.9599675
10.00,23,34,853.9521999
10.00,23,35,853.9178114
10.00,23,36,853.9090347
10.00,23,37,853.8756834
10.00,23,38,853.8659445
10.00,23,39,853.8335827
10.00,23,40,853.8229267
10.00,23,41,853.7915087
10.00,23,42,853.7799789
10.00,23,43,853.7494608
10.00,23,44,853.7370985
10.00,23,45,853.7074384
10.00,23,46,853.6942834
10.00,23,47,853.665441
10.00,23,48,853.6515313
10.00,23,49,853.6234679
10.00,23,50,853.60884
10.00,23,51,853.5815187
10.00,23,52,853.5662074
10.00,23,53,853.5395928
10.00,23,54,853.5236315
10.00,23,55,853.4976897
10.00,23,56,853.4811104
10.00,23,57,853.455809
10.00,23,58,853.4386421
10.00,23,59,853.4139502
10.00,23,60,853.396225
10.00,23,61,853.3721128
10.00,23,62,853.3538573
10.00,23,63,853.3302965
10.00,23,64,853.3115372
10.00,23,65,853.2885007
10.00,23,66,853.2692633
10.00,23,67,853.2467252
10.00,23,68,853.2270339
10.00,23,69,853.2049695
10.00,23,70,853.1848476
10.00,23,71,853.1632333
10.00,23,72,853.1427029
10.00,23,73,853.1215162
10.00,23,74,853.1209959
10.00,23,75,853.0636982
10.00,23,76,853.0393757
10.00,23,77,853.0213726
10.00,23,78,852.9976422
10.00,23,79,852.9790997
10.00,23,80,852.9559306
10.00,23,81,852.9368778
10.00,23,82,852.9142403
10.00,23,83,852.8947047
10.00,23,84,852.8725707
10.00,23,85,852.8525787
10.00,23,86,852.8309216
10.00,23,87,852.810498
10.00,23,88,852.7892923
10.00,23,89,852.7890862
10.00,23,90,852.7316227
10.00,23,91,852.7073318
10.00,23,92,852.6893813
10.00,23,93,852.6656906
10.00,23,94,852.6471936
10.00,23,95,852.6240713
10.00,23,96,852.6050575
10.00,23,97,852.5824735
10.00,23,98,852.562971
10.00,23,99,852.5408967
10.00,23,100,852.5209324
10.00,23,101,852.4993404
10.00,23,102,852.4789397
10.00,23,103,852.4578042
10.00,23,104,852.4573963
10.00,23,105,852.4002378
10.00,23,106,852.3760219
10.00,23,107,852.3580584
10.00,23,108,852.3344679
10.00,23,109,852.315937
10.00,23,110,852.2929369
10.00,23,111,852.2738713
10.00,23,112,852.2514282
10.00,23,113,852.2318587
10.00,23,114,852.2099412
10.00,23,115,852.1898972
10.00,23,116,852.1684755
10.00,23,117,852.1479845
10.00,23,118,852.1270305
10.00,23,119,852.1254435
10.00,23,120,852.0693021
10.00,23,121,852.0454006
10.00,23,122,852.0272289
10.00,23,123,852.0039435
10.00,23,124,851.9852133
10.00,23,125,851.9625092
10.00,23,126,851.9432528
10.00,23,127,851.9210972
10.00,23,128,851.9013452
10.00,23,129,851.8797068
10.00,23,130,851.8594883
10.00,23,131,851.8383375
10.00,23,132,851.81768
10.00,23,133,851.8168973
10.00,23,134,851.7759067
10.00,23,135,851.7734491
10.00,23,136,851.7341799
10.00,23,137,851.7301488
10.00,23,138,851.6924974
10.00,23,139,851.6869886
10.00,23,140,851.6508575
10.00,23,141,851.643961
10.00,23,142,851.6092584
10.00,23,143,851.601059
10.00,23,144,851.5676983
10.00,23,145,851.5582762
10.00,23,146,851.5261756
10.00,23,147,851.5156061
10.00,23,148,851.484689
10.00,23,149,851.4730429
10.00,23,150,851.4432368
10.00,23,151,851.4305811
10.00,23,152,851.4018178
10.00,23,153,851.3882154
10.00,23,154,851.3604308
10.00,23,155,851.3459407
10.00,23,156,851.3190744
10.00,23,157,851.3037525
10.00,23,158,851.2777477
10.00,23,159,851.2616461
10.00,23,160,851.2364494
10.00,23,161,851.2196176
10.00,23,162,851.1951787
10.00,23,163,851.1776629
10.00,23,164,851.1539344
10.00,23,165,851.1357783
10.00,23,166,851.1127159
10.00,23,167,851.0939603
10.00,23,168,851.0715221
10.00,23,169,851.0522055
10.00,23,170,851.0303523
10.00,23,171,851.0105109
10.00,23,172,850.9892057
10.00,23,173,850.9688734
10.00,23,174,850.9688467
10.00,23,175,850.9273002
10.00,23,176,850.9254846
10.00,23,177,850.8857771
10.00,23,178,850.882285
10.00,23,179,850.8443019
10.00,23,180,850.839239
10.00,23,181,850.8028724
10.00,23,182,850.7963383
10.00,23,183,850.7614866
10.00,23,184,850.7535749
10.00,23,185,850.7201426
10.00,23,186,850.7109414
10.00,23,187,850.6788385
10.00,23,188,850.6684306
10.00,23,189,850.6375727
10.00,23,190,850.6260358
10.00,23,191,850.5963435
10.00,23,192,850.5837508
10.00,23,193,850.5551494
10.00,23,194,850.5415696
10.00,23,195,850.513989
10.00,23,196,850.4994865
10.00,23,197,850.4728609
10.00,23,198,850.4574963
10.00,23,199,850.4317638
10.00,23,200,850.415594
10.00,24,1,849.637321
10.00,24,2,849.6199493
10.00,24,3,849.3456064
10.00,24,4,849.2614551
10.00,24,5,849.0040302
10.00,24,6,848.9056729
10.00,24,7,848.6635759
10.00,24,8,848.5514707
10.00,24,9,848.3239276
10.00,24,10,848.1988401
10.00,24,11,847.9850818
10.00,24,12,847.8477877
10.00,24,13,847.6470356
10.00,24,14,847.4983126
10.00,24,15,847.3097858
10.00,24,16,847.1504065
10.00,24,17,846.9733286
10.00,24,18,846.9648143
10.00,24,19,846.393744
10.00,24,20,846.296099
10.00,24,21,846.2410255
10.00,24,22,846.0387545
10.00,24,23,845.8979932
10.00,24,24,845.7051741
10.00,24,25,845.5558195
10.00,24,26,845.3723333
10.00,24,27,845.214569
10.00,24,28,845.0402332
10.00,24,29,844.8743054
10.00,24,30,844.8681328
10.00,24,31,844.5835185
10.00,24,32,844.508767
10.00,24,33,844.2520713
10.00,24,34,844.153514
10.00,24,35,843.9215327
10.00,24,36,843.8020124
10.00,24,37,843.5918793
10.00,24,38,843.4539412
10.00,24,39,843.2630902
10.00,24,40,843.1090102
10.00,24,41,842.9351459
10.00,24,42,842.9097453
10.00,24,43,842.3689349
10.00,24,44,842.2707706
10.00,24,45,842.2096298
10.00,24,46,842.0241585
10.00,24,47,841.871033
10.00,24,48,841.6990366
10.00,24,49,841.686502
10.00,24,50,841.1399073
10.00,24,51,841.045197
10.00,24,52,840.9909123
10.00,24,53,840.7955432
10.00,24,54,840.6471279
10.00,24,55,840.4726755
10.00,24,56,840.4488888
10.00,24,57,839.9150104
10.00,24,58,839.8173992
10.00,24,59,839.7545696
10.00,24,60,839.575902
10.00,24,61,839.4189125
10.00,24,62,839.413344
10.00,24,63,839.1346345
10.00,24,64,839.054343
10.00,24,65,838.8143166
10.00,24,66,838.7031626
10.00,24,67,838.4950486
10.00,24,68,838.3585422
10.00,24,69,838.1767617
10.00,24,70,838.0194539
10.00,24,71,838.0094872
10.00,24,72,837.7398029
10.00,24,73,837.6620363
10.00,24,74,837.4227489
10.00,24,75,837.3190789
10.00,24,76,837.1065823
10.00,24,77,836.9803285
10.00,24,78,836.7912813
10.00,24,79,836.6454872
10.00,24,80,836.476824
10.00,24,81,836.4475735
10.00,24,82,835.9345516
10.00,24,83,835.8395705
10.00,24,84,835.7785906
10.00,24,85,835.6030538
10.00,24,86,835.5818271
10.00,24,87,835.061998
10.00,24,88,834.9655943
10.00,24,89,834.8999177
10.00,24,90,834.733917
10.00,24,91,834.6926751
10.00,24,92,834.196931
10.00,24,93,834.1015542
10.00,24,94,834.037793
10.00,24,95,833.8699234
10.00,24,96,833.8167472
10.00,24,97,833.3334987
10.00,24,98,833.2357477
10.00,24,99,833.1654075
10.00,24,100,833.1540648
10.00,24,101,832.8935826
10.00,24,102,832.799585
10.00,24,103,832.5858722
10.00,24,104,832.4572189
10.00,24,105,832.2793559
10.00,24,106,832.2660904
10.00,24,107,831.7496536
10.00,24,108,831.6545125
10.00,24,109,831.5879884
10.00,24,110,831.5828478
10.00,24,111,831.3132018
10.00,24,112,831.2261546
10.00,24,113,831.0084603
10.00,24,114,830.8836301
10.00,24,115,830.7049927
10.00,24,116,830.6940049
10.00,24,117,830.1805523
10.00,24,118,830.0859467
10.00,24,119,830.0189344
10.00,24,120,830.0108544
10.00,24,121,829.7484799
10.00,24,122,829.6563987
10.00,24,123,829.4468684
10.00,24,124,829.3170399
10.00,24,125,829.1465551
10.00,24,126,829.1033427
10.00,24,127,828.6261062
10.00,24,128,828.5302579
10.00,24,129,828.4591193
10.00,24,130,828.4404841
10.00,24,131,828.1992678
10.00,24,132,828.0925794
10.00,24,133,827.9009333
10.00,24,134,827.7594444
10.00,24,135,827.7507724
10.00,24,136,827.4916753
10.00,24,137,827.4062557
10.00,24,138,827.1946625
10.00,24,139,827.0733497
10.00,24,140,826.8988145
10.00,24,141,826.8921485
10.00,24,142,826.3887859
10.00,24,143,826.2973314
10.00,24,144,826.2336939
10.00,24,145,826.226409
10.00,24,146,825.9666532
10.00,24,147,825.8820096
10.00,24,148,825.6725213
10.00,24,149,825.5505418
10.00,24,150,825.379604
10.00,24,151,825.3581517
10.00,24,152,824.8738435
10.00,24,153,824.7819727
10.00,24,154,824.7159732
10.00,24,155,824.7021903
10.00,24,156,824.4563139
10.00,24,157,824.3617569
10.00,24,158,824.1652094
10.00,24,159,824.0347154
10.00,24,160,824.0342187
10.00,24,161,823.7653461
10.00,24,162,823.6788155
10.00,24,163,823.475036
10.00,24,164,823.3450938
10.00,24,165,823.3426728
10.00,24,166,823.0774464
10.00,24,167,822.9973567
10.00,24,168,822.7886552
10.00,24,169,822.6678716
10.00,24,170,822.5011897
10.00,24,171,822.4629532
10.00,24,172,822.0039017
10.00,24,173,821.9119713
10.00,24,174,821.843116
10.00,24,175,821.8205022
10.00,24,176,821.5947126
10.00,24,177,821.4867955
10.00,24,178,821.3092318
10.00,24,179,821.1674012
10.00,24,180,821.1496739
10.00,24,181,820.916249
10.00,24,182,820.8073107
10.00,24,183,820.6317961
10.00,24,184,820.6055947
10.00,24,185,820.1391858
10.00,24,186,820.0469173
10.00,24,187,819.9752146
10.00,24,188,819.9462459
10.00,24,189,819.7353093
10.00,24,190,819.6124998
10.00,24,191,819.4533945
10.00,24,192,819.3700201
10.00,24,193,818.9627444
10.00,24,194,818.868286
10.00,24,195,818.7911353
10.00,24,196,818.7497774
10.00,24,197,818.5636085
10.00,24,198,818.4258178
10.00,24,199,818.4076321
10.00,24,200,818.1779697
10.00,25,1,935.9643639
10.00,25,2,935.815751
10.00,25,3,935.7640892
10.00,25,4,935.6858938
10.00,25,5,935.6231235
10.00,25,6,935.4929992
10.00,25,7,935.4366086
10.00,25,8,935.4246151
10.00,25,9,935.2935446
10.00,25,10,935.2378528
10.00,25,11,935.2279145
10.00,25,12,935.0940977
10.00,25,13,935.0387689
10.00,25,14,935.0294163
10.00,25,15,934.8950586
10.00,25,16,934.8403416
10.00,25,17,934.8328049
10.00,25,18,934.6960129
10.00,25,19,934.6415525
10.00,25,20,934.6342821
10.00,25,21,934.4973813
10.00,25,22,934.4434356
10.00,25,23,934.4377101
10.00,25,24,934.298732
10.00,25,25,934.244931
10.00,25,26,934.2391406
10.00,25,27,934.1005011
10.00,25,28,934.0471098
10.00,25,29,934.0425689
10.00,25,30,933.9022448
10.00,25,31,933.8488837
10.00,25,32,933.8439439
10.00,25,33,933.7044092
10.00,25,34,933.6513479
10.00,25,35,933.6473446
10.00,25,36,933.5065441
10.00,25,37,933.4533992
10.00,25,38,933.4486691
10.00,25,39,933.3091001
10.00,25,40,933.2561426
10.00,25,41,933.2520271
10.00,25,42,933.1116261
10.00,25,43,933.0584746
10.00,25,44,933.0533186
10.00,25,45,932.9145714
10.00,25,46,932.8614957
10.00,25,47,932.8566317
10.00,25,48,932.7174899
10.00,25,49,932.6641158
10.00,25,50,932.6579201
10.00,25,51,932.5208236
10.00,25,52,932.4674173
10.00,25,53,932.4611984
10.00,25,54,932.3241372
10.00,25,55,932.270337
10.00,25,56,932.2625241
10.00,25,57,932.1278602
10.00,25,58,932.0739258
10.00,25,59,932.0657895
10.00,25,60,931.9315728
10.00,25,61,931.8771596
10.00,25,62,931.8672016
10.00,25,63,931.735687
10.00,25,64,931.6810461
10.00,25,65,931.6704868
10.00,25,66,931.5398032
10.00,25,67,931.4846111
10.00,25,68,931.4720407
10.00,25,69,931.3443118
10.00,25,70,931.2888086
10.00,25,71,931.275387
10.00,25,72,931.1488369
10.00,25,73,931.0927236
10.00,25,74,931.0771426
10.00,25,75,930.9537438
10.00,25,76,930.897248
10.00,25,77,930.8805984
10.00,25,78,930.7586835
10.00,25,79,930.7015327
10.00,25,80,930.6826176
10.00,25,81,930.5639934
10.00,25,82,930.5064015
10.00,25,83,930.4862361
10.00,25,84,930.3693532
10.00,25,85,930.3110756
10.00,25,86,930.2885803
10.00,25,87,930.1750711
10.00,25,88,930.116307
10.00,25,89,930.0924176
10.00,25,90,929.9808565
10.00,25,91,929.92139
10.00,25,92,929.8951463
10.00,25,93,929.7869876
10.00,25,94,929.7270025
10.00,25,95,929.6992587
10.00,25,96,929.5932037
10.00,25,97,929.5325125
10.00,25,98,929.5024273
10.00,25,99,929.3997528
10.00,25,100,929.338524
10.00,25,101,929.3068701
10.00,25,102,929.2064041
10.00,25,103,929.2011408
10.00,25,104,929.0237979
10.00,25,105,928.9806311
10.00,25,106,928.896057
10.00,25,107,928.8528473
10.00,25,108,928.7111918
10.00,25,109,928.6594382
10.00,25,110,928.6538687
10.00,25,111,928.5184591
10.00,25,112,928.4656584
10.00,25,113,928.4571895
10.00,25,114,928.3257419
10.00,25,115,928.2716199
10.00,25,116,928.2589726
10.00,25,117,928.1334428
10.00,25,118,928.0782997
10.00,25,119,928.0627943
10.00,25,120,927.9411934
10.00,25,121,927.8848065
10.00,25,122,927.8653877
10.00,25,123,927.7493347
10.00,25,124,927.6919679
10.00,25,125,927.669779
10.00,25,126,927.5575559
10.00,25,127,927.4990324
10.00,25,128,927.4732172
10.00,25,129,927.3661428
10.00,25,130,927.3066929
10.00,25,131,927.2782339
10.00,25,132,927.1748359
10.00,25,133,927.1143228
10.00,25,134,927.0825379
10.00,25,135,926.9838721
10.00,25,136,926.9771943
10.00,25,137,926.8036112
10.00,25,138,926.7606139
10.00,25,139,926.6774726
10.00,25,140,926.6335581
10.00,25,141,926.4949235
10.00,25,142,926.4434534
10.00,25,143,926.4368276
10.00,25,144,926.304162
10.00,25,145,926.2508952
10.00,25,146,926.2387649
10.00,25,147,926.1138491
10.00,25,148,926.0591479
10.00,25,149,926.0430081
10.00,25,150,925.9236138
10.00,25,151,925.8673167
10.00,25,152,925.8462987
10.00,25,153,925.7337861
10.00,25,154,925.6761977
10.00,25,155,925.6515373
10.00,25,156,925.5440699
10.00,25,157,925.4850781
10.00,25,158,925.4561316
10.00,25,159,925.354726
10.00,25,160,925.2945857
10.00,25,161,925.262369
10.00,25,162,925.1655207
10.00,25,163,925.1528395
10.00,25,164,924.9861935
10.00,25,165,924.9412485
10.00,25,166,924.8620718
10.00,25,167,924.8085091
10.00,25,168,924.6803966
10.00,25,169,924.6265241
10.00,25,170,924.6112032
10.00,25,171,924.4917208
10.00,25,172,924.4362027
10.00,25,173,924.4162776
10.00,25,174,924.3031594
10.00,25,175,924.2459031
10.00,25,176,924.2207422
10.00,25,177,924.1150057
10.00,25,178,924.0563291
10.00,25,179,924.0271579
10.00,25,180,923.9269976
10.00,25,181,923.9223718
10.00,25,182,923.7493315
10.00,25,183,923.7061307
10.00,25,184,923.6254651
10.00,25,185,923.5761372
10.00,25,186,923.44524
10.00,25,187,923.3923756
10.00,25,188,923.3787751
10.00,25,189,923.2577463
10.00,25,190,923.2029792
10.00,25,191,923.184072
10.00,25,192,923.0703846
10.00,25,193,923.0136615
10.00,25,194,922.9889203
10.00,25,195,922.8834511
10.00,25,196,922.8251308
10.00,25,197,922.795895
10.00,25,198,922.6966802
10.00,25,199,922.6902889
10.00,25,200,922.5200348
10.00,26,1,658.2786451
10.00,26,2,658.2337958
10.00,26,3,658.2332571
10.00,26,4,658.1825953
10.00,26,5,658.1529926
10.00,26,6,658.1356002
10.00,26,7,658.1006182
10.00,26,8,658.0923475
10.00,26,9,658.0494115
10.00,26,10,658.0234976
10.00,26,11,658.0007132
10.00,26,12,657.9707609
10.00,26,13,657.955424
10.00,26,14,657.9192192
10.00,26,15,657.9154936
10.00,26,16,657.8695676
10.00,26,17,657.8416713
10.00,26,18,657.8217159
10.00,26,19,657.7891432
10.00,26,20,657.7770976
10.00,26,21,657.7376364
10.00,26,22,657.7370954
10.00,26,23,657.6875615
10.00,26,24,657.659713
10.00,26,25,657.6407403
10.00,26,26,657.607755
10.00,26,27,657.5983083
10.00,26,28,657.5573398
10.00,26,29,657.5312495
10.00,26,30,657.5084672
10.00,26,31,657.4785195
10.00,26,32,657.4623035
10.00,26,33,657.4266536
10.00,26,34,657.4200295
10.00,26,35,657.3760062
10.00,26,36,657.3498417
10.00,26,37,657.3280227
10.00,26,38,657.2975945
10.00,26,39,657.283666
10.00,26,40,657.2466202
10.00,26,41,657.2450286
10.00,26,42,657.1976674
10.00,26,43,657.1693187
10.00,26,44,657.1506231
10.00,26,45,657.1172975
10.00,26,46,657.1070284
10.00,26,47,657.0663635
10.00,26,48,657.0412471
10.00,26,49,657.017744
10.00,26,50,656.9888922
10.00,26,51,656.9722961
10.00,26,52,656.9376502
10.00,26,53,656.9318393
10.00,26,54,656.8881688
10.00,26,55,656.8611782
10.00,26,56,656.8404105
10.00,26,57,656.8090501
10.00,26,58,656.7957165
10.00,26,59,656.7578943
10.00,26,60,656.7554182
10.00,26,61,656.7081085
10.00,26,62,656.6810329
10.00,26,63,656.6613908
10.00,26,64,656.6294631
10.00,26,65,656.6188441
10.00,26,66,656.5793605
10.00,26,67,656.5538984
10.00,26,68,656.530755
10.00,26,69,656.5016195
10.00,26,70,656.4847615
10.00,26,71,656.4501769
10.00,26,72,656.4425344
10.00,26,73,656.3999184
10.00,26,74,656.3742879
10.00,26,75,656.3522242
10.00,26,76,656.3224908
10.00,26,77,656.3080443
10.00,26,78,656.2719285
10.00,26,79,656.2694177
10.00,26,80,656.2233305
10.00,26,81,656.195534
10.00,26,82,656.1766207
10.00,26,83,656.1439843
10.00,26,84,656.1333044
10.00,26,85,656.093507
10.00,26,86,656.0687639
10.00,26,87,656.0453001
10.00,26,88,656.0168995
10.00,26,89,656.0002227
10.00,26,90,655.9661344
10.00,26,91,655.9600819
10.00,26,92,655.9171127
10.00,26,93,655.8904685
10.00,26,94,655.869819
10.00,26,95,655.83885
10.00,26,96,655.825589
10.00,26,97,655.7882053
10.00,26,98,655.7857683
10.00,26,99,655.7389375
10.00,26,100,655.7121124
10.00,26,101,655.692745
10.00,26,102,655.6610706
10.00,26,103,655.6507558
10.00,26,104,655.6115094
10.00,26,105,655.5862291
10.00,26,106,655.5634708
10.00,26,107,655.5344894
10.00,26,108,655.5180876
10.00,26,109,655.4836006
10.00,26,110,655.4765441
10.00,26,111,655.4339201
10.00,26,112,655.4083952
10.00,26,113,655.3868593
10.00,26,114,655.3571609
10.00,26,115,655.3434052
10.00,26,116,655.3071958
10.00,26,117,655.3056688
10.00,26,118,655.259257
10.00,26,119,655.2314337
10.00,26,120,655.2132729
10.00,26,121,655.1804715
10.00,26,122,655.1708058
10.00,26,123,655.130621
10.00,26,124,655.1058687
10.00,26,125,655.0831343
10.00,26,126,655.0545947
10.00,26,127,655.0389187
10.00,26,128,655.0044716
10.00,26,129,654.9998817
10.00,26,130,654.9561812
10.00,26,131,654.929366
10.00,26,132,654.9097059
10.00,26,133,654.8783621
10.00,26,134,654.8664596
10.00,26,135,654.8283838
10.00,26,136,654.8278689
10.00,26,137,654.7798579
10.00,26,138,654.7527836
10.00,26,139,654.7346045
10.00,26,140,654.7024076
10.00,26,141,654.6938379
10.00,26,142,654.6536157
10.00,26,143,654.6280807
10.00,26,144,654.6064459
10.00,26,145,654.5769696
10.00,26,146,654.5621196
10.00,26,147,654.5267679
10.00,26,148,654.521911
10.00,26,149,654.4778601
10.00,26,150,654.4520098
10.00,26,151,654.4317894
10.00,26,152,654.4014563
10.00,26,153,654.3896349
10.00,26,154,654.3522837
10.00,26,155,654.327806
10.00,26,156,654.304568
10.00,26,157,654.2766328
10.00,26,158,654.2593739
10.00,26,159,654.2262715
10.00,26,160,654.2178455
10.00,26,161,654.1770695
10.00,26,162,654.1522438
10.00,26,163,654.1303497
10.00,26,164,654.101571
10.00,26,165,654.087077
10.00,26,166,654.052113
10.00,26,167,654.0492823
10.00,26,168,654.0045983
10.00,26,169,653.9775173
10.00,26,170,653.9590028
10.00,26,171,653.9271416
10.00,26,172,653.916836
10.00,26,173,653.8778538
10.00,26,174,653.853607
10.00,26,175,653.8308615
10.00,26,176,653.8029449
10.00,26,177,653.7870702
10.00,26,178,653.7534108
10.00,26,179,653.7483618
10.00,26,180,653.7056782
10.00,26,181,653.6793485
10.00,26,182,653.6597604
10.00,26,183,653.6289811
10.00,26,184,653.6170584
10.00,26,185,653.5796378
10.00,26,186,653.579013
10.00,26,187,653.5317512
10.00,26,188,653.5050361
10.00,26,189,653.4871332
10.00,26,190,653.4553196
10.00,26,191,653.4470285
10.00,26,192,653.4071994
10.00,26,193,653.3819268
10.00,26,194,653.360732
10.00,26,195,653.3314948
10.00,26,196,653.317159
10.00,26,197,653.2819898
10.00,26,198,653.2777932
10.00,26,199,653.2338088
10.00,26,200,653.208114
10.00,27,1,676.4807205
10.00,27,2,676.156283
10.00,27,3,675.7189681
10.00,27,4,675.5724882
10.00,27,5,675.001498
10.00,27,6,674.628903
10.00,27,7,674.3447896
10.00,27,8,673.8884432
10.00,27,9,673.7935926
10.00,27,10,673.1886882
10.00,27,11,672.8008334
10.00,27,12,672.5735635
10.00,27,13,672.0863356
10.00,27,14,671.7503716
10.00,27,15,671.4187509
10.00,27,16,671.0214076
10.00,27,17,670.8313389
10.00,27,18,670.3244661
10.00,27,19,669.9760112
10.00,27,20,669.6906205
10.00,27,21,669.2686832
10.00,27,22,669.1610035
10.00,27,23,668.6046146
10.00,27,24,668.2484984
10.00,27,25,667.9995725
10.00,27,26,667.5598473
10.00,27,27,667.497258
10.00,27,28,666.9103205
10.00,27,29,666.5405999
10.00,27,30,666.342721
10.00,27,31,665.8753539
10.00,27,32,665.5572228
10.00,27,33,665.254801
10.00,27,34,664.8767738
10.00,27,35,664.7107642
10.00,27,36,664.2265541
10.00,27,37,663.8971244
10.00,27,38,663.6361152
10.00,27,39,663.2359739
10.00,27,40,663.1441912
10.00,27,41,662.6153941
10.00,27,42,662.2794299
10.00,27,43,662.0500913
10.00,27,44,661.6347058
10.00,27,45,661.5809887
10.00,27,46,661.0264168
10.00,27,47,660.678407
10.00,27,48,660.4942428
10.00,27,49,660.0544466
10.00,27,50,659.7558362
10.00,27,51,659.4717385
10.00,27,52,659.117215
10.00,27,53,658.9596207
10.00,27,54,658.5063699
10.00,27,55,658.1976396
10.00,27,56,657.9502199
10.00,27,57,657.5760684
10.00,27,58,657.4839977
10.00,27,59,656.9913574
10.00,27,60,656.677675
10.00,27,61,656.4569882
10.00,27,62,656.0706508
10.00,27,63,656.0100956
10.00,27,64,655.4967481
10.00,27,65,655.1723197
10.00,27,66,654.9914079
10.00,27,67,654.5835252
10.00,27,68,654.305009
10.00,27,69,654.0319264
10.00,27,70,653.7029009
10.00,27,71,653.5438492
10.00,27,72,653.1258117
10.00,27,73,652.8382238
10.00,27,74,652.5975132
10.00,27,75,652.2511099
10.00,27,76,652.1492863
10.00,27,77,651.696738
10.00,27,78,651.4058305
10.00,27,79,651.1873239
10.00,27,80,650.8317123
10.00,27,81,650.7558356
10.00,27,82,650.2872008
10.00,27,83,649.9865797
10.00,27,84,649.8031571
10.00,27,85,649.4283992
10.00,27,86,649.4187576
10.00,27,87,648.9103524
10.00,27,88,648.6023033
10.00,27,89,648.4465008
10.00,27,90,648.0565309
10.00,27,91,647.7866884
10.00,27,92,647.5552372
10.00,27,93,647.2313701
10.00,27,94,647.1269068
10.00,27,95,646.7057993
10.00,27,96,646.4335708
10.00,27,97,646.2212841
10.00,27,98,645.8899968
10.00,27,99,645.8078613
10.00,27,100,645.3734637
10.00,27,101,645.092218
10.00,27,102,644.9116807
10.00,27,103,644.5628664
10.00,27,104,644.5401287
10.00,27,105,644.0697725
10.00,27,106,643.7825953
10.00,27,107,643.6260039
10.00,27,108,643.2645414
10.00,27,109,643.0118338
10.00,27,110,642.7865975
10.00,27,111,642.484915
10.00,27,112,642.3744647
10.00,27,113,641.9847857
10.00,27,114,641.7305008
10.00,27,115,641.5218826
10.00,27,116,641.2142898
10.00,27,117,641.1233671
10.00,27,118,640.722641
10.00,27,119,640.4598628
10.00,27,120,640.2802272
10.00,27,121,639.9563872
10.00,27,122,639.9190337
10.00,27,123,639.4855028
10.00,27,124,639.2180374
10.00,27,125,639.0593572
10.00,27,126,638.7249591
10.00,27,127,638.7115441
10.00,27,128,638.2609285
10.00,27,129,637.9844838
10.00,27,130,637.8575441
10.00,27,131,637.5052837
10.00,27,132,637.2705124
10.00,27,133,637.0585487
10.00,27,134,636.7779781
10.00,27,135,636.6677913
10.00,27,136,636.3069879
10.00,27,137,636.0642654
10.00,27,138,635.8784508
10.00,27,139,635.5829815
10.00,27,140,635.5200262
10.00,27,141,635.1298634
10.00,27,142,634.8839468
10.00,27,143,634.7159015
10.00,27,144,634.4122914
10.00,27,145,634.3703232
10.00,27,146,633.9662151
10.00,27,147,633.7116179
10.00,27,148,633.5725929
10.00,27,149,633.2522192
10.00,27,150,633.0343395
10.00,27,151,632.8213791
10.00,27,152,632.5638194
10.00,27,153,632.439668
10.00,27,154,632.1123657
10.00,27,155,631.8869631
10.00,27,156,631.6979373
10.00,27,157,631.4265119
10.00,27,158,631.3447741
10.00,27,159,630.9907078
10.00,27,160,630.7630662
10.00,27,161,630.5895844
10.00,27,162,630.3115936
10.00,27,163,630.2489322
10.00,27,164,629.8829157
10.00,27,165,629.6468241
10.00,27,166,629.5002986
10.00,27,167,629.206352
10.00,27,168,629.1943316
10.00,27,169,628.7963684
10.00,27,170,628.5547813
10.00,27,171,628.4287756
10.00,27,172,628.1232509
10.00,27,173,627.9105849
10.00,27,174,627.7257411
10.00,27,175,627.4707239
10.00,27,176,627.3847231
10.00,27,177,627.0535774
10.00,27,178,626.8388533
10.00,27,179,626.6687004
10.00,27,180,626.4074681
10.00,27,181,626.3401612
10.00,27,182,625.9973698
10.00,27,183,625.7742003
10.00,27,184,625.6300593
10.00,27,185,625.3530649
10.00,27,186,625.3342612
10.00,27,187,624.9603555
10.00,27,188,624.7319211
10.00,27,189,624.6075877
10.00,27,190,624.3193549
10.00,27,191,624.1174239
10.00,27,192,623.9387076
10.00,27,193,623.6969906
10.00,27,194,623.6113081
10.00,27,195,623.2979447
10.00,27,196,623.0938442
10.00,27,197,622.9295677
10.00,27,198,622.6814978
10.00,27,199,622.6148755
10.00,27,200,622.2894474
10.00,28,1,780.6099266
10.00,28,2,780.4494809
10.00,28,3,780.3895216
10.00,28,4,780.3381871
10.00,28,5,780.3295715
10.00,28,6,780.2300434
10.00,28,7,780.2051365
10.00,28,8,780.1236789
10.00,28,9,780.0868827
10.00,28,10,780.0186473
10.00,28,11,779.9732134
10.00,28,12,779.9146139
10.00,28,13,779.8629318
10.00,28,14,779.8526791
10.00,28,15,779.7548043
10.00,28,16,779.7273797
10.00,28,17,779.6487513
10.00,28,18,779.6093496
10.00,28,19,779.5441636
10.00,28,20,779.496396
10.00,28,21,779.4406205
10.00,28,22,779.4230994
10.00,28,23,779.2904296
10.00,28,24,779.2843711
10.00,28,25,779.1820952
10.00,28,26,779.1573487
10.00,28,27,779.0760595
10.00,28,28,779.0383839
10.00,28,29,778.971632
10.00,28,30,778.9249963
10.00,28,31,778.8683396
10.00,28,32,778.8557264
10.00,28,33,778.7193607
10.00,28,34,778.715314
10.00,28,35,778.6110662
10.00,28,36,778.5874673
10.00,28,37,778.5052209
10.00,28,38,778.4681988
10.00,28,39,778.4010744
10.00,28,40,778.35482
10.00,28,41,778.298117
10.00,28,42,778.2859834
10.00,28,43,778.1496614
10.00,28,44,778.1453421
10.00,28,45,778.0416823
10.00,28,46,778.0176661
10.00,28,47,777.9362156
10.00,28,48,777.8987753
10.00,28,49,777.8324787
10.00,28,50,777.7858723
10.00,28,51,777.7299439
10.00,28,52,777.7140402
10.00,28,53,777.5813642
10.00,28,54,777.5746334
10.00,28,55,777.4739733
10.00,28,56,777.4481067
10.00,28,57,777.3690676
10.00,28,58,777.3302493
10.00,28,59,777.2658623
10.00,28,60,777.2182615
10.00,28,61,777.1638312
10.00,28,62,777.1405069
10.00,28,63,777.0145823
10.00,28,64,777.0036502
10.00,28,65,776.9080212
10.00,28,66,776.8791339
10.00,28,67,776.8038347
10.00,28,68,776.7628742
10.00,28,69,776.7012638
10.00,28,70,776.6521713
10.00,28,71,776.6462257
10.00,28,72,776.5455688
10.00,28,73,776.5210804
10.00,28,74,776.4412672
10.00,28,75,776.4038705
10.00,28,76,776.3386056
10.00,28,77,776.2922675
10.00,28,78,776.2371121
10.00,28,79,776.2207767
10.00,28,80,776.0905498
10.00,28,81,776.084307
10.00,28,82,775.9842619
10.00,28,83,775.9593559
10.00,28,84,775.8803336
10.00,28,85,775.8425287
10.00,28,86,775.7780742
10.00,28,87,775.7313992
10.00,28,88,775.6769949
10.00,28,89,775.6570294
10.00,28,90,775.5302913
10.00,28,91,775.521704
10.00,28,92,775.4245756
10.00,28,93,775.3978559
10.00,28,94,775.321198
10.00,28,95,775.2820404
10.00,28,96,775.2194621
10.00,28,97,775.1718156
10.00,28,98,775.169234
10.00,28,99,775.0650765
10.00,28,100,775.0410796
10.00,28,101,774.961322
10.00,28,102,774.9232771
10.00,28,103,774.8595429
10.00,28,104,774.8122619
10.00,28,105,774.8100984
10.00,28,106,774.7060886
10.00,28,107,774.6834975
10.00,28,108,774.6025957
10.00,28,109,774.5661037
10.00,28,110,774.5009673
10.00,28,111,774.455065
10.00,28,112,774.400635
10.00,28,113,774.3814992
10.00,28,114,774.2550688
10.00,28,115,774.2458939
10.00,28,116,774.1500772
10.00,28,117,774.1225384
10.00,28,118,774.0475495
10.00,28,119,774.0076165
10.00,28,120,773.9467231
10.00,28,121,773.898468
10.00,28,122,773.8919909
10.00,28,123,773.7929072
10.00,28,124,773.7659524
10.00,28,125,773.6903042
10.00,28,126,773.650121
10.00,28,127,773.5896303
10.00,28,128,773.540883
10.00,28,129,773.5318909
10.00,28,130,773.4362321
10.00,28,131,773.4085937
10.00,28,132,773.334136
10.00,28,133,773.2940245
10.00,28,134,773.2337878
10.00,28,135,773.1853761
10.00,28,136,773.1773872
10.00,28,137,773.0803957
10.00,28,138,773.0522567
10.00,28,139,772.9783825
10.00,28,140,772.9373388
10.00,28,141,772.8782884
10.00,28,142,772.828962
10.00,28,143,772.8170211
10.00,28,144,772.7250766
10.00,28,145,772.6952678
10.00,28,146,772.6236959
10.00,28,147,772.5820468
10.00,28,148,772.5240131
10.00,28,149,772.5238603
10.00,28,150,772.3828476
10.00,28,151,772.3816459
10.00,28,152,772.2777136
10.00,28,153,772.2548726
10.00,28,154,772.1756289
10.00,28,155,772.1385008
10.00,28,156,772.0755998
10.00,28,157,772.0290901
10.00,28,158,772.0261804
10.00,28,159,771.9239447
10.00,28,160,771.8986742
10.00,28,161,771.8221907
10.00,28,162,771.7828151
10.00,28,163,771.7225939
10.00,28,164,771.6742982
10.00,28,165,771.6644089
10.00,28,166,771.5707273
10.00,28,167,771.541955
10.00,28,168,771.4698861
10.00,28,169,771.4287738
10.00,28,170,771.370868
10.00,28,171,771.3704003
10.00,28,172,771.2305229
10.00,28,173,771.2282014
10.00,28,174,771.1261014
10.00,28,175,771.1021353
10.00,28,176,771.0248315
10.00,28,177,770.9867789
10.00,28,178,770.9256548
10.00,28,179,770.8784857
10.00,28,180,770.8717597
10.00,28,181,770.7744963
10.00,28,182,770.7465095
10.00,28,183,770.6738271
10.00,28,184,770.6326089
10.00,28,185,770.5752429
10.00,28,186,770.5691286
10.00,28,187,770.4337127
10.00,28,188,770.4260538
10.00,28,189,770.3300947
10.00,28,190,770.3014149
10.00,28,191,770.2297959
10.00,28,192,770.1881029
10.00,28,193,770.1315709
10.00,28,194,770.1217145
10.00,28,195,769.989868
10.00,28,196,769.9801912
10.00,28,197,769.886795
10.00,28,198,769.8567652
10.00,28,199,769.7869712
10.00,28,200,769.7444051
10.00,29,1,897.6336164
10.00,29,2,897.5958153
10.00,29,3,897.5270158
10.00,29,4,897.4752964
10.00,29,5,897.4322731
10.00,29,6,897.3993099
10.00,29,7,897.3416697
10.00,29,8,897.2955076
10.00,29,9,897.2763903
10.00,29,10,897.2099263
10.00,29,11,897.1598878
10.00,29,12,897.1593623
10.00,29,13,897.0819104
10.00,29,14,897.0258723
10.00,29,15,896.980834
10.00,29,16,896.9576122
10.00,29,17,896.8941658
10.00,29,18,896.8451712
10.00,29,19,896.839162
10.00,29,20,896.7646633
10.00,29,21,896.7108799
10.00,29,22,896.666725
10.00,29,23,896.6392792
10.00,29,24,896.5782742
10.00,29,25,896.5309309
10.00,29,26,896.5186802
10.00,29,27,896.4486576
10.00,29,28,896.3964458
10.00,29,29,896.3533237
10.00,29,30,896.3220608
10.00,29,31,896.2638166
10.00,29,32,896.2175062
10.00,29,33,896.2001347
10.00,29,34,896.1329953
10.00,29,35,896.0828037
10.00,29,36,896.0405138
10.00,29,37,896.0054401
10.00,29,38,895.9494694
10.00,29,39,895.904615
10.00,29,40,895.8816939
10.00,29,41,895.818484
10.00,29,42,895.7697674
10.00,29,43,895.7634996
10.00,29,44,895.6895557
10.00,29,45,895.636213
10.00,29,46,895.592422
10.00,29,47,895.5645086
10.00,29,48,895.5042319
10.00,29,49,895.4573931
10.00,29,50,895.4439022
10.00,29,51,895.3750435
10.00,29,52,895.3235815
10.00,29,53,895.2809624
10.00,29,54,895.2486226
10.00,29,55,895.1914816
10.00,29,56,895.1458697
10.00,29,57,895.1264723
10.00,29,58,895.0610211
10.00,29,59,895.0117954
10.00,29,60,895.009492
10.00,29,61,894.9338869
10.00,29,62,894.8791329
10.00,29,63,894.8350074
10.00,29,64,894.8099273
10.00,29,65,894.7484726
10.00,29,66,894.7007853
10.00,29,67,894.6909563
10.00,29,68,894.6196485
10.00,29,69,894.5677248
10.00,29,70,894.524778
10.00,29,71,894.4942842
10.00,29,72,894.4360651
10.00,29,73,894.3903574
10.00,29,74,894.3728325
10.00,29,75,894.3068711
10.00,29,76,894.2570142
10.00,29,77,894.2153016
10.00,29,78,894.1800921
10.00,29,79,894.1251687
10.00,29,80,894.0808008
10.00,29,81,894.0570128
10.00,29,82,893.9947468
10.00,29,83,893.9471884
10.00,29,84,893.9383727
10.00,29,85,893.8671791
10.00,29,86,893.8147934
10.00,29,87,893.7719385
10.00,29,88,893.7423136
10.00,29,89,893.6841027
10.00,29,90,893.638173
10.00,29,91,893.621655
10.00,29,92,893.5549714
10.00,29,93,893.5053954
10.00,29,94,893.4637435
10.00,29,95,893.4287333
10.00,29,96,893.3738004
10.00,29,97,893.3297989
10.00,29,98,893.3057434
10.00,29,99,893.2442465
10.00,29,100,893.196757
10.00,29,101,893.1874462
10.00,29,102,893.1163698
10.00,29,103,893.0647961
10.00,29,104,893.02222
10.00,29,105,892.9917181
10.00,29,106,892.9341195
10.00,29,107,892.8889198
10.00,29,108,892.8706284
10.00,29,109,892.8057163
10.00,29,110,892.7566048
10.00,29,111,892.7547184
10.00,29,112,892.6790966
10.00,29,113,892.6254618
10.00,29,114,892.5819314
10.00,29,115,892.5560353
10.00,29,116,892.4957003
10.00,29,117,892.4492732
10.00,29,118,892.4368389
10.00,29,119,892.3684456
10.00,29,120,892.317681
10.00,29,121,892.2757947
10.00,29,122,892.2435058
10.00,29,123,892.1875617
10.00,29,124,892.1429563
10.00,29,125,892.1221543
10.00,29,126,892.0587639
10.00,29,127,892.0109641
10.00,29,128,892.0049925
10.00,29,129,891.9327321
10.00,29,130,891.8801254
10.00,29,131,891.8374276
10.00,29,132,891.8091784
10.00,29,133,891.7508883
10.00,29,134,891.7051912
10.00,29,135,891.6895192
10.00,29,136,891.6230404
10.00,29,137,891.5738574
10.00,29,138,891.5326464
10.00,29,139,891.4978412
10.00,29,140,891.443584
10.00,29,141,891.4001676
10.00,29,142,891.3755261
10.00,29,143,891.3151542
10.00,29,144,891.2684963
10.00,29,145,891.2573566
10.00,29,146,891.1881602
10.00,29,147,891.1377723
10.00,29,148,891.0960286
10.00,29,149,891.0639829
10.00,29,150,891.0081536
10.00,29,151,890.9640579
10.00,29,152,890.9428304
10.00,29,153,890.8804924
10.00,29,154,890.8329319
10.00,29,155,890.826045
10.00,29,156,890.7543006
10.00,29,157,890.7027909
10.00,29,158,890.660556
10.00,29,159,890.6310733
10.00,29,160,890.5737918
10.00,29,161,890.5290749
10.00,29,162,890.5109862
10.00,29,163,890.4468494
10.00,29,164,890.3984697
10.00,29,165,890.3954518
10.00,29,166,890.3213965
10.00,29,167,890.2688791
10.00,29,168,890.2262095
10.00,29,169,890.1990314
10.00,29,170,890.1404574
10.00,29,171,890.0951961
10.00,29,172,890.0798938
10.00,29,173,890.0141743
10.00,29,174,889.9650826
10.00,29,175,889.9242941
10.00,29,176,889.8897715
10.00,29,177,889.8361909
10.00,29,178,889.79306
10.00,29,179,889.768283
10.00,29,180,889.7083507
10.00,29,181,889.6625156
10.00,29,182,889.6501089
10.00,29,183,889.5827338
10.00,29,184,889.5328953
10.00,29,185,889.4918123
10.00,29,186,889.4590294
10.00,29,187,889.4045316
10.00,29,188,889.3610113
10.00,29,189,889.3383146
10.00,29,190,889.2772245
10.00,29,191,889.2309109
10.00,29,192,889.2209708
10.00,29,193,889.1522052
10.00,29,194,889.1017511
10.00,29,195,889.0604357
10.00,29,196,889.0291132
10.00,29,197,888.9738711
10.00,29,198,888.9300463
10.00,29,199,888.9090577
10.00,29,200,888.8470442
10.00,30,1,758.5710053
10.00,30,2,758.549771
10.00,30,3,758.5329246
10.00,30,4,758.5184667
10.00,30,5,758.5055727
10.00,30,6,758.5041632
10.00,30,7,758.4845128
10.00,30,8,758.4682714
10.00,30,9,758.4543189
10.00,30,10,758.4416544
10.00,30,11,758.4382222
10.00,30,12,758.4193466
10.00,30,13,758.4038483
10.00,30,14,758.3902201
10.00,30,15,758.3778156
10.00,30,16,758.3724793
10.00,30,17,758.3546517
10.00,30,18,758.3395627
10.00,30,19,758.3262941
10.00,30,20,758.3140587
10.00,30,21,758.3071053
10.00,30,22,758.2899065
10.00,30,23,758.2753959
10.00,30,24,758.2623889
10.00,30,25,758.2620491
10.00,30,26,758.241753
10.00,30,27,758.2254301
10.00,30,28,758.2112907
10.00,30,29,758.1985889
10.00,30,30,758.1960223
10.00,30,31,758.176965
10.00,30,32,758.1611055
10.00,30,33,758.147388
10.00,30,34,758.1348792
10.00,30,35,758.1304277
10.00,30,36,758.1120874
10.00,30,37,758.0969127
10.00,30,38,758.0834964
10.00,30,39,758.0712285
10.00,30,40,758.0650079
10.00,30,41,758.0476387
10.00,30,42,758.0328471
10.00,30,43,758.019765
10.00,30,44,758.0076552
10.00,30,45,757.9999288
10.00,30,46,757.9831478
10.00,30,47,757.9688934
10.00,30,48,757.9560557
10.00,30,49,757.9545786
10.00,30,50,757.9348739
10.00,30,51,757.9189065
10.00,30,52,757.9049993
10.00,30,53,757.8924458
10.00,30,54,757.8888921
10.00,30,55,757.8703397
10.00,30,56,757.8548076
10.00,30,57,757.8412938
10.00,30,58,757.8289215
10.00,30,59,757.8236066
10.00,30,60,757.8057273
10.00,30,61,757.7908332
10.00,30,62,757.7776018
10.00,30,63,757.7654544
10.00,30,64,757.7584859
10.00,30,65,757.7415124
10.00,30,66,757.7269787
10.00,30,67,757.7140598
10.00,30,68,757.7138756
10.00,30,69,757.6938225
10.00,30,70,757.6773465
10.00,30,71,757.6632819
10.00,30,72,757.6505723
10.00,30,73,757.6483053
10.00,30,74,757.6290279
10.00,30,75,757.6133204
10.00,30,76,757.5995853
10.00,30,77,757.5871445
10.00,30,78,757.5829115
10.00,30,79,757.5647235
10.00,30,80,757.54943
10.00,30,81,757.5360675
10.00,30,82,757.5237991
10.00,30,83,757.5178957
10.00,30,84,757.5003477
10.00,30,85,757.4856583
10.00,30,86,757.4725643
10.00,30,87,757.4605092
10.00,30,88,757.4530367
10.00,30,89,757.4363473
10.00,30,90,757.4220013
10.00,30,91,757.409204
10.00,30,92,757.4082636
10.00,30,93,757.3886097
10.00,30,94,757.3723948
10.00,30,95,757.3584944
10.00,30,96,757.3458968
10.00,30,97,757.3429748
10.00,30,98,757.3240607
10.00,30,99,757.3085758
10.00,30,100,757.2949895
10.00,30,101,757.2826476
10.00,30,102,757.277854
10.00,30,103,757.2599759
10.00,30,104,757.2448865
10.00,30,105,757.2316551
10.00,30,106,757.2194779
10.00,30,107,757.2130917
10.00,30,108,757.1958248
10.00,30,109,757.1813109
10.00,30,110,757.1683359
10.00,30,111,757.1563622
10.00,30,112,757.1484787
10.00,30,113,757.1320307
10.00,30,114,757.1178453
10.00,30,115,757.1051537
10.00,30,116,757.1035942
10.00,30,117,757.0842768
10.00,30,118,757.0682833
10.00,30,119,757.0545237
10.00,30,120,757.0420233
10.00,30,121,757.0385686
10.00,30,122,757.0199598
10.00,30,123,757.0046639
10.00,30,124,756.9912051
10.00,30,125,756.9789495
10.00,30,126,756.9737032
10.00,30,127,756.9560854
10.00,30,128,756.9411689
10.00,30,129,756.9280501
10.00,30,130,756.9159526
10.00,30,131,756.9091796
10.00,30,132,756.8921485
10.00,30,133,756.8777834
10.00,30,134,756.8649107
10.00,30,135,756.864806
10.00,30,136,756.8446576
10.00,30,137,756.8284663
10.00,30,138,756.8144513
10.00,30,139,756.8018711
10.00,30,140,756.7996391
10.00,30,141,756.7806821
10.00,30,142,756.764925
10.00,30,143,756.751315
10.00,30,144,756.7389175
10.00,30,145,756.7348802
10.00,30,146,756.7165996
10.00,30,147,756.7015061
10.00,30,148,756.6881833
10.00,30,149,756.676019
10.00,30,150,756.670274
10.00,30,151,756.6529372
10.00,30,152,756.6382064
10.00,30,153,756.6252078
10.00,30,154,756.6131948
10.00,30,155,756.6059924
10.00,30,156,756.5892166
10.00,30,157,756.5750118
10.00,30,158,756.5622486
10.00,30,159,756.5615068
10.00,30,160,756.541713
10.00,30,161,756.5257389
10.00,30,162,756.5118691
10.00,30,163,756.4993855
10.00,30,164,756.4966092
10.00,30,165,756.4779539
10.00,30,166,756.462396
10.00,30,167,756.4489139
10.00,30,168,756.4366055
10.00,30,169,756.4321003
10.00,30,170,756.4140936
10.00,30,171,756.3991708
10.00,30,172,756.385964
10.00,30,173,756.3738792
10.00,30,174,756.367737
10.00,30,175,756.3506346
10.00,30,176,756.3360602
10.00,30,177,756.3231645
10.00,30,178,756.3112251
10.00,30,179,756.303684
10.00,30,180,756.2871205
10.00,30,181,756.2730509
10.00,30,182,756.2603815
10.00,30,183,756.2591346
10.00,30,184,756.239633
10.00,30,185,756.2238394
10.00,30,186,756.210092
10.00,30,187,756.1976915
10.00,30,188,756.194488
10.00,30,189,756.1760808
10.00,30,190,756.1606881
10.00,30,191,756.1473138
10.00,30,192,756.1350821
10.00,30,193,756.1302136
10.00,30,194,756.1124314
10.00,30,195,756.0976502
10.00,30,196,756.0845414
10.00,30,197,756.0725251
10.00,30,198,756.0660788
10.00,30,199,756.049168
10.00,30,200,756.0347231
10.00,31,1,818.9256265
10.00,31,2,818.8444544
10.00,31,3,818.7847587
10.00,31,4,818.7418666
10.00,31,5,818.7267017
10.00,31,6,818.267322
10.00,31,7,817.8688197
10.00,31,8,817.2940202
10.00,31,9,817.0352443
10.00,31,10,816.3278238
10.00,31,11,816.2023172
10.00,31,12,815.3721324
10.00,31,13,815.1439235
10.00,31,14,815.0781181
10.00,31,15,815.0512085
10.00,31,16,815.0462048
10.00,31,17,814.525344
10.00,31,18,814.3314715
10.00,31,19,813.57878
10.00,31,20,813.3678609
10.00,31,21,813.3298294
10.00,31,22,813.3100424
10.00,31,23,812.8565961
10.00,31,24,812.5525588
10.00,31,25,811.9208727
10.00,31,26,811.899101
10.00,31,27,810.9931115
10.00,31,28,810.8228328
10.00,31,29,810.7915799
10.00,31,30,810.7831804
10.00,31,31,810.282397
10.00,31,32,810.0426761
10.00,31,33,809.363659
10.00,31,34,809.1232988
10.00,31,35,809.0742149
10.00,31,36,809.0385143
10.00,31,37,809.0289706
10.00,31,38,808.5563102
10.00,31,39,808.1513473
10.00,31,40,807.6481749
10.00,31,41,807.2791034
10.00,31,42,806.7466152
10.00,31,43,806.4007239
10.00,31,44,805.8575333
10.00,31,45,805.7287293
10.00,31,46,805.5788914
10.00,31,47,804.8622417
10.00,31,48,804.6342284
10.00,31,49,804.5600679
10.00,31,50,804.5173133
10.00,31,51,804.4976416
10.00,31,52,804.4948264
10.00,31,53,803.9712398
10.00,31,54,803.7384123
10.00,31,55,803.0933398
10.00,31,56,803.0272923
10.00,31,57,802.221803
10.00,31,58,802.015102
10.00,31,59,801.9687429
10.00,31,60,801.9366652
10.00,31,61,801.9292302
10.00,31,62,801.4539198
10.00,31,63,801.0397602
10.00,31,64,800.5912826
10.00,31,65,800.568605
10.00,31,66,798.9359962
10.00,31,67,798.7918641
10.00,31,68,798.748795
10.00,31,69,798.7372377
10.00,31,70,798.2822593
10.00,31,71,798.2293519
10.00,31,72,796.6519699
10.00,31,73,796.5009844
10.00,31,74,796.4647231
10.00,31,75,796.45029
10.00,31,76,796.0118997
10.00,31,77,795.8610731
10.00,31,78,794.4081597
10.00,31,79,794.2428508
10.00,31,80,794.2020046
10.00,31,81,794.1798649
10.00,31,82,794.1704871
10.00,31,83,793.683647
10.00,31,84,793.3770263
10.00,31,85,792.8692223
10.00,31,86,792.5929119
10.00,31,87,792.0605518
10.00,31,88,791.8082479
10.00,31,89,791.2652246
10.00,31,90,791.0320981
10.00,31,91,790.9328339
10.00,31,92,790.8712998
10.00,31,93,790.8238136
10.00,31,94,790.7850461
10.00,31,95,790.7644332
10.00,31,96,790.7556163
10.00,31,97,790.2676339
10.00,31,98,789.9558621
10.00,31,99,789.4735135
10.00,31,100,789.1629435
10.00,31,101,788.6849197
10.00,31,102,788.3703865
10.00,31,103,788.3607722
10.00,31,104,787.8074675
10.00,31,105,787.4562593
10.00,31,106,787.4336534
10.00,31,107,786.9365395
10.00,31,108,786.63144
10.00,31,109,786.1668387
10.00,31,110,785.9696261
10.00,31,111,785.8541313
10.00,31,112,785.3052256
10.00,31,113,784.9939901
10.00,31,114,784.8810745
10.00,31,115,784.8806617
10.00,31,116,784.3561396
10.00,31,117,784.316263
10.00,31,118,782.8923863
10.00,31,119,782.7037071
10.00,31,120,782.6251533
10.00,31,121,782.579234
10.00,31,122,782.5416604
10.00,31,123,782.5200073
10.00,31,124,782.5075205
10.00,31,125,782.0443133
10.00,31,126,781.6983785
10.00,31,127,781.6961196
10.00,31,128,781.2098132
10.00,31,129,780.9933022
10.00,31,130,779.7728014
10.00,31,131,779.7147856
10.00,31,132,779.0377911
10.00,31,133,778.7192761
10.00,31,134,778.7106332
10.00,31,135,778.2223521
10.00,31,136,777.8946251
10.00,31,137,777.8909985
10.00,31,138,777.4115358
10.00,31,139,777.1392788
10.00,31,140,776.0155287
10.00,31,141,775.8816388
10.00,31,142,775.3055671
10.00,31,143,775.0532614
10.00,31,144,774.9315767
10.00,31,145,774.9206754
10.00,31,146,774.4253577
10.00,31,147,774.1694375
10.00,31,148,773.0798037
10.00,31,149,772.9292901
10.00,31,150,772.8101185
10.00,31,151,772.7559091
10.00,31,152,772.7116403
10.00,31,153,772.6792233
10.00,31,154,772.6529088
10.00,31,155,772.6438643
10.00,31,156,772.6422434
10.00,31,157,772.1173087
10.00,31,158,771.8142061
10.00,31,159,771.8090898
10.00,31,160,771.3432873
10.00,31,161,770.9789585
10.00,31,162,770.0097986
10.00,31,163,769.7858861
10.00,31,164,769.3281277
10.00,31,165,769.0006348
10.00,31,166,768.034456
10.00,31,167,767.8326369
10.00,31,168,767.7056073
10.00,31,169,767.639037
10.00,31,170,767.5793881
10.00,31,171,767.5251454
10.00,31,172,767.4741915
10.00,31,173,767.430868
10.00,31,174,767.3917902
10.00,31,175,767.3641867
10.00,31,176,767.3418714
10.00,31,177,767.3368937
10.00,31,178,766.8725034
10.00,31,179,766.4666417
10.00,31,180,765.5845226
10.00,31,181,765.341911
10.00,31,182,765.3187252
10.00,31,183,764.8486417
10.00,31,184,764.809657
10.00,31,185,763.6056258
10.00,31,186,763.5560831
10.00,31,187,763.4416195
10.00,31,188,763.4008697
10.00,31,189,763.3796709
10.00,31,190,763.3641631
10.00,31,191,762.9311448
10.00,31,192,762.7404761
10.00,31,193,761.6834156
10.00,31,194,761.5318837
10.00,31,195,761.4827328
10.00,31,196,761.4396205
10.00,31,197,761.4058443
10.00,31,198,761.3761141
10.00,31,199,761.3597274
10.00,31,200,761.3479434
10.00,32,1,736.5257838
10.00,32,2,735.315737
10.00,32,3,735.2279354
10.00,32,4,734.5412097
10.00,32,5,734.46911
10.00,32,6,734.0170256
10.00,32,7,733.9558277
10.00,32,8,733.6277025
10.00,32,9,733.5678311
10.00,32,10,733.3117655
10.00,32,11,733.247165
10.00,32,12,733.0360488
10.00,32,13,732.963947
10.00,32,14,732.782573
10.00,32,15,732.7022143
10.00,32,16,732.5415644
10.00,32,17,732.4532353
10.00,32,18,732.3076948
10.00,32,19,732.2121367
10.00,32,20,732.078048
10.00,32,21,731.976142
10.00,32,22,731.8510187
10.00,32,23,731.7436322
10.00,32,24,731.6257159
10.00,32,25,731.6181115
10.00,32,26,731.3032863
10.00,32,27,731.184263
10.00,32,28,731.081257
10.00,32,29,730.9628675
10.00,32,30,730.8597563
10.00,32,31,730.7419819
10.00,32,32,730.6387323
10.00,32,33,730.5215706
10.00,32,34,730.4181544
10.00,32,35,730.3016131
10.00,32,36,730.1980038
10.00,32,37,730.0820973
10.00,32,38,729.9782688
10.00,32,39,729.8630159
10.00,32,40,729.7589419
10.00,32,41,729.6443642
10.00,32,42,729.5400181
10.00,32,43,729.4261387
10.00,32,44,729.3214939
10.00,32,45,729.208337
10.00,32,46,729.103367
10.00,32,47,728.990957
10.00,32,48,728.8856356
10.00,32,49,728.7739973
10.00,32,50,728.6682987
10.00,32,51,728.5574562
10.00,32,52,728.4513554
10.00,32,53,728.3413324
10.00,32,54,728.2348053
10.00,32,55,728.1256247
10.00,32,56,728.0186482
10.00,32,57,727.9103319
10.00,32,58,727.8028841
10.00,32,59,727.8016552
10.00,32,60,727.579913
10.00,32,61,727.5533275
10.00,32,62,727.3592908
10.00,32,63,727.3131181
10.00,32,64,727.1404926
10.00,32,65,727.0789276
10.00,32,66,726.9231595
10.00,32,67,726.8493251
10.00,32,68,726.7070392
10.00,32,69,726.6233065
10.00,32,70,726.4919495
10.00,32,71,726.4001502
10.00,32,72,726.2777562
10.00,32,73,726.1793262
10.00,32,74,726.0643584
10.00,32,75,725.960438
10.00,32,76,725.9603185
10.00,32,77,725.7509264
10.00,32,78,725.6413188
10.00,32,79,725.6217441
10.00,32,80,725.3346535
10.00,32,81,725.2238243
10.00,32,82,725.1238455
10.00,32,83,725.0140814
10.00,32,84,724.9134137
10.00,32,85,724.8047332
10.00,32,86,724.7033588
10.00,32,87,724.5957791
10.00,32,88,724.493682
10.00,32,89,724.3872182
10.00,32,90,724.2843843
10.00,32,91,724.1790498
10.00,32,92,724.075467
10.00,32,93,724.074962
10.00,32,94,723.8596629
10.00,32,95,723.8338553
10.00,32,96,723.64622
10.00,32,97,723.6009701
10.00,32,98,723.4345963
10.00,32,99,723.374144
10.00,32,100,723.2244231
10.00,32,101,723.1519104
10.00,32,102,723.0154421
10.00,32,103,722.9332447
10.00,32,104,722.8074678
10.00,32,105,722.7174133
10.00,32,106,722.6003638
10.00,32,107,722.5038794
10.00,32,108,722.3940284
10.00,32,109,722.292243
10.00,32,110,722.2869618
10.00,32,111,722.0891397
10.00,32,112,722.0860478
10.00,32,113,721.8864458
10.00,32,114,721.885621
10.00,32,115,721.6841625
10.00,32,116,721.5789639
10.00,32,117,721.5559711
10.00,32,118,721.2827695
10.00,32,119,721.176572
10.00,32,120,721.0792435
10.00,32,121,720.9743701
10.00,32,122,720.8760869
10.00,32,123,720.7725419
10.00,32,124,720.6733015
10.00,32,125,720.5710867
10.00,32,126,720.470889
10.00,32,127,720.4701462
10.00,32,128,720.2619602
10.00,32,129,720.2363637
10.00,32,130,720.05536
10.00,32,131,720.0107249
10.00,32,132,719.8505456
10.00,32,133,719.7910689
10.00,32,134,719.6471487
10.00,32,135,719.5759328
10.00,32,136,719.4449114
10.00,32,137,719.3642966
10.00,32,138,719.2436491
10.00,32,139,719.1554316
10.00,32,140,719.0432264
10.00,32,141,718.9488054
10.00,32,142,718.8435424
10.00,32,143,718.8370701
10.00,32,144,718.5570459
10.00,32,145,718.4511994
10.00,32,146,718.3583375
10.00,32,147,718.2539535
10.00,32,148,718.1599891
10.00,32,149,718.0570664
10.00,32,150,717.9620032
10.00,32,151,717.8605378
10.00,32,152,717.7643818
10.00,32,153,717.6643673
10.00,32,154,717.5671272
10.00,32,155,717.4685545
10.00,32,156,717.3702415
10.00,32,157,717.3655762
10.00,32,158,717.167426
10.00,32,159,717.1393227
10.00,32,160,716.9668059
10.00,32,161,716.9207267
10.00,32,162,716.7678735
10.00,32,163,716.7077716
10.00,32,164,716.5702829
10.00,32,165,716.4990864
10.00,32,166,716.3737915
10.00,32,167,716.2937125
10.00,32,168,716.1782247
10.00,32,169,716.090963
10.00,32,170,715.9834548
10.00,32,171,715.8903353
10.00,32,172,715.7893858
10.00,32,173,715.7739321
10.00,32,174,715.5095036
10.00,32,175,715.4078593
10.00,32,176,715.3161408
10.00,32,177,715.2160459
10.00,32,178,715.1231356
10.00,32,179,715.0245771
10.00,32,180,714.9304902
10.00,32,181,714.8334527
10.00,32,182,714.7382069
10.00,32,183,714.7363051
10.00,32,184,714.5400179
10.00,32,185,714.514508
10.00,32,186,714.3440384
10.00,32,187,714.3004646
10.00,32,188,714.1497494
10.00,32,189,714.0921137
10.00,32,190,713.956798
10.00,32,191,713.8880581
10.00,32,192,713.7649373
10.00,32,193,713.687323
10.00,32,194,713.5739903
10.00,32,195,713.4892115
10.00,32,196,713.3838271
10.00,32,197,713.2932144
10.00,32,198,713.1943512
10.00,32,199,713.1809932
10.00,32,200,712.9214139
10.00,33,1,928.627587
10.00,33,2,928.5527876
10.00,33,3,928.4808817
10.00,33,4,928.412339
10.00,33,5,928.3464158
10.00,33,6,928.2834568
10.00,33,7,928.2228648
10.00,33,8,928.1648889
10.00,33,9,928.1090483
10.00,33,10,928.0555196
10.00,33,11,928.0039145
10.00,33,12,927.9543549
10.00,33,13,927.9065261
10.00,33,14,927.860509
10.00,33,15,927.8160477
10.00,33,16,927.7731928
10.00,33,17,927.7317351
10.00,33,18,927.6917029
10.00,33,19,927.6529247
10.00,33,20,927.6154126
10.00,33,21,927.5790252
10.00,33,22,927.5437632
10.00,33,23,927.5408997
10.00,33,24,927.5034609
10.00,33,25,927.4667549
10.00,33,26,927.4317929
10.00,33,27,927.3975372
10.00,33,28,927.3647561
10.00,33,29,927.332644
10.00,33,30,927.3017833
10.00,33,31,927.2715483
10.00,33,32,927.242379
10.00,33,33,927.213789
10.00,33,34,927.1861097
10.00,33,35,927.1589625
10.00,33,36,927.1325961
10.00,33,37,927.1067155
10.00,33,38,927.0815065
10.00,33,39,927.0567388
10.00,33,40,927.0325504
10.00,33,41,927.0087613
10.00,33,42,926.9854733
10.00,33,43,926.9625454
10.00,33,44,926.9400522
10.00,33,45,926.9178828
10.00,33,46,926.8960915
10.00,33,47,926.8745909
10.00,33,48,926.8534198
10.00,33,49,926.8325092
10.00,33,50,926.8118864
10.00,33,51,926.7914968
10.00,33,52,926.7713591
10.00,33,53,926.7514298
10.00,33,54,926.750752
10.00,33,55,926.7279481
10.00,33,56,926.7058636
10.00,33,57,926.6839788
10.00,33,58,926.6626852
10.00,33,59,926.6415841
10.00,33,60,926.6209706
10.00,33,61,926.6005385
10.00,33,62,926.58051
10.00,33,63,926.5606498
10.00,33,64,926.5411248
10.00,33,65,926.5217541
10.00,33,66,926.5026627
10.00,33,67,926.4837115
10.00,33,68,926.4649939
10.00,33,69,926.4464027
10.00,33,70,926.4280074
10.00,33,71,926.4097256
10.00,33,72,926.3916088
10.00,33,73,926.3735932
10.00,33,74,926.355717
10.00,33,75,926.3379309
10.00,33,76,926.320263
10.00,33,77,926.302675
10.00,33,78,926.2851875
10.00,33,79,926.2677708
10.00,33,80,926.2664003
10.00,33,81,926.2461666
10.00,33,82,926.2264562
10.00,33,83,926.206859
10.00,33,84,926.1876847
10.00,33,85,926.1686204
10.00,33,86,926.1498987
10.00,33,87,926.1312808
10.00,33,88,926.1129412
10.00,33,89,926.0946977
10.00,33,90,926.0766809
10.00,33,91,926.0587515
10.00,33,92,926.0410073
10.00,33,93,926.0233419
10.00,33,94,926.0058282
10.00,33,95,925.9883847
10.00,33,96,925.971066
10.00,33,97,925.9538095
10.00,33,98,925.9366557
10.00,33,99,925.9195567
10.00,33,100,925.9025427
10.00,33,101,925.8855769
10.00,33,102,925.8686814
10.00,33,103,925.8518281
10.00,33,104,925.8514671
10.00,33,105,925.8316892
10.00,33,106,925.8124161
10.00,33,107,925.7932408
10.00,33,108,925.7744703
10.00,33,109,925.7557952
10.00,33,110,925.7374455
10.00,33,111,925.7191858
10.00,33,112,925.7011884
10.00,33,113,925.683274
10.00,33,114,925.6655714
10.00,33,115,925.6479441
10.00,33,116,925.6304883
10.00,33,117,925.6131
10.00,33,118,925.5958508
10.00,33,119,925.5786615
10.00,33,120,925.5615853
10.00,33,121,925.5445619
10.00,33,122,925.5276308
10.00,33,123,925.5107458
10.00,33,124,925.4939362
10.00,33,125,925.4771668
10.00,33,126,925.4604592
10.00,33,127,925.4437864
10.00,33,128,925.4429371
10.00,33,129,925.4233708
10.00,33,130,925.4042932
10.00,33,131,925.3853129
10.00,33,132,925.3667233
10.00,33,133,925.3482277
10.00,33,134,925.3300451
10.00,33,135,925.3119505
10.00,33,136,925.2941075
10.00,33,137,925.2763449
10.00,33,138,925.2587849
10.00,33,139,925.2412975
10.00,33,140,925.2239736
10.00,33,141,925.2067142
10.00,33,142,925.1895871
10.00,33,143,925.1725169
10.00,33,144,925.1555539
10.00,33,145,925.1386409
10.00,33,146,925.1218149
10.00,33,147,925.1050323
10.00,33,148,925.0883207
10.00,33,149,925.0716467
10.00,33,150,925.0550306
10.00,33,151,925.038447
10.00,33,152,925.0363556
10.00,33,153,925.0169826
10.00,33,154,924.9980756
10.00,33,155,924.9792679
10.00,33,156,924.9608323
10.00,33,157,924.9424913
10.00,33,158,924.9244481
10.00,33,159,924.9064925
10.00,33,160,924.8887758
10.00,33,161,924.8711387
10.00,33,162,924.8536938
10.00,33,163,924.8363201
10.00,33,164,924.8191011
10.00,33,165,924.8019454
10.00,33,166,924.7849146
10.00,33,167,924.7679392
10.00,33,168,924.751065
10.00,33,169,924.7342391
10.00,33,170,924.7174953
10.00,33,171,924.7007933
10.00,33,172,924.6841581
10.00,33,173,924.6675591
10.00,33,174,924.6510145
10.00,33,175,924.650093
10.00,33,176,924.6308249
10.00,33,177,924.6116611
10.00,33,178,924.5929356
10.00,33,179,924.5743113
10.00,33,180,924.5560367
10.00,33,181,924.5378571
10.00,33,182,924.5199573
10.00,33,183,924.5021445
10.00,33,184,924.484556
10.00,33,185,924.467046
10.00,33,186,924.4497162
10.00,33,187,924.4324561
10.00,33,188,924.4153412
10.00,33,189,924.3982877
10.00,33,190,924.3813513
10.00,33,191,924.3644685
10.00,33,192,924.3476805
10.00,33,193,924.3309391
10.00,33,194,924.3142745
10.00,33,195,924.2976502
10.00,33,196,924.2810883
10.00,33,197,924.264561
10.00,33,198,924.264436
10.00,33,199,924.2449131
10.00,33,200,924.2258965
10.00,34,1,884.7421754
10.00,34,2,884.6362586
10.00,34,3,884.5449389
10.00,34,4,884.4778554
10.00,34,5,884.4503896
10.00,34,6,884.1381322
10.00,34,7,883.9702521
10.00,34,8,883.566366
10.00,34,9,883.5250532
10.00,34,10,882.9973414
10.00,34,11,882.8582558
10.00,34,12,882.812589
10.00,34,13,882.5487877
10.00,34,14,882.3128804
10.00,34,15,881.9822177
10.00,34,16,881.8359342
10.00,34,17,881.4180892
10.00,34,18,881.3871544
10.00,34,19,880.8564877
10.00,34,20,880.7175097
10.00,34,21,880.670295
10.00,34,22,880.414033
10.00,34,23,880.1747122
10.00,34,24,879.8550655
10.00,34,25,879.7010538
10.00,34,26,879.2984834
10.00,34,27,879.2549935
10.00,34,28,878.7443829
10.00,34,29,878.6043338
10.00,34,30,878.5553186
10.00,34,31,878.5533498
10.00,34,32,878.1873505
10.00,34,33,878.0956721
10.00,34,34,877.6368634
10.00,34,35,877.4854533
10.00,34,36,877.4279047
10.00,34,37,877.4112811
10.00,34,38,877.0840323
10.00,34,39,876.9422381
10.00,34,40,876.5371205
10.00,34,41,876.4967542
10.00,34,42,875.9925425
10.00,34,43,875.8530902
10.00,34,44,875.8028698
10.00,34,45,875.7970707
10.00,34,46,875.4450957
10.00,34,47,875.3363052
10.00,34,48,874.9039508
10.00,34,49,874.8983208
10.00,34,50,874.3650849
10.00,34,51,874.2335291
10.00,34,52,874.1877919
10.00,34,53,873.9402294
10.00,34,54,873.6966321
10.00,34,55,873.4035964
10.00,34,56,873.217064
10.00,34,57,872.8689925
10.00,34,58,872.7506613
10.00,34,59,872.3364326
10.00,34,60,872.2991478
10.00,34,61,871.8059338
10.00,34,62,871.6653249
10.00,34,63,871.6118136
10.00,34,64,871.5985896
10.00,34,65,871.2728421
10.00,34,66,871.1283172
10.00,34,67,870.7455694
10.00,34,68,870.6701656
10.00,34,69,870.2202745
10.00,34,70,870.0716004
10.00,34,71,870.0118731
10.00,34,72,869.9875538
10.00,34,73,869.6928495
10.00,34,74,869.5123921
10.00,34,75,869.1707535
10.00,34,76,869.0467572
10.00,34,77,868.6505571
10.00,34,78,868.5914576
10.00,34,79,868.1322623
10.00,34,80,867.9873459
10.00,34,81,867.9291292
10.00,34,82,867.9059936
10.00,34,83,867.6117523
10.00,34,84,867.4329821
10.00,34,85,867.0965682
10.00,34,86,866.9677145
10.00,34,87,866.5832101
10.00,34,88,866.510648
10.00,34,89,866.0716746
10.00,34,90,866.0622216
10.00,34,91,865.5619573
10.00,34,92,865.4276596
10.00,34,93,865.3752479
10.00,34,94,865.3599498
10.00,34,95,865.0496332
10.00,34,96,864.8921015
10.00,34,97,864.542907
10.00,34,98,864.4303567
10.00,34,99,864.0379275
10.00,34,100,863.9748696
10.00,34,101,863.5346868
10.00,34,102,863.525762
10.00,34,103,863.0331762
10.00,34,104,862.8992446
10.00,34,105,862.8459052
10.00,34,106,862.8276255
10.00,34,107,862.5291707
10.00,34,108,862.3605613
10.00,34,109,862.0305891
10.00,34,110,861.897845
10.00,34,111,861.5336769
10.00,34,112,861.4394407
10.00,34,113,861.0384237
10.00,34,114,860.9852873
10.00,34,115,860.5448186
10.00,34,116,860.5352656
10.00,34,117,860.0528499
10.00,34,118,859.9192012
10.00,34,119,859.8647463
10.00,34,120,859.8429837
10.00,34,121,859.558532
10.00,34,122,859.3775397
10.00,34,123,859.0694341
10.00,34,124,858.9149028
10.00,34,125,858.5819257
10.00,34,126,858.4549376
10.00,34,127,858.0959957
10.00,34,128,857.9974982
10.00,34,129,857.6116327
10.00,34,130,857.5424045
10.00,34,131,857.1288247
10.00,34,132,857.0894584
10.00,34,133,856.6475598
10.00,34,134,856.6384367
10.00,34,135,856.1678257
10.00,34,136,856.0349495
10.00,34,137,855.9794144
10.00,34,138,855.9538134
10.00,34,139,855.6859218
10.00,34,140,855.4916826
10.00,34,141,855.2090002
10.00,34,142,855.0310673
10.00,34,143,854.7335794
10.00,34,144,854.5718252
10.00,34,145,854.259649
10.00,34,146,854.1138219
10.00,34,147,853.7871985
10.00,34,148,853.6569128
10.00,34,149,853.3162175
10.00,34,150,853.200957
10.00,34,151,852.8466957
10.00,34,152,852.7458129
10.00,34,153,852.3786231
10.00,34,154,852.2913443
10.00,34,155,851.9119895
10.00,34,156,851.8374202
10.00,34,157,851.4467853
10.00,34,158,851.3839186
10.00,34,159,850.9830008
10.00,34,160,850.9307276
10.00,34,161,850.5206266
10.00,34,162,850.4777473
10.00,34,163,850.0596537
10.00,34,164,850.0248916
10.00,34,165,849.6000734
10.00,34,166,849.572089
10.00,34,167,849.1418771
10.00,34,168,849.1192839
10.00,34,169,848.6850567
10.00,34,170,848.666437
10.00,34,171,848.2296044
10.00,34,172,848.2135257
10.00,34,173,847.7755126
10.00,34,174,847.7605436
10.00,34,175,847.3227742
10.00,34,176,847.3075008
10.00,34,177,846.8713821
10.00,34,178,846.8544225
10.00,34,179,846.4213298
10.00,34,180,846.4013485
10.00,34,181,845.9726108
10.00,34,182,845.948332
10.00,34,183,845.5252191
10.00,34,184,845.4954382
10.00,34,185,845.0791488
10.00,34,186,845.0427424
10.00,34,187,844.634394
10.00,34,188,844.5903292
10.00,34,189,844.1909492
10.00,34,190,844.1382899
10.00,34,191,843.7488091
10.00,34,192,843.6867217
10.00,34,193,843.3079683
10.00,34,194,843.2357251
10.00,34,195,842.8684215
10.00,34,196,842.7854032
10.00,34,197,842.4301637
10.00,34,198,842.3358591
10.00,34,199,841.9931896
10.00,34,200,841.8871955
10.00,35,1,883.1023803
10.00,35,2,883.0662216
10.00,35,3,883.0380826
10.00,35,4,883.0151289
10.00,35,5,882.9952768
10.00,35,6,882.977687
10.00,35,7,882.9619998
10.00,35,8,882.9484525
10.00,35,9,882.9378568
10.00,35,10,882.9317456
10.00,35,11,882.8963952
10.00,35,12,882.8678571
10.00,35,13,882.8216981
10.00,35,14,882.8088979
10.00,35,15,882.7471408
10.00,35,16,882.7275949
10.00,35,17,882.7208445
10.00,35,18,882.720532
10.00,35,19,882.6719909
10.00,35,20,882.6627768
10.00,35,21,882.5975284
10.00,35,22,882.5789225
10.00,35,23,882.5728452
10.00,35,24,882.5386599
10.00,35,25,882.5078201
10.00,35,26,882.4640928
10.00,35,27,882.4462643
10.00,35,28,882.3896296
10.00,35,29,882.3892994
10.00,35,30,882.3152922
10.00,35,31,882.2982294
10.00,35,32,882.293149
10.00,35,33,882.2564698
10.00,35,34,882.2302789
10.00,35,35,882.1820883
10.00,35,36,882.1723323
10.00,35,37,882.1078473
10.00,35,38,882.08908
10.00,35,39,882.0828394
10.00,35,40,882.0491681
10.00,35,41,882.0176918
10.00,35,42,881.9748247
10.00,35,43,881.9558284
10.00,35,44,881.9005812
10.00,35,45,881.8982913
10.00,35,46,881.8264576
10.00,35,47,881.808896
10.00,35,48,881.8034121
10.00,35,49,881.767839
10.00,35,50,881.7401227
10.00,35,51,881.6936736
10.00,35,52,881.6814021
10.00,35,53,881.6196404
10.00,35,54,881.6002095
10.00,35,55,881.5934458
10.00,35,56,881.5929955
10.00,35,57,881.5450136
10.00,35,58,881.5349113
10.00,35,59,881.4710623
10.00,35,60,881.452179
10.00,35,61,881.4457945
10.00,35,62,881.4126242
10.00,35,63,881.3805565
10.00,35,64,881.3385724
10.00,35,65,881.318392
10.00,35,66,881.2646158
10.00,35,67,881.2602514
10.00,35,68,881.1907724
10.00,35,69,881.1726832
10.00,35,70,881.1667635
10.00,35,71,881.132413
10.00,35,72,881.103041
10.00,35,73,881.0585303
10.00,35,74,881.0434878
10.00,35,75,880.9847704
10.00,35,76,880.9646147
10.00,35,77,880.9572739
10.00,35,78,880.9558142
10.00,35,79,880.9104538
10.00,35,80,880.8966057
10.00,35,81,880.8367691
10.00,35,82,880.8169117
10.00,35,83,880.8097711
10.00,35,84,880.8086252
10.00,35,85,880.7625144
10.00,35,86,880.749718
10.00,35,87,880.6889038
10.00,35,88,880.6693078
10.00,35,89,880.6623408
10.00,35,90,880.6614651
10.00,35,91,880.6147116
10.00,35,92,880.6028124
10.00,35,93,880.541174
10.00,35,94,880.5217998
10.00,35,95,880.5149778
10.00,35,96,880.5143253
10.00,35,97,880.4670451
10.00,35,98,880.4558778
10.00,35,99,880.3935793
10.00,35,100,880.3743846
10.00,35,101,880.3676774
10.00,35,102,880.3671983
10.00,35,103,880.3195145
10.00,35,104,880.3089043
10.00,35,105,880.2461192
10.00,35,106,880.2270596
10.00,35,107,880.2204353
10.00,35,108,880.2200776
10.00,35,109,880.1721194
10.00,35,110,880.1618836
10.00,35,111,880.0987935
10.00,35,112,880.0798227
10.00,35,113,880.0732483
10.00,35,114,880.0729576
10.00,35,115,880.0248595
10.00,35,116,880.014809
10.00,35,117,879.9516017
10.00,35,118,879.932672
10.00,35,119,879.9261134
10.00,35,120,879.9258342
10.00,35,121,879.8777345
10.00,35,122,879.8676756
10.00,35,123,879.8045435
10.00,35,124,879.7856063
10.00,35,125,879.779029
10.00,35,126,879.7787047
10.00,35,127,879.7307441
10.00,35,128,879.7204805
10.00,35,129,879.6576186
10.00,35,130,879.6386248
10.00,35,131,879.631994
10.00,35,132,879.6315677
10.00,35,133,879.5838882
10.00,35,134,879.5732228
10.00,35,135,879.5108269
10.00,35,136,879.4917276
10.00,35,137,879.4850084
10.00,35,138,879.4844236
10.00,35,139,879.4371664
10.00,35,140,879.425904
10.00,35,141,879.3641681
10.00,35,142,879.3449149
10.00,35,143,879.3380733
10.00,35,144,879.3372741
10.00,35,145,879.2905787
10.00,35,146,879.2785276
10.00,35,147,879.2176422
10.00,35,148,879.1981879
10.00,35,149,879.1911906
10.00,35,150,879.1901228
10.00,35,151,879.1441248
10.00,35,152,879.1310996
10.00,35,153,879.071249
10.00,35,154,879.0515482
10.00,35,155,879.0443633
10.00,35,156,879.0429749
10.00,35,157,878.9978048
10.00,35,158,878.9836281
10.00,35,159,878.9249885
10.00,35,160,878.9049981
10.00,35,161,878.8975953
10.00,35,162,878.895837
10.00,35,163,878.8516184
10.00,35,164,878.8361234
10.00,35,165,878.7788607
10.00,35,166,878.7585404
10.00,35,167,878.7508914
10.00,35,168,878.7487175
10.00,35,169,878.7055658
10.00,35,170,878.6885976
10.00,35,171,878.6328658
10.00,35,172,878.6121784
10.00,35,173,878.6042575
10.00,35,174,878.6016258
10.00,35,175,878.5596468
10.00,35,176,878.5410649
10.00,35,177,878.4870037
10.00,35,178,878.4850663
10.00,35,179,878.414489
10.00,35,180,878.3975132
10.00,35,181,878.3921982
10.00,35,182,878.3570777
10.00,35,183,878.3279915
10.00,35,184,878.2844426
10.00,35,185,878.266361
10.00,35,186,878.2118901
10.00,35,187,878.2079948
10.00,35,188,878.139433
10.00,35,189,878.1213288
10.00,35,190,878.1151182
10.00,35,191,878.0821907
10.00,35,192,878.051246
10.00,35,193,878.0096948
10.00,35,194,877.9905363
10.00,35,195,877.9372973
10.00,35,196,877.9341477
10.00,35,197,877.8650226
10.00,35,198,877.8477199
10.00,35,199,877.8421224
10.00,35,200,877.8078273
10.00,36,1,913.5563239
10.00,36,2,913.451611
10.00,36,3,913.3864566
10.00,36,4,913.3250424
10.00,36,5,913.2689278
10.00,36,6,913.2183458
10.00,36,7,913.1760498
10.00,36,8,913.1421179
10.00,36,9,913.1213232
10.00,36,10,913.1131659
10.00,36,11,912.6981743
10.00,36,12,912.3870319
10.00,36,13,912.0112951
10.00,36,14,911.6789775
10.00,36,15,911.32601
10.00,36,16,910.9864224
10.00,36,17,910.6422852
10.00,36,18,910.3086531
10.00,36,19,909.9600934
10.00,36,20,909.6465528
10.00,36,21,909.2794152
10.00,36,22,909.0032069
10.00,36,23,908.6002425
10.00,36,24,908.3843914
10.00,36,25,907.9225854
10.00,36,26,907.8007746
10.00,36,27,907.2464845
10.00,36,28,907.0714543
10.00,36,29,907.035506
10.00,36,30,907.0115103
10.00,36,31,907.0057152
10.00,36,32,906.6497055
10.00,36,33,906.3965508
10.00,36,34,905.975865
10.00,36,35,905.8218779
10.00,36,36,905.303478
10.00,36,37,905.2981827
10.00,36,38,904.6326221
10.00,36,39,904.5021213
10.00,36,40,904.4834908
10.00,36,41,904.1969282
10.00,36,42,903.9485339
10.00,36,43,903.5280374
10.00,36,44,903.5204247
10.00,36,45,902.8610858
10.00,36,46,902.7788185
10.00,36,47,902.5050915
10.00,36,48,902.2834895
10.00,36,49,901.8393545
10.00,36,50,901.6867543
10.00,36,51,901.6671067
10.00,36,52,901.4071059
10.00,36,53,901.1672221
10.00,36,54,900.7429815
10.00,36,55,900.5821695
10.00,36,56,900.5605568
10.00,36,57,900.3120854
10.00,36,58,900.1081908
10.00,36,59,899.6501527
10.00,36,60,899.5318733
10.00,36,61,899.5300815
10.00,36,62,899.2200602
10.00,36,63,899.1481171
10.00,36,64,898.5601354
10.00,36,65,898.4999238
10.00,36,66,898.2077593
10.00,36,67,898.1399266
10.00,36,68,897.5494678
10.00,36,69,897.510001
10.00,36,70,897.1977618
10.00,36,71,897.0270765
10.00,36,72,897.0083374
10.00,36,73,896.7704565
10.00,36,74,896.661104
10.00,36,75,896.1145191
10.00,36,76,896.1058977
10.00,36,77,895.7639295
10.00,36,78,895.6369513
10.00,36,79,895.4143428
10.00,36,80,895.3139144
10.00,36,81,894.7603902
10.00,36,82,894.6650356
10.00,36,83,894.6171574
10.00,36,84,894.5823104
10.00,36,85,894.5674917
10.00,36,86,894.331809
10.00,36,87,894.284434
10.00,36,88,893.6792433
10.00,36,89,893.5900765
10.00,36,90,893.5461796
10.00,36,91,893.5184568
10.00,36,92,893.5134004
10.00,36,93,893.2513806
10.00,36,94,893.1029147
10.00,36,95,892.9035215
10.00,36,96,892.8270863
10.00,36,97,892.253037
10.00,36,98,892.1728589
10.00,36,99,892.1358098
10.00,36,100,892.1180999
10.00,36,101,891.901829
10.00,36,102,891.733599
10.00,36,103,891.7283589
10.00,36,104,891.4786389
10.00,36,105,891.3345064
10.00,36,106,891.1316462
10.00,36,107,891.1165662
10.00,36,108,890.4832921
10.00,36,109,890.4163173
10.00,36,110,890.388867
10.00,36,111,890.388259
10.00,36,112,890.1323565
10.00,36,113,890.0107378
10.00,36,114,889.7859635
10.00,36,115,889.6421985
10.00,36,116,889.4397658
10.00,36,117,889.2803377
10.00,36,118,889.093733
10.00,36,119,888.9236622
10.00,36,120,888.7478437
10.00,36,121,888.7309655
10.00,36,122,888.1019928
10.00,36,123,888.0516289
10.00,36,124,888.0386438
10.00,36,125,887.8269809
10.00,36,126,887.7025347
10.00,36,127,887.481669
10.00,36,128,887.3719608
10.00,36,129,887.1365101
10.00,36,130,887.048184
10.00,36,131,886.7915277
10.00,36,132,886.7331725
10.00,36,133,886.4467606
10.00,36,134,886.4298863
10.00,36,135,886.1022704
10.00,36,136,886.0110042
10.00,36,137,885.9758302
10.00,36,138,885.9658322
10.00,36,139,885.7548314
10.00,36,140,885.6594198
10.00,36,141,885.4103025
10.00,36,142,885.3686929
10.00,36,143,885.0661328
10.00,36,144,884.9739919
10.00,36,145,884.9397228
10.00,36,146,884.9321639
10.00,36,147,884.7191083
10.00,36,148,884.6430303
10.00,36,149,884.3749858
10.00,36,150,884.2775704
10.00,36,151,884.2405836
10.00,36,152,884.2292552
10.00,36,153,884.0283148
10.00,36,154,883.9471729
10.00,36,155,883.684348
10.00,36,156,883.5885354
10.00,36,157,883.5536809
10.00,36,158,883.546548
10.00,36,159,883.3378477
10.00,36,160,883.2797914
10.00,36,161,882.9942236
10.00,36,162,882.9076684
10.00,36,163,882.8807337
10.00,36,164,882.7225552
10.00,36,165,882.5930999
10.00,36,166,882.378325
10.00,36,167,882.3387792
10.00,36,168,882.0348531
10.00,36,169,881.9556522
10.00,36,170,881.9356911
10.00,36,171,881.7630968
10.00,36,172,881.67562
10.00,36,173,881.4195163
10.00,36,174,881.3321953
10.00,36,175,881.3074933
10.00,36,176,881.1480642
10.00,36,177,881.0423845
10.00,36,178,880.8041832
10.00,36,179,880.7121038
10.00,36,180,880.6844234
10.00,36,181,880.5330019
10.00,36,182,880.4278355
10.00,36,183,880.1893313
10.00,36,184,880.1023892
10.00,36,185,880.080326
10.00,36,186,879.9179481
10.00,36,187,879.8366067
10.00,36,188,879.5744127
10.00,36,189,879.4963312
10.00,36,190,879.4825088
10.00,36,191,879.3028932
10.00,36,192,879.272353
10.00,36,193,878.9603484
10.00,36,194,878.9070366
10.00,36,195,878.7628046
10.00,36,196,878.670523
10.00,36,197,878.4193384
10.00,36,198,878.34662
10.00,36,199,878.3405853
10.00,36,200,878.147668
10.00,37,1,738.0704585
10.00,37,2,738.0663404
10.00,37,3,738.0646814
10.00,37,4,738.0642529
10.00,37,5,737.9927371
10.00,37,6,737.9502679
10.00,37,7,737.8925568
10.00,37,8,737.8767268
10.00,37,9,737.6988909
10.00,37,10,737.6837321
10.00,37,11,737.6788353
10.00,37,12,737.675335
10.00,37,13,737.6744646
10.00,38,1,717.8268156
10.00,38,2,717.7951717
10.00,38,3,717.786692
10.00,38,4,717.757377
10.00,38,5,717.7469195
10.00,38,6,717.7196742
10.00,38,7,717.7074642
10.00,38,8,717.6820551
10.00,38,9,717.6682952
10.00,38,10,717.6445124
10.00,38,11,717.6293843
10.00,38,12,717.6070392
10.00,38,13,717.5907055
10.00,38,14,717.5696292
10.00,38,15,717.5522351
10.00,38,16,717.5322768
10.00,38,17,717.5139515
10.00,38,18,717.5135337
10.00,38,19,717.4756088
10.00,38,20,717.4714063
10.00,38,21,717.4374953
10.00,38,22,717.4301238
10.00,38,23,717.3995736
10.00,38,24,717.3895434
10.00,38,25,717.3618135
10.00,38,26,717.3495486
10.00,38,27,717.32419
10.00,38,28,717.3100439
10.00,38,29,717.2866826
10.00,38,30,717.2709506
10.00,38,31,717.2492742
10.00,38,32,717.2322039
10.00,38,33,717.211951
10.00,38,34,717.1937498
10.00,38,35,717.1934202
10.00,38,36,717.1557676
10.00,38,37,717.1524227
10.00,38,38,717.1179208
10.00,38,39,717.1119068
10.00,38,40,717.0801971
10.00,38,41,717.0718257
10.00,38,42,717.0425851
10.00,38,43,717.0321361
10.00,38,44,717.0050742
10.00,38,45,716.992798
10.00,38,46,716.9676546
10.00,38,47,716.9537749
10.00,38,48,716.9303177
10.00,38,49,716.9150333
10.00,38,50,716.8930554
10.00,38,51,716.8765428
10.00,38,52,716.8558603
10.00,38,53,716.8382759
10.00,38,54,716.818726
10.00,38,55,716.8002079
10.00,38,56,716.7985822
10.00,38,57,716.7621088
10.00,38,58,716.7567779
10.00,38,59,716.7242422
10.00,38,60,716.7158298
10.00,38,61,716.6865693
10.00,38,62,716.6755886
10.00,38,63,716.6490582
10.00,38,64,716.6359332
10.00,38,65,716.6116832
10.00,38,66,716.5967652
10.00,38,67,716.5744233
10.00,38,68,716.5580038
10.00,38,69,716.5372609
10.00,38,70,716.5195827
10.00,38,71,716.500182
10.00,38,72,716.4981745
10.00,38,73,716.4476862
10.00,38,74,716.4271997
10.00,38,75,716.409537
10.00,38,76,716.3901949
10.00,38,77,716.3894655
10.00,38,78,716.3385979
10.00,38,79,716.3173656
10.00,38,80,716.3001162
10.00,38,81,716.2803267
10.00,38,82,716.2619452
10.00,38,83,716.2603293
10.00,38,84,716.2242383
10.00,38,85,716.2195893
10.00,38,86,716.1866782
10.00,38,87,716.1793729
10.00,38,88,716.1492501
10.00,38,89,716.1396237
10.00,38,90,716.1119403
10.00,38,91,716.1002904
10.00,38,92,716.0747364
10.00,38,93,716.0613263
10.00,38,94,716.0376272
10.00,38,95,716.022689
10.00,38,96,716.0006026
10.00,38,97,715.9843406
10.00,38,98,715.9636536
10.00,38,99,715.9462468
10.00,38,100,715.9267721
10.00,38,101,715.9083772
10.00,38,102,715.90664
10.00,38,103,715.8705013
10.00,38,104,715.8649335
10.00,38,105,715.8328767
10.00,38,106,715.8241522
10.00,38,107,715.7954593
10.00,38,108,715.7841278
10.00,38,109,715.7582135
10.00,38,110,715.744725
10.00,38,111,715.7211107
10.00,38,112,715.7058346
10.00,38,113,715.6841276
10.00,38,114,715.6673679
10.00,38,115,715.6472453
10.00,38,116,715.6292528
10.00,38,117,715.6286946
10.00,38,118,715.5916463
10.00,38,119,715.5878061
10.00,38,120,715.5542045
10.00,38,121,715.5475072
10.00,38,122,715.5169096
10.00,38,123,715.5077313
10.00,38,124,715.4797455
10.00,38,125,715.4684178
10.00,38,126,715.4426977
10.00,38,127,715.4295121
10.00,38,128,715.4057532
10.00,38,129,715.390965
10.00,38,130,715.3689002
10.00,38,131,715.3527327
10.00,38,132,715.3321284
10.00,38,133,715.314776
10.00,38,134,715.2954287
10.00,38,135,715.2953156
10.00,38,136,715.2443315
10.00,38,137,715.2232254
10.00,38,138,715.2060818
10.00,38,139,715.1865015
10.00,38,140,715.1863113
10.00,38,141,715.1347996
10.00,38,142,715.1142792
10.00,38,143,715.0969006
10.00,38,144,715.0776444
10.00,38,145,715.0770328
10.00,38,146,715.0265232
10.00,38,147,715.0055595
10.00,38,148,714.988346
10.00,38,149,714.9689038
10.00,38,150,714.9679403
10.00,38,151,714.9171407
10.00,38,152,714.8967995
10.00,38,153,714.8793177
10.00,38,154,714.8602337
10.00,38,155,714.8585837
10.00,38,156,714.8089821
10.00,38,157,714.7882623
10.00,38,158,714.7709009
10.00,38,159,714.7516796
10.00,38,160,714.7494195
10.00,38,161,714.6997624
10.00,38,162,714.67969
10.00,38,163,714.6620334
10.00,38,164,714.6431971
10.00,38,165,714.6400095
10.00,38,166,714.5917175
10.00,38,167,714.5713348
10.00,38,168,714.5537544
10.00,38,169,714.5348298
10.00,38,170,714.5307987
10.00,38,171,714.4826746
10.00,38,172,714.462952
10.00,38,173,714.4450565
10.00,38,174,714.4442724
10.00,38,175,714.4074699
10.00,38,176,714.4024459
10.00,38,177,714.3701813
10.00,38,178,714.3617182
10.00,38,179,714.3331343
10.00,38,180,714.3218748
10.00,38,181,714.2962842
10.00,38,182,714.2827461
10.00,38,183,714.2595955
10.00,38,184,714.2441974
10.00,38,185,714.2230397
10.00,38,186,714.2061209
10.00,38,187,714.186594
10.00,38,188,714.1865486
10.00,38,189,714.1352706
10.00,38,190,714.1149371
10.00,38,191,714.0976006
10.00,38,192,714.0785912
10.00,38,193,714.0768612
10.00,38,194,714.027594
10.00,38,195,714.0070597
10.00,38,196,713.9897036
10.00,38,197,713.9707059
10.00,38,198,713.9674314
10.00,38,199,713.9188871
10.00,38,200,713.899152
10.00,39,1,801.3735142
10.00,39,2,801.27753
10.00,39,3,801.2689195
10.00,39,4,801.1815952
10.00,39,5,801.1657352
10.00,39,6,801.0860456
10.00,39,7,801.0638279
10.00,39,8,800.9908477
10.00,39,9,800.9630741
10.00,39,10,800.8959706
10.00,39,11,800.8633583
10.00,39,12,800.8013855
10.00,39,13,800.764573
10.00,39,14,800.707066
10.00,39,15,800.6666189
10.00,39,16,800.612988
10.00,39,17,800.5694053
10.00,39,18,800.5191294
10.00,39,19,800.4728499
10.00,39,20,800.470131
10.00,39,21,800.3760956
10.00,39,22,800.3622918
10.00,39,23,800.2801822
10.00,39,24,800.2574789
10.00,39,25,800.1849475
10.00,39,26,800.1550741
10.00,39,27,800.0902655
10.00,39,28,800.0545982
10.00,39,29,799.9960379
10.00,39,30,799.9556767
10.00,39,31,799.9021872
10.00,39,32,799.8580153
10.00,39,33,799.808652
10.00,39,34,799.8029781
10.00,39,35,799.6756366
10.00,39,36,799.6247072
10.00,39,37,799.5793803
10.00,39,38,799.5790746
10.00,39,39,799.4829438
10.00,39,40,799.4708456
10.00,39,41,799.3874228
10.00,39,42,799.3659218
10.00,39,43,799.2926345
10.00,39,44,799.2636083
10.00,39,45,799.1984381
10.00,39,46,799.1633701
10.00,39,47,799.1047244
10.00,39,48,799.0647926
10.00,39,49,799.011408
10.00,39,50,798.9675523
10.00,39,51,798.9184219
10.00,39,52,798.9124761
10.00,39,53,798.7860763
10.00,39,54,798.7355713
10.00,39,55,798.6903169
10.00,39,56,798.689098
10.00,39,57,798.5944363
10.00,39,58,798.5814013
10.00,39,59,798.4994936
10.00,39,60,798.4770901
10.00,39,61,798.4052972
10.00,39,62,798.3754376
10.00,39,63,798.3117007
10.00,39,64,798.2758876
10.00,39,65,798.2185906
10.00,39,66,798.1780113
10.00,39,67,798.125879
10.00,39,68,798.0814755
10.00,39,69,798.0334969
10.00,39,70,798.0216079
10.00,39,71,797.9008426
10.00,39,72,797.8517045
10.00,39,73,797.805771
10.00,39,74,797.8008171
10.00,39,75,797.7106632
10.00,39,76,797.6944895
10.00,39,77,797.6164652
10.00,39,78,797.5914362
10.00,39,79,797.522989
10.00,39,80,797.4909446
10.00,39,81,797.4300909
10.00,39,82,797.3924715
10.00,39,83,797.3376604
10.00,39,84,797.2955992
10.00,39,85,797.2456119
10.00,39,86,797.2000041
10.00,39,87,797.1949175
10.00,39,88,797.1061349
10.00,39,89,797.0923074
10.00,39,90,797.012794
10.00,39,91,796.9915064
10.00,39,92,796.9199216
10.00,39,93,796.8922925
10.00,39,94,796.8274635
10.00,39,95,796.7944645
10.00,39,96,796.735371
10.00,39,97,796.6978415
10.00,39,98,796.6436008
10.00,39,99,796.6022624
10.00,39,100,796.5521146
10.00,39,101,796.5075849
10.00,39,102,796.5062266
10.00,39,103,796.4129104
10.00,39,104,796.3992716
10.00,39,105,796.3192633
10.00,39,106,796.296028
10.00,39,107,796.2264216
10.00,39,108,796.1956565
10.00,39,109,796.1342174
10.00,39,110,796.0975243
10.00,39,111,796.042523
10.00,39,112,796.0011496
10.00,39,113,795.9512404
10.00,39,114,795.9061635
10.00,39,115,795.9013958
10.00,39,116,795.8129768
10.00,39,117,795.7991108
10.00,39,118,795.7203637
10.00,39,119,795.6988004
10.00,39,120,795.6282542
10.00,39,121,795.600206
10.00,39,122,795.5365858
10.00,39,123,795.5030957
10.00,39,124,795.4453029
10.00,39,125,795.4072633
10.00,39,126,795.3543563
10.00,39,127,795.3125272
10.00,39,128,795.2637034
10.00,39,129,795.2187287
10.00,39,130,795.2140301
10.00,39,131,795.1250323
10.00,39,132,795.1085383
10.00,39,133,795.0323522
10.00,39,134,795.0067076
10.00,39,135,794.9404637
10.00,39,136,794.9076918
10.00,39,137,794.8491981
10.00,39,138,794.8108561
10.00,39,139,794.7584277
10.00,39,140,794.7157207
10.00,39,141,794.668055
10.00,39,142,794.6587159
10.00,39,143,794.5385346
10.00,39,144,794.490365
10.00,39,145,794.4900162
10.00,39,146,794.3646611
10.00,39,147,794.3131851
10.00,39,148,794.2699795
10.00,39,149,794.2231317
10.00,39,150,794.209463
10.00,39,151,794.0932388
10.00,39,152,794.0459665
10.00,39,153,794.0404218
10.00,39,154,793.9195907
10.00,39,155,793.8692877
10.00,39,156,793.8254275
10.00,39,157,793.8225362
10.00,39,158,793.7332462
10.00,39,159,793.7204718
10.00,39,160,793.6417267
10.00,39,161,793.6207031
10.00,39,162,793.5507796
10.00,39,163,793.5229011
10.00,39,164,793.4603262
10.00,39,165,793.4267753
10.00,39,166,793.3702976
10.00,39,167,793.3320714
10.00,39,168,793.2806339
10.00,39,169,793.2385691
10.00,39,170,793.1912841
10.00,39,171,793.1869709
10.00,39,172,793.0657993
10.00,39,173,793.0156328
10.00,39,174,792.9720494
10.00,39,175,792.9691157
10.00,39,176,792.880325
10.00,39,177,792.8673213
10.00,39,178,792.7892929
10.00,39,179,792.7679324
10.00,39,180,792.6988559
10.00,39,181,792.6705918
10.00,39,182,792.6089288
10.00,39,183,792.5749859
10.00,39,184,792.5194375
10.00,39,185,792.4808423
10.00,39,186,792.4303186
10.00,39,187,792.3879266
10.00,39,188,792.3415176
10.00,39,189,792.3327616
10.00,39,190,792.2158257
10.00,39,191,792.166855
10.00,39,192,792.1227899
10.00,39,193,792.1170393
10.00,39,194,792.0317003
10.00,39,195,792.016185
10.00,39,196,791.9413049
10.00,39,197,791.917741
10.00,39,198,791.851502
10.00,39,199,791.8213342
10.00,39,200,791.7622033
10.00,40,1,859.0935097
10.00,40,2,859.0807686
10.00,40,3,859.0687369
10.00,40,4,859.0574394
10.00,40,5,859.0465754
10.00,40,6,859.0361323
10.00,40,7,859.0259537
10.00,40,8,859.0160188
10.00,40,9,859.0141553
10.00,40,10,859.0006718
10.00,40,11,858.988023
10.00,40,12,858.9762759
10.00,40,13,858.9650479
10.00,40,14,858.9543378
10.00,40,15,858.9439467
10.00,40,16,858.9338549
10.00,40,17,858.9239574
10.00,40,18,858.9210283
10.00,40,19,858.9076567
10.00,40,20,858.8953893
10.00,40,21,858.8837399
10.00,40,22,858.8727225
10.00,40,23,858.8620861
10.00,40,24,858.851814
10.00,40,25,858.8417744
10.00,40,26,858.8319461
10.00,40,27,858.8279141
10.00,40,28,858.8149965
10.00,40,29,858.8028174
10.00,40,30,858.7914155
10.00,40,31,858.7804706
10.00,40,32,858.7699723
10.00,40,33,858.7597536
10.00,40,34,858.7497933
10.00,40,35,858.7487981
10.00,40,36,858.7351003
10.00,40,37,858.7222817
10.00,40,38,858.7104179
10.00,40,39,858.6991005
10.00,40,40,858.6883302
10.00,40,41,858.6778951
10.00,40,42,858.6677756
10.00,40,43,858.65786
10.00,40,44,858.6556151
10.00,40,45,858.6420666
10.00,40,46,858.6296786
10.00,40,47,858.6179365
10.00,40,48,858.6068571
10.00,40,49,858.5961754
10.00,40,50,858.5858748
10.00,40,51,858.5758166
10.00,40,52,858.565979
10.00,40,53,858.5624633
10.00,40,54,858.5494235
10.00,40,55,858.5371504
10.00,40,56,858.5256862
10.00,40,57,858.5146958
10.00,40,58,858.5041693
10.00,40,59,858.4939323
10.00,40,60,858.483963
10.00,40,61,858.4834607
10.00,40,62,858.4696444
10.00,40,63,858.456735
10.00,40,64,858.4448119
10.00,40,65,858.4334518
10.00,40,66,858.4226555
10.00,40,67,858.4122041
10.00,40,68,858.4020773
10.00,40,69,858.3921599
10.00,40,70,858.3902427
10.00,40,71,858.3766144
10.00,40,72,858.3641757
10.00,40,73,858.3523982
10.00,40,74,858.3412986
10.00,40,75,858.3306053
10.00,40,76,858.3203012
10.00,40,77,858.3102443
10.00,40,78,858.3004121
10.00,40,79,858.2970795
10.00,40,80,858.2840032
10.00,40,81,858.2717065
10.00,40,82,858.2602312
10.00,40,83,858.2492369
10.00,40,84,858.2387126
10.00,40,85,858.2284817
10.00,40,86,858.2185216
10.00,40,87,858.2181064
10.00,40,88,858.2042759
10.00,40,89,858.191362
10.00,40,90,858.1794419
10.00,40,91,858.1680896
10.00,40,92,858.1573045
10.00,40,93,858.1468665
10.00,40,94,858.1367544
10.00,40,95,858.1268527
10.00,40,96,858.1248872
10.00,40,97,858.1112825
10.00,40,98,858.0988676
10.00,40,99,858.0871151
10.00,40,100,858.0760395
10.00,40,101,858.0653701
10.00,40,102,858.0550887
10.00,40,103,858.0450538
10.00,40,104,858.0352427
10.00,40,105,858.03175
10.00,40,106,858.0187263
10.00,40,107,858.0064791
10.00,40,108,857.9950456
10.00,40,109,857.9840899
10.00,40,110,857.9735993
10.00,40,111,857.9633994
10.00,40,112,857.953467
10.00,40,113,857.9527301
10.00,40,114,857.9389919
10.00,40,115,857.9261607
10.00,40,116,857.9143068
10.00,40,117,857.9030133
10.00,40,118,857.8922766
10.00,40,119,857.8818819
10.00,40,120,857.8718065
10.00,40,121,857.8619379
10.00,40,122,857.8595543
10.00,40,123,857.8460758
10.00,40,124,857.8337582
10.00,40,125,857.8220906
10.00,40,126,857.8110824
10.00,40,127,857.8004719
10.00,40,128,857.7902387
10.00,40,129,857.7802463
10.00,40,130,857.7704712
10.00,40,131,857.7664892
10.00,40,132,857.7536046
10.00,40,133,857.7414772
10.00,40,134,857.7301366
10.00,40,135,857.7192606
10.00,40,136,857.7088336
10.00,40,137,857.6986887
10.00,40,138,857.6888016
10.00,40,139,857.6873591
10.00,40,140,857.6738139
10.00,40,141,857.6611481
10.00,40,142,857.6494198
10.00,40,143,857.638233
10.00,40,144,857.6275798
10.00,40,145,857.6172561
10.00,40,146,857.607238
10.00,40,147,857.5974186
10.00,40,148,857.5942782
10.00,40,149,857.5810209
10.00,40,150,857.5688685
10.00,40,151,857.5573407
10.00,40,152,857.5464399
10.00,40,153,857.5359199
10.00,40,154,857.5257584
10.00,40,155,857.5158269
10.00,40,156,857.5151414
10.00,40,157,857.5012041
10.00,40,158,857.4885668
10.00,40,159,857.4766469
10.00,40,160,857.4654628
10.00,40,161,857.4547173
10.00,40,162,857.4443913
10.00,40,163,857.4343307
10.00,40,164,857.4245108
10.00,40,165,857.4218941
10.00,40,166,857.4086662
10.00,40,167,857.3962668
10.00,40,168,857.384737
10.00,40,169,857.3737154
10.00,40,170,857.3631884
10.00,40,171,857.3529694
10.00,40,172,857.3430336
10.00,40,173,857.3430273
10.00,40,174,857.329118
10.00,40,175,857.3161624
10.00,40,176,857.3042335
10.00,40,177,857.2928918
10.00,40,178,857.2821324
10.00,40,179,857.2717297
10.00,40,180,857.2616596
10.00,40,181,857.2518043
10.00,40,182,857.2497913
10.00,40,183,857.2362343
10.00,40,184,857.2238757
10.00,40,185,857.2121881
10.00,40,186,857.2011784
10.00,40,187,857.1905772
10.00,40,188,857.1803625
10.00,40,189,857.170394
10.00,40,190,857.1606471
10.00,40,191,857.1567419
10.00,40,192,857.1438638
10.00,40,193,857.131756
10.00,40,194,857.1204431
10.00,40,195,857.1096008
10.00,40,196,857.0992103
10.00,40,197,857.089104
10.00,40,198,857.0792563
10.00,40,199,857.0776228
10.00,40,200,857.0641496
10.00,41,1,827.9836795
10.00,41,2,827.0812601
10.00,41,3,826.6709764
10.00,41,4,826.4131184
10.00,41,5,826.2574983
10.00,41,6,826.1416827
10.00,41,7,826.0497658
10.00,41,8,826.0199625
10.00,41,9,825.8894951
10.00,41,10,825.7854917
10.00,41,11,825.6988694
10.00,41,12,825.661159
10.00,41,13,825.5366543
10.00,41,14,825.4361893
10.00,41,15,825.3513747
10.00,41,16,825.3042439
10.00,41,17,825.1851076
10.00,41,18,825.0878851
10.00,41,19,825.0047544
10.00,41,20,824.9486705
10.00,41,21,824.8346569
10.00,41,22,824.7405092
10.00,41,23,824.7403874
10.00,41,24,824.5913458
10.00,41,25,824.4836135
10.00,41,26,824.3931825
10.00,41,27,824.3738872
10.00,41,28,824.2364363
10.00,41,29,824.1342512
10.00,41,30,824.0470777
10.00,41,31,824.0111639
10.00,41,32,823.8837919
10.00,41,33,823.7864693
10.00,41,34,823.7021346
10.00,41,35,823.6518983
10.00,41,36,823.5332451
10.00,41,37,823.4401629
10.00,41,38,823.358292
10.00,41,39,823.2957736
10.00,41,40,823.1846305
10.00,41,41,823.0952301
10.00,41,42,823.0801651
10.00,41,43,822.9450659
10.00,41,44,822.8390995
10.00,41,45,822.7522736
10.00,41,46,822.7232983
10.00,41,47,822.5960614
10.00,41,48,822.4947679
10.00,41,49,822.4102774
10.00,41,50,822.3688711
10.00,41,51,822.2487189
10.00,41,52,822.1516051
10.00,41,53,822.0692159
10.00,41,54,822.0167854
10.00,41,55,821.9029688
10.00,41,56,821.8095687
10.00,41,57,821.7290585
10.00,41,58,821.6669176
10.00,41,59,821.5587298
10.00,41,60,821.4686106
10.00,41,61,821.4551187
10.00,41,62,821.3165492
10.00,41,63,821.2145184
10.00,41,64,821.1279618
10.00,41,65,821.096622
10.00,41,66,820.9689466
10.00,41,67,820.8720969
10.00,41,68,820.7885224
10.00,41,69,820.7423632
10.00,41,70,820.6237539
10.00,41,71,820.5312567
10.00,41,72,820.4501785
10.00,41,73,820.3917215
10.00,41,74,820.2806587
10.00,41,75,820.1918175
10.00,41,76,820.1827895
10.00,41,77,820.0469256
10.00,41,78,819.9408032
10.00,41,79,819.8543855
10.00,41,80,819.8325122
10.00,41,81,819.7039629
10.00,41,82,819.602148
10.00,41,83,819.5178555
10.00,41,84,819.4848711
10.00,41,85,819.3626972
10.00,41,86,819.2646156
10.00,41,87,819.1821767
10.00,41,88,819.1396349
10.00,41,89,819.0229891
10.00,41,90,818.9281288
10.00,41,91,818.8472994
10.00,41,92,818.7965856
10.00,41,93,818.6847086
10.00,41,94,818.5926152
10.00,41,95,818.5131771
10.00,41,96,818.4555245
10.00,41,97,818.3477374
10.00,41,98,818.2580079
10.00,41,99,818.254505
10.00,41,100,818.1134779
10.00,41,101,818.0104402
10.00,41,102,817.9234547
10.00,41,103,817.9063708
10.00,41,104,817.7736863
10.00,41,105,817.6745835
10.00,41,106,817.5898616
10.00,41,107,817.5617032
10.00,41,108,817.4358525
10.00,41,109,817.3399933
10.00,41,110,817.2571316
10.00,41,111,817.2200062
10.00,41,112,817.0997262
10.00,41,113,817.0065248
10.00,41,114,816.9251831
10.00,41,115,816.8808821
10.00,41,116,816.7651051
10.00,41,117,816.6740599
10.00,41,118,816.5939475
10.00,41,119,816.5440176
10.00,41,120,816.4318279
10.00,41,121,816.3425035
10.00,41,122,816.2633681
10.00,41,123,816.2091712
10.00,41,124,816.099769
10.00,41,125,816.0117798
10.00,41,126,815.9333977
10.00,41,127,815.8761645
10.00,41,128,815.7688344
10.00,41,129,815.6818307
10.00,41,130,815.6039982
10.00,41,131,815.5448767
10.00,41,132,815.4389593
10.00,41,133,815.3526146
10.00,41,134,815.2751397
10.00,41,135,815.2152423
10.00,41,136,815.110108
10.00,41,137,815.024106
10.00,41,138,814.9468012
10.00,41,139,814.8872535
10.00,41,140,814.7822752
10.00,41,141,814.6962971
10.00,41,142,814.618971
10.00,41,143,814.5609656
10.00,41,144,814.4554904
10.00,41,145,814.3692005
10.00,41,146,814.2916485
10.00,41,147,814.236509
10.00,41,148,814.1298245
10.00,41,149,814.0428536
10.00,41,150,813.9648474
10.00,41,151,813.914108
10.00,41,152,813.8054014
10.00,41,153,813.717326
10.00,41,154,813.6385997
10.00,41,155,813.5941109
10.00,41,156,813.4824156
10.00,41,157,813.3927313
10.00,41,158,813.3129627
10.00,41,159,813.2770343
10.00,41,160,813.1611582
10.00,41,161,813.0692434
10.00,41,162,812.9880296
10.00,41,163,812.9636311
10.00,41,164,812.8420563
10.00,41,165,812.747123
10.00,41,166,812.6639443
10.00,41,167,812.6549929
10.00,41,168,812.5257323
10.00,41,169,812.4267564
10.00,41,170,812.3409259
10.00,41,171,812.2643824
10.00,41,172,812.2162596
10.00,41,173,812.1105855
10.00,41,174,812.0203412
10.00,41,175,811.9413734
10.00,41,176,811.9136711
10.00,41,177,811.798747
10.00,41,178,811.702309
10.00,41,179,811.6199547
10.00,41,180,811.5442515
10.00,41,181,811.4900618
10.00,41,182,811.3861738
10.00,41,183,811.2997498
10.00,41,184,811.2213931
10.00,41,185,811.1887474
10.00,41,186,811.074381
10.00,41,187,810.9822798
10.00,41,188,810.9001627
10.00,41,189,810.8984099
10.00,41,190,810.7690592
10.00,41,191,810.6689296
10.00,41,192,810.5813921
10.00,41,193,810.503484
10.00,41,194,810.4778753
10.00,41,195,810.3645817
10.00,41,196,810.2679615
10.00,41,197,810.1849579
10.00,41,198,810.1083987
10.00,41,199,810.0692266
10.00,41,200,809.9599444
10.00,42,1,826.9039543
10.00,42,2,826.7472146
10.00,42,3,826.0251119
10.00,42,4,825.6418012
10.00,42,5,824.3365815
10.00,42,6,824.0650624
10.00,42,7,824.0468594
10.00,42,8,823.3732765
10.00,42,9,822.9401803
10.00,42,10,821.7188301
10.00,42,11,821.5073463
10.00,42,12,821.4102885
10.00,42,13,820.7719566
10.00,42,14,820.2884838
10.00,42,15,819.1673394
10.00,42,16,818.9839971
10.00,42,17,818.7648781
10.00,42,18,818.6839079
10.00,42,19,818.6077905
10.00,42,20,818.5354916
10.00,42,21,818.4672798
10.00,42,22,818.4042402
10.00,42,23,818.3467008
10.00,42,24,818.2962289
10.00,42,25,818.2531511
10.00,42,26,818.2197406
10.00,42,27,818.1962496
10.00,42,28,818.1859907
10.00,42,29,817.5413988
10.00,42,30,816.9937735
10.00,42,31,815.9533352
10.00,42,32,815.5650081
10.00,42,33,815.5316523
10.00,42,34,815.5094966
10.00,42,35,815.4983503
10.00,42,36,814.8582452
10.00,42,37,814.3382685
10.00,42,38,813.3012141
10.00,42,39,812.9328207
10.00,42,40,812.9016565
10.00,42,41,812.8800243
10.00,42,42,812.8709425
10.00,42,43,812.2272138
10.00,42,44,811.6671271
10.00,42,45,810.6999736
10.00,42,46,810.6119538
10.00,42,47,809.1904249
10.00,42,48,808.9410566
10.00,42,49,808.9101414
10.00,42,50,808.9050082
10.00,42,51,808.2380523
10.00,42,52,807.7039576
10.00,42,53,806.7553282
10.00,42,54,806.6080734
10.00,42,55,805.289741
10.00,42,56,805.0197216
10.00,42,57,804.9669083
10.00,42,58,804.9516055
10.00,42,59,804.946584
10.00,42,60,804.27696
10.00,42,61,803.7831283
10.00,42,62,802.8375366
10.00,42,63,802.7344884
10.00,42,64,801.4145019
10.00,42,65,801.170944
10.00,42,66,801.1181281
10.00,42,67,801.1028204
10.00,42,68,801.0995286
10.00,42,69,800.4305875
10.00,42,70,799.8840276
10.00,42,71,799.0321103
10.00,42,72,798.7084718
10.00,42,73,797.6485158
10.00,42,74,797.5867847
10.00,42,75,796.2868768
10.00,42,76,796.2585037
10.00,42,77,795.945287
10.00,42,78,795.9179994
10.00,42,79,795.9017619
10.00,42,80,795.8961933
10.00,42,81,795.251915
10.00,42,82,794.6689803
10.00,42,83,793.9073021
10.00,42,84,793.4587682
10.00,42,85,792.576943
10.00,42,86,792.3437903
10.00,42,87,792.3046164
10.00,42,88,791.1803029
10.00,42,89,790.8625521
10.00,42,90,790.8143276
10.00,42,91,790.7829518
10.00,42,92,790.7591644
10.00,42,93,790.7419294
10.00,42,94,790.7343557
10.00,42,95,790.113566
10.00,42,96,789.5019724
10.00,42,97,788.8208265
10.00,42,98,788.2742081
10.00,42,99,787.5412818
10.00,42,100,787.1112237
10.00,42,101,787.0641147
10.00,42,102,786.1976784
10.00,42,103,785.9434825
10.00,42,104,784.9566072
10.00,42,105,784.7766694
10.00,42,106,784.6229896
10.00,42,107,784.5540737
10.00,42,108,784.4873715
10.00,42,109,784.4217776
10.00,42,110,784.357569
10.00,42,111,784.2947363
10.00,42,112,784.2336758
10.00,42,113,784.174345
10.00,42,114,784.1172861
10.00,42,115,784.0624003
10.00,42,116,784.0104324
10.00,42,117,783.9611915
10.00,42,118,783.915704
10.00,42,119,783.8736326
10.00,42,120,783.8363961
10.00,42,121,783.8034284
10.00,42,122,783.7766963
10.00,42,123,783.755282
10.00,42,124,783.7419186
10.00,42,125,783.7351532
10.00,42,126,783.1065906
10.00,42,127,782.5453193
10.00,42,128,781.8821698
10.00,42,129,781.3591413
10.00,42,130,780.6698289
10.00,42,131,780.246663
10.00,42,132,780.1816116
10.00,42,133,779.3960924
10.00,42,134,778.995878
10.00,42,135,778.9516097
10.00,42,136,778.1350706
10.00,42,137,777.8010967
10.00,42,138,777.7857294
10.00,42,139,776.8864448
10.00,42,140,776.550302
10.00,42,141,776.5420788
10.00,42,142,775.6501057
10.00,42,143,775.3645399
10.00,42,144,774.5021173
10.00,42,145,774.3755935
10.00,42,146,774.0721868
10.00,42,147,774.0232848
10.00,42,148,773.9814541
10.00,42,149,773.9425378
10.00,42,150,773.9078788
10.00,42,151,773.8767229
10.00,42,152,773.8509744
10.00,42,153,773.8294997
10.00,42,154,773.814904
10.00,42,155,773.8054997
10.00,42,156,773.804856
10.00,42,157,773.145761
10.00,42,158,773.1226281
10.00,42,159,770.9218252
10.00,42,160,770.7672451
10.00,42,161,770.7437353
10.00,42,162,770.7280379
10.00,42,163,770.7171114
10.00,42,164,770.7143663
10.00,42,165,770.0782498
10.00,42,166,769.932434
10.00,42,167,767.9077827
10.00,42,168,767.7198024
10.00,42,169,767.691611
10.00,42,170,767.6701807
10.00,42,171,767.6527613
10.00,42,172,767.6421985
10.00,42,173,767.6364061
10.00,42,174,767.0189464
10.00,42,175,766.9448888
10.00,42,176,764.9011423
10.00,42,177,764.7705517
10.00,42,178,764.7490197
10.00,42,179,764.7326486
10.00,42,180,764.7230391
10.00,42,181,764.7179386
10.00,42,182,764.0972551
10.00,42,183,764.0001598
10.00,42,184,762.0285453
10.00,42,185,761.8814745
10.00,42,186,761.8572145
10.00,42,187,761.8377404
10.00,42,188,761.8242861
10.00,42,189,761.8147904
10.00,42,190,761.812803
10.00,42,191,761.1806475
10.00,42,192,760.9128227
10.00,42,193,759.1597914
10.00,42,194,758.9255247
10.00,42,195,758.8904034
10.00,42,196,758.8603429
10.00,42,197,758.8329131
10.00,42,198,758.810027
10.00,42,199,758.7902233
10.00,42,200,758.7760845
10.00,43,1,819.5832182
10.00,43,2,819.2430727
10.00,43,3,819.233133
10.00,43,4,819.0324303
10.00,43,5,818.966263
10.00,43,6,818.8345348
10.00,43,7,818.7402499
10.00,43,8,818.710674
10.00,43,9,818.5353374
10.00,43,10,818.4614162
10.00,43,11,818.3401024
10.00,43,12,818.3263811
10.00,43,13,818.0611185
10.00,43,14,818.0268809
10.00,43,15,817.8580453
10.00,43,16,817.7817035
10.00,43,17,817.6642447
10.00,43,18,817.6365749
10.00,43,19,817.3846931
10.00,43,20,817.344771
10.00,43,21,817.1836893
10.00,43,22,817.1044194
10.00,43,23,816.9914351
10.00,43,24,816.9475671
10.00,43,25,816.7110526
10.00,43,26,816.6646618
10.00,43,27,816.5123017
10.00,43,28,816.4297294
10.00,43,29,816.3216796
10.00,43,30,816.2600195
10.00,43,31,816.0402885
10.00,43,32,815.9869089
10.00,43,33,815.8439207
10.00,43,34,815.7578149
10.00,43,35,815.7491997
10.00,43,36,815.5511226
10.00,43,37,815.4856945
10.00,43,38,815.3577208
10.00,43,39,815.2645838
10.00,43,40,815.2314892
10.00,43,41,815.0647567
10.00,43,42,814.9892497
10.00,43,43,814.87454
10.00,43,44,814.8410593
10.00,43,45,814.599068
10.00,43,46,814.5557674
10.00,43,47,814.4023266
10.00,43,48,814.3216352
10.00,43,49,814.2141546
10.00,43,50,814.1543877
10.00,43,51,813.9366559
10.00,43,52,813.883319
10.00,43,53,813.7429915
10.00,43,54,813.6572627
10.00,43,55,813.6454479
10.00,43,56,813.453838
10.00,43,57,813.3869755
10.00,43,58,813.2635489
10.00,43,59,813.2556426
10.00,43,60,812.9916043
10.00,43,61,812.9528101
10.00,43,62,812.7953389
10.00,43,63,812.7156222
10.00,43,64,812.6089318
10.00,43,65,812.5428202
10.00,43,66,812.331999
10.00,43,67,812.2730976
10.00,43,68,812.1413157
10.00,43,69,812.0520885
10.00,43,70,812.0249535
10.00,43,71,811.8548828
10.00,43,72,811.7827246
10.00,43,73,811.6681878
10.00,43,74,811.639466
10.00,43,75,811.3987317
10.00,43,76,811.3559906
10.00,43,77,811.2058911
10.00,43,78,811.1259451
10.00,43,79,811.021848
10.00,43,80,810.9555303
10.00,43,81,810.7490767
10.00,43,82,810.6924672
10.00,43,83,810.5602476
10.00,43,84,810.4734745
10.00,43,85,810.4518237
10.00,43,86,810.2762341
10.00,43,87,810.2049996
10.00,43,88,810.0911814
10.00,43,89,810.0543921
10.00,43,90,809.8216599
10.00,43,91,809.7721053
10.00,43,92,809.631973
10.00,43,93,809.5477362
10.00,43,94,809.5313979
10.00,43,95,809.3510567
10.00,43,96,809.2845282
10.00,43,97,809.1663394
10.00,43,98,809.1550508
10.00,43,99,808.9031058
10.00,43,100,808.8657636
10.00,43,101,808.7121111
10.00,43,102,808.6352333
10.00,43,103,808.5306666
10.00,43,104,808.4707627
10.00,43,105,808.2628866
10.00,43,106,808.2079966
10.00,43,107,808.0768257
10.00,43,108,807.9914235
10.00,43,109,807.9692378
10.00,43,110,807.7973122
10.00,43,111,807.7261441
10.00,43,112,807.6155058
10.00,43,113,807.5717947
10.00,43,114,807.3495001
10.00,43,115,807.2970854
10.00,43,116,807.1636517
10.00,43,117,807.078631
10.00,43,118,807.0550663
10.00,43,119,806.8865877
10.00,43,120,806.8167249
10.00,43,121,806.7058618
10.00,43,122,806.6718796
10.00,43,123,806.4441026
10.00,43,124,806.3979151
10.00,43,125,806.2582488
10.00,43,126,806.1774617
10.00,43,127,806.1663833
10.00,43,128,805.9827398
10.00,43,129,805.9168872
10.00,43,130,805.8019794
10.00,43,131,805.7755379
10.00,43,132,805.5407628
10.00,43,133,805.4935919
10.00,43,134,805.3558841
10.00,43,135,805.2736887
10.00,43,136,805.2555325
10.00,43,137,805.0824801
10.00,43,138,805.015448
10.00,43,139,804.9033973
10.00,43,140,804.8765528
10.00,43,141,804.6454212
10.00,43,142,804.6012349
10.00,43,143,804.4613056
10.00,43,144,804.3818342
10.00,43,145,804.3714523
10.00,43,146,804.1890356
10.00,43,147,804.1237069
10.00,43,148,804.0104536
10.00,43,149,803.9811692
10.00,43,150,803.7519473
10.00,43,151,803.7034863
10.00,43,152,803.5696271
10.00,43,153,803.4872608
10.00,43,154,803.4652466
10.00,43,155,803.2990946
10.00,43,156,803.2304219
10.00,43,157,803.1227031
10.00,43,158,803.0834726
10.00,43,159,802.8662733
10.00,43,160,802.8173951
10.00,43,161,802.6855077
10.00,43,162,802.6041719
10.00,43,163,802.5845625
10.00,43,164,802.4158285
10.00,43,165,802.3466199
10.00,43,166,802.2405147
10.00,43,167,802.1904392
10.00,43,168,801.9829302
10.00,43,169,801.927581
10.00,43,170,801.8045905
10.00,43,171,801.7195765
10.00,43,172,801.6861402
10.00,43,173,801.5363476
10.00,43,174,801.4625306
10.00,43,175,801.3635062
10.00,43,176,801.2971396
10.00,43,177,801.1070037
10.00,43,178,801.0486323
10.00,43,179,800.9308036
10.00,43,180,800.9300068
10.00,43,181,800.682146
10.00,43,182,800.6457599
10.00,43,183,800.5009025
10.00,43,184,800.4258925
10.00,43,185,800.4220746
10.00,43,186,800.2359448
10.00,43,187,800.1740106
10.00,43,188,800.0615163
10.00,43,189,800.0355623
10.00,43,190,799.8098476
10.00,43,191,799.7617353
10.00,43,192,799.6323153
10.00,43,193,799.551074
10.00,43,194,799.5254315
10.00,43,195,799.3684375
10.00,43,196,799.2986369
10.00,43,197,799.1973401
10.00,43,198,799.1425877
10.00,43,199,798.9456447
10.00,43,200,798.8908736
10.00,44,1,815.3524827
10.00,44,2,814.9675293
10.00,44,3,814.7991038
10.00,44,4,814.6965712
10.00,44,5,814.6477564
10.00,44,6,814.5205426
10.00,44,7,814.4357912
10.00,44,8,814.3576376
10.00,44,9,814.257212
10.00,44,10,814.2140804
10.00,44,11,814.0860192
10.00,44,12,813.9993775
10.00,44,13,813.9251043
10.00,44,14,813.8216074
10.00,44,15,813.7820027
10.00,44,16,813.6500832
10.00,44,17,813.5641137
10.00,44,18,813.4908601
10.00,44,19,813.3877097
10.00,44,20,813.3518281
10.00,44,21,813.2188816
10.00,44,22,813.1307129
10.00,44,23,813.0607622
10.00,44,24,812.9546216
10.00,44,25,812.9212384
10.00,44,26,812.7850056
10.00,44,27,812.697932
10.00,44,28,812.6282098
10.00,44,29,812.523102
10.00,44,30,812.4923033
10.00,44,31,812.3560835
10.00,44,32,812.2670151
10.00,44,33,812.1999655
10.00,44,34,812.092315
10.00,44,35,812.0627323
10.00,44,36,811.9241583
10.00,44,37,811.8366475
10.00,44,38,811.768971
10.00,44,39,811.6630832
10.00,44,40,811.6347619
10.00,44,41,811.4973379
10.00,44,42,811.4081513
10.00,44,43,811.342387
10.00,44,44,811.2345494
10.00,44,45,811.2060813
10.00,44,46,811.067384
10.00,44,47,810.9801725
10.00,44,48,810.9129544
10.00,44,49,810.8075565
10.00,44,50,810.7789771
10.00,44,51,810.6425393
10.00,44,52,810.5540537
10.00,44,53,810.4879255
10.00,44,54,810.3812617
10.00,44,55,810.3512136
10.00,44,56,810.214635
10.00,44,57,810.128459
10.00,44,58,810.06015
10.00,44,59,809.9564911
10.00,44,60,809.9250276
10.00,44,61,809.791695
10.00,44,62,809.7046935
10.00,44,63,809.6366612
10.00,44,64,809.5324504
10.00,44,65,809.4983477
10.00,44,66,809.3659601
10.00,44,67,809.281494
10.00,44,68,809.210711
10.00,44,69,809.109915
10.00,44,70,809.0732677
10.00,44,71,808.9449123
10.00,44,72,808.8600755
10.00,44,73,808.7888323
10.00,44,74,808.6881669
10.00,44,75,808.6479483
10.00,44,76,808.5214888
10.00,44,77,808.4392932
10.00,44,78,808.3649215
10.00,44,79,808.2679027
10.00,44,80,808.2242657
10.00,44,81,808.1023746
10.00,44,82,808.0202302
10.00,44,83,807.9447926
10.00,44,84,807.8485
10.00,44,85,807.8006531
10.00,44,86,807.6814059
10.00,44,87,807.6777043
10.00,44,88,807.5214558
10.00,44,89,807.429952
10.00,44,90,807.3758787
10.00,44,91,807.2632916
10.00,44,92,807.2526412
10.00,44,93,807.1048223
10.00,44,94,807.0135026
10.00,44,95,806.9569684
10.00,44,96,806.8458403
10.00,44,97,806.8272462
10.00,44,98,806.6843094
10.00,44,99,806.5974535
10.00,44,100,806.5348859
10.00,44,101,806.4300579
10.00,44,102,806.4041772
10.00,44,103,806.2695035
10.00,44,104,806.1833504
10.00,44,105,806.1178765
10.00,44,106,806.0151
10.00,44,107,805.9813584
10.00,44,108,805.851983
10.00,44,109,805.7698449
10.00,44,110,805.6987869
10.00,44,111,805.6017498
10.00,44,112,805.5608446
10.00,44,113,805.43922
10.00,44,114,805.3581374
10.00,44,115,805.284013
10.00,44,116,805.1893626
10.00,44,117,805.1410712
10.00,44,118,805.0247828
10.00,44,119,805.0171386
10.00,44,120,804.8665578
10.00,44,121,804.7779711
10.00,44,122,804.7209887
10.00,44,123,804.6133509
10.00,44,124,804.594644
10.00,44,125,804.4557107
10.00,44,126,804.3686954
10.00,44,127,804.3069296
10.00,44,128,804.202845
10.00,44,129,804.1730925
10.00,44,130,804.0420288
10.00,44,131,803.9600314
10.00,44,132,803.8909439
10.00,44,133,803.7940917
10.00,44,134,803.7545814
10.00,44,135,803.6334884
10.00,44,136,803.553248
10.00,44,137,803.4797656
10.00,44,138,803.3864214
10.00,44,139,803.3374937
10.00,44,140,803.2234911
10.00,44,141,803.2127671
10.00,44,142,803.0663953
10.00,44,143,802.9798777
10.00,44,144,802.9208351
10.00,44,145,802.8166401
10.00,44,146,802.7925255
10.00,44,147,802.6596261
10.00,44,148,802.5754826
10.00,44,149,802.5104028
10.00,44,150,802.4109205
10.00,44,151,802.3742089
10.00,44,152,802.2507393
10.00,44,153,802.1718483
10.00,44,154,802.0989002
10.00,44,155,802.0070321
10.00,44,156,801.959499
10.00,44,157,801.8467029
10.00,44,158,801.8402263
10.00,44,159,801.6936084
10.00,44,160,801.6048797
10.00,44,161,801.5492798
10.00,44,162,801.4426887
10.00,44,163,801.4197015
10.00,44,164,801.2854011
10.00,44,165,801.2034169
10.00,44,166,801.1376188
10.00,44,167,801.0407649
10.00,44,168,801.0038541
10.00,44,169,800.8831438
10.00,44,170,800.8040233
10.00,44,171,800.7318001
10.00,44,172,800.6401822
10.00,44,173,800.5908158
10.00,44,174,800.4798381
10.00,44,175,800.4654302
10.00,44,176,800.3246396
10.00,44,177,800.24097
10.00,44,178,800.1795169
10.00,44,179,800.0799821
10.00,44,180,800.0491003
10.00,44,181,799.9242511
10.00,44,182,799.8439996
10.00,44,183,799.7749561
10.00,44,184,799.6815908
10.00,44,185,799.6362905
10.00,44,186,799.5227475
10.00,44,187,799.5135226
10.00,44,188,799.3691179
10.00,44,189,799.2846837
10.00,44,190,799.2257552
10.00,44,191,799.1250361
10.00,44,192,799.0972295
10.00,44,193,798.9706732
10.00,44,194,798.8901599
10.00,44,195,798.822682
10.00,44,196,798.7289308
10.00,44,197,798.6852055
10.00,44,198,798.5712143
10.00,44,199,798.5633566
10.00,44,200,798.4186023
10.00,45,1,912.5166875
10.00,45,2,912.4823123
10.00,45,3,912.4425562
10.00,45,4,912.408157
10.00,45,5,912.3684394
10.00,45,6,912.3340116
10.00,45,7,912.2943331
10.00,45,8,912.2598769
10.00,45,9,912.2202382
10.00,45,10,912.1857535
10.00,45,11,912.1461554
10.00,45,12,912.1116423
10.00,45,13,912.0720854
10.00,45,14,912.037544
10.00,45,15,911.9980291
10.00,45,16,911.9634595
10.00,45,17,911.9239872
10.00,45,18,911.8893896
10.00,45,19,911.8499605
10.00,45,20,911.8153351
10.00,45,21,911.7759498
10.00,45,22,911.7412968
10.00,45,23,911.7019558
10.00,45,24,911.6672754
10.00,45,25,911.6279794
10.00,45,26,911.5932718
10.00,45,27,911.5540213
10.00,45,28,911.5192868
10.00,45,29,911.4800822
10.00,45,30,911.4453213
10.00,45,31,911.4061631
10.00,45,32,911.3713758
10.00,45,33,911.3322645
10.00,45,34,911.2974514
10.00,45,35,911.2583873
10.00,45,36,911.2235487
10.00,45,37,911.1845323
10.00,45,38,911.1496685
10.00,45,39,911.1107002
10.00,45,40,911.0758116
10.00,45,41,911.0368917
10.00,45,42,911.0019788
10.00,45,43,910.9631075
10.00,45,44,910.9281708
10.00,45,45,910.8893485
10.00,45,46,910.8543884
10.00,45,47,910.8156154
10.00,45,48,910.7806323
10.00,45,49,910.7419088
10.00,45,50,910.7069032
10.00,45,51,910.6682295
10.00,45,52,910.633202
10.00,45,53,910.5945781
10.00,45,54,910.5595292
10.00,45,55,910.5209555
10.00,45,56,910.4858856
10.00,45,57,910.4473622
10.00,45,58,910.412272
10.00,45,59,910.3737989
10.00,45,60,910.3386889
10.00,45,61,910.3002663
10.00,45,62,910.2651371
10.00,45,63,910.2267651
10.00,45,64,910.1916172
10.00,45,65,910.1532958
10.00,45,66,910.11813
10.00,45,67,910.0798592
10.00,45,68,910.0446759
10.00,45,69,910.0064559
10.00,45,70,909.9712557
10.00,45,71,909.9330864
10.00,45,72,909.89787
10.00,45,73,909.8597513
10.00,45,74,909.8245193
10.00,45,75,909.7864513
10.00,45,76,909.7512043
10.00,45,77,909.7131869
10.00,45,78,909.6779255
10.00,45,79,909.6399587
10.00,45,80,909.6046836
10.00,45,81,909.5667671
10.00,45,82,909.531479
10.00,45,83,909.4936129
10.00,45,84,909.4583123
10.00,45,85,909.4204964
10.00,45,86,909.385184
10.00,45,87,909.3474181
10.00,45,88,909.3120946
10.00,45,89,909.2743786
10.00,45,90,909.2390446
10.00,45,91,909.2013784
10.00,45,92,909.1660346
10.00,45,93,909.1284179
10.00,45,94,909.0930649
10.00,45,95,909.0554975
10.00,45,96,909.0201359
10.00,45,97,908.9826178
10.00,45,98,908.9472483
10.00,45,99,908.909779
10.00,45,100,908.8744023
10.00,45,101,908.8369817
10.00,45,102,908.8015983
10.00,45,103,908.7642262
10.00,45,104,908.7288368
10.00,45,105,908.6915129
10.00,45,106,908.6561182
10.00,45,107,908.6188421
10.00,45,108,908.5834427
10.00,45,109,908.5462142
10.00,45,110,908.5108108
10.00,45,111,908.4736296
10.00,45,112,908.4382227
10.00,45,113,908.4010886
10.00,45,114,908.3656788
10.00,45,115,908.3285914
10.00,45,116,908.2931794
10.00,45,117,908.2561384
10.00,45,118,908.2207248
10.00,45,119,908.1837298
10.00,45,120,908.1483152
10.00,45,121,908.111366
10.00,45,122,908.0759509
10.00,45,123,908.0390471
10.00,45,124,908.0036321
10.00,45,125,907.9667733
10.00,45,126,907.9313591
10.00,45,127,907.894545
10.00,45,128,907.8591321
10.00,45,129,907.8223623
10.00,45,130,907.7869513
10.00,45,131,907.7502254
10.00,45,132,907.7148168
10.00,45,133,907.6781345
10.00,45,134,907.6427288
10.00,45,135,907.6060898
10.00,45,136,907.5706875
10.00,45,137,907.5340913
10.00,45,138,907.4986931
10.00,45,139,907.4621394
10.00,45,140,907.4267456
10.00,45,141,907.390234
10.00,45,142,907.3548452
10.00,45,143,907.3183752
10.00,45,144,907.282992
10.00,45,145,907.2465633
10.00,45,146,907.211186
10.00,45,147,907.1747983
10.00,45,148,907.1394274
10.00,45,149,907.1030802
10.00,45,150,907.0677163
10.00,45,151,907.0314092
10.00,45,152,906.9960526
10.00,45,153,906.9597852
10.00,45,154,906.9244364
10.00,45,155,906.8882083
10.00,45,156,906.8528678
10.00,45,157,906.8166786
10.00,45,158,906.7813467
10.00,45,159,906.7451961
10.00,45,160,906.7098732
10.00,45,161,906.6737607
10.00,45,162,906.6384473
10.00,45,163,906.6023725
10.00,45,164,906.5670689
10.00,45,165,906.5310314
10.00,45,166,906.4957381
10.00,45,167,906.4597375
10.00,45,168,906.4244547
10.00,45,169,906.3884907
10.00,45,170,906.3532188
10.00,45,171,906.317291
10.00,45,172,906.2820304
10.00,45,173,906.2461383
10.00,45,174,906.2108892
10.00,45,175,906.1750325
10.00,45,176,906.1397953
10.00,45,177,906.1039736
10.00,45,178,906.0687486
10.00,45,179,906.0329614
10.00,45,180,905.997749
10.00,45,181,905.961996
10.00,45,182,905.9267964
10.00,45,183,905.8910772
10.00,45,184,905.8558906
10.00,45,185,905.8202049
10.00,45,186,905.7850317
10.00,45,187,905.749379
10.00,45,188,905.7142194
10.00,45,189,905.6785994
10.00,45,190,905.6434536
10.00,45,191,905.6078659
10.00,45,192,905.5727342
10.00,45,193,905.5371785
10.00,45,194,905.502061
10.00,45,195,905.4665369
10.00,45,196,905.4314339
10.00,45,197,905.3959411
10.00,45,198,905.3608528
10.00,45,199,905.3253908
10.00,45,200,905.2903175
10.00,46,1,719.2741202
10.00,46,2,719.2428955
10.00,46,3,719.2188261
10.00,46,4,719.2068344
10.00,46,5,719.1271908
10.00,46,6,719.1075555
10.00,46,7,718.9520057
10.00,46,8,718.931934
10.00,46,9,718.85074
10.00,46,10,718.8353583
10.00,46,11,718.6760755
10.00,46,12,718.6579107
10.00,46,13,718.5749803
10.00,46,14,718.5642758
10.00,46,15,718.4008437
10.00,46,16,718.3847856
10.00,46,17,718.2999094
10.00,46,18,718.294388
10.00,46,19,718.1263096
10.00,46,20,718.1125878
10.00,46,21,718.0255254
10.00,46,22,717.9757425
10.00,46,23,717.9621157
10.00,46,24,717.8879185
10.00,46,25,717.8424829
10.00,46,26,717.7135621
10.00,46,27,717.6750052
10.00,46,28,717.6702213
10.00,46,29,717.5763521
10.00,46,30,717.5298986
10.00,46,31,717.5191472
10.00,46,32,717.4392243
10.00,46,33,717.4057938
10.00,46,34,717.2657169
10.00,46,35,717.2313338
10.00,46,36,717.2300204
10.00,46,37,717.1290022
10.00,46,38,717.0860418
10.00,46,39,717.0783176
10.00,46,40,716.992345
10.00,46,41,716.9714868
10.00,46,42,716.8196865
10.00,46,43,716.7896407
10.00,46,44,716.720613
10.00,46,45,716.667113
10.00,46,46,716.5479753
10.00,46,47,716.5069483
10.00,46,48,716.499759
10.00,46,49,716.4122401
10.00,46,50,716.363931
10.00,46,51,716.3511881
10.00,46,52,716.2766014
10.00,46,53,716.2348232
10.00,46,54,716.1047986
10.00,46,55,716.0678742
10.00,46,56,716.0641011
10.00,46,57,715.9695491
10.00,46,58,715.9246648
10.00,46,59,715.914888
10.00,46,60,715.8343733
10.00,46,61,715.804978
10.00,46,62,715.6634066
10.00,46,63,715.630781
10.00,46,64,715.6305891
10.00,46,65,715.5286374
10.00,46,66,715.4873528
10.00,46,67,715.4807043
10.00,46,68,715.3939158
10.00,46,69,715.3775099
10.00,46,70,715.2237856
10.00,46,71,715.1956337
10.00,46,72,715.1260598
10.00,46,73,715.076477
10.00,46,74,714.9559338
10.00,46,75,714.9166234
10.00,46,76,714.9105243
10.00,46,77,714.822122
10.00,46,78,714.7754444
10.00,46,79,714.7637392
10.00,46,80,714.688398
10.00,46,81,714.6509277
10.00,46,82,714.5190946
10.00,46,83,714.4840164
10.00,46,84,714.481448
10.00,46,85,714.3857537
10.00,46,86,714.3426115
10.00,46,87,714.333977
10.00,46,88,714.2524765
10.00,46,89,714.2278211
10.00,46,90,714.0839975
10.00,46,91,714.0533596
10.00,46,92,713.9874131
10.00,46,93,713.932677
10.00,46,94,713.8189641
10.00,46,95,713.7781524
10.00,46,96,713.7704896
10.00,46,97,713.6865525
10.00,46,98,713.6388075
10.00,46,99,713.6258346
10.00,46,100,713.5542369
10.00,46,101,713.5114168
10.00,46,102,713.3865977
10.00,46,103,713.3499693
10.00,46,104,713.3458007
10.00,46,105,713.2546479
10.00,46,106,713.2103916
10.00,46,107,713.2004484
10.00,46,108,713.1227714
10.00,46,109,713.0926438
10.00,46,110,712.9559449
10.00,46,111,712.9237344
10.00,46,112,712.9232583
10.00,46,113,712.824451
10.00,46,114,712.7838913
10.00,46,115,712.7771699
10.00,46,116,712.6930043
10.00,46,117,712.6762978
10.00,46,118,712.5269924
10.00,46,119,712.4994145
10.00,46,120,712.4316382
10.00,46,121,712.3832501
10.00,46,122,712.2656289
10.00,46,123,712.2273574
10.00,46,124,712.2215111
10.00,46,125,712.1350473
10.00,46,126,712.0896007
10.00,46,127,712.0782857
10.00,46,128,712.0045488
10.00,46,129,711.968655
10.00,46,130,711.8393398
10.00,46,131,711.8054392
10.00,46,132,711.8032509
10.00,46,133,711.7092053
10.00,46,134,711.6674097
10.00,46,135,711.6592763
10.00,46,136,711.5791292
10.00,46,137,711.556542
10.00,46,138,711.4147238
10.00,46,139,711.3854379
10.00,46,140,711.3204302
10.00,46,141,711.2684944
10.00,46,142,711.1560454
10.00,46,143,711.1168096
10.00,46,144,711.109872
10.00,46,145,711.026799
10.00,46,146,710.9807177
10.00,46,147,710.9685376
10.00,46,148,710.897641
10.00,46,149,710.8580833
10.00,46,150,710.7340452
10.00,46,151,710.6991554
10.00,46,152,710.6958593
10.00,46,153,710.6052371
10.00,46,154,710.5627818
10.00,46,155,710.5537622
10.00,46,156,710.4764938
10.00,46,157,710.4501949
10.00,46,158,710.3136912
10.00,46,159,710.2834153
10.00,46,160,710.2204058
10.00,46,161,710.166403
10.00,46,162,710.057635
10.00,46,163,710.017935
10.00,46,164,710.0103403
10.00,46,165,709.9296936
10.00,46,166,709.9296047
10.00,46,167,709.7688916
10.00,46,168,709.7584837
10.00,46,169,709.6753747
10.00,46,170,709.6303344
10.00,46,171,709.6187391
10.00,46,172,709.5477945
10.00,46,173,709.5106661
10.00,46,174,709.3862356
10.00,46,175,709.3524911
10.00,46,176,709.349869
10.00,46,177,709.2589988
10.00,46,178,709.2176739
10.00,46,179,709.2093236
10.00,46,180,709.1318205
10.00,46,181,709.1083104
10.00,46,182,708.971046
10.00,46,183,708.9420377
10.00,46,184,708.8788596
10.00,46,185,708.8274953
10.00,46,186,708.7181068
10.00,46,187,708.6796199
10.00,46,188,708.6727598
10.00,46,189,708.5917183
10.00,46,190,708.5465895
10.00,46,191,708.534633
10.00,46,192,708.4654147
10.00,46,193,708.4267361
10.00,46,194,708.3054318
10.00,46,195,708.2714069
10.00,46,196,708.268296
10.00,46,197,708.1794612
10.00,46,198,708.1380551
10.00,46,199,708.1293524
10.00,46,200,708.0535513
10.00,47,1,836.1875748
10.00,47,2,836.0610224
10.00,47,3,836.0072523
10.00,47,4,835.9587507
10.00,47,5,835.9130184
10.00,47,6,835.8701156
10.00,47,7,835.8322342
10.00,47,8,835.7993782
10.00,47,9,835.776418
10.00,47,10,835.7621965
10.00,47,11,835.5843056
10.00,47,12,835.5015236
10.00,47,13,835.1255346
10.00,47,14,835.0980429
10.00,47,15,834.8807606
10.00,47,16,834.762274
10.00,47,17,834.7468867
10.00,47,18,834.7417991
10.00,47,19,834.5301598
10.00,47,20,834.4089818
10.00,47,21,834.3924021
10.00,47,22,834.3858161
10.00,47,23,834.1804145
10.00,47,24,834.1691352
10.00,47,25,833.7265742
10.00,47,26,833.6592701
10.00,47,27,833.6224919
10.00,47,28,833.590769
10.00,47,29,833.5690615
10.00,47,30,833.5561043
10.00,47,31,833.3763203
10.00,47,32,833.302381
10.00,47,33,832.9246145
10.00,47,34,832.8998964
10.00,47,35,832.6835567
10.00,47,36,832.5671157
10.00,47,37,832.5518513
10.00,47,38,832.5466329
10.00,47,39,832.3383021
10.00,47,40,832.3372689
10.00,47,41,831.890333
10.00,47,42,831.8245738
10.00,47,43,831.7884836
10.00,47,44,831.7574138
10.00,47,45,831.7363183
10.00,47,46,831.7238863
10.00,47,47,831.54451
10.00,47,48,831.4729392
10.00,47,49,831.0985724
10.00,47,50,831.0732682
10.00,47,51,830.8605877
10.00,47,52,830.74427
10.00,47,53,830.7284892
10.00,47,54,830.7224164
10.00,47,55,830.519722
10.00,47,56,830.5074515
10.00,47,57,830.0773548
10.00,47,58,830.0108974
10.00,47,59,829.9745462
10.00,47,60,829.9429356
10.00,47,61,829.9206683
10.00,47,62,829.9065806
10.00,47,63,829.7360055
10.00,47,64,829.6463579
10.00,47,65,829.2955832
10.00,47,66,829.2580216
10.00,47,67,829.0606964
10.00,47,68,829.0374958
10.00,47,69,828.6227767
10.00,47,70,828.5555931
10.00,47,71,828.5189625
10.00,47,72,828.4868375
10.00,47,73,828.4635171
10.00,47,74,828.4479645
10.00,47,75,828.2849966
10.00,47,76,828.179845
10.00,47,77,827.8489584
10.00,47,78,827.801254
10.00,47,79,827.6165416
10.00,47,80,827.5649846
10.00,47,81,827.1828812
10.00,47,82,827.1650881
10.00,47,83,826.9513214
10.00,47,84,826.8400908
10.00,47,85,826.8250658
10.00,47,86,826.8195083
10.00,47,87,826.6197234
10.00,47,88,826.6064328
10.00,47,89,826.1893408
10.00,47,90,826.1238173
10.00,47,91,826.087947
10.00,47,92,826.0565035
10.00,47,93,826.033736
10.00,47,94,826.0185809
10.00,47,95,825.8572921
10.00,47,96,825.7528972
10.00,47,97,825.4286751
10.00,47,98,825.3793131
10.00,47,99,825.2002288
10.00,47,100,825.1393582
10.00,47,101,824.773862
10.00,47,102,824.7483662
10.00,47,103,824.5462854
10.00,47,104,824.541981
10.00,47,105,824.1222812
10.00,47,106,824.0582728
10.00,47,107,824.0229572
10.00,47,108,823.9921143
10.00,47,109,823.9698596
10.00,47,110,823.9550999
10.00,47,111,823.794986
10.00,47,112,823.6918356
10.00,47,113,823.3726024
10.00,47,114,823.322253
10.00,47,115,823.1474864
10.00,47,116,823.0800076
10.00,47,117,822.7272529
10.00,47,118,822.6961722
10.00,47,119,822.5030159
10.00,47,120,822.480549
10.00,47,121,822.0850321
10.00,47,122,822.0794316
10.00,47,123,821.8617044
10.00,47,124,821.7598062
10.00,47,125,821.7439631
10.00,47,126,821.7393399
10.00,47,127,821.5417409
10.00,47,128,821.5311539
10.00,47,129,821.1266293
10.00,47,130,821.1259525
10.00,47,131,820.9047022
10.00,47,132,820.8043089
10.00,47,133,820.7914995
10.00,47,134,820.7881737
10.00,47,135,820.5870539
10.00,47,136,820.5862246
10.00,47,137,820.1748174
10.00,47,138,820.1121823
10.00,47,139,820.0776682
10.00,47,140,820.0472884
10.00,47,141,820.0249924
10.00,47,142,820.0097478
10.00,47,143,819.8566875
10.00,47,144,819.7448723
10.00,47,145,819.4459578
10.00,47,146,819.3879749
10.00,47,147,819.2271514
10.00,47,148,819.13437
10.00,47,149,818.8183772
10.00,47,150,818.77023
10.00,47,151,818.6004754
10.00,47,152,818.5296453
10.00,47,153,818.1937023
10.00,47,154,818.1575905
10.00,47,155,817.9767472
10.00,47,156,817.9396606
10.00,47,157,817.5731835
10.00,47,158,817.569781
10.00,47,159,817.5659816
10.00,47,160,817.3080435
10.00,47,161,817.2819757
10.00,47,162,816.9056293
10.00,47,163,816.8443731
10.00,47,164,816.8077658
10.00,47,165,816.6423644
10.00,47,166,816.5774252
10.00,47,167,816.2433999
10.00,47,168,816.2346028
10.00,47,169,816.2080393
10.00,47,170,815.9800853
10.00,47,171,815.9242887
10.00,47,172,815.582677
10.00,47,173,815.529752
10.00,47,174,815.4709945
10.00,47,175,815.4688003
10.00,47,176,815.2735364
10.00,47,177,815.1575927
10.00,47,178,814.8755133
10.00,47,179,814.7713715
10.00,47,180,814.7499722
10.00,47,181,814.7439695
10.00,47,182,814.5708712
10.00,47,183,814.4247636
10.00,47,184,814.1746823
10.00,47,185,814.1317431
10.00,47,186,813.7798121
10.00,47,187,813.6945449
10.00,47,188,813.6807196
10.00,47,189,813.5238705
10.00,47,190,813.4335591
10.00,47,191,813.1316838
10.00,47,192,813.0822358
10.00,47,193,812.9227734
10.00,47,194,812.8592831
10.00,47,195,812.5356177
10.00,47,196,812.47088
10.00,47,197,812.4266458
10.00,47,198,812.3922861
10.00,47,199,812.3633494
10.00,47,200,812.3391637
10.00,48,1,836.8282618
10.00,48,2,836.7629766
10.00,48,3,836.6846846
10.00,48,4,836.6222003
10.00,48,5,836.5418283
10.00,48,6,836.4875203
10.00,48,7,836.3992042
10.00,48,8,836.3543738
10.00,48,9,836.2568209
10.00,48,10,836.2229554
10.00,48,11,836.1146943
10.00,48,12,836.0935355
10.00,48,13,835.9728436
10.00,48,14,835.9664305
10.00,48,15,835.8312913
10.00,48,16,835.7850029
10.00,48,17,835.7530758
10.00,48,18,835.6837061
10.00,48,19,835.6160665
10.00,48,20,835.5417026
10.00,48,21,835.4798116
10.00,48,22,835.3998815
10.00,48,23,835.3443524
10.00,48,24,835.2582462
10.00,48,25,835.209746
10.00,48,26,835.1168
10.00,48,27,835.0760534
10.00,48,28,834.9755468
10.00,48,29,834.9433387
10.00,48,30,834.8344903
10.00,48,31,834.8116687
10.00,48,32,834.6936346
10.00,48,33,834.6811127
10.00,48,34,834.5529838
10.00,48,35,834.5517418
10.00,48,36,834.412542
10.00,48,37,834.3667846
10.00,48,38,834.3351515
10.00,48,39,834.2664386
10.00,48,40,834.2004018
10.00,48,41,834.1259206
10.00,48,42,834.0667182
10.00,48,43,833.9856068
10.00,48,44,833.9342269
10.00,48,45,833.8455068
10.00,48,46,833.8030885
10.00,48,47,833.7056319
10.00,48,48,833.6734916
10.00,48,49,833.5659954
10.00,48,50,833.5456567
10.00,48,51,833.4266126
10.00,48,52,833.4198424
10.00,48,53,833.2875021
10.00,48,54,833.2418672
10.00,48,55,833.2100501
10.00,48,56,833.2099534
10.00,48,57,833.0905962
10.00,48,58,833.0843802
10.00,48,59,832.9518116
10.00,48,60,832.9063222
10.00,48,61,832.8746597
10.00,48,62,832.8071908
10.00,48,63,832.7398481
10.00,48,64,832.6679994
10.00,48,65,832.6056576
10.00,48,66,832.5289766
10.00,48,67,832.4721133
10.00,48,68,832.3901246
10.00,48,69,832.3392537
10.00,48,70,832.2514457
10.00,48,71,832.20712
10.00,48,72,832.1129421
10.00,48,73,832.0757545
10.00,48,74,831.9746165
10.00,48,75,831.9452014
10.00,48,76,831.8364713
10.00,48,77,831.8155055
10.00,48,78,831.6985092
10.00,48,79,831.6867129
10.00,48,80,831.5607327
10.00,48,81,831.5588699
10.00,48,82,831.4231444
10.00,48,83,831.3781444
10.00,48,84,831.3466419
10.00,48,85,831.280122
10.00,48,86,831.2140731
10.00,48,87,831.1424914
10.00,48,88,831.0823832
10.00,48,89,831.0050467
10.00,48,90,830.951662
10.00,48,91,830.8677947
10.00,48,92,830.8220255
10.00,48,93,830.7307434
10.00,48,94,830.6936086
10.00,48,95,830.5939021
10.00,48,96,830.566567
10.00,48,97,830.4572817
10.00,48,98,830.4410808
10.00,48,99,830.3208946
10.00,48,100,830.3173594
10.00,48,101,830.1847557
10.00,48,102,830.1402745
10.00,48,103,830.1094548
10.00,48,104,830.0428203
10.00,48,105,829.976859
10.00,48,106,829.9062987
10.00,48,107,829.844785
10.00,48,108,829.7699345
10.00,48,109,829.713246
10.00,48,110,829.6337291
10.00,48,111,829.582268
10.00,48,112,829.4976839
10.00,48,113,829.4518783
10.00,48,114,829.3618005
10.00,48,115,829.3221052
10.00,48,116,829.2260804
10.00,48,117,829.1929773
10.00,48,118,829.0905252
10.00,48,119,829.0645237
10.00,48,120,828.9551365
10.00,48,121,828.9367735
10.00,48,122,828.8199159
10.00,48,123,828.809756
10.00,48,124,828.6848648
10.00,48,125,828.6835001
10.00,48,126,828.5499849
10.00,48,127,828.5058113
10.00,48,128,828.4746928
10.00,48,129,828.4740376
10.00,48,130,828.3592111
10.00,48,131,828.3471171
10.00,48,132,828.2245812
10.00,48,133,828.2209359
10.00,48,134,828.0901194
10.00,48,135,828.0458597
10.00,48,136,828.014303
10.00,48,137,828.0123715
10.00,48,138,827.8999838
10.00,48,139,827.8855377
10.00,48,140,827.765771
10.00,48,141,827.7594058
10.00,48,142,827.6317231
10.00,48,143,827.5873371
10.00,48,144,827.5552517
10.00,48,145,827.551836
10.00,48,146,827.4422287
10.00,48,147,827.4250677
10.00,48,148,827.3084291
10.00,48,149,827.298964
10.00,48,150,827.1747915
10.00,48,151,827.1735348
10.00,48,152,827.0413169
10.00,48,153,826.9975608
10.00,48,154,826.9666182
10.00,48,155,826.9655323
10.00,48,156,826.8525349
10.00,48,157,826.8394096
10.00,48,158,826.719303
10.00,48,159,826.7139357
10.00,48,160,826.586231
10.00,48,161,826.5422207
10.00,48,162,826.510459
10.00,48,163,826.5072193
10.00,48,164,826.3981014
10.00,48,165,826.3810851
10.00,48,166,826.2652725
10.00,48,167,826.255561
10.00,48,168,826.1326004
10.00,48,169,826.1306529
10.00,48,170,826.0000859
10.00,48,171,825.9565472
10.00,48,172,825.9255681
10.00,48,173,825.9238244
10.00,48,174,825.8126799
10.00,48,175,825.7982181
10.00,48,176,825.6804042
10.00,48,177,825.6732017
10.00,48,178,825.5482829
10.00,48,179,825.5043861
10.00,48,180,825.4723532
10.00,48,181,825.4679177
10.00,48,182,825.3615384
10.00,48,183,825.3422494
10.00,48,184,825.2296572
10.00,48,185,825.2171325
10.00,48,186,825.0979275
10.00,48,187,825.0925701
10.00,48,188,824.9663497
10.00,48,189,824.9227787
10.00,48,190,824.8911977
10.00,48,191,824.887495
10.00,48,192,824.7803401
10.00,48,193,824.7622608
10.00,48,194,824.6489992
10.00,48,195,824.6375554
10.00,48,196,824.5178074
10.00,48,197,824.5133795
10.00,48,198,824.386765
10.00,48,199,824.343435
10.00,48,200,824.3121131
10.00,49,1,690.5761265
10.00,49,2,690.542859
10.00,49,3,690.53655
10.00,49,4,690.5307536
10.00,49,5,690.5252235
10.00,49,6,690.5198206
10.00,49,7,690.5145408
10.00,49,8,690.5093369
10.00,50,1,855.8447358
10.00,50,2,855.5390292
10.00,50,3,855.421878
10.00,50,4,855.3522969
10.00,50,5,855.1681383
10.00,50,6,855.0556548
10.00,50,7,854.8235903
10.00,50,8,854.7878091
10.00,50,9,854.4854301
10.00,50,10,854.3793744
10.00,50,11,854.3196863
10.00,50,12,854.1316194
10.00,50,13,854.026199
10.00,50,14,853.793389
10.00,50,15,853.7502624
10.00,50,16,853.4572414
10.00,50,17,853.3493645
10.00,50,18,853.282802
10.00,50,19,853.1070851
10.00,50,20,852.9905666
10.00,50,21,852.7712688
10.00,50,22,852.7183201
10.00,50,23,852.4377872
10.00,50,24,852.3301133
10.00,50,25,852.263086
10.00,50,26,852.0896326
10.00,50,27,851.9655562
10.00,50,28,851.7552414
10.00,50,29,851.6815221
10.00,50,30,851.4225445
10.00,50,31,851.4144962
10.00,50,32,851.09179
10.00,50,33,850.9888345
10.00,50,34,850.9307947
10.00,50,35,850.7454051
10.00,50,36,850.6443999
10.00,50,37,850.4147413
10.00,50,38,850.3767433
10.00,50,39,850.0862644
10.00,50,40,849.9812093
10.00,50,41,849.9171818
10.00,50,42,849.742626
10.00,50,43,849.621866
10.00,50,44,849.4130619
10.00,50,45,849.3379388
10.00,50,46,849.085
10.00,50,47,849.0679976
10.00,50,48,848.7586187
10.00,50,49,848.6552991
10.00,50,50,848.5930267
10.00,50,51,848.4177185
10.00,50,52,848.3041257
10.00,50,53,848.0914116
10.00,50,54,848.029782
10.00,50,55,847.7669116
10.00,50,56,847.6597243
10.00,50,57,847.5871907
10.00,50,58,847.4294827
10.00,50,59,847.2885398
10.00,50,60,847.1042229
10.00,50,61,846.9980854
10.00,50,62,846.7802042
10.00,50,63,846.7174568
10.00,50,64,846.4575359
10.00,50,65,846.4485291
10.00,50,66,846.1363424
10.00,50,67,846.0347332
10.00,50,68,845.972915
10.00,50,69,845.8007951
10.00,50,70,845.684799
10.00,50,71,845.4796328
10.00,50,72,845.4083187
10.00,50,73,845.1600068
10.00,50,74,845.1468336
10.00,50,75,844.8421791
10.00,50,76,844.7417089
10.00,50,77,844.6814128
10.00,50,78,844.508818
10.00,50,79,844.3894762
10.00,50,80,844.1897385
10.00,50,81,844.1046682
10.00,50,82,843.8717874
10.00,50,83,843.8281096
10.00,50,84,843.5550363
10.00,50,85,843.4504961
10.00,50,86,843.3782086
10.00,50,87,843.2265344
10.00,50,88,843.0856962
10.00,50,89,842.9099843
10.00,50,90,842.8008454
10.00,50,91,842.5946293
10.00,50,92,842.5255179
10.00,50,93,842.2806095
10.00,50,94,842.26209
10.00,50,95,841.968105
10.00,50,96,841.867915
10.00,50,97,841.8043862
10.00,50,98,841.6411778
10.00,50,99,841.5124859
10.00,50,100,841.3276204
10.00,50,101,841.2255689
10.00,50,102,841.0150128
10.00,50,103,840.9442293
10.00,50,104,840.7033904
10.00,50,105,840.6690917
10.00,50,106,840.3927901
10.00,50,107,840.2904126
10.00,50,108,840.2191648
10.00,50,109,840.0706181
10.00,50,110,839.9289955
10.00,50,111,839.7602565
10.00,50,112,839.6444406
10.00,50,113,839.4509023
10.00,50,114,839.3666067
10.00,50,115,839.1426356
10.00,50,116,839.0968542
10.00,50,117,838.8355553
10.00,50,118,838.7334421
10.00,50,119,838.6612468
10.00,50,120,838.6586885
10.00,50,121,838.4021584
10.00,50,122,838.3972692
10.00,50,123,838.0970883
10.00,50,124,837.9996502
10.00,50,125,837.9376149
10.00,50,126,837.7777172
10.00,50,127,837.6483862
10.00,50,128,837.4716822
10.00,50,129,837.3622682
10.00,50,130,837.1664352
10.00,50,131,837.0794649
10.00,50,132,836.8619858
10.00,50,133,836.8001707
10.00,50,134,836.558343
10.00,50,135,836.5245639
10.00,50,136,836.2555142
10.00,50,137,836.2527996
10.00,50,138,835.9535053
10.00,50,139,835.8559148
10.00,50,140,835.7903464
10.00,50,141,835.6392627
10.00,50,142,835.5051805
10.00,50,143,835.3375774
10.00,50,144,835.2236952
10.00,50,145,835.0367181
10.00,50,146,834.94639
10.00,50,147,834.7367183
10.00,50,148,834.6738466
10.00,50,149,834.4376174
10.00,50,150,834.4067443
10.00,50,151,834.1394618
10.00,50,152,834.0406754
10.00,50,153,833.9705189
10.00,50,154,833.96614
10.00,50,155,833.7182255
10.00,50,156,833.70124
10.00,50,157,833.4215489
10.00,50,158,833.3244416
10.00,50,159,833.2573534
10.00,50,160,833.1125066
10.00,50,161,832.9703131
10.00,50,162,832.8153236
10.00,50,163,832.6847432
10.00,50,164,832.5187858
10.00,50,165,832.4006448
10.00,50,166,832.2228908
10.00,50,167,832.1180083
10.00,50,168,831.9276353
10.00,50,169,831.8368123
10.00,50,170,831.6330155
10.00,50,171,831.5570232
10.00,50,172,831.3390266
10.00,50,173,831.278594
10.00,50,174,831.0456629
10.00,50,175,831.0014646
10.00,50,176,830.7529183
10.00,50,177,830.7255613
10.00,50,178,830.4607853
10.00,50,179,830.4507973
10.00,50,180,830.1692562
10.00,50,181,830.0730886
10.00,50,182,830.0039564
10.00,50,183,829.997953
10.00,50,184,829.7576227
10.00,50,185,829.7212924
10.00,50,186,829.4672544
10.00,50,187,829.4454719
10.00,50,188,829.1774653
10.00,50,189,829.1703968
10.00,50,190,828.8882476
10.00,50,191,828.7928319
10.00,50,192,828.723967
10.00,50,193,828.7168917
10.00,50,194,828.4798682
10.00,50,195,828.4399176
10.00,50,196,828.1917962
10.00,50,197,828.1634759
10.00,50,198,827.904277
10.00,50,199,827.8874813
10.00,50,200,827.6173035
