SNR_dB,mc_idx,iter_idx,L_val
15.00,1,1,780.659662
15.00,1,2,780.5797348
15.00,1,3,780.52035
15.00,1,4,780.4946113
15.00,1,5,780.2472405
15.00,1,6,780.1322206
15.00,1,7,779.7673943
15.00,1,8,779.6448383
15.00,1,9,779.6078525
15.00,1,10,779.3895792
15.00,1,11,779.2192395
15.00,1,12,778.9120049
15.00,1,13,778.8779175
15.00,1,14,778.4371306
15.00,1,15,778.332024
15.00,1,16,778.3065959
15.00,1,17,778.0624891
15.00,1,18,777.9445154
15.00,1,19,777.5903087
15.00,1,20,777.466452
15.00,1,21,777.4269021
15.00,1,22,777.2186958
15.00,1,23,777.0361996
15.00,1,24,776.7486791
15.00,1,25,776.6854497
15.00,1,26,776.2811453
15.00,1,27,776.1677938
15.00,1,28,776.1346236
15.00,1,29,775.9128599
15.00,1,30,775.7618843
15.00,1,31,775.4478826
15.00,1,32,775.4419971
15.00,1,33,774.9857285
15.00,1,34,774.8929248
15.00,1,35,774.8748585
15.00,1,36,774.6200181
15.00,1,37,774.5097174
15.00,1,38,774.1595233
15.00,1,39,774.0337093
15.00,1,40,773.9898891
15.00,1,41,773.9869107
15.00,1,42,773.6974156
15.00,1,43,773.6379485
15.00,1,44,773.2404115
15.00,1,45,773.1276322
15.00,1,46,773.0928017
15.00,1,47,772.880488
15.00,1,48,772.7189361
15.00,1,49,772.4258552
15.00,1,50,772.3878327
15.00,1,51,771.973726
15.00,1,52,771.8710879
15.00,1,53,771.8434909
15.00,1,54,771.6166924
15.00,1,55,771.468986
15.00,1,56,771.1662192
15.00,1,57,771.1265075
15.00,1,58,770.7179108
15.00,1,59,770.6097695
15.00,1,60,770.5766725
15.00,1,61,770.3646363
15.00,1,62,770.206119
15.00,1,63,769.9185513
15.00,1,64,769.87289
15.00,1,65,769.4747803
15.00,1,66,769.3695756
15.00,1,67,769.338406
15.00,1,68,769.1246086
15.00,1,69,768.9617774
15.00,1,70,768.6824436
15.00,1,71,768.6108858
15.00,1,72,768.2422589
15.00,1,73,768.1261128
15.00,1,74,768.0857132
15.00,1,75,768.0843383
15.00,1,76,767.8001327
15.00,1,77,767.7354562
15.00,1,78,767.3629092
15.00,1,79,767.2484758
15.00,1,80,767.2087883
15.00,1,81,767.2080093
15.00,1,82,766.9236879
15.00,1,83,766.8595285
15.00,1,84,766.4893569
15.00,1,85,766.375053
15.00,1,86,766.3349546
15.00,1,87,766.3328934
15.00,1,88,766.0530433
15.00,1,89,765.9832447
15.00,1,90,765.6215412
15.00,1,91,765.5059102
15.00,1,92,765.4643792
15.00,1,93,765.4593368
15.00,1,94,765.1881397
15.00,1,95,765.1072292
15.00,1,96,764.7594094
15.00,1,97,764.6411898
15.00,1,98,764.5973541
15.00,1,99,764.587889
15.00,1,100,764.3289228
15.00,1,101,764.232347
15.00,1,102,763.9029139
15.00,1,103,763.8994384
15.00,1,104,763.478708
15.00,1,105,763.3785935
15.00,1,106,763.3468052
15.00,1,107,763.1442052
15.00,1,108,762.9821743
15.00,1,109,762.7219147
15.00,1,110,762.6405327
15.00,1,111,762.3014564
15.00,1,112,762.1866636
15.00,1,113,762.1443549
15.00,1,114,762.1345696
15.00,1,115,761.8790975
15.00,1,116,761.7915277
15.00,1,117,761.4613033
15.00,1,118,761.3450683
15.00,1,119,761.3012999
15.00,1,120,761.2886329
15.00,1,121,761.0417035
15.00,1,122,760.943082
15.00,1,123,760.6265181
15.00,1,124,760.6233692
15.00,1,125,760.2131752
15.00,1,126,760.117564
15.00,1,127,760.0876314
15.00,1,128,759.886743
15.00,1,129,759.7195955
15.00,1,130,759.4746997
15.00,1,131,759.3640558
15.00,1,132,759.0641859
15.00,1,133,759.0229176
15.00,1,134,758.6552281
15.00,1,135,758.5466031
15.00,1,136,758.5063167
15.00,1,137,758.4989209
15.00,1,138,758.2442658
15.00,1,139,758.1467817
15.00,1,140,757.8376768
15.00,1,141,757.8082943
15.00,1,142,757.4326006
15.00,1,143,757.3266803
15.00,1,144,757.2876513
15.00,1,145,757.2815926
15.00,1,146,757.0254365
15.00,1,147,756.9307596
15.00,1,148,756.6226677
15.00,1,149,756.5922206
15.00,1,150,756.2213641
15.00,1,151,756.1153228
15.00,1,152,756.0756293
15.00,1,153,756.0677499
15.00,1,154,755.818025
15.00,1,155,755.7164245
15.00,1,156,755.4189819
15.00,1,157,755.3758345
15.00,1,158,755.0213545
15.00,1,159,754.9127157
15.00,1,160,754.8707029
15.00,1,161,754.8583042
15.00,1,162,754.621863
15.00,1,163,754.5052226
15.00,1,164,754.2264627
15.00,1,165,754.1612598
15.00,1,166,753.8324292
15.00,1,167,753.8269722
15.00,1,168,753.4397682
15.00,1,169,753.339388
15.00,1,170,753.3022266
15.00,1,171,753.2968816
15.00,1,172,753.0449182
15.00,1,173,752.9483029
15.00,1,174,752.654402
15.00,1,175,752.6078989
15.00,1,176,752.2652071
15.00,1,177,752.1563148
15.00,1,178,752.112927
15.00,1,179,752.0967168
15.00,1,180,751.8742766
15.00,1,181,751.7438454
15.00,1,182,751.4872234
15.00,1,183,751.3975012
15.00,1,184,751.1014452
15.00,1,185,751.057836
15.00,1,186,750.7169411
15.00,1,187,750.6089832
15.00,1,188,750.5655752
15.00,1,189,750.5484854
15.00,1,190,750.3307265
15.00,1,191,750.1966051
15.00,1,192,749.9483188
15.00,1,193,749.8501333
15.00,1,194,749.5671414
15.00,1,195,749.5090655
15.00,1,196,749.187191
15.00,1,197,749.1737963
15.00,1,198,748.8084628
15.00,1,199,748.7070251
15.00,1,200,748.6671566
15.00,2,1,736.0291534
15.00,2,2,736.0140829
15.00,2,3,735.9930699
15.00,2,4,735.9781651
15.00,2,5,735.957085
15.00,2,6,735.942349
15.00,2,7,735.9211965
15.00,2,8,735.9066333
15.00,2,9,735.8854038
15.00,2,10,735.8710181
15.00,2,11,735.8497071
15.00,2,12,735.8355041
15.00,2,13,735.8141073
15.00,2,14,735.8000923
15.00,2,15,735.7786053
15.00,2,16,735.764784
15.00,2,17,735.7432025
15.00,2,18,735.7295806
15.00,2,19,735.7079
15.00,2,20,735.6944836
15.00,2,21,735.6726993
15.00,2,22,735.6594946
15.00,2,23,735.6376017
15.00,2,24,735.6246149
15.00,2,25,735.6026086
15.00,2,26,735.5898464
15.00,2,27,735.5677214
15.00,2,28,735.5551904
15.00,2,29,735.5329414
15.00,2,30,735.5206486
15.00,2,31,735.4982702
15.00,2,32,735.4862225
15.00,2,33,735.4637091
15.00,2,34,735.4519138
15.00,2,35,735.4292593
15.00,2,36,735.4177239
15.00,2,37,735.3949224
15.00,2,38,735.3836545
15.00,2,39,735.3606997
15.00,2,40,735.349707
15.00,2,41,735.3265924
15.00,2,42,735.315883
15.00,2,43,735.2926019
15.00,2,44,735.2821839
15.00,2,45,735.2587295
15.00,2,46,735.2486112
15.00,2,47,735.2249764
15.00,2,48,735.2151664
15.00,2,49,735.1913439
15.00,2,50,735.1818509
15.00,2,51,735.1578331
15.00,2,52,735.1486661
15.00,2,53,735.1244452
15.00,2,54,735.1156133
15.00,2,55,735.0911814
15.00,2,56,735.0826939
15.00,2,57,735.0580426
15.00,2,58,735.0499092
15.00,2,59,735.0250301
15.00,2,60,735.0172603
15.00,2,61,734.9921448
15.00,2,62,734.9847485
15.00,2,63,734.9593876
15.00,2,64,734.952375
15.00,2,65,734.9267594
15.00,2,66,734.9201408
15.00,2,67,734.8942612
15.00,2,68,734.888047
15.00,2,69,734.8618936
15.00,2,70,734.8560945
15.00,2,71,734.8296575
15.00,2,72,734.8242844
15.00,2,73,734.7975535
15.00,2,74,734.7926174
15.00,2,75,734.7655822
15.00,2,76,734.7610944
15.00,2,77,734.7337442
15.00,2,78,734.729716
15.00,2,79,734.70204
15.00,2,80,734.698483
15.00,2,81,734.6704698
15.00,2,82,734.6673959
15.00,2,83,734.6390342
15.00,2,84,734.6364551
15.00,2,85,734.6077332
15.00,2,86,734.6056611
15.00,2,87,734.576567
15.00,2,88,734.5750142
15.00,2,89,734.5455358
15.00,2,90,734.5445145
15.00,2,91,734.5146395
15.00,2,92,734.5141624
15.00,2,93,734.4838779
15.00,2,94,734.0966301
15.00,2,95,733.9584527
15.00,2,96,733.4686013
15.00,2,97,733.3437038
15.00,2,98,733.3310407
15.00,2,99,733.3084596
15.00,2,100,733.296459
15.00,2,101,733.2740386
15.00,2,102,733.2624558
15.00,2,103,733.2400234
15.00,2,104,733.2287695
15.00,2,105,733.2062513
15.00,2,106,733.1952951
15.00,2,107,733.172655
15.00,2,108,733.1619874
15.00,2,109,733.139205
15.00,2,110,733.1288259
15.00,2,111,733.1058874
15.00,2,112,733.0958008
15.00,2,113,733.0726956
15.00,2,114,733.0629076
15.00,2,115,733.0396266
15.00,2,116,733.0301443
15.00,2,117,733.0066791
15.00,2,118,732.9975105
15.00,2,119,732.973853
15.00,2,120,732.9650064
15.00,2,121,732.9411484
15.00,2,122,732.9326325
15.00,2,123,732.908566
15.00,2,124,732.9003899
15.00,2,125,732.8761067
15.00,2,126,732.8682796
15.00,2,127,732.8437712
15.00,2,128,732.8363026
15.00,2,129,732.8115605
15.00,2,130,732.80446
15.00,2,131,732.7794755
15.00,2,132,732.772753
15.00,2,133,732.747517
15.00,2,134,732.7411825
15.00,2,135,732.7156858
15.00,2,136,732.7097496
15.00,2,137,732.6839827
15.00,2,138,732.6784554
15.00,2,139,732.6524084
15.00,2,140,732.6473006
15.00,2,141,732.6209637
15.00,2,142,732.6162861
15.00,2,143,732.5896492
15.00,2,144,732.5854128
15.00,2,145,732.5584653
15.00,2,146,732.5546813
15.00,2,147,732.5274126
15.00,2,148,732.5240924
15.00,2,149,732.4964914
15.00,2,150,732.4936465
15.00,2,151,732.4657022
15.00,2,152,732.4633443
15.00,2,153,732.4350452
15.00,2,154,732.433186
15.00,2,155,732.4045205
15.00,2,156,732.4031721
15.00,2,157,732.3741282
15.00,2,158,732.3733028
15.00,2,159,732.3438684
15.00,2,160,732.3435783
15.00,2,161,732.3137409
15.00,2,162,731.9290727
15.00,2,163,731.7964919
15.00,2,164,731.3130781
15.00,2,165,731.1896272
15.00,2,166,731.1770987
15.00,2,167,731.1550143
15.00,2,168,731.1431345
15.00,2,169,731.1212122
15.00,2,170,731.1097389
15.00,2,171,731.0878085
15.00,2,172,731.076654
15.00,2,173,731.054643
15.00,2,174,731.0437762
15.00,2,175,731.0216493
15.00,2,176,731.0110611
15.00,2,177,730.9887986
15.00,2,178,730.9784888
15.00,2,179,730.9560773
15.00,2,180,730.9460498
15.00,2,181,730.9234789
15.00,2,182,730.9137396
15.00,2,183,730.8910007
15.00,2,184,730.8815564
15.00,2,185,730.8586414
15.00,2,186,730.8494999
15.00,2,187,730.8264008
15.00,2,188,730.8175702
15.00,2,189,730.7942794
15.00,2,190,730.7857681
15.00,2,191,730.7622778
15.00,2,192,730.7540945
15.00,2,193,730.7303968
15.00,2,194,730.7225506
15.00,2,195,730.6986374
15.00,2,196,730.6911374
15.00,2,197,730.6670005
15.00,2,198,730.6598561
15.00,2,199,730.635487
15.00,2,200,730.6287079
15.00,3,1,790.1335315
15.00,3,2,789.9681178
15.00,3,3,789.8857105
15.00,3,4,789.8369606
15.00,3,5,789.8195317
15.00,3,6,789.7556747
15.00,3,7,789.7128389
15.00,3,8,789.6812144
15.00,3,9,789.6283104
15.00,3,10,789.619083
15.00,3,11,789.5482296
15.00,3,12,789.5035934
15.00,3,13,789.4769075
15.00,3,14,789.420484
15.00,3,15,789.3805436
15.00,3,16,789.3426744
15.00,3,17,789.2949375
15.00,3,18,789.274406
15.00,3,19,789.2127863
15.00,3,20,789.1714777
15.00,3,21,789.137336
15.00,3,22,789.0869441
15.00,3,23,789.0737044
15.00,3,24,789.0068745
15.00,3,25,788.9630553
15.00,3,26,788.9340287
15.00,3,27,788.8793912
15.00,3,28,788.8741929
15.00,3,29,788.800395
15.00,3,30,788.754885
15.00,3,31,788.7305894
15.00,3,32,788.6726171
15.00,3,33,788.6322287
15.00,3,34,788.5958268
15.00,3,35,788.5472779
15.00,3,36,788.5288515
15.00,3,37,788.4658641
15.00,3,38,788.4242202
15.00,3,39,788.3912963
15.00,3,40,788.3402951
15.00,3,41,788.3287208
15.00,3,42,788.2608834
15.00,3,43,788.2168344
15.00,3,44,788.1887097
15.00,3,45,788.1336925
15.00,3,46,788.1295096
15.00,3,47,788.0551862
15.00,3,48,788.0096549
15.00,3,49,787.9857765
15.00,3,50,787.9278054
15.00,3,51,787.8875569
15.00,3,52,787.8513109
15.00,3,53,787.802999
15.00,3,54,787.7843624
15.00,3,55,787.721869
15.00,3,56,787.6805455
15.00,3,57,787.647341
15.00,3,58,787.5969125
15.00,3,59,787.5843007
15.00,3,60,787.517587
15.00,3,61,787.4741164
15.00,3,62,787.445124
15.00,3,63,787.3911523
15.00,3,64,787.3848968
15.00,3,65,787.3125475
15.00,3,66,787.267865
15.00,3,67,787.2424416
15.00,3,68,787.1860261
15.00,3,69,787.1465006
15.00,3,70,787.1091435
15.00,3,71,787.0620901
15.00,3,72,787.0410463
15.00,3,73,786.9808273
15.00,3,74,786.9404446
15.00,3,75,786.9055792
15.00,3,76,786.8568217
15.00,3,77,786.8407282
15.00,3,78,786.7770824
15.00,3,79,786.7349178
15.00,3,80,786.7035059
15.00,3,81,786.6518391
15.00,3,82,786.6408526
15.00,3,83,786.5726457
15.00,3,84,786.5295596
15.00,3,85,786.5009539
15.00,3,86,786.4474034
15.00,3,87,786.4421727
15.00,3,88,786.3700636
15.00,3,89,786.3247954
15.00,3,90,786.3002537
15.00,3,91,786.2432028
15.00,3,92,786.2040671
15.00,3,93,786.1668925
15.00,3,94,786.1203294
15.00,3,95,786.0996536
15.00,3,96,786.0399678
15.00,3,97,785.9994312
15.00,3,98,785.9649498
15.00,3,99,785.9161231
15.00,3,100,785.8993428
15.00,3,101,785.8361601
15.00,3,102,785.7949677
15.00,3,103,785.7625806
15.00,3,104,785.7123874
15.00,3,105,785.6999186
15.00,3,106,785.633863
15.00,3,107,785.5910224
15.00,3,108,785.5616774
15.00,3,109,785.5088688
15.00,3,110,785.5006511
15.00,3,111,785.4306571
15.00,3,112,785.3871894
15.00,3,113,785.3600312
15.00,3,114,785.3058454
15.00,3,115,785.3023211
15.00,3,116,785.2292934
15.00,3,117,785.1839246
15.00,3,118,785.1601322
15.00,3,119,785.1029863
15.00,3,120,785.0640299
15.00,3,121,785.0271817
15.00,3,122,784.9809072
15.00,3,123,784.960103
15.00,3,124,784.9010141
15.00,3,125,784.8609154
15.00,3,126,784.8261759
15.00,3,127,784.7781067
15.00,3,128,784.760171
15.00,3,129,784.6984223
15.00,3,130,784.6579492
15.00,3,131,784.6246503
15.00,3,132,784.5757215
15.00,3,133,784.5608865
15.00,3,134,784.4971911
15.00,3,135,784.4554577
15.00,3,136,784.4243862
15.00,3,137,784.3735169
15.00,3,138,784.3615787
15.00,3,139,784.2950939
15.00,3,140,784.2530688
15.00,3,141,784.2233662
15.00,3,142,784.1717378
15.00,3,143,784.1629232
15.00,3,144,784.0945688
15.00,3,145,784.0511839
15.00,3,146,784.0237771
15.00,3,147,783.9700996
15.00,3,148,783.9641111
15.00,3,149,783.8929116
15.00,3,150,783.8493522
15.00,3,151,783.8231774
15.00,3,152,783.768897
15.00,3,153,783.7659519
15.00,3,154,783.6930481
15.00,3,155,783.6480551
15.00,3,156,783.6241848
15.00,3,157,783.5677937
15.00,3,158,783.5674966
15.00,3,159,783.4917773
15.00,3,160,783.4467603
15.00,3,161,783.4239192
15.00,3,162,783.3671354
15.00,3,163,783.3281745
15.00,3,164,783.2919665
15.00,3,165,783.2458373
15.00,3,166,783.2244979
15.00,3,167,783.1662093
15.00,3,168,783.1272203
15.00,3,169,783.091636
15.00,3,170,783.045273
15.00,3,171,783.0255024
15.00,3,172,782.9664203
15.00,3,173,782.9266876
15.00,3,174,782.8923127
15.00,3,175,782.8448739
15.00,3,176,782.8263929
15.00,3,177,782.7659303
15.00,3,178,782.7262716
15.00,3,179,782.692352
15.00,3,180,782.6448342
15.00,3,181,782.6276969
15.00,3,182,782.5666625
15.00,3,183,782.5262873
15.00,3,184,782.493462
15.00,3,185,782.4449414
15.00,3,186,782.4288257
15.00,3,187,782.3665876
15.00,3,188,782.3263991
15.00,3,189,782.2938338
15.00,3,190,782.2454084
15.00,3,191,782.2303567
15.00,3,192,782.1678063
15.00,3,193,782.1269508
15.00,3,194,782.095329
15.00,3,195,782.0460072
15.00,3,196,782.031664
15.00,3,197,781.9681334
15.00,3,198,781.9275822
15.00,3,199,781.8960069
15.00,3,200,781.8469657
15.00,4,1,796.3503833
15.00,4,2,795.9301658
15.00,4,3,795.564514
15.00,4,4,795.2626349
15.00,4,5,794.9972707
15.00,4,6,794.7708491
15.00,4,7,794.5683277
15.00,4,8,794.3895916
15.00,4,9,794.2262672
15.00,4,10,794.0774907
15.00,4,11,793.9385525
15.00,4,12,793.8085322
15.00,4,13,793.6847511
15.00,4,14,793.5664533
15.00,4,15,793.4520982
15.00,4,16,793.3411283
15.00,4,17,793.2326485
15.00,4,18,793.1262707
15.00,4,19,793.1007495
15.00,4,20,792.958936
15.00,4,21,792.8258897
15.00,4,22,792.7006675
15.00,4,23,792.5809666
15.00,4,24,792.4660537
15.00,4,25,792.3546064
15.00,4,26,792.2461022
15.00,4,27,792.1397741
15.00,4,28,792.1283064
15.00,4,29,791.9829516
15.00,4,30,791.8485295
15.00,4,31,791.7216779
15.00,4,32,791.6014671
15.00,4,33,791.4859858
15.00,4,34,791.3745507
15.00,4,35,791.2660653
15.00,4,36,791.1600579
15.00,4,37,791.1585299
15.00,4,38,791.0120114
15.00,4,39,790.875703
15.00,4,40,790.748473
15.00,4,41,790.6276022
15.00,4,42,790.5122191
15.00,4,43,790.4007806
15.00,4,44,790.2926729
15.00,4,45,790.1870114
15.00,4,46,790.0833838
15.00,4,47,790.0436522
15.00,4,48,789.9075046
15.00,4,49,789.779746
15.00,4,50,789.6593002
15.00,4,51,789.5440379
15.00,4,52,789.4331789
15.00,4,53,789.3255146
15.00,4,54,789.2205147
15.00,4,55,789.1174863
15.00,4,56,789.0785441
15.00,4,57,788.942353
15.00,4,58,788.8157045
15.00,4,59,788.6957295
15.00,4,60,788.5814611
15.00,4,61,788.4712846
15.00,4,62,788.3645331
15.00,4,63,788.2602896
15.00,4,64,788.158114
15.00,4,65,788.1161721
15.00,4,66,787.9819785
15.00,4,67,787.8562417
15.00,4,68,787.7377906
15.00,4,69,787.6245039
15.00,4,70,787.5155577
15.00,4,71,787.4097582
15.00,4,72,787.3065575
15.00,4,73,787.3008003
15.00,4,74,787.1577641
15.00,4,75,787.025258
15.00,4,76,786.9018909
15.00,4,77,786.7849293
15.00,4,78,786.673375
15.00,4,79,786.565703
15.00,4,80,786.4612441
15.00,4,81,786.3591387
15.00,4,82,786.3420559
15.00,4,83,786.2019803
15.00,4,84,786.073123
15.00,4,85,785.9520482
15.00,4,86,785.8375716
15.00,4,87,785.7277897
15.00,4,88,785.6219012
15.00,4,89,785.5188418
15.00,4,90,785.4180927
15.00,4,91,785.3866423
15.00,4,92,785.2516456
15.00,4,93,785.1259596
15.00,4,94,785.0082037
15.00,4,95,784.8960422
15.00,4,96,784.78853
15.00,4,97,784.6843706
15.00,4,98,784.5829502
15.00,4,99,784.5781693
15.00,4,100,784.4366011
15.00,4,101,784.3059827
15.00,4,102,784.184727
15.00,4,103,784.0700235
15.00,4,104,783.9607756
15.00,4,105,783.8554348
15.00,4,106,783.7532865
15.00,4,107,783.6534689
15.00,4,108,783.6266983
15.00,4,109,783.4911239
15.00,4,110,783.3663684
15.00,4,111,783.2491328
15.00,4,112,783.1381672
15.00,4,113,783.0316644
15.00,4,114,782.9288081
15.00,4,115,782.828599
15.00,4,116,782.821481
15.00,4,117,782.6810161
15.00,4,118,782.5528323
15.00,4,119,782.4331303
15.00,4,120,782.3205067
15.00,4,121,782.2128933
15.00,4,122,782.1093726
15.00,4,123,782.008808
15.00,4,124,781.9106227
15.00,4,125,781.8754433
15.00,4,126,781.74395
15.00,4,127,781.6218808
15.00,4,128,781.5076827
15.00,4,129,781.3990284
15.00,4,130,781.2948999
15.00,4,131,781.1940255
15.00,4,132,781.0957667
15.00,4,133,781.0733284
15.00,4,134,780.9388851
15.00,4,135,780.8147392
15.00,4,136,780.699192
15.00,4,137,780.5896753
15.00,4,138,780.4850764
15.00,4,139,780.3839998
15.00,4,140,780.2857493
15.00,4,141,780.2740064
15.00,4,142,780.1371314
15.00,4,143,780.0113184
15.00,4,144,779.8947336
15.00,4,145,779.7845981
15.00,4,146,779.6797136
15.00,4,147,779.5785777
15.00,4,148,779.4804433
15.00,4,149,779.4769026
15.00,4,150,779.3382524
15.00,4,151,779.2112866
15.00,4,152,779.0940507
15.00,4,153,778.983596
15.00,4,154,778.8786507
15.00,4,155,778.7776282
15.00,4,156,778.679739
15.00,4,157,778.5841208
15.00,4,158,778.5414647
15.00,4,159,778.4140597
15.00,4,160,778.2967015
15.00,4,161,778.1863338
15.00,4,162,778.08163
15.00,4,163,777.9809512
15.00,4,164,777.8834782
15.00,4,165,777.788324
15.00,4,166,777.7469971
15.00,4,167,777.6198025
15.00,4,168,777.5028042
15.00,4,169,777.3928921
15.00,4,170,777.2887022
15.00,4,171,777.1885731
15.00,4,172,777.0916681
15.00,4,173,776.9970916
15.00,4,174,776.9547925
15.00,4,175,776.8284746
15.00,4,176,776.7123256
15.00,4,177,776.6032401
15.00,4,178,776.4998364
15.00,4,179,776.4004617
15.00,4,180,776.3042745
15.00,4,181,776.3024512
15.00,4,182,776.1653509
15.00,4,183,776.0404427
15.00,4,184,775.9255337
15.00,4,185,775.8175684
15.00,4,186,775.7151648
15.00,4,187,775.6167033
15.00,4,188,775.521349
15.00,4,189,775.5131371
15.00,4,190,775.378402
15.00,4,191,775.2555108
15.00,4,192,775.1422801
15.00,4,193,775.0357621
15.00,4,194,774.9345954
15.00,4,195,774.8372223
15.00,4,196,774.7428272
15.00,4,197,774.7258969
15.00,4,198,774.5942346
15.00,4,199,774.4738881
15.00,4,200,774.3627159
15.00,5,1,856.5400458
15.00,5,2,856.5083284
15.00,5,3,856.4773435
15.00,5,4,856.4456296
15.00,5,5,856.414637
15.00,5,6,856.382926
15.00,5,7,856.3519263
15.00,5,8,856.3202188
15.00,5,9,856.2892126
15.00,5,10,856.2575094
15.00,5,11,856.2264971
15.00,5,12,856.1947987
15.00,5,13,856.1637809
15.00,5,14,856.1320881
15.00,5,15,856.1010653
15.00,5,16,856.0693788
15.00,5,17,856.0383516
15.00,5,18,856.0066719
15.00,5,19,855.9756408
15.00,5,20,855.9439687
15.00,5,21,855.9129343
15.00,5,22,855.8812704
15.00,5,23,855.8502333
15.00,5,24,855.8185781
15.00,5,25,855.787539
15.00,5,26,855.7558932
15.00,5,27,855.7248525
15.00,5,28,855.6932169
15.00,5,29,855.6621753
15.00,5,30,855.6305503
15.00,5,31,855.5995083
15.00,5,32,855.5678947
15.00,5,33,855.536853
15.00,5,34,855.5052513
15.00,5,35,855.4742104
15.00,5,36,855.4426213
15.00,5,37,855.4115818
15.00,5,38,855.3800058
15.00,5,39,855.3489684
15.00,5,40,855.317406
15.00,5,41,855.2863713
15.00,5,42,855.2548232
15.00,5,43,855.2237918
15.00,5,44,855.1922585
15.00,5,45,855.1612309
15.00,5,46,855.1297129
15.00,5,47,855.0986898
15.00,5,48,855.0671878
15.00,5,49,855.0361697
15.00,5,50,855.0046841
15.00,5,51,854.9736716
15.00,5,52,854.9422029
15.00,5,53,854.9111967
15.00,5,54,854.8797455
15.00,5,55,854.848746
15.00,5,56,854.8173127
15.00,5,57,854.7863206
15.00,5,58,854.7549057
15.00,5,59,854.7239215
15.00,5,60,854.6925256
15.00,5,61,854.6615498
15.00,5,62,854.6301732
15.00,5,63,854.5992064
15.00,5,64,854.5678496
15.00,5,65,854.5368924
15.00,5,66,854.5055558
15.00,5,67,854.4746087
15.00,5,68,854.4432927
15.00,5,69,854.4123562
15.00,5,70,854.3810612
15.00,5,71,854.3501358
15.00,5,72,854.3188622
15.00,5,73,854.2879485
15.00,5,74,854.2566966
15.00,5,75,854.2257951
15.00,5,76,854.1945652
15.00,5,77,854.1636763
15.00,5,78,854.132469
15.00,5,79,854.1015931
15.00,5,80,854.0704085
15.00,5,81,854.0395463
15.00,5,82,854.0083847
15.00,5,83,853.9775365
15.00,5,84,853.9463983
15.00,5,85,853.9155645
15.00,5,86,853.8844499
15.00,5,87,853.853631
15.00,5,88,853.8225403
15.00,5,89,853.7917367
15.00,5,90,853.7606702
15.00,5,91,853.7298823
15.00,5,92,853.6988401
15.00,5,93,853.6680684
15.00,5,94,853.6370508
15.00,5,95,853.6062955
15.00,5,96,853.5753027
15.00,5,97,853.5445642
15.00,5,98,853.5135964
15.00,5,99,853.4828751
15.00,5,100,853.4519326
15.00,5,101,853.4212288
15.00,5,102,853.3903115
15.00,5,103,853.3596256
15.00,5,104,853.3287338
15.00,5,105,853.298066
15.00,5,106,853.2671999
15.00,5,107,853.2365505
15.00,5,108,853.2057101
15.00,5,109,853.1750796
15.00,5,110,853.144265
15.00,5,111,853.1136534
15.00,5,112,853.0828648
15.00,5,113,853.0522725
15.00,5,114,853.0215099
15.00,5,115,852.9909371
15.00,5,116,852.9602007
15.00,5,117,852.9296476
15.00,5,118,852.8989373
15.00,5,119,852.8684042
15.00,5,120,852.8377201
15.00,5,121,852.8072072
15.00,5,122,852.7765493
15.00,5,123,852.7460568
15.00,5,124,852.7154251
15.00,5,125,852.6849531
15.00,5,126,852.6543478
15.00,5,127,852.6238964
15.00,5,128,852.5933174
15.00,5,129,852.5628869
15.00,5,130,852.5323341
15.00,5,131,852.5019246
15.00,5,132,852.4713981
15.00,5,133,852.4410097
15.00,5,134,852.4105094
15.00,5,135,852.3801422
15.00,5,136,852.3496681
15.00,5,137,852.3193223
15.00,5,138,852.2888742
15.00,5,139,852.2585499
15.00,5,140,852.2281279
15.00,5,141,852.1978251
15.00,5,142,852.167429
15.00,5,143,852.1371478
15.00,5,144,852.1067777
15.00,5,145,852.0765181
15.00,5,146,852.0461739
15.00,5,147,852.015936
15.00,5,148,851.9856174
15.00,5,149,851.9554013
15.00,5,150,851.9251084
15.00,5,151,851.894914
15.00,5,152,851.8646466
15.00,5,153,851.834474
15.00,5,154,851.804232
15.00,5,155,851.7740812
15.00,5,156,851.7438645
15.00,5,157,851.7137355
15.00,5,158,851.683544
15.00,5,159,851.6534368
15.00,5,160,851.6232703
15.00,5,161,851.5931848
15.00,5,162,851.5630432
15.00,5,163,851.5329794
15.00,5,164,851.5028625
15.00,5,165,851.4728205
15.00,5,166,851.4427282
15.00,5,167,851.4127078
15.00,5,168,851.38264
15.00,5,169,851.3526412
15.00,5,170,851.3225976
15.00,5,171,851.2926204
15.00,5,172,851.2626009
15.00,5,173,851.2326452
15.00,5,174,851.2026496
15.00,5,175,851.1727153
15.00,5,176,851.1427435
15.00,5,177,851.1128306
15.00,5,178,851.0828824
15.00,5,179,851.0529907
15.00,5,180,851.0230659
15.00,5,181,850.9931954
15.00,5,182,850.9632938
15.00,5,183,850.9334443
15.00,5,184,850.9035658
15.00,5,185,850.8737373
15.00,5,186,850.8438817
15.00,5,187,850.8140741
15.00,5,188,850.7842411
15.00,5,189,850.7544543
15.00,5,190,850.7246438
15.00,5,191,850.6948776
15.00,5,192,850.6650894
15.00,5,193,850.6353437
15.00,5,194,850.6055776
15.00,5,195,850.5758523
15.00,5,196,850.5461082
15.00,5,197,850.5164032
15.00,5,198,850.4866807
15.00,5,199,850.4569959
15.00,5,200,850.4272949
15.00,6,1,797.8673028
15.00,6,2,797.5528322
15.00,6,3,797.4601805
15.00,6,4,797.1429645
15.00,6,5,797.0546664
15.00,6,6,796.7344704
15.00,6,7,796.6504765
15.00,6,8,796.3273427
15.00,6,9,796.247754
15.00,6,10,795.9215717
15.00,6,11,795.8464003
15.00,6,12,795.5171501
15.00,6,13,795.4464581
15.00,6,14,795.1140695
15.00,6,15,795.047889
15.00,6,16,794.7123223
15.00,6,17,794.6507018
15.00,6,18,794.3119005
15.00,6,19,794.2548781
15.00,6,20,793.9127966
15.00,6,21,793.8604154
15.00,6,22,793.515003
15.00,6,23,793.4673021
15.00,6,24,793.1185119
15.00,6,25,793.0755319
15.00,6,26,792.723316
15.00,6,27,792.6850956
15.00,6,28,792.3294078
15.00,6,29,792.2959858
15.00,6,30,791.9367798
15.00,6,31,791.908194
15.00,6,32,791.5454248
15.00,6,33,791.5217126
15.00,6,34,791.1553355
15.00,6,35,791.1365335
15.00,6,36,790.7665047
15.00,6,37,790.7526491
15.00,6,38,790.3789251
15.00,6,39,790.3700515
15.00,6,40,789.9925898
15.00,6,41,789.9887331
15.00,6,42,789.6074916
15.00,6,43,789.480598
15.00,6,44,789.3885407
15.00,6,45,789.3818458
15.00,6,46,789.0661105
15.00,6,47,789.0062531
15.00,6,48,788.6841164
15.00,6,49,788.6319241
15.00,6,50,788.3033337
15.00,6,51,788.2587862
15.00,6,52,787.9237558
15.00,6,53,787.8868627
15.00,6,54,787.5453753
15.00,6,55,787.5161216
15.00,6,56,787.1681855
15.00,6,57,787.1465642
15.00,6,58,786.7921796
15.00,6,59,786.7781727
15.00,6,60,786.4173506
15.00,6,61,786.4109411
15.00,6,62,786.043692
15.00,6,63,785.920546
15.00,6,64,785.8313983
15.00,6,65,785.8256445
15.00,6,66,785.5182972
15.00,6,67,785.4631144
15.00,6,68,785.1475446
15.00,6,69,785.1018105
15.00,6,70,784.7779431
15.00,6,71,784.7416561
15.00,6,72,784.409486
15.00,6,73,784.3826669
15.00,6,74,784.0421662
15.00,6,75,784.0248048
15.00,6,76,783.6759769
15.00,6,77,783.6680647
15.00,6,78,783.3109113
15.00,6,79,783.1906142
15.00,6,80,783.1037274
15.00,6,81,783.0988637
15.00,6,82,782.7975267
15.00,6,83,782.7461623
15.00,6,84,782.4352258
15.00,6,85,782.3946842
15.00,6,86,782.0740329
15.00,6,87,782.0443481
15.00,6,88,781.7139412
15.00,6,89,781.6951613
15.00,6,90,781.3549435
15.00,6,91,781.3470795
15.00,6,92,780.9970328
15.00,6,93,780.8792198
15.00,6,94,780.7944696
15.00,6,95,780.7909622
15.00,6,96,780.4936376
15.00,6,97,780.44646
15.00,6,98,780.1383799
15.00,6,99,780.103194
15.00,6,100,779.7841957
15.00,6,101,779.7610775
15.00,6,102,779.4310781
15.00,6,103,779.4201105
15.00,6,104,779.0790196
15.00,6,105,778.9629649
15.00,6,106,778.8793398
15.00,6,107,778.8754383
15.00,6,108,778.5838348
15.00,6,109,778.5376561
15.00,6,110,778.2343379
15.00,6,111,778.2011413
15.00,6,112,777.8858879
15.00,6,113,777.865803
15.00,6,114,777.5384777
15.00,6,115,777.5316334
15.00,6,116,777.1920996
15.00,6,117,777.0783734
15.00,6,118,776.9972587
15.00,6,119,776.9964096
15.00,6,120,776.7048011
15.00,6,121,776.6651896
15.00,6,122,776.3609051
15.00,6,123,776.3352603
15.00,6,124,776.0180298
15.00,6,125,776.0065242
15.00,6,126,775.6761681
15.00,6,127,775.5636005
15.00,6,128,775.4828992
15.00,6,129,775.4806435
15.00,6,130,775.1952379
15.00,6,131,775.1546067
15.00,6,132,774.8557905
15.00,6,133,774.8299103
15.00,6,134,774.5173454
15.00,6,135,774.5064545
15.00,6,136,774.1798952
15.00,6,137,774.0689108
15.00,6,138,773.989646
15.00,6,139,773.9885209
15.00,6,140,773.705124
15.00,6,141,773.6675944
15.00,6,142,773.3700277
15.00,6,143,773.34805
15.00,6,144,773.0359154
15.00,6,145,773.0297834
15.00,6,146,772.7027793
15.00,6,147,772.5937117
15.00,6,148,772.5166986
15.00,6,149,772.359195
15.00,6,150,772.2080668
15.00,6,151,772.0288152
15.00,6,152,771.907206
15.00,6,153,771.6999332
15.00,6,154,771.6164707
15.00,6,155,771.3727473
15.00,6,156,771.3392353
15.00,6,157,771.047547
15.00,6,158,770.9415174
15.00,6,159,770.8709795
15.00,6,160,770.707221
15.00,6,161,770.5545586
15.00,6,162,770.3804076
15.00,6,163,770.2399529
15.00,6,164,770.0545697
15.00,6,165,769.9271608
15.00,6,166,769.7297029
15.00,6,167,769.6161895
15.00,6,168,769.4058025
15.00,6,169,769.3070256
15.00,6,170,769.0828629
15.00,6,171,768.9996525
15.00,6,172,768.7608783
15.00,6,173,768.6940388
15.00,6,174,768.439842
15.00,6,175,768.3901449
15.00,6,176,768.1197466
15.00,6,177,768.0879191
15.00,6,178,767.8005844
15.00,6,179,767.7873005
15.00,6,180,767.4823471
15.00,6,181,767.3778123
15.00,6,182,767.3037858
15.00,6,183,767.1541164
15.00,6,184,767.0096845
15.00,6,185,766.838303
15.00,6,186,766.7235732
15.00,6,187,766.523943
15.00,6,188,766.4480009
15.00,6,189,766.2112533
15.00,6,190,766.186653
15.00,6,191,765.9005536
15.00,6,192,765.8003287
15.00,6,193,765.7359124
15.00,6,194,765.5746367
15.00,6,195,765.4351911
15.00,6,196,765.2621277
15.00,6,197,765.1364865
15.00,6,198,764.9505417
15.00,6,199,764.8398139
15.00,6,200,764.6398757
15.00,7,1,879.4828118
15.00,7,2,879.2759168
15.00,7,3,879.1992244
15.00,7,4,879.1445647
15.00,7,5,879.0742346
15.00,7,6,879.015219
15.00,7,7,878.9498929
15.00,7,8,878.94436
15.00,7,9,878.7752216
15.00,7,10,878.7054123
15.00,7,11,878.6460118
15.00,7,12,878.5812657
15.00,7,13,878.5707139
15.00,7,14,878.4049612
15.00,7,15,878.3369951
15.00,7,16,878.2767858
15.00,7,17,878.2764244
15.00,7,18,878.1492041
15.00,7,19,878.1349429
15.00,7,20,878.0225912
15.00,7,21,877.9969698
15.00,7,22,877.8967697
15.00,7,23,877.8618367
15.00,7,24,877.7715981
15.00,7,25,877.729012
15.00,7,26,877.6469635
15.00,7,27,877.598071
15.00,7,28,877.5227756
15.00,7,29,877.4686736
15.00,7,30,877.3989614
15.00,7,31,877.3405462
15.00,7,32,877.2754624
15.00,7,33,877.2723051
15.00,7,34,877.1017735
15.00,7,35,877.0325676
15.00,7,36,876.9744159
15.00,7,37,876.9093289
15.00,7,38,876.8479047
15.00,7,39,876.8423556
15.00,7,40,876.7217773
15.00,7,41,876.7046218
15.00,7,42,876.5963918
15.00,7,43,876.5695615
15.00,7,44,876.4716249
15.00,7,45,876.4367081
15.00,7,46,876.3473767
15.00,7,47,876.3056835
15.00,7,48,876.2235657
15.00,7,49,876.1761799
15.00,7,50,876.1001257
15.00,7,51,876.0479463
15.00,7,52,875.9770021
15.00,7,53,875.9207772
15.00,7,54,875.8541505
15.00,7,55,875.7945038
15.00,7,56,875.731534
15.00,7,57,875.7206569
15.00,7,58,875.5578793
15.00,7,59,875.4901059
15.00,7,60,875.4320481
15.00,7,61,875.3676798
15.00,7,62,875.306849
15.00,7,63,875.3029735
15.00,7,64,875.1818532
15.00,7,65,875.1677011
15.00,7,66,875.0574483
15.00,7,67,875.0345488
15.00,7,68,874.9335466
15.00,7,69,874.9031824
15.00,7,70,874.8100754
15.00,7,71,874.7733255
15.00,7,72,874.6869746
15.00,7,73,874.6447489
15.00,7,74,874.5641941
15.00,7,75,874.5172622
15.00,7,76,874.441692
15.00,7,77,874.3907065
15.00,7,78,874.3194336
15.00,7,79,874.2649489
15.00,7,80,874.1973894
15.00,7,81,874.1398782
15.00,7,82,874.0755349
15.00,7,83,874.0154006
15.00,7,84,874.0134696
15.00,7,85,873.8918448
15.00,7,86,873.8822557
15.00,7,87,873.768634
15.00,7,88,873.7522267
15.00,7,89,873.6457336
15.00,7,90,873.6232515
15.00,7,91,873.5231129
15.00,7,92,873.4952141
15.00,7,93,873.400745
15.00,7,94,873.368012
15.00,7,95,873.2786059
15.00,7,96,873.2415551
15.00,7,97,873.1566746
15.00,7,98,873.1157636
15.00,7,99,873.0349327
15.00,7,100,872.9905675
15.00,7,101,872.9133637
15.00,7,102,872.8659049
15.00,7,103,872.7919533
15.00,7,104,872.7417211
15.00,7,105,872.6706886
15.00,7,106,872.6179679
15.00,7,107,872.5495585
15.00,7,108,872.4946028
15.00,7,109,872.4285529
15.00,7,110,872.371588
15.00,7,111,872.307663
15.00,7,112,872.2488903
15.00,7,113,872.1868811
15.00,7,114,872.1264803
15.00,7,115,872.1232021
15.00,7,116,872.0039857
15.00,7,117,871.993915
15.00,7,118,871.8818008
15.00,7,119,871.8656998
15.00,7,120,871.7598922
15.00,7,121,871.7384271
15.00,7,122,871.6382309
15.00,7,123,871.6119853
15.00,7,124,871.5167918
15.00,7,125,871.4862782
15.00,7,126,871.3955534
15.00,7,127,871.3612226
15.00,7,128,871.2744968
15.00,7,129,871.2367464
15.00,7,130,871.1536058
15.00,7,131,871.1127869
15.00,7,132,871.0328662
15.00,7,133,870.9892897
15.00,7,134,870.9122656
15.00,7,135,870.8662075
15.00,7,136,870.7917932
15.00,7,137,870.7434988
15.00,7,138,870.6714396
15.00,7,139,870.6211272
15.00,7,140,870.5511963
15.00,7,141,870.4990611
15.00,7,142,870.4310561
15.00,7,143,870.3772725
15.00,7,144,870.3110126
15.00,7,145,870.2557368
15.00,7,146,870.19106
15.00,7,147,870.1344324
15.00,7,148,870.0711933
15.00,7,149,870.0133401
15.00,7,150,869.9514081
15.00,7,151,869.8924432
15.00,7,152,869.8317003
15.00,7,153,869.8301643
15.00,7,154,869.6655412
15.00,7,155,869.5960934
15.00,7,156,869.5448976
15.00,7,157,869.4765383
15.00,7,158,869.4244179
15.00,7,159,869.3570539
15.00,7,160,869.3040931
15.00,7,161,869.2376378
15.00,7,162,869.183915
15.00,7,163,869.1182882
15.00,7,164,869.0638767
15.00,7,165,868.9990032
15.00,7,166,868.9439717
15.00,7,167,868.8797812
15.00,7,168,868.8241945
15.00,7,169,868.760621
15.00,7,170,868.7045399
15.00,7,171,868.6415211
15.00,7,172,868.5850036
15.00,7,173,868.5224805
15.00,7,174,868.4655816
15.00,7,175,868.4034982
15.00,7,176,868.3462704
15.00,7,177,868.2845733
15.00,7,178,868.2270673
15.00,7,179,868.165705
15.00,7,180,868.1079696
15.00,7,181,868.0468928
15.00,7,182,867.9889753
15.00,7,183,867.9281359
15.00,7,184,867.8700827
15.00,7,185,867.809434
15.00,7,186,867.7512905
15.00,7,187,867.6907867
15.00,7,188,867.6325979
15.00,7,189,867.5721938
15.00,7,190,867.5140044
15.00,7,191,867.453655
15.00,7,192,867.3955098
15.00,7,193,867.3351705
15.00,7,194,867.2771144
15.00,7,195,867.21674
15.00,7,196,867.1588188
15.00,7,197,867.0983639
15.00,7,198,867.0406242
15.00,7,199,866.9800423
15.00,7,200,866.922532
15.00,8,1,836.8194829
15.00,8,2,836.4072585
15.00,8,3,836.0904747
15.00,8,4,835.8383071
15.00,8,5,835.6367333
15.00,8,6,835.4702934
15.00,8,7,835.3310109
15.00,8,8,835.2109162
15.00,8,9,835.1054911
15.00,8,10,835.0105588
15.00,8,11,834.92358
15.00,8,12,834.8423419
15.00,8,13,834.7654283
15.00,8,14,834.6916581
15.00,8,15,834.6202465
15.00,8,16,834.6058508
15.00,8,17,834.5057709
15.00,8,18,834.4149146
15.00,8,19,834.3310264
15.00,8,20,834.2521692
15.00,8,21,834.1770901
15.00,8,22,834.1047569
15.00,8,23,834.0344785
15.00,8,24,834.0040188
15.00,8,25,833.9090798
15.00,8,26,833.8221372
15.00,8,27,833.7412126
15.00,8,28,833.6646338
15.00,8,29,833.5913082
15.00,8,30,833.5203468
15.00,8,31,833.5052331
15.00,8,32,833.405651
15.00,8,33,833.3155841
15.00,8,34,833.2323409
15.00,8,35,833.1542139
15.00,8,36,833.079782
15.00,8,37,833.008108
15.00,8,38,832.9384381
15.00,8,39,832.9047894
15.00,8,40,832.8111996
15.00,8,41,832.7256078
15.00,8,42,832.6457556
15.00,8,43,832.5701918
15.00,8,44,832.4977261
15.00,8,45,832.4275662
15.00,8,46,832.4060882
15.00,8,47,832.3090236
15.00,8,48,832.2208182
15.00,8,49,832.1392461
15.00,8,50,832.0624374
15.00,8,51,831.9891757
15.00,8,52,831.9184772
15.00,8,53,831.9093988
15.00,8,54,831.8085288
15.00,8,55,831.7178439
15.00,8,56,831.6344261
15.00,8,57,831.5564276
15.00,8,58,831.4823234
15.00,8,59,831.41111
15.00,8,60,831.3419867
15.00,8,61,831.3098814
15.00,8,62,831.2165003
15.00,8,63,831.1313513
15.00,8,64,831.0520832
15.00,8,65,830.9771846
15.00,8,66,830.9054283
15.00,8,67,830.835998
15.00,8,68,830.8126623
15.00,8,69,830.7168306
15.00,8,70,830.629827
15.00,8,71,830.5493948
15.00,8,72,830.4736623
15.00,8,73,830.4014098
15.00,8,74,830.3316618
15.00,8,75,830.3167518
15.00,8,76,830.2183416
15.00,8,77,830.1297447
15.00,8,78,830.0481252
15.00,8,79,829.9716784
15.00,8,80,829.8989351
15.00,8,81,829.8289256
15.00,8,82,829.8218244
15.00,8,83,829.7212527
15.00,8,84,829.6309795
15.00,8,85,829.5483568
15.00,8,86,829.4711821
15.00,8,87,829.3980316
15.00,8,88,829.3277652
15.00,8,89,829.2596221
15.00,8,90,829.2251531
15.00,8,91,829.1335483
15.00,8,92,829.0499089
15.00,8,93,828.9721615
15.00,8,94,828.8986162
15.00,8,95,828.8281646
15.00,8,96,828.7599327
15.00,8,97,828.7300335
15.00,8,98,828.6370978
15.00,8,99,828.5527322
15.00,8,100,828.4744472
15.00,8,101,828.4006423
15.00,8,102,828.3300367
15.00,8,103,828.2617801
15.00,8,104,828.2356831
15.00,8,105,828.141844
15.00,8,106,828.056756
15.00,8,107,827.9781254
15.00,8,108,827.9040844
15.00,8,109,827.8334134
15.00,8,110,827.7651522
15.00,8,111,827.7421082
15.00,8,112,827.6474005
15.00,8,113,827.5619396
15.00,8,114,827.4830181
15.00,8,115,827.4089022
15.00,8,116,827.3382076
15.00,8,117,827.2700176
15.00,8,118,827.2491365
15.00,8,119,827.154052
15.00,8,120,827.0682367
15.00,8,121,826.9892435
15.00,8,122,826.9150849
15.00,8,123,826.8444666
15.00,8,124,826.7763725
15.00,8,125,826.7568347
15.00,8,126,826.6614232
15.00,8,127,826.5756346
15.00,8,128,826.4966329
15.00,8,129,826.4226053
15.00,8,130,826.3521094
15.00,8,131,826.284192
15.00,8,132,826.2650768
15.00,8,133,826.1698548
15.00,8,134,826.0841136
15.00,8,135,826.005331
15.00,8,136,825.9314675
15.00,8,137,825.8611964
15.00,8,138,825.7934803
15.00,8,139,825.7739863
15.00,8,140,825.6790001
15.00,8,141,825.5936885
15.00,8,142,825.5151852
15.00,8,143,825.4416578
15.00,8,144,825.3716554
15.00,8,145,825.3042194
15.00,8,146,825.2834851
15.00,8,147,825.1892353
15.00,8,148,825.1043645
15.00,8,149,825.0263574
15.00,8,150,824.9531928
15.00,8,151,824.8835547
15.00,8,152,824.8164197
15.00,8,153,824.7937407
15.00,8,154,824.7002537
15.00,8,155,824.6161784
15.00,8,156,824.5387152
15.00,8,157,824.4660704
15.00,8,158,824.3968327
15.00,8,159,824.3300691
15.00,8,160,824.3047175
15.00,8,161,824.2124421
15.00,8,162,824.1291549
15.00,8,163,824.0524256
15.00,8,164,823.9803156
15.00,8,165,823.9115603
15.00,8,166,823.8451819
15.00,8,167,823.8166077
15.00,8,168,823.725539
15.00,8,169,823.643345
15.00,8,170,823.5673776
15.00,8,171,823.4959344
15.00,8,172,823.4276856
15.00,8,173,823.3617504
15.00,8,174,823.3294072
15.00,8,175,823.2399171
15.00,8,176,823.1587849
15.00,8,177,823.0837319
15.00,8,178,823.0129557
15.00,8,179,822.9452768
15.00,8,180,822.9424849
15.00,8,181,822.8433557
15.00,8,182,822.7553879
15.00,8,183,822.6755496
15.00,8,184,822.6014091
15.00,8,185,822.5313965
15.00,8,186,822.4642951
15.00,8,187,822.4551792
15.00,8,188,822.3582548
15.00,8,189,822.2721413
15.00,8,190,822.1935755
15.00,8,191,822.1204823
15.00,8,192,822.0512356
15.00,8,193,821.984767
15.00,8,194,821.9689615
15.00,8,195,821.8746179
15.00,8,196,821.7902351
15.00,8,197,821.7130829
15.00,8,198,821.6409956
15.00,8,199,821.5725671
15.00,8,200,821.5067168
15.00,9,1,991.8501103
15.00,9,2,991.7731272
15.00,9,3,991.7034174
15.00,9,4,991.6445296
15.00,9,5,991.6046511
15.00,9,6,991.5919523
15.00,9,7,991.3498993
15.00,9,8,991.2488899
15.00,9,9,990.9547168
15.00,9,10,990.921681
15.00,9,11,990.5606887
15.00,9,12,990.4577382
15.00,9,13,990.41839
15.00,9,14,990.4059001
15.00,9,15,990.1637877
15.00,9,16,990.0607145
15.00,9,17,989.7710367
15.00,9,18,989.7287905
15.00,9,19,989.3793712
15.00,9,20,989.2735161
15.00,9,21,989.2316154
15.00,9,22,989.2146397
15.00,9,23,988.9850174
15.00,9,24,988.8641283
15.00,9,25,988.5946046
15.00,9,26,988.5236201
15.00,9,27,988.2051967
15.00,9,28,988.1955048
15.00,9,29,987.8168403
15.00,9,30,987.7175596
15.00,9,31,987.6792215
15.00,9,32,987.6669245
15.00,9,33,987.4254799
15.00,9,34,987.3171267
15.00,9,35,987.0382925
15.00,9,36,986.9756731
15.00,9,37,986.6520602
15.00,9,38,986.6442813
15.00,9,39,986.2668152
15.00,9,40,986.1670361
15.00,9,41,986.1276122
15.00,9,42,986.1129461
15.00,9,43,985.8786424
15.00,9,44,985.7594569
15.00,9,45,985.4945423
15.00,9,46,985.4118389
15.00,9,47,985.111333
15.00,9,48,985.0710178
15.00,9,49,984.7290302
15.00,9,50,984.6213425
15.00,9,51,984.5761261
15.00,9,52,984.5520415
15.00,9,53,984.3442923
15.00,9,54,984.1920913
15.00,9,55,983.9631786
15.00,9,56,983.8354919
15.00,9,57,983.5828935
15.00,9,58,983.4825441
15.00,9,59,983.2034397
15.00,9,60,983.1336927
15.00,9,61,982.8248212
15.00,9,62,982.7893672
15.00,9,63,982.4470439
15.00,9,64,982.3395594
15.00,9,65,982.2935711
15.00,9,66,982.2674076
15.00,9,67,982.066914
15.00,9,68,981.9051905
15.00,9,69,981.6903221
15.00,9,70,981.544697
15.00,9,71,981.3145086
15.00,9,72,981.1859338
15.00,9,73,980.9394709
15.00,9,74,980.8289803
15.00,9,75,980.5652063
15.00,9,76,980.473838
15.00,9,77,980.1917125
15.00,9,78,980.1206126
15.00,9,79,979.8189868
15.00,9,80,979.7692996
15.00,9,81,979.4470274
15.00,9,82,979.420042
15.00,9,83,979.0758318
15.00,9,84,979.0728276
15.00,9,85,978.7053987
15.00,9,86,978.6034151
15.00,9,87,978.5595098
15.00,9,88,978.5350461
15.00,9,89,978.3324799
15.00,9,90,978.171987
15.00,9,91,977.9632215
15.00,9,92,977.809338
15.00,9,93,977.5946868
15.00,9,94,977.4470046
15.00,9,95,977.2268718
15.00,9,96,977.0849589
15.00,9,97,976.8597721
15.00,9,98,976.7230978
15.00,9,99,976.4933837
15.00,9,100,976.3614054
15.00,9,101,976.1277025
15.00,9,102,975.9997711
15.00,9,103,975.7627247
15.00,9,104,975.6381968
15.00,9,105,975.398446
15.00,9,106,975.2765669
15.00,9,107,975.034863
15.00,9,108,974.9149069
15.00,9,109,974.6719716
15.00,9,110,974.5530988
15.00,9,111,974.3097686
15.00,9,112,974.1911984
15.00,9,113,973.9482502
15.00,9,114,973.8290879
15.00,9,115,973.5874137
15.00,9,116,973.4668597
15.00,9,117,973.2272555
15.00,9,118,973.1043986
15.00,9,119,972.8677732
15.00,9,120,972.7418385
15.00,9,121,972.5089638
15.00,9,122,972.3790684
15.00,9,123,972.1508252
15.00,9,124,972.0162665
15.00,9,125,971.7933547
15.00,9,126,971.6533264
15.00,9,127,971.4365509
15.00,9,128,971.2904701
15.00,9,129,971.0804112
15.00,9,130,970.9275942
15.00,9,131,970.7249347
15.00,9,132,970.5649598
15.00,9,133,970.3701192
15.00,9,134,970.2024637
15.00,9,135,970.0159639
15.00,9,136,969.8403973
15.00,9,137,969.8377338
15.00,9,138,969.5846938
15.00,9,139,969.4408141
15.00,9,140,969.2315957
15.00,9,141,969.2257353
15.00,9,142,968.5722901
15.00,9,143,968.4967872
15.00,9,144,968.4638535
15.00,9,145,968.4569007
15.00,9,146,968.2169332
15.00,9,147,968.0633987
15.00,9,148,967.8663849
15.00,9,149,967.8153549
15.00,9,150,967.2113813
15.00,9,151,967.1300538
15.00,9,152,967.0935677
15.00,9,153,967.0804671
15.00,9,154,966.8589132
15.00,9,155,966.6920889
15.00,9,156,966.6879485
15.00,9,157,966.4351501
15.00,9,158,966.3248097
15.00,9,159,966.0881384
15.00,9,160,965.9623809
15.00,9,161,965.7417605
15.00,9,162,965.6008106
15.00,9,163,965.3960162
15.00,9,164,965.2402823
15.00,9,165,965.0509049
15.00,9,166,964.8809164
15.00,9,167,964.8773165
15.00,9,168,964.6306166
15.00,9,169,964.4831458
15.00,9,170,964.2865248
15.00,9,171,964.2301971
15.00,9,172,963.6434647
15.00,9,173,963.5607118
15.00,9,174,963.5227411
15.00,9,175,963.5061688
15.00,9,176,963.2975945
15.00,9,177,963.2802118
15.00,9,178,962.6580626
15.00,9,179,962.5796476
15.00,9,180,962.543859
15.00,9,181,962.530467
15.00,9,182,962.3136943
15.00,9,183,962.1460593
15.00,9,184,962.1384241
15.00,9,185,961.8997186
15.00,9,186,961.7776637
15.00,9,187,961.5607418
15.00,9,188,961.418771
15.00,9,189,961.2223811
15.00,9,190,961.0618576
15.00,9,191,961.0606532
15.00,9,192,960.8103113
15.00,9,193,960.6674884
15.00,9,194,960.4729243
15.00,9,195,960.40937
15.00,9,196,959.8422672
15.00,9,197,959.7584443
15.00,9,198,959.7193301
15.00,9,199,959.6998811
15.00,9,200,959.5032344
15.00,10,1,844.3838525
15.00,10,2,844.1817911
15.00,10,3,844.1149121
15.00,10,4,844.0545906
15.00,10,5,844.0158346
15.00,10,6,843.9782442
15.00,10,7,843.97338
15.00,10,8,843.9665188
15.00,10,9,843.1456699
15.00,10,10,842.7374715
15.00,10,11,842.7293322
15.00,10,12,842.719063
15.00,10,13,841.9204975
15.00,10,14,841.4910115
15.00,10,15,841.4763442
15.00,10,16,841.4597473
15.00,10,17,840.7056416
15.00,10,18,840.239451
15.00,10,19,840.2152424
15.00,10,20,840.1896808
15.00,10,21,839.5009591
15.00,10,22,839.3764383
15.00,10,23,837.6285753
15.00,10,24,837.4387358
15.00,10,25,837.375748
15.00,10,26,837.3144884
15.00,10,27,837.2720851
15.00,10,28,837.2292144
15.00,10,29,837.2144162
15.00,10,30,837.1959434
15.00,10,31,836.4473059
15.00,10,32,836.435519
15.00,10,33,834.6145146
15.00,10,34,834.4331824
15.00,10,35,834.3702629
15.00,10,36,834.3088857
15.00,10,37,834.2654612
15.00,10,38,834.22091
15.00,10,39,834.2027765
15.00,10,40,834.1802873
15.00,10,41,833.457657
15.00,10,42,833.3083514
15.00,10,43,831.6623788
15.00,10,44,831.4470947
15.00,10,45,831.3769397
15.00,10,46,831.3082978
15.00,10,47,831.2533727
15.00,10,48,831.1978308
15.00,10,49,831.1621843
15.00,10,50,831.1236852
15.00,10,51,831.1142845
15.00,10,52,831.0979029
15.00,10,53,830.3160079
15.00,10,54,830.2593523
15.00,10,55,828.5600768
15.00,10,56,828.3500911
15.00,10,57,828.2799059
15.00,10,58,828.2110669
15.00,10,59,828.1550127
15.00,10,60,828.0979246
15.00,10,61,828.0591574
15.00,10,62,828.0171778
15.00,10,63,828.0016845
15.00,10,64,827.9791113
15.00,10,65,827.242706
15.00,10,66,827.0093558
15.00,10,67,825.5240727
15.00,10,68,825.484851
15.00,10,69,824.6474951
15.00,10,70,824.2590418
15.00,10,71,824.1461877
15.00,10,72,824.0989578
15.00,10,73,824.0764506
15.00,10,74,824.046851
15.00,10,75,823.3657084
15.00,10,76,822.9410891
15.00,10,77,821.6933785
15.00,10,78,821.4744608
15.00,10,79,821.4627085
15.00,10,80,821.4447003
15.00,10,81,820.639205
15.00,10,82,820.4414609
15.00,10,83,818.9998132
15.00,10,84,818.8898382
15.00,10,85,818.8769476
15.00,10,86,818.8662163
15.00,10,87,817.965236
15.00,10,88,817.9177674
15.00,10,89,816.357681
15.00,10,90,816.3122796
15.00,10,91,816.286055
15.00,10,92,816.2760195
15.00,10,93,815.3419634
15.00,10,94,815.3057307
15.00,10,95,813.7650013
15.00,10,96,813.7049333
15.00,10,97,813.6534934
15.00,10,98,813.6355518
15.00,10,99,812.7676445
15.00,10,100,812.5513708
15.00,10,101,811.219875
15.00,10,102,811.0450839
15.00,10,103,810.9622985
15.00,10,104,810.9276263
15.00,10,105,810.9263324
15.00,10,106,810.9076548
15.00,10,107,810.0559128
15.00,10,108,809.7610758
15.00,10,109,808.5367557
15.00,10,110,808.2448172
15.00,10,111,808.1997401
15.00,10,112,808.1572328
15.00,10,113,808.1391494
15.00,10,114,808.1079369
15.00,10,115,807.3969278
15.00,10,116,806.8313171
15.00,10,117,805.906654
15.00,10,118,805.7131336
15.00,10,119,804.4448184
15.00,10,120,804.2251672
15.00,10,121,804.0789931
15.00,10,122,803.9984009
15.00,10,123,803.9219184
15.00,10,124,803.8451219
15.00,10,125,803.7716345
15.00,10,126,803.697475
15.00,10,127,803.6276422
15.00,10,128,803.5566469
15.00,10,129,803.491323
15.00,10,130,803.4241151
15.00,10,131,803.3643607
15.00,10,132,803.3016755
15.00,10,133,803.2488083
15.00,10,134,803.1915076
15.00,10,135,803.1471647
15.00,10,136,803.0962493
15.00,10,137,803.0624644
15.00,10,138,803.0190852
15.00,10,139,802.9983832
15.00,10,140,802.9638465
15.00,10,141,802.9593606
15.00,10,142,802.9351244
15.00,10,143,802.1016262
15.00,10,144,801.6618715
15.00,10,145,800.6683955
15.00,10,146,800.5093523
15.00,10,147,799.2672872
15.00,10,148,799.0704796
15.00,10,149,798.8986357
15.00,10,150,798.8184733
15.00,10,151,798.7424022
15.00,10,152,798.6660745
15.00,10,153,798.59213
15.00,10,154,798.5176463
15.00,10,155,798.4462163
15.00,10,156,798.3739097
15.00,10,157,798.3055252
15.00,10,158,798.2357847
15.00,10,159,798.1710937
15.00,10,160,798.1043729
15.00,10,161,798.0441671
15.00,10,162,797.9809923
15.00,10,163,797.9262386
15.00,10,164,797.8672167
15.00,10,165,797.8190964
15.00,10,166,797.7649211
15.00,10,167,797.724877
15.00,10,168,797.6763346
15.00,10,169,797.6461283
15.00,10,170,797.6040987
15.00,10,171,797.5858803
15.00,10,172,797.5513345
15.00,10,173,797.5477257
15.00,10,174,797.5217143
15.00,10,175,796.6712424
15.00,10,176,796.1903851
15.00,10,177,795.2945709
15.00,10,178,794.9233638
15.00,10,179,794.888281
15.00,10,180,794.8717191
15.00,10,181,793.7675496
15.00,10,182,793.5855065
15.00,10,183,792.4229096
15.00,10,184,792.1433463
15.00,10,185,792.0022889
15.00,10,186,791.9423196
15.00,10,187,791.8965764
15.00,10,188,791.8436996
15.00,10,189,791.8051723
15.00,10,190,791.7568863
15.00,10,191,791.7268153
15.00,10,192,791.6837102
15.00,10,193,791.6637571
15.00,10,194,791.6264822
15.00,10,195,791.6186396
15.00,10,196,791.5878767
15.00,10,197,790.7670907
15.00,10,198,790.1925884
15.00,10,199,790.1886346
15.00,10,200,790.159632
15.00,11,1,801.1944418
15.00,11,2,800.0459095
15.00,11,3,799.5376795
15.00,11,4,799.2560155
15.00,11,5,799.0762554
15.00,11,6,799.0568856
15.00,11,7,798.7983492
15.00,11,8,798.6246313
15.00,11,9,798.5837068
15.00,11,10,798.3392564
15.00,11,11,798.1746538
15.00,11,12,798.1121063
15.00,11,13,797.8860433
15.00,11,14,797.7268403
15.00,11,15,797.6462581
15.00,11,16,797.4325218
15.00,11,17,797.2807199
15.00,11,18,797.182561
15.00,11,19,796.9837176
15.00,11,20,796.836633
15.00,11,21,796.723792
15.00,11,22,796.5354129
15.00,11,23,796.3942467
15.00,11,24,796.2674592
15.00,11,25,796.0909341
15.00,11,26,796.0689361
15.00,11,27,795.8168653
15.00,11,28,795.6480499
15.00,11,29,795.600083
15.00,11,30,795.3656615
15.00,11,31,795.207087
15.00,11,32,795.1345765
15.00,11,33,794.9206133
15.00,11,34,794.7684675
15.00,11,35,794.6759061
15.00,11,36,794.4761168
15.00,11,37,794.3317245
15.00,11,38,794.220659
15.00,11,39,794.0363146
15.00,11,40,793.8970972
15.00,11,41,793.7709101
15.00,11,42,793.5976852
15.00,11,43,793.5668544
15.00,11,44,793.3229441
15.00,11,45,793.1620735
15.00,11,46,793.1014525
15.00,11,47,792.88216
15.00,11,48,792.7290933
15.00,11,49,792.6446043
15.00,11,50,792.4422863
15.00,11,51,792.2981798
15.00,11,52,792.1922822
15.00,11,53,792.0076767
15.00,11,54,791.8695469
15.00,11,55,791.7464736
15.00,11,56,791.5745543
15.00,11,57,791.5445221
15.00,11,58,791.3032167
15.00,11,59,791.1447384
15.00,11,60,791.0824081
15.00,11,61,790.8676508
15.00,11,62,790.7177484
15.00,11,63,790.629959
15.00,11,64,790.4335456
15.00,11,65,790.2929758
15.00,11,66,790.1829818
15.00,11,67,790.0048657
15.00,11,68,790.0001888
15.00,11,69,789.744672
15.00,11,70,789.578641
15.00,11,71,789.5369438
15.00,11,72,789.3076238
15.00,11,73,789.1550834
15.00,11,74,789.0813041
15.00,11,75,788.8782696
15.00,11,76,788.7344217
15.00,11,77,788.6357099
15.00,11,78,788.4509386
15.00,11,79,788.3160545
15.00,11,80,788.1961831
15.00,11,81,788.0288376
15.00,11,82,787.9985516
15.00,11,83,787.7650202
15.00,11,84,787.6093669
15.00,11,85,787.5447579
15.00,11,86,787.3360168
15.00,11,87,787.1926099
15.00,11,88,787.0990737
15.00,11,89,786.9140128
15.00,11,90,786.7786533
15.00,11,91,786.6629354
15.00,11,92,786.4944561
15.00,11,93,786.4660708
15.00,11,94,786.2315299
15.00,11,95,786.0790065
15.00,11,96,786.0129281
15.00,11,97,785.8091866
15.00,11,98,785.6668926
15.00,11,99,785.5722986
15.00,11,100,785.3896486
15.00,11,101,785.2573603
15.00,11,102,785.1393836
15.00,11,103,784.9759319
15.00,11,104,784.9418501
15.00,11,105,784.715896
15.00,11,106,784.5652626
15.00,11,107,784.4949703
15.00,11,108,784.2955871
15.00,11,109,784.1575832
15.00,11,110,784.057825
15.00,11,111,783.8825461
15.00,11,112,783.8822096
15.00,11,113,783.6325938
15.00,11,114,783.4730573
15.00,11,115,783.4280243
15.00,11,116,783.2110313
15.00,11,117,783.0670367
15.00,11,118,782.9859045
15.00,11,119,782.7984
15.00,11,120,782.6643949
15.00,11,121,782.5565398
15.00,11,122,782.3891753
15.00,11,123,782.3664249
15.00,11,124,782.1339784
15.00,11,125,781.9848596
15.00,11,126,781.9197893
15.00,11,127,781.7219107
15.00,11,128,781.584365
15.00,11,129,781.4883093
15.00,11,130,781.3137017
15.00,11,131,781.3112264
15.00,11,132,781.0647636
15.00,11,133,780.9110948
15.00,11,134,780.8603466
15.00,11,135,780.6533354
15.00,11,136,780.5127572
15.00,11,137,780.4270201
15.00,11,138,780.2462436
15.00,11,139,780.1175784
15.00,11,140,780.0045801
15.00,11,141,779.8461612
15.00,11,142,779.8101929
15.00,11,143,779.59363
15.00,11,144,779.4498651
15.00,11,145,779.3746432
15.00,11,146,779.1874834
15.00,11,147,779.0570234
15.00,11,148,778.9514771
15.00,11,149,778.7891656
15.00,11,150,778.7654295
15.00,11,151,778.5411881
15.00,11,152,778.3949883
15.00,11,153,778.3282641
15.00,11,154,778.1362292
15.00,11,155,778.0045448
15.00,11,156,777.9048863
15.00,11,157,777.7398326
15.00,11,158,777.7252375
15.00,11,159,777.4956194
15.00,11,160,777.347904
15.00,11,161,777.2873025
15.00,11,162,777.0921938
15.00,11,163,776.9599566
15.00,11,164,776.8644051
15.00,11,165,776.6979349
15.00,11,166,776.6890167
15.00,11,167,776.4566259
15.00,11,168,776.3084273
15.00,11,169,776.2513592
15.00,11,170,776.0551608
15.00,11,171,775.9231019
15.00,11,172,775.8297676
15.00,11,173,775.6633006
15.00,11,174,775.6564348
15.00,11,175,775.4240173
15.00,11,176,775.2764153
15.00,11,177,775.2202356
15.00,11,178,775.0249903
15.00,11,179,774.8938553
15.00,11,180,774.8008532
15.00,11,181,774.6358157
15.00,11,182,774.6274369
15.00,11,183,774.3977127
15.00,11,184,774.2517673
15.00,11,185,774.1939333
15.00,11,186,774.0016176
15.00,11,187,773.872121
15.00,11,188,773.7776804
15.00,11,189,773.6154207
15.00,11,190,773.6022278
15.00,11,191,773.377732
15.00,11,192,773.234421
15.00,11,193,773.1726333
15.00,11,194,772.9850443
15.00,11,195,772.85783
15.00,11,196,772.7603874
15.00,11,197,772.6021027
15.00,11,198,772.5812294
15.00,11,199,772.3641787
15.00,11,200,772.2243451
15.00,12,1,836.3336707
15.00,12,2,836.2454455
15.00,12,3,836.1827436
15.00,12,4,836.1333044
15.00,12,5,836.1149364
15.00,12,6,836.0514607
15.00,12,7,836.0047976
15.00,12,8,835.9664133
15.00,12,9,835.9501743
15.00,12,10,835.8966236
15.00,12,11,835.85576
15.00,12,12,835.8210534
15.00,12,13,835.7999413
15.00,12,14,835.7519454
15.00,12,15,835.7140571
15.00,12,16,835.6810778
15.00,12,17,835.6544829
15.00,12,18,835.6103863
15.00,12,19,835.5745062
15.00,12,20,835.5649567
15.00,12,21,835.5115641
15.00,12,22,835.4703296
15.00,12,23,835.4359106
15.00,12,24,835.418915
15.00,12,25,835.3698706
15.00,12,26,835.330995
15.00,12,27,835.2977805
15.00,12,28,835.2745231
15.00,12,29,835.2291194
15.00,12,30,835.1922141
15.00,12,31,835.1878845
15.00,12,32,835.131086
15.00,12,33,835.0889384
15.00,12,34,835.0537902
15.00,12,35,835.0404229
15.00,12,36,834.9889908
15.00,12,37,834.9495281
15.00,12,38,834.9158262
15.00,12,39,834.8950441
15.00,12,40,834.8480196
15.00,12,41,834.8107722
15.00,12,42,834.8098413
15.00,12,43,834.7518504
15.00,12,44,834.7082265
15.00,12,45,834.6726966
15.00,12,46,834.6626522
15.00,12,47,834.6099103
15.00,12,48,834.5691372
15.00,12,49,834.5350532
15.00,12,50,834.5173876
15.00,12,51,834.4690527
15.00,12,52,834.4306651
15.00,12,53,834.3977957
15.00,12,54,834.3737739
15.00,12,55,834.3291303
15.00,12,56,834.2927351
15.00,12,57,834.2866647
15.00,12,58,834.2311853
15.00,12,59,834.1898128
15.00,12,60,834.1551776
15.00,12,61,834.1401017
15.00,12,62,834.0899813
15.00,12,63,834.0512862
15.00,12,64,834.0180887
15.00,12,65,833.9956873
15.00,12,66,833.9499324
15.00,12,67,833.9134284
15.00,12,68,833.909403
15.00,12,69,833.8534583
15.00,12,70,833.8110589
15.00,12,71,833.7762473
15.00,12,72,833.7633121
15.00,12,73,833.7125186
15.00,12,74,833.6729058
15.00,12,75,833.6395054
15.00,12,76,833.6191919
15.00,12,77,833.572682
15.00,12,78,833.5353784
15.00,12,79,833.534748
15.00,12,80,833.4762922
15.00,12,81,833.4335525
15.00,12,82,833.3982745
15.00,12,83,833.3873224
15.00,12,84,833.3350203
15.00,12,85,833.2953403
15.00,12,86,833.2617021
15.00,12,87,833.2424239
15.00,12,88,833.1950912
15.00,12,89,833.157894
15.00,12,90,833.1255841
15.00,12,91,833.0995931
15.00,12,92,833.0562738
15.00,12,93,833.0210912
15.00,12,94,833.0109336
15.00,12,95,832.9587907
15.00,12,96,832.9185496
15.00,12,97,832.8849198
15.00,12,98,832.8666693
15.00,12,99,832.8192296
15.00,12,100,832.7815196
15.00,12,101,832.7491722
15.00,12,102,832.7242884
15.00,12,103,832.6807208
15.00,12,104,832.6450881
15.00,12,105,832.6367248
15.00,12,106,832.5831368
15.00,12,107,832.5429199
15.00,12,108,832.5090792
15.00,12,109,832.4916568
15.00,12,110,832.4434857
15.00,12,111,832.4059657
15.00,12,112,832.3735646
15.00,12,113,832.3488969
15.00,12,114,832.3050647
15.00,12,115,832.2697154
15.00,12,116,832.2612182
15.00,12,117,832.2083608
15.00,12,118,832.1678328
15.00,12,119,832.1341451
15.00,12,120,832.1170246
15.00,12,121,832.0691865
15.00,12,122,832.0313544
15.00,12,123,831.999028
15.00,12,124,831.9748937
15.00,12,125,831.9311563
15.00,12,126,831.8955192
15.00,12,127,831.8879213
15.00,12,128,831.8341223
15.00,12,129,831.7939006
15.00,12,130,831.7601393
15.00,12,131,831.7431066
15.00,12,132,831.6949608
15.00,12,133,831.6575467
15.00,12,134,831.6252803
15.00,12,135,831.6007608
15.00,12,136,831.5571074
15.00,12,137,831.5219355
15.00,12,138,831.5132668
15.00,12,139,831.4607471
15.00,12,140,831.4204949
15.00,12,141,831.3870295
15.00,12,142,831.3695522
15.00,12,143,831.3221718
15.00,12,144,831.2846727
15.00,12,145,831.2525946
15.00,12,146,831.2280089
15.00,12,147,831.1847945
15.00,12,148,831.1495195
15.00,12,149,831.1408138
15.00,12,150,831.0879167
15.00,12,151,831.0482374
15.00,12,152,831.0148434
15.00,12,153,830.9967288
15.00,12,154,830.9494817
15.00,12,155,830.9126043
15.00,12,156,830.8806981
15.00,12,157,830.8551741
15.00,12,158,830.812383
15.00,12,159,830.7777265
15.00,12,160,830.7671189
15.00,12,161,830.7159599
15.00,12,162,830.6765268
15.00,12,163,830.6435527
15.00,12,164,830.6243166
15.00,12,165,830.5782074
15.00,12,166,830.5414708
15.00,12,167,830.5407345
15.00,12,168,830.4832729
15.00,12,169,830.4414357
15.00,12,170,830.4069716
15.00,12,171,830.3949001
15.00,12,172,830.3442551
15.00,12,173,830.3057794
15.00,12,174,830.2730985
15.00,12,175,830.2521629
15.00,12,176,830.2068534
15.00,12,177,830.1710231
15.00,12,178,830.167134
15.00,12,179,830.1122714
15.00,12,180,830.0709446
15.00,12,181,830.0370996
15.00,12,182,830.0230339
15.00,12,183,829.9741233
15.00,12,184,829.9359755
15.00,12,185,829.9037225
15.00,12,186,829.8815543
15.00,12,187,829.8374035
15.00,12,188,829.8017881
15.00,12,189,829.7961006
15.00,12,190,829.7418347
15.00,12,191,829.7016617
15.00,12,192,829.6681549
15.00,12,193,829.6520139
15.00,12,194,829.6040485
15.00,12,195,829.5669837
15.00,12,196,829.5351203
15.00,12,197,829.5108634
15.00,12,198,829.4677956
15.00,12,199,829.4331598
15.00,12,200,829.4238037
15.00,13,1,818.9072109
15.00,13,2,818.8442408
15.00,13,3,818.8383254
15.00,13,4,818.4203487
15.00,13,5,818.3853375
15.00,13,6,818.3758674
15.00,13,7,818.2847051
15.00,13,8,818.276295
15.00,13,9,818.1574197
15.00,13,10,818.1180393
15.00,13,11,818.097243
15.00,13,12,818.0238313
15.00,13,13,817.9919385
15.00,13,14,817.8963754
15.00,13,15,817.8542588
15.00,13,16,817.8266478
15.00,13,17,817.7638506
15.00,13,18,817.7148317
15.00,13,19,817.6360111
15.00,13,20,817.6105426
15.00,13,21,817.5088968
15.00,13,22,817.46748
15.00,13,23,817.4412605
15.00,13,24,817.3766415
15.00,13,25,817.332067
15.00,13,26,817.2494134
15.00,13,27,817.2323743
15.00,13,28,817.1231155
15.00,13,29,817.0832232
15.00,13,30,817.0607359
15.00,13,31,816.9906958
15.00,13,32,816.953064
15.00,13,33,816.8638692
15.00,13,34,816.8542996
15.00,13,35,816.7378767
15.00,13,36,816.6987403
15.00,13,37,816.6777457
15.00,13,38,816.6057282
15.00,13,39,816.5731784
15.00,13,40,816.4795666
15.00,13,41,816.4377494
15.00,13,42,816.410076
15.00,13,43,816.3484629
15.00,13,44,816.2991584
15.00,13,45,816.2219296
15.00,13,46,816.1955749
15.00,13,47,816.096104
15.00,13,48,816.0549636
15.00,13,49,816.0286334
15.00,13,50,815.9652665
15.00,13,51,815.9202471
15.00,13,52,815.8393288
15.00,13,53,815.8210925
15.00,13,54,815.7142956
15.00,13,55,815.6746247
15.00,13,56,815.6518872
15.00,13,57,815.5833072
15.00,13,58,815.5449714
15.00,13,59,815.4577632
15.00,13,60,815.4467187
15.00,13,61,815.3330315
15.00,13,62,815.2940913
15.00,13,63,815.2727943
15.00,13,64,815.2023107
15.00,13,65,815.1688684
15.00,13,66,815.0774131
15.00,13,67,815.075991
15.00,13,68,814.9535772
15.00,13,69,814.9163915
15.00,13,70,814.8994442
15.00,13,71,814.8225835
15.00,13,72,814.7971035
15.00,13,73,814.6980678
15.00,13,74,814.6574262
15.00,13,75,814.6315519
15.00,13,76,814.5685512
15.00,13,77,814.5244055
15.00,13,78,814.443919
15.00,13,79,814.4264448
15.00,13,80,814.3201853
15.00,13,81,814.2809946
15.00,13,82,814.2586697
15.00,13,83,814.1905165
15.00,13,84,814.1529626
15.00,13,85,814.0662699
15.00,13,86,814.0558681
15.00,13,87,813.9428294
15.00,13,88,813.9043535
15.00,13,89,813.8834343
15.00,13,90,813.8134254
15.00,13,91,813.7806748
15.00,13,92,813.6898152
15.00,13,93,813.688887
15.00,13,94,813.5672579
15.00,13,95,813.5305117
15.00,13,96,813.5138822
15.00,13,97,813.4375824
15.00,13,98,813.4126722
15.00,13,99,813.314346
15.00,13,100,813.2741569
15.00,13,101,813.2486376
15.00,13,102,813.1861384
15.00,13,103,813.142637
15.00,13,104,813.0627823
15.00,13,105,813.0457427
15.00,13,106,812.9403156
15.00,13,107,812.9015544
15.00,13,108,812.8795293
15.00,13,109,812.8119569
15.00,13,110,812.7749364
15.00,13,111,812.6889785
15.00,13,112,812.6788775
15.00,13,113,812.5667981
15.00,13,114,812.5287356
15.00,13,115,812.5080819
15.00,13,116,812.4387009
15.00,13,117,812.4063862
15.00,13,118,812.3163482
15.00,13,119,812.3155472
15.00,13,120,812.1950362
15.00,13,121,812.1586735
15.00,13,122,812.1422359
15.00,13,123,812.0666714
15.00,13,124,812.0420539
15.00,13,125,811.9446849
15.00,13,126,811.9049058
15.00,13,127,811.8796499
15.00,13,128,811.817774
15.00,13,129,811.7747089
15.00,13,130,811.6956657
15.00,13,131,811.6787648
15.00,13,132,811.5744352
15.00,13,133,811.5360572
15.00,13,134,811.51423
15.00,13,135,811.4473761
15.00,13,136,811.4106648
15.00,13,137,811.3256382
15.00,13,138,811.3155301
15.00,13,139,811.2046878
15.00,13,140,811.1669926
15.00,13,141,811.1465035
15.00,13,142,811.0778869
15.00,13,143,811.0457781
15.00,13,144,810.9567629
15.00,13,145,810.9557613
15.00,13,146,810.8366648
15.00,13,147,810.8006351
15.00,13,148,810.7842767
15.00,13,149,810.7096021
15.00,13,150,810.6850299
15.00,13,151,810.5888374
15.00,13,152,810.5494298
15.00,13,153,810.5243554
15.00,13,154,810.4632104
15.00,13,155,810.4203957
15.00,13,156,810.3423227
15.00,13,157,810.3252977
15.00,13,158,810.2222992
15.00,13,159,810.1842627
15.00,13,160,810.1625429
15.00,13,161,810.0965283
15.00,13,162,810.0599274
15.00,13,163,809.9760042
15.00,13,164,809.9656172
15.00,13,165,809.8562557
15.00,13,166,809.8188863
15.00,13,167,809.7984723
15.00,13,168,809.7307393
15.00,13,169,809.6986337
15.00,13,170,809.6108168
15.00,13,171,809.6093265
15.00,13,172,809.4919029
15.00,13,173,809.4561613
15.00,13,174,809.4397832
15.00,13,175,809.3661325
15.00,13,176,809.3413885
15.00,13,177,809.2465627
15.00,13,178,809.2074923
15.00,13,179,809.1825273
15.00,13,180,809.122206
15.00,13,181,809.0794793
15.00,13,182,809.0025132
15.00,13,183,808.9851353
15.00,13,184,808.8836689
15.00,13,185,808.8459371
15.00,13,186,808.8242458
15.00,13,187,808.759174
15.00,13,188,808.7225106
15.00,13,189,808.6398381
15.00,13,190,808.628937
15.00,13,191,808.5212646
15.00,13,192,808.4841846
15.00,13,193,808.4637682
15.00,13,194,808.3970202
15.00,13,195,808.3647425
15.00,13,196,808.2782734
15.00,13,197,808.2760469
15.00,13,198,808.1605156
15.00,13,199,808.1250229
15.00,13,200,808.1085401
15.00,14,1,859.2886335
15.00,14,2,858.4729493
15.00,14,3,856.2911935
15.00,14,4,856.1123032
15.00,14,5,856.0359766
15.00,14,6,855.8904204
15.00,14,7,855.8083435
15.00,14,8,855.6693191
15.00,14,9,855.5818797
15.00,14,10,855.4486838
15.00,14,11,855.3563872
15.00,14,12,855.2284954
15.00,14,13,855.1317925
15.00,14,14,855.0087383
15.00,14,15,854.9080358
15.00,14,16,854.7893984
15.00,14,17,854.6850637
15.00,14,18,854.5704634
15.00,14,19,854.4628288
15.00,14,20,854.3519222
15.00,14,21,854.3365936
15.00,14,22,854.0423406
15.00,14,23,853.9218993
15.00,14,24,853.8232298
15.00,14,25,853.7046952
15.00,14,26,853.6044111
15.00,14,27,853.4877816
15.00,14,28,853.3858871
15.00,14,29,853.2711596
15.00,14,30,853.1676642
15.00,14,31,853.0548301
15.00,14,32,852.9497481
15.00,14,33,852.838794
15.00,14,34,852.7321446
15.00,14,35,852.6230521
15.00,14,36,852.6229407
15.00,14,37,852.3287437
15.00,14,38,852.1988458
15.00,14,39,852.1067434
15.00,14,40,851.9828209
15.00,14,41,851.8858304
15.00,14,42,851.7672588
15.00,14,43,851.665907
15.00,14,44,851.5521386
15.00,14,45,851.446893
15.00,14,46,851.337442
15.00,14,47,851.3220213
15.00,14,48,851.0328671
15.00,14,49,850.9149974
15.00,14,50,850.8169342
15.00,14,51,850.7015852
15.00,14,52,850.601357
15.00,14,53,850.4884727
15.00,14,54,850.3861381
15.00,14,55,850.2756607
15.00,14,56,850.1712828
15.00,14,57,850.06315
15.00,14,58,849.9567957
15.00,14,59,849.9517621
15.00,14,60,849.7395899
15.00,14,61,849.7174827
15.00,14,62,849.5234861
15.00,14,63,849.4867359
15.00,14,64,849.3083511
15.00,14,65,849.2589924
15.00,14,66,849.0940767
15.00,14,67,849.0338264
15.00,14,68,848.8805738
15.00,14,69,848.8108882
15.00,14,70,848.667769
15.00,14,71,848.589889
15.00,14,72,848.4556007
15.00,14,73,848.370589
15.00,14,74,848.2440177
15.00,14,75,848.1527874
15.00,14,76,848.0329765
15.00,14,77,847.9363155
15.00,14,78,847.8224405
15.00,14,79,847.7210304
15.00,14,80,847.6123784
15.00,14,81,847.6035382
15.00,14,82,847.3151175
15.00,14,83,847.1992403
15.00,14,84,847.1030498
15.00,14,85,846.9904404
15.00,14,86,846.891442
15.00,14,87,846.7819577
15.00,14,88,846.6802921
15.00,14,89,846.5737917
15.00,14,90,846.4696004
15.00,14,91,846.4634999
15.00,14,92,846.2564164
15.00,14,93,846.2319143
15.00,14,94,846.0444851
15.00,14,95,846.0044629
15.00,14,96,845.8336335
15.00,14,97,845.7804634
15.00,14,98,845.6237233
15.00,14,99,845.5593746
15.00,14,100,845.4146428
15.00,14,101,845.3407595
15.00,14,102,845.2063011
15.00,14,103,845.1242631
15.00,14,104,844.9986234
15.00,14,105,844.9095946
15.00,14,106,844.7915481
15.00,14,107,844.6965143
15.00,14,108,844.585024
15.00,14,109,844.4848235
15.00,14,110,844.3790082
15.00,14,111,844.3614684
15.00,14,112,844.0854863
15.00,14,113,843.973674
15.00,14,114,843.8769722
15.00,14,115,843.7688751
15.00,14,116,843.6690197
15.00,14,117,843.5644108
15.00,14,118,843.5620079
15.00,14,119,843.2835052
15.00,14,120,843.1623103
15.00,14,121,843.0713473
15.00,14,122,842.9576157
15.00,14,123,842.860812
15.00,14,124,842.7534737
15.00,14,125,842.7509985
15.00,14,126,842.4652099
15.00,14,127,842.3522067
15.00,14,128,842.2581765
15.00,14,129,842.1493252
15.00,14,130,842.0517738
15.00,14,131,841.9467916
15.00,14,132,841.8459854
15.00,14,133,841.8408064
15.00,14,134,841.6379517
15.00,14,135,841.6124638
15.00,14,136,841.4313988
15.00,14,137,841.3891532
15.00,14,138,841.2260894
15.00,14,139,841.1699457
15.00,14,140,841.0218379
15.00,14,141,840.9541195
15.00,14,142,840.8184976
15.00,14,143,840.7411048
15.00,14,144,840.6159513
15.00,14,145,840.5304475
15.00,14,146,840.414105
15.00,14,147,840.3217833
15.00,14,148,840.2128824
15.00,14,149,840.1148176
15.00,14,150,840.1135413
15.00,14,151,839.9122507
15.00,14,152,839.9003969
15.00,14,153,839.7101352
15.00,14,154,839.6882797
15.00,14,155,839.5084731
15.00,14,156,839.4771953
15.00,14,157,839.3072647
15.00,14,158,839.2671462
15.00,14,159,839.1065083
15.00,14,160,839.0581281
15.00,14,161,838.9062007
15.00,14,162,838.8501303
15.00,14,163,838.7063372
15.00,14,164,838.6431365
15.00,14,165,838.5069118
15.00,14,166,838.4371256
15.00,14,167,838.3079175
15.00,14,168,838.2320722
15.00,14,169,838.1093461
15.00,14,170,838.0279472
15.00,14,171,837.911189
15.00,14,172,837.8247187
15.00,14,173,837.7134366
15.00,14,174,837.6223526
15.00,14,175,837.5160794
15.00,14,176,837.4208134
15.00,14,177,837.3191071
15.00,14,178,837.316444
15.00,14,179,837.0475602
15.00,14,180,836.9317821
15.00,14,181,836.8421918
15.00,14,182,836.7346652
15.00,14,183,836.6388152
15.00,14,184,836.637294
15.00,14,185,836.4399482
15.00,14,186,836.4262936
15.00,14,187,836.2416278
15.00,14,188,836.2167018
15.00,14,189,836.0438479
15.00,14,190,836.0084941
15.00,14,191,835.8466004
15.00,14,192,835.8016417
15.00,14,193,835.649875
15.00,14,194,835.5961074
15.00,14,195,835.4536598
15.00,14,196,835.3918474
15.00,14,197,835.2579412
15.00,14,198,835.1888128
15.00,14,199,835.0627048
15.00,14,200,834.9869504
15.00,15,1,877.4157005
15.00,15,2,877.3703468
15.00,15,3,877.1696484
15.00,15,4,877.1416901
15.00,15,5,876.6463462
15.00,15,6,876.5457971
15.00,15,7,876.4631931
15.00,15,8,876.4183815
15.00,15,9,876.2199489
15.00,15,10,876.1888737
15.00,15,11,875.6998123
15.00,15,12,875.5998306
15.00,15,13,875.5175359
15.00,15,14,875.4725668
15.00,15,15,875.2761761
15.00,15,16,875.2428185
15.00,15,17,874.7591919
15.00,15,18,874.6597326
15.00,15,19,874.5777606
15.00,15,20,874.5326824
15.00,15,21,874.3382211
15.00,15,22,874.302877
15.00,15,23,873.8243619
15.00,15,24,873.7254302
15.00,15,25,873.6437989
15.00,15,26,873.5986572
15.00,15,27,873.406021
15.00,15,28,873.3689688
15.00,15,29,872.8952594
15.00,15,30,872.7968596
15.00,15,31,872.7155848
15.00,15,32,872.6704209
15.00,15,33,872.479514
15.00,15,34,872.4410072
15.00,15,35,871.9718226
15.00,15,36,871.873958
15.00,15,37,871.7930539
15.00,15,38,871.7479052
15.00,15,39,871.5586391
15.00,15,40,871.5189098
15.00,15,41,871.0539905
15.00,15,42,871.0535097
15.00,15,43,870.7616164
15.00,15,44,870.6687627
15.00,15,45,870.4726586
15.00,15,46,870.4582999
15.00,15,47,869.9722185
15.00,15,48,869.8765463
15.00,15,49,869.7984929
15.00,15,50,869.7576241
15.00,15,51,869.5638603
15.00,15,52,869.5460646
15.00,15,53,869.0663411
15.00,15,54,868.9711102
15.00,15,55,868.8932652
15.00,15,56,868.8521013
15.00,15,57,868.6605104
15.00,15,58,868.639756
15.00,15,59,868.1658915
15.00,15,60,868.0711138
15.00,15,61,867.9935078
15.00,15,62,867.9521196
15.00,15,63,867.762551
15.00,15,64,867.7392595
15.00,15,65,867.2708115
15.00,15,66,867.1764972
15.00,15,67,867.0991571
15.00,15,68,867.057608
15.00,15,69,866.8699256
15.00,15,70,866.8444766
15.00,15,71,866.381044
15.00,15,72,866.2872018
15.00,15,73,866.2101514
15.00,15,74,866.1684986
15.00,15,75,865.9825784
15.00,15,76,865.9553148
15.00,15,77,865.4965327
15.00,15,78,865.40317
15.00,15,79,865.3264307
15.00,15,80,865.2847256
15.00,15,81,865.1004546
15.00,15,82,865.0716873
15.00,15,83,864.6172226
15.00,15,84,864.5243457
15.00,15,85,864.4479365
15.00,15,86,864.4062258
15.00,15,87,864.2235001
15.00,15,88,864.1935122
15.00,15,89,863.7430593
15.00,15,90,863.6506737
15.00,15,91,863.5746116
15.00,15,92,863.5329376
15.00,15,93,863.3516617
15.00,15,94,863.3207118
15.00,15,95,862.8739897
15.00,15,96,862.7820997
15.00,15,97,862.7064
15.00,15,98,862.6648014
15.00,15,99,862.484887
15.00,15,100,862.4532124
15.00,15,101,862.0099611
15.00,15,102,861.9185706
15.00,15,103,861.843247
15.00,15,104,861.8017592
15.00,15,105,861.6231245
15.00,15,106,861.5909434
15.00,15,107,861.150922
15.00,15,108,861.0600341
15.00,15,109,860.9850991
15.00,15,110,860.9437547
15.00,15,111,860.7663233
15.00,15,112,860.7338374
15.00,15,113,860.2968215
15.00,15,114,860.2064388
15.00,15,115,860.1319036
15.00,15,116,860.0907325
15.00,15,117,859.9144333
15.00,15,118,859.8818295
15.00,15,119,859.4476096
15.00,15,120,859.3577342
15.00,15,121,859.283609
15.00,15,122,859.2426391
15.00,15,123,859.0674052
15.00,15,124,859.0348574
15.00,15,125,858.603237
15.00,15,126,858.5138707
15.00,15,127,858.4401648
15.00,15,128,858.3994218
15.00,15,129,858.2251903
15.00,15,130,858.1928609
15.00,15,131,857.7636552
15.00,15,132,857.6747993
15.00,15,133,857.6015212
15.00,15,134,857.5610291
15.00,15,135,857.3877406
15.00,15,136,857.355782
15.00,15,137,856.9288164
15.00,15,138,856.8404718
15.00,15,139,856.7676293
15.00,15,140,856.7274107
15.00,15,141,856.555009
15.00,15,142,856.5235642
15.00,15,143,856.0986734
15.00,15,144,856.010841
15.00,15,145,855.9384413
15.00,15,146,855.8985172
15.00,15,147,855.7269488
15.00,15,148,855.6961529
15.00,15,149,855.27318
15.00,15,150,855.1858602
15.00,15,151,855.1139099
15.00,15,152,855.0743001
15.00,15,153,854.9035141
15.00,15,154,854.873495
15.00,15,155,854.4522902
15.00,15,156,854.3654834
15.00,15,157,854.2939886
15.00,15,158,854.2547121
15.00,15,159,854.0846597
15.00,15,160,854.0555389
15.00,15,161,853.6359592
15.00,15,162,853.5496654
15.00,15,163,853.4786319
15.00,15,164,853.4397064
15.00,15,165,853.2703408
15.00,15,166,853.2422343
15.00,15,167,852.8241423
15.00,15,168,852.7383616
15.00,15,169,852.6677947
15.00,15,170,852.6292372
15.00,15,171,852.4605136
15.00,15,172,852.4335321
15.00,15,173,852.0167959
15.00,15,174,851.9315281
15.00,15,175,851.8614328
15.00,15,176,851.8232596
15.00,15,177,851.6551345
15.00,15,178,851.6293843
15.00,15,179,851.2138767
15.00,15,180,851.1291215
15.00,15,181,851.0595026
15.00,15,182,851.0217292
15.00,15,183,850.8541609
15.00,15,184,850.8297443
15.00,15,185,850.4153421
15.00,15,186,850.3310992
15.00,15,187,850.2619611
15.00,15,188,850.2246026
15.00,15,189,850.0575503
15.00,15,190,850.0345662
15.00,15,191,849.6211502
15.00,15,192,849.5374192
15.00,15,193,849.4687662
15.00,15,194,849.4318369
15.00,15,195,849.2652613
15.00,15,196,849.2438053
15.00,15,197,848.8312595
15.00,15,198,848.7480399
15.00,15,199,848.6798761
15.00,15,200,848.6433901
15.00,16,1,929.8328982
15.00,16,2,929.5001055
15.00,16,3,929.3573339
15.00,16,4,929.3019205
15.00,16,5,929.147607
15.00,16,6,929.1068428
15.00,16,7,928.9390071
15.00,16,8,928.9149928
15.00,16,9,928.7314996
15.00,16,10,928.7268135
15.00,16,11,928.5252007
15.00,16,12,928.4179252
15.00,16,13,928.3197956
15.00,16,14,928.2071039
15.00,16,15,928.1157202
15.00,16,16,927.996837
15.00,16,17,927.9131077
15.00,16,18,927.7871598
15.00,16,19,927.7121063
15.00,16,20,927.578111
15.00,16,21,927.5128799
15.00,16,22,927.3697336
15.00,16,23,927.3156097
15.00,16,24,927.1620752
15.00,16,25,927.120495
15.00,16,26,926.9551878
15.00,16,27,926.9277547
15.00,16,28,926.7491286
15.00,16,29,926.7376286
15.00,16,30,926.54396
15.00,16,31,926.4403335
15.00,16,32,926.3402122
15.00,16,33,926.2317769
15.00,16,34,926.1376601
15.00,16,35,926.0237367
15.00,16,36,925.9364244
15.00,16,37,925.8162453
15.00,16,38,925.7366415
15.00,16,39,925.6093393
15.00,16,40,925.5384647
15.00,16,41,925.4030598
15.00,16,42,925.3420663
15.00,16,43,925.1974532
15.00,16,44,925.1476398
15.00,16,45,924.9925714
15.00,16,46,924.9554025
15.00,16,47,924.7884731
15.00,16,48,924.7655982
15.00,16,49,924.585224
15.00,16,50,924.5785006
15.00,16,51,924.3828979
15.00,16,52,924.2790266
15.00,16,53,924.1811615
15.00,16,54,924.0729467
15.00,16,55,923.9803827
15.00,16,56,923.8673095
15.00,16,57,923.7806312
15.00,16,58,923.662133
15.00,16,59,923.5819822
15.00,16,60,923.4574363
15.00,16,61,923.3845175
15.00,16,62,923.2532403
15.00,16,63,923.1883245
15.00,16,64,923.0495674
15.00,16,65,922.9934974
15.00,16,66,922.8464415
15.00,16,67,922.8001369
15.00,16,68,922.6438882
15.00,16,69,922.6083504
15.00,16,70,922.4419348
15.00,16,71,922.4182521
15.00,16,72,922.2406104
15.00,16,73,922.2299633
15.00,16,74,922.0399456
15.00,16,75,921.9391499
15.00,16,76,921.8404034
15.00,16,77,921.7357676
15.00,16,78,921.6417114
15.00,16,79,921.5327961
15.00,16,80,921.4439301
15.00,16,81,921.330251
15.00,16,82,921.2471257
15.00,16,83,921.1281496
15.00,16,84,921.0513711
15.00,16,85,920.9265109
15.00,16,86,920.8567456
15.00,16,87,920.7253555
15.00,16,88,920.6633361
15.00,16,89,920.5247062
15.00,16,90,920.4712373
15.00,16,91,920.3245877
15.00,16,92,920.2805525
15.00,16,93,920.1250272
15.00,16,94,920.0913945
15.00,16,95,919.9260543
15.00,16,96,919.9038859
15.00,16,97,919.7277012
15.00,16,98,919.7181605
15.00,16,99,919.5300032
15.00,16,100,919.4301406
15.00,16,101,919.3326276
15.00,16,102,919.2295507
15.00,16,103,919.1358876
15.00,16,104,919.0293065
15.00,16,105,918.9398094
15.00,16,106,918.8294143
15.00,16,107,918.7444208
15.00,16,108,918.6298809
15.00,16,109,918.5497507
15.00,16,110,918.4307132
15.00,16,111,918.3558291
15.00,16,112,918.2319183
15.00,16,113,918.162687
15.00,16,114,918.0335037
15.00,16,115,917.9703565
15.00,16,116,917.8354772
15.00,16,117,917.7788702
15.00,16,118,917.6378464
15.00,16,119,917.588262
15.00,16,120,917.4406195
15.00,16,121,917.3985658
15.00,16,122,917.2438047
15.00,16,123,917.2098166
15.00,16,124,917.0474101
15.00,16,125,917.0220493
15.00,16,126,916.8514441
15.00,16,127,916.8352995
15.00,16,128,916.655915
15.00,16,129,916.6496023
15.00,16,130,916.4608311
15.00,16,131,916.3626083
15.00,16,132,916.2666114
15.00,16,133,916.1655594
15.00,16,134,916.0729403
15.00,16,135,915.968828
15.00,16,136,915.8798377
15.00,16,137,915.7724189
15.00,16,138,915.6873246
15.00,16,139,915.576337
15.00,16,140,915.4954232
15.00,16,141,915.3805879
15.00,16,142,915.3041569
15.00,16,143,915.1851772
15.00,16,144,915.1135501
15.00,16,145,914.9901107
15.00,16,146,914.9236284
15.00,16,147,914.7953948
15.00,16,148,914.7344187
15.00,16,149,914.6010361
15.00,16,150,914.5459489
15.00,16,151,914.4070413
15.00,16,152,914.3582483
15.00,16,153,914.2134177
15.00,16,154,914.1713473
15.00,16,155,914.0201728
15.00,16,156,913.9852777
15.00,16,157,913.8273143
15.00,16,158,913.8000725
15.00,16,159,913.6348504
15.00,16,160,913.615766
15.00,16,161,913.4427897
15.00,16,162,913.4323939
15.00,16,163,913.2511409
15.00,16,164,913.2499933
15.00,16,165,913.0599133
15.00,16,166,912.9621053
15.00,16,167,912.8687475
15.00,16,168,912.7688017
15.00,16,169,912.6779561
15.00,16,170,912.5757624
15.00,16,171,912.4875414
15.00,16,172,912.3829874
15.00,16,173,912.2975053
15.00,16,174,912.1904769
15.00,16,175,912.1078497
15.00,16,176,911.9982309
15.00,16,177,911.9185763
15.00,16,178,911.8062493
15.00,16,179,911.7296863
15.00,16,180,911.6145321
15.00,16,181,911.5411805
15.00,16,182,911.4230791
15.00,16,183,911.3530594
15.00,16,184,911.2318898
15.00,16,185,911.1653229
15.00,16,186,911.0409638
15.00,16,187,910.9779705
15.00,16,188,910.8503006
15.00,16,189,910.7910013
15.00,16,190,910.6598995
15.00,16,191,910.6044138
15.00,16,192,910.4697596
15.00,16,193,910.4182059
15.00,16,194,910.27988
15.00,16,195,910.232375
15.00,16,196,910.0902596
15.00,16,197,910.0469181
15.00,16,198,909.9008971
15.00,16,199,909.8618312
15.00,16,200,909.7117911
15.00,17,1,721.2357835
15.00,17,2,721.1977712
15.00,17,3,721.1723184
15.00,17,4,721.1699111
15.00,17,5,721.0304406
15.00,17,6,721.0165831
15.00,17,7,720.7933492
15.00,17,8,720.7487232
15.00,17,9,720.7457498
15.00,17,10,720.6061367
15.00,17,11,720.542284
15.00,17,12,720.52477
15.00,17,13,720.4194254
15.00,17,14,720.3476432
15.00,17,15,720.1828984
15.00,17,16,720.1208385
15.00,17,17,720.1034858
15.00,17,18,719.9969786
15.00,17,19,719.9475364
15.00,17,20,719.7622013
15.00,17,21,719.7162799
15.00,17,22,719.7134935
15.00,17,23,719.5760799
15.00,17,24,719.5580251
15.00,17,25,719.341531
15.00,17,26,719.2948867
15.00,17,27,719.2894796
15.00,17,28,719.1564048
15.00,17,29,719.0905713
15.00,17,30,719.0706755
15.00,17,31,718.9718264
15.00,17,32,718.8892583
15.00,17,33,718.7377784
15.00,17,34,718.6721872
15.00,17,35,718.6513377
15.00,17,36,718.5539897
15.00,17,37,718.4858791
15.00,17,38,718.321447
15.00,17,39,718.267751
15.00,17,40,718.2576201
15.00,17,41,718.1376229
15.00,17,42,718.0902725
15.00,17,43,717.9053537
15.00,17,44,717.8497729
15.00,17,45,717.8365272
15.00,17,46,717.7224596
15.00,17,47,717.688379
15.00,17,48,717.4918953
15.00,17,49,717.4505165
15.00,17,50,717.4502462
15.00,17,51,717.3087824
15.00,17,52,717.2959728
15.00,17,53,717.078239
15.00,17,54,717.0321324
15.00,17,55,717.0259843
15.00,17,56,716.8962303
15.00,17,57,716.8937818
15.00,17,58,716.6675828
15.00,17,59,716.6375568
15.00,17,60,716.5353893
15.00,17,61,716.4775005
15.00,17,62,716.3065051
15.00,17,63,716.2557681
15.00,17,64,716.2470836
15.00,17,65,716.1253749
15.00,17,66,716.0806026
15.00,17,67,715.8966264
15.00,17,68,715.841257
15.00,17,69,715.8272754
15.00,17,70,715.7164975
15.00,17,71,715.6758396
15.00,17,72,715.4892743
15.00,17,73,715.4444985
15.00,17,74,715.4403384
15.00,17,75,715.3090434
15.00,17,76,715.2793825
15.00,17,77,715.0818145
15.00,17,78,715.0304316
15.00,17,79,715.0192188
15.00,17,80,714.902682
15.00,17,81,714.873465
15.00,17,82,714.6770112
15.00,17,83,714.6360446
15.00,17,84,714.6346163
15.00,17,85,714.4977416
15.00,17,86,714.4766467
15.00,17,87,714.2719596
15.00,17,88,714.2227147
15.00,17,89,714.2128186
15.00,17,90,714.0938609
15.00,17,91,714.0694368
15.00,17,92,713.8696239
15.00,17,93,713.8300433
15.00,17,94,713.8293506
15.00,17,95,713.691393
15.00,17,96,713.6718236
15.00,17,97,713.4669878
15.00,17,98,713.4179718
15.00,17,99,713.4079143
15.00,17,100,713.2899654
15.00,17,101,713.2636539
15.00,17,102,713.0670472
15.00,17,103,713.0264696
15.00,17,104,713.0245729
15.00,17,105,712.8899351
15.00,17,106,712.8652037
15.00,17,107,712.6668433
15.00,17,108,712.6162945
15.00,17,109,712.6047292
15.00,17,110,712.4909386
15.00,17,111,712.4567701
15.00,17,112,712.2692393
15.00,17,113,712.2255971
15.00,17,114,712.2208367
15.00,17,115,712.0933167
15.00,17,116,712.0577886
15.00,17,117,711.8714849
15.00,17,118,711.8179511
15.00,17,119,711.8037822
15.00,17,120,711.6967326
15.00,17,121,711.649989
15.00,17,122,711.4761751
15.00,17,123,711.4279034
15.00,17,124,711.4190479
15.00,17,125,711.3014945
15.00,17,126,711.2510326
15.00,17,127,711.0808799
15.00,17,128,711.0233153
15.00,17,129,711.0057664
15.00,17,130,710.9073048
15.00,17,131,710.8448016
15.00,17,132,710.6878373
15.00,17,133,710.6339564
15.00,17,134,710.6202615
15.00,17,135,710.5144284
15.00,17,136,710.4465569
15.00,17,137,710.2949997
15.00,17,138,710.2327939
15.00,17,139,710.2114256
15.00,17,140,710.2113685
15.00,17,141,710.074635
15.00,17,142,710.0532397
15.00,17,143,709.8562411
15.00,17,144,709.8062201
15.00,17,145,709.7940153
15.00,17,146,709.6840322
15.00,17,147,709.6437892
15.00,17,148,709.4668668
15.00,17,149,709.4204071
15.00,17,150,709.4122089
15.00,17,151,709.2947639
15.00,17,152,709.2449983
15.00,17,153,709.0774655
15.00,17,154,709.0200405
15.00,17,155,709.0019379
15.00,17,156,708.9065173
15.00,17,157,708.8398077
15.00,17,158,708.6902681
15.00,17,159,708.63471
15.00,17,160,708.6189491
15.00,17,161,708.5195541
15.00,17,162,708.4433457
15.00,17,163,708.3033469
15.00,17,164,708.2872124
15.00,17,165,708.0878731
15.00,17,166,708.0390876
15.00,17,167,708.0272258
15.00,17,168,707.9179177
15.00,17,169,707.8774722
15.00,17,170,707.7036043
15.00,17,171,707.6567964
15.00,17,172,707.6476687
15.00,17,173,707.533808
15.00,17,174,707.4797598
15.00,17,175,707.3193442
15.00,17,176,707.2608696
15.00,17,177,707.2414402
15.00,17,178,707.1507071
15.00,17,179,707.0769784
15.00,17,180,706.9372001
15.00,17,181,706.879209
15.00,17,182,706.8609414
15.00,17,183,706.7688588
15.00,17,184,706.683273
15.00,17,185,706.5554236
15.00,17,186,706.5224115
15.00,17,187,706.3426596
15.00,17,188,706.2896075
15.00,17,189,706.2739915
15.00,17,190,706.1750846
15.00,17,191,706.1170318
15.00,17,192,705.9633273
15.00,17,193,705.9104997
15.00,17,194,705.8960164
15.00,17,195,705.796017
15.00,17,196,705.7230085
15.00,17,197,705.5842194
15.00,17,198,705.5674578
15.00,17,199,705.3730943
15.00,17,200,705.3241804
15.00,18,1,907.9517528
15.00,18,2,907.0323842
15.00,18,3,906.7336788
15.00,18,4,906.5217099
15.00,18,5,906.2722806
15.00,18,6,906.2460039
15.00,18,7,905.6346256
15.00,18,8,905.3928575
15.00,18,9,905.3249518
15.00,18,10,904.7471206
15.00,18,11,904.7246508
15.00,18,12,904.2815372
15.00,18,13,904.1773587
15.00,18,14,903.8269163
15.00,18,15,903.6666303
15.00,18,16,903.3801741
15.00,18,17,903.1813425
15.00,18,18,902.9392046
15.00,18,19,902.8846907
15.00,18,20,902.3035913
15.00,18,21,902.2837129
15.00,18,22,901.8432152
15.00,18,23,901.7395744
15.00,18,24,901.3943964
15.00,18,25,901.2340453
15.00,18,26,900.9537523
15.00,18,27,900.7549812
15.00,18,28,900.5190068
15.00,18,29,900.4437567
15.00,18,30,899.8881975
15.00,18,31,899.8540208
15.00,18,32,899.4351047
15.00,18,33,899.3208717
15.00,18,34,898.993412
15.00,18,35,898.8256748
15.00,18,36,898.5596892
15.00,18,37,898.3561736
15.00,18,38,898.3431755
15.00,18,39,897.9064915
15.00,18,40,897.8134594
15.00,18,41,897.4672627
15.00,18,42,897.3179794
15.00,18,43,897.0358238
15.00,18,44,896.8473585
15.00,18,45,896.6102138
15.00,18,46,896.5770884
15.00,18,47,896.0042172
15.00,18,48,895.9979154
15.00,18,49,895.5588672
15.00,18,50,895.4693899
15.00,18,51,895.1246599
15.00,18,52,894.977447
15.00,18,53,894.6986344
15.00,18,54,894.5117072
15.00,18,55,894.2786416
15.00,18,56,894.234748
15.00,18,57,893.6781877
15.00,18,58,893.6626269
15.00,18,59,893.2390345
15.00,18,60,893.1421932
15.00,18,61,892.8111134
15.00,18,62,892.6585818
15.00,18,63,892.3913302
15.00,18,64,892.2009898
15.00,18,65,891.9774731
15.00,18,66,891.8949167
15.00,18,67,891.3780118
15.00,18,68,891.3393978
15.00,18,69,890.9468317
15.00,18,70,890.8335614
15.00,18,71,890.5263483
15.00,18,72,890.3626183
15.00,18,73,890.113524
15.00,18,74,889.9160005
15.00,18,75,889.8885285
15.00,18,76,889.4842993
15.00,18,77,889.3717767
15.00,18,78,889.0659472
15.00,18,79,888.8994738
15.00,18,80,888.6564018
15.00,18,81,888.4556642
15.00,18,82,888.4090834
15.00,18,83,888.0319781
15.00,18,84,887.912767
15.00,18,85,887.6190532
15.00,18,86,887.4514926
15.00,18,87,887.2137152
15.00,18,88,887.0142666
15.00,18,89,886.9678211
15.00,18,90,886.5917968
15.00,18,91,886.467009
15.00,18,92,886.1820004
15.00,18,93,886.0081612
15.00,18,94,885.7804774
15.00,18,95,885.7301016
15.00,18,96,885.2001647
15.00,18,97,885.1595244
15.00,18,98,884.7808264
15.00,18,99,884.6595531
15.00,18,100,884.3747083
15.00,18,101,884.203384
15.00,18,102,883.9771298
15.00,18,103,883.9278109
15.00,18,104,883.402531
15.00,18,105,883.3606375
15.00,18,106,882.987337
15.00,18,107,882.8652398
15.00,18,108,882.5854851
15.00,18,109,882.414
15.00,18,110,882.1921795
15.00,18,111,882.1299599
15.00,18,112,881.6212907
15.00,18,113,881.5719617
15.00,18,114,881.211167
15.00,18,115,881.0845386
15.00,18,116,880.8141028
15.00,18,117,880.6402263
15.00,18,118,880.4253495
15.00,18,119,880.3388726
15.00,18,120,879.8565596
15.00,18,121,879.7949185
15.00,18,122,879.452265
15.00,18,123,879.318262
15.00,18,124,879.0603973
15.00,18,125,878.882468
15.00,18,126,878.8757004
15.00,18,127,878.4737507
15.00,18,128,878.3793832
15.00,18,129,878.0789182
15.00,18,130,877.9285433
15.00,18,131,877.6933938
15.00,18,132,877.5075537
15.00,18,133,877.4702811
15.00,18,134,877.104445
15.00,18,135,876.9853454
15.00,18,136,876.7155219
15.00,18,137,876.5472699
15.00,18,138,876.3354369
15.00,18,139,876.2532853
15.00,18,140,875.7796408
15.00,18,141,875.717158
15.00,18,142,875.3844019
15.00,18,143,875.2504083
15.00,18,144,875.0017859
15.00,18,145,874.8250776
15.00,18,146,874.8071319
15.00,18,147,874.4265464
15.00,18,148,874.3248969
15.00,18,149,874.0417472
15.00,18,150,873.887489
15.00,18,151,873.6659934
15.00,18,152,873.6559593
15.00,18,153,873.132775
15.00,18,154,873.110612
15.00,18,155,872.7384314
15.00,18,156,872.6341695
15.00,18,157,872.3577371
15.00,18,158,872.2022229
15.00,18,159,871.9859715
15.00,18,160,871.9586149
15.00,18,161,871.4550521
15.00,18,162,871.423569
15.00,18,163,871.0656729
15.00,18,164,870.9556987
15.00,18,165,870.6895334
15.00,18,166,870.5308944
15.00,18,167,870.3220008
15.00,18,168,870.2677138
15.00,18,169,869.7919341
15.00,18,170,869.746915
15.00,18,171,869.4081823
15.00,18,172,869.2899979
15.00,18,173,869.036968
15.00,18,174,868.8737366
15.00,18,175,868.6738591
15.00,18,176,868.5853179
15.00,18,177,868.1435585
15.00,18,178,868.0819149
15.00,18,179,867.7659381
15.00,18,180,867.6377811
15.00,18,181,867.3999126
15.00,18,182,867.2310931
15.00,18,183,867.2143911
15.00,18,184,866.846231
15.00,18,185,866.7405565
15.00,18,186,866.4776776
15.00,18,187,866.3205006
15.00,18,188,866.1188486
15.00,18,189,866.0368434
15.00,18,190,865.5931967
15.00,18,191,865.5259142
15.00,18,192,865.2206185
15.00,18,193,865.0860949
15.00,18,194,864.8606044
15.00,18,195,864.6872586
15.00,18,196,864.644974
15.00,18,197,864.3136933
15.00,18,198,864.1980915
15.00,18,199,863.9530321
15.00,18,200,863.7930035
15.00,19,1,756.4419055
15.00,19,2,756.380453
15.00,19,3,756.3042931
15.00,19,4,756.2798333
15.00,19,5,756.1355991
15.00,19,6,756.1196053
15.00,19,7,756.037156
15.00,19,8,756.006019
15.00,19,9,755.9542336
15.00,19,10,755.917994
15.00,19,11,755.9097827
15.00,19,12,755.8455774
15.00,19,13,755.8247391
15.00,19,14,755.7825563
15.00,19,15,755.7560604
15.00,19,16,755.7545952
15.00,19,17,755.6972741
15.00,19,18,755.6818087
15.00,19,19,755.645379
15.00,19,20,755.6235311
15.00,19,21,755.6225493
15.00,19,22,755.5736374
15.00,19,23,755.5608476
15.00,19,24,755.5282893
15.00,19,25,755.5094074
15.00,19,26,755.4859172
15.00,19,27,755.4739585
15.00,19,28,755.425686
15.00,19,29,755.4165096
15.00,19,30,755.3845805
15.00,19,31,755.368514
15.00,19,32,755.3456444
15.00,19,33,755.3395604
15.00,19,34,755.2902332
15.00,19,35,755.2833478
15.00,19,36,755.2509253
15.00,19,37,755.2365087
15.00,19,38,755.2134766
15.00,19,39,755.2119418
15.00,19,40,755.1605085
15.00,19,41,755.1554499
15.00,19,42,755.1218743
15.00,19,43,755.1086535
15.00,19,44,755.0850248
15.00,19,45,755.0673325
15.00,19,46,755.0622185
15.00,19,47,755.028962
15.00,19,48,755.0154109
15.00,19,49,754.9924405
15.00,19,50,754.9913995
15.00,19,51,754.940286
15.00,19,52,754.9345738
15.00,19,53,754.9023336
15.00,19,54,754.8885325
15.00,19,55,754.8661059
15.00,19,56,754.8634783
15.00,19,57,754.8140267
15.00,19,58,754.8077269
15.00,19,59,754.7763499
15.00,19,60,754.7622754
15.00,19,61,754.740309
15.00,19,62,754.4208144
15.00,19,63,748.899192
15.00,19,64,748.5271685
15.00,19,65,748.3798206
15.00,19,66,733.3916487
15.00,19,67,732.403136
15.00,19,68,732.2684981
15.00,19,69,732.2383669
15.00,19,70,732.2269882
15.00,19,71,732.2075771
15.00,19,72,732.2037957
15.00,19,73,732.1633289
15.00,19,74,730.9986844
15.00,19,75,729.4822771
15.00,19,76,729.4164366
15.00,19,77,721.3329018
15.00,19,78,715.2537092
15.00,19,79,713.9492255
15.00,19,80,713.7691859
15.00,19,81,713.735906
15.00,19,82,713.6402217
15.00,19,83,713.5924569
15.00,19,84,713.5360221
15.00,19,85,713.5035163
15.00,19,86,713.4071168
15.00,19,87,713.3868037
15.00,19,88,713.3339493
15.00,19,89,713.3051132
15.00,19,90,713.3021366
15.00,19,91,713.2418592
15.00,19,92,713.2231773
15.00,19,93,713.1898047
15.00,19,94,713.1870337
15.00,19,95,713.1235808
15.00,19,96,713.1147377
15.00,19,97,713.0814201
15.00,19,98,713.064883
15.00,19,99,713.064002
15.00,19,100,713.0255489
15.00,19,101,713.0139695
15.00,19,102,712.9912334
15.00,19,103,712.9752832
15.00,19,104,712.969076
15.00,19,105,712.9422355
15.00,19,106,712.9290894
15.00,19,107,712.928514
15.00,19,108,712.8965924
15.00,19,109,712.8866627
15.00,19,110,712.8674318
15.00,19,111,712.8663944
15.00,19,112,712.827139
15.00,19,113,712.8210778
15.00,19,114,712.7986096
15.00,19,115,712.7867278
15.00,19,116,712.7855444
15.00,19,117,712.75747
15.00,19,118,712.7476856
15.00,19,119,712.7308088
15.00,19,120,712.7256565
15.00,19,121,712.6924556
15.00,19,122,712.6848108
15.00,19,123,712.6657653
15.00,19,124,712.6533686
15.00,19,125,712.648954
15.00,19,126,712.6260905
15.00,19,127,712.6153374
15.00,19,128,712.6005561
15.00,19,129,712.5909539
15.00,19,130,712.562795
15.00,19,131,712.5541166
15.00,19,132,712.5369058
15.00,19,133,712.5358491
15.00,19,134,712.500241
15.00,19,135,712.4943916
15.00,19,136,712.4737301
15.00,19,137,712.4624122
15.00,19,138,712.4608145
15.00,19,139,712.4347659
15.00,19,140,712.4251729
15.00,19,141,712.4092698
15.00,19,142,712.4032796
15.00,19,143,712.3720875
15.00,19,144,712.3642958
15.00,19,145,712.34616
15.00,19,146,712.3338763
15.00,19,147,712.3290629
15.00,19,148,712.3072358
15.00,19,149,712.2964309
15.00,19,150,712.2962874
15.00,19,151,712.2685079
15.00,19,152,712.2595811
15.00,19,153,712.2429312
15.00,19,154,712.2395326
15.00,19,155,712.2061053
15.00,19,156,712.1991324
15.00,19,157,712.1800327
15.00,19,158,712.1681296
15.00,19,159,712.1644108
15.00,19,160,712.1412695
15.00,19,161,712.1309871
15.00,19,162,712.1161143
15.00,19,163,712.1078165
15.00,19,164,712.0790295
15.00,19,165,712.0708332
15.00,19,166,712.0533514
15.00,19,167,712.0410172
15.00,19,168,712.0360022
15.00,19,169,712.014472
15.00,19,170,712.0034418
15.00,19,171,712.002358
15.00,19,172,711.9759474
15.00,19,173,711.9668943
15.00,19,174,711.9505178
15.00,19,175,711.9473862
15.00,19,176,711.9140381
15.00,19,177,711.9075516
15.00,19,178,711.8879598
15.00,19,179,711.8764227
15.00,19,180,711.8738417
15.00,19,181,711.8492712
15.00,19,182,711.8393176
15.00,19,183,711.8240848
15.00,19,184,711.8163685
15.00,19,185,711.7869957
15.00,19,186,711.7787038
15.00,19,187,711.761384
15.00,19,188,711.7603915
15.00,19,189,711.7249561
15.00,19,190,711.7187495
15.00,19,191,711.6988057
15.00,19,192,711.6872761
15.00,19,193,711.6845578
15.00,19,194,711.6602794
15.00,19,195,711.6504922
15.00,19,196,711.6351174
15.00,19,197,711.6287519
15.00,19,198,711.5983936
15.00,19,199,711.5908501
15.00,19,200,711.572665
15.00,20,1,832.6327081
15.00,20,2,832.57185
15.00,20,3,832.5362024
15.00,20,4,832.5034112
15.00,20,5,832.4640729
15.00,20,6,832.4367734
15.00,20,7,832.3925131
15.00,20,8,832.372514
15.00,20,9,832.3216961
15.00,20,10,832.3113973
15.00,20,11,832.2518506
15.00,20,12,832.2167884
15.00,20,13,832.1833998
15.00,20,14,832.1447857
15.00,20,15,832.1167247
15.00,20,16,832.0733507
15.00,20,17,832.0524162
15.00,20,18,832.0026636
15.00,20,19,831.9912689
15.00,20,20,831.9329672
15.00,20,21,831.8981937
15.00,20,22,831.8644728
15.00,20,23,831.8262863
15.00,20,24,831.7976345
15.00,20,25,831.7549044
15.00,20,26,831.7329792
15.00,20,27,831.6842057
15.00,20,28,831.6712031
15.00,20,29,831.6143983
15.00,20,30,831.6132241
15.00,20,31,831.5457562
15.00,20,32,831.5084261
15.00,20,33,831.4788043
15.00,20,34,831.4371431
15.00,20,35,831.4139922
15.00,20,36,831.3665378
15.00,20,37,831.3520309
15.00,20,38,831.296827
15.00,20,39,831.2938749
15.00,20,40,831.2283023
15.00,20,41,831.1914106
15.00,20,42,831.1612009
15.00,20,43,831.1201862
15.00,20,44,831.0960703
15.00,20,45,831.0495805
15.00,20,46,831.0335341
15.00,20,47,830.9797798
15.00,20,48,830.974413
15.00,20,49,830.9110288
15.00,20,50,830.8750143
15.00,20,51,830.8437914
15.00,20,52,830.8038791
15.00,20,53,830.7784678
15.00,20,54,830.7333519
15.00,20,55,830.7156877
15.00,20,56,830.6636244
15.00,20,57,830.6562941
15.00,20,58,830.5949536
15.00,20,59,830.5594461
15.00,20,60,830.5275527
15.00,20,61,830.4883667
15.00,20,62,830.4619027
15.00,20,63,830.4178394
15.00,20,64,830.3985526
15.00,20,65,830.348028
15.00,20,66,830.3382243
15.00,20,67,830.2791477
15.00,20,68,830.2445126
15.00,20,69,830.2116006
15.00,20,70,830.1735165
15.00,20,71,830.1457377
15.00,20,72,830.1030578
15.00,20,73,830.082107
15.00,20,74,830.033303
15.00,20,75,830.0214406
15.00,20,76,829.9644747
15.00,20,77,829.9303906
15.00,20,78,829.8967623
15.00,20,79,829.8594511
15.00,20,80,829.8305807
15.00,20,81,829.788997
15.00,20,82,829.7664052
15.00,20,83,829.7191703
15.00,20,84,829.7048607
15.00,20,85,829.650157
15.00,20,86,829.6467665
15.00,20,87,829.5822008
15.00,20,88,829.5460292
15.00,20,89,829.5157693
15.00,20,90,829.4756289
15.00,20,91,829.4512546
15.00,20,92,829.4058357
15.00,20,93,829.389278
15.00,20,94,829.3368383
15.00,20,95,829.330669
15.00,20,96,829.2688889
15.00,20,97,829.2334398
15.00,20,98,829.2021905
15.00,20,99,829.1630622
15.00,20,100,829.137214
15.00,20,101,829.0932262
15.00,20,102,829.0744911
15.00,20,103,829.0240902
15.00,20,104,829.0147179
15.00,20,105,828.955861
15.00,20,106,828.9214822
15.00,20,107,828.8889282
15.00,20,108,828.8511596
15.00,20,109,828.8236246
15.00,20,110,828.7813559
15.00,20,111,828.760472
15.00,20,112,828.7122295
15.00,20,113,828.7001649
15.00,20,114,828.643991
15.00,20,115,828.6436288
15.00,20,116,828.5769219
15.00,20,117,828.5400757
15.00,20,118,828.511236
15.00,20,119,828.4702566
15.00,20,120,828.4474605
15.00,20,121,828.4010343
15.00,20,122,828.3861807
15.00,20,123,828.3325829
15.00,20,124,828.3281617
15.00,20,125,828.2651292
15.00,20,126,828.2296071
15.00,20,127,828.1991097
15.00,20,128,828.1598142
15.00,20,129,828.1348848
15.00,20,130,828.0905896
15.00,20,131,828.0730266
15.00,20,132,828.0221065
15.00,20,133,828.0142956
15.00,20,134,827.9545957
15.00,20,135,827.9199675
15.00,20,136,827.8882407
15.00,20,137,827.850176
15.00,20,138,827.823471
15.00,20,139,827.7808839
15.00,20,140,827.7607676
15.00,20,141,827.7122339
15.00,20,142,827.7007587
15.00,20,143,827.6444125
15.00,20,144,827.6442634
15.00,20,145,827.5776622
15.00,20,146,827.5411802
15.00,20,147,827.5124584
15.00,20,148,827.471885
15.00,20,149,827.4491814
15.00,20,150,827.4031972
15.00,20,151,827.388442
15.00,20,152,827.3353016
15.00,20,153,827.3310512
15.00,20,154,827.2684439
15.00,20,155,827.2330326
15.00,20,156,827.202812
15.00,20,157,827.1637088
15.00,20,158,827.138864
15.00,20,159,827.0949127
15.00,20,160,827.0771072
15.00,20,161,827.0267948
15.00,20,162,827.0182024
15.00,20,163,826.9595508
15.00,20,164,826.9255187
15.00,20,165,826.8935531
15.00,20,166,826.856208
15.00,20,167,826.8291092
15.00,20,168,826.7873911
15.00,20,169,826.7667051
15.00,20,170,826.7192148
15.00,20,171,826.7069839
15.00,20,172,826.6518735
15.00,20,173,826.6507978
15.00,20,174,826.5856252
15.00,20,175,826.5495356
15.00,20,176,826.5206593
15.00,20,177,826.4806599
15.00,20,178,826.4574578
15.00,20,179,826.4123349
15.00,20,180,826.3965478
15.00,20,181,826.3447167
15.00,20,182,826.3386149
15.00,20,183,826.2780079
15.00,20,184,826.2434932
15.00,20,185,826.2125996
15.00,20,186,826.1746077
15.00,20,187,826.1488066
15.00,20,188,826.1062337
15.00,20,189,826.0871309
15.00,20,190,826.0385228
15.00,20,191,826.0282357
15.00,20,192,825.9716753
15.00,20,193,825.938278
15.00,20,194,825.9058482
15.00,20,195,825.8693682
15.00,20,196,825.8414125
15.00,20,197,825.8008977
15.00,20,198,825.7787796
15.00,20,199,825.7329883
15.00,20,200,825.718484
15.00,21,1,767.5202434
15.00,21,2,767.4951916
15.00,21,3,767.4742559
15.00,21,4,767.4599231
15.00,21,5,767.4581969
15.00,21,6,767.3805877
15.00,21,7,767.3703906
15.00,21,8,767.2474505
15.00,21,9,767.2212144
15.00,21,10,767.2184333
15.00,21,11,767.142268
15.00,21,12,767.1051437
15.00,21,13,767.0941293
15.00,21,14,767.0373268
15.00,21,15,766.9919892
15.00,21,16,766.9042062
15.00,21,17,766.8675688
15.00,21,18,766.8563386
15.00,21,19,766.7995539
15.00,21,20,766.7640745
15.00,21,21,766.6671334
15.00,21,22,766.6379746
15.00,21,23,766.6335237
15.00,21,24,766.5622878
15.00,21,25,766.5411121
15.00,21,26,766.4298458
15.00,21,27,766.4001883
15.00,21,28,766.3944171
15.00,21,29,766.3253768
15.00,21,30,766.3149594
15.00,21,31,766.1938112
15.00,21,32,766.1739535
15.00,21,33,766.1179058
15.00,21,34,766.0808946
15.00,21,35,765.9861175
15.00,21,36,765.9561759
15.00,21,37,765.9508512
15.00,21,38,765.8818245
15.00,21,39,765.8567603
15.00,21,40,765.7500062
15.00,21,41,765.7190595
15.00,21,42,765.7120614
15.00,21,43,765.6460917
15.00,21,44,765.6291446
15.00,21,45,765.5150685
15.00,21,46,765.49246
15.00,21,47,765.4396804
15.00,21,48,765.3960954
15.00,21,49,765.3084433
15.00,21,50,765.2758846
15.00,21,51,765.2681679
15.00,21,52,765.2047654
15.00,21,53,765.170291
15.00,21,54,765.07352
15.00,21,55,765.0397309
15.00,21,56,765.0302875
15.00,21,57,764.9702008
15.00,21,58,764.9412217
15.00,21,59,764.8396347
15.00,21,60,764.8123112
15.00,21,61,764.808809
15.00,21,62,764.7361273
15.00,21,63,764.7166144
15.00,21,64,764.605456
15.00,21,65,764.575811
15.00,21,66,764.5695149
15.00,21,67,764.5023784
15.00,21,68,764.48741
15.00,21,69,764.3724705
15.00,21,70,764.3501452
15.00,21,71,764.2977054
15.00,21,72,764.2535162
15.00,21,73,764.1675536
15.00,21,74,764.1344964
15.00,21,75,764.1260365
15.00,21,76,764.0647706
15.00,21,77,764.0266569
15.00,21,78,763.9345915
15.00,21,79,763.8995687
15.00,21,80,763.8888528
15.00,21,81,763.832178
15.00,21,82,763.7963183
15.00,21,83,763.7025919
15.00,21,84,763.6724209
15.00,21,85,763.6662085
15.00,21,86,763.6000577
15.00,21,87,763.5697102
15.00,21,88,763.4703862
15.00,21,89,763.4374624
15.00,21,90,763.4282754
15.00,21,91,763.3682647
15.00,21,92,763.3389035
15.00,21,93,763.2392135
15.00,21,94,763.2112495
15.00,21,95,763.2067153
15.00,21,96,763.1369489
15.00,21,97,763.1122133
15.00,21,98,763.0077626
15.00,21,99,762.9763036
15.00,21,100,762.9681398
15.00,21,101,762.9059484
15.00,21,102,762.88077
15.00,21,103,762.7773944
15.00,21,104,762.7507892
15.00,21,105,762.7472288
15.00,21,106,762.675428
15.00,21,107,762.6537316
15.00,21,108,762.5467029
15.00,21,109,762.5159813
15.00,21,110,762.5082685
15.00,21,111,762.4452149
15.00,21,112,762.4216159
15.00,21,113,762.317117
15.00,21,114,762.2909296
15.00,21,115,762.2875683
15.00,21,116,762.2154821
15.00,21,117,762.1940622
15.00,21,118,762.0871947
15.00,21,119,762.0564514
15.00,21,120,762.0485987
15.00,21,121,761.9860535
15.00,21,122,761.9613735
15.00,21,123,761.8583709
15.00,21,124,761.831656
15.00,21,125,761.8277225
15.00,21,126,761.7571024
15.00,21,127,761.733253
15.00,21,128,761.6292305
15.00,21,129,761.5977379
15.00,21,130,761.5891842
15.00,21,131,761.5284568
15.00,21,132,761.5002074
15.00,21,133,761.4011528
15.00,21,134,761.3730462
15.00,21,135,761.3678429
15.00,21,136,761.3002833
15.00,21,137,761.2715847
15.00,21,138,761.1728078
15.00,21,139,761.1399257
15.00,21,140,761.1301823
15.00,21,141,761.0724206
15.00,21,142,761.038481
15.00,21,143,760.9454653
15.00,21,144,760.9152541
15.00,21,145,760.9082136
15.00,21,146,760.8450221
15.00,21,147,760.809521
15.00,21,148,760.7179274
15.00,21,149,760.6831463
15.00,21,150,760.6718282
15.00,21,151,760.6179428
15.00,21,152,760.5766988
15.00,21,153,760.4913148
15.00,21,154,760.4584833
15.00,21,155,760.4492042
15.00,21,156,760.3913178
15.00,21,157,760.3476396
15.00,21,158,760.2645927
15.00,21,159,760.2588866
15.00,21,160,760.1382446
15.00,21,161,760.1112249
15.00,21,162,760.1057119
15.00,21,163,760.0384431
15.00,21,164,760.0222358
15.00,21,165,759.9126918
15.00,21,166,759.8883245
15.00,21,167,759.8856986
15.00,21,168,759.8127866
15.00,21,169,759.7917355
15.00,21,170,759.6867603
15.00,21,171,759.6556436
15.00,21,172,759.6468837
15.00,21,173,759.5874279
15.00,21,174,759.5565186
15.00,21,175,759.4618979
15.00,21,176,759.4323609
15.00,21,177,759.425452
15.00,21,178,759.3625405
15.00,21,179,759.3264028
15.00,21,180,759.2368351
15.00,21,181,759.201694
15.00,21,182,759.189757
15.00,21,183,759.1379723
15.00,21,184,759.0929251
15.00,21,185,759.0126779
15.00,21,186,758.9782825
15.00,21,187,758.9673758
15.00,21,188,758.9138554
15.00,21,189,758.8635861
15.00,21,190,758.7884747
15.00,21,191,758.7702804
15.00,21,192,758.6634205
15.00,21,193,758.632854
15.00,21,194,758.6242579
15.00,21,195,758.5648298
15.00,21,196,758.5337496
15.00,21,197,758.4402447
15.00,21,198,758.4104065
15.00,21,199,758.4029808
15.00,21,200,758.3416615
15.00,22,1,793.8629293
15.00,22,2,793.6963272
15.00,22,3,793.5520702
15.00,22,4,793.4479225
15.00,22,5,793.3571042
15.00,22,6,793.2834554
15.00,22,7,793.2170124
15.00,22,8,793.158121
15.00,22,9,793.1029363
15.00,22,10,793.0511458
15.00,22,11,793.0482242
15.00,22,12,792.9721023
15.00,22,13,792.9037581
15.00,22,14,792.8437337
15.00,22,15,792.7877292
15.00,22,16,792.7354554
15.00,22,17,792.685199
15.00,22,18,792.6603854
15.00,22,19,792.5905153
15.00,22,20,792.5295941
15.00,22,21,792.472944
15.00,22,22,792.4202996
15.00,22,23,792.3698028
15.00,22,24,792.3497627
15.00,22,25,792.2782626
15.00,22,26,792.2163848
15.00,22,27,792.1590418
15.00,22,28,792.1059978
15.00,22,29,792.0552384
15.00,22,30,792.0402431
15.00,22,31,791.967005
15.00,22,32,791.9041086
15.00,22,33,791.8460232
15.00,22,34,791.7925493
15.00,22,35,791.7415045
15.00,22,36,791.7318369
15.00,22,37,791.6567479
15.00,22,38,791.5927685
15.00,22,39,791.5338889
15.00,22,40,791.4799539
15.00,22,41,791.4285995
15.00,22,42,791.4245549
15.00,22,43,791.347497
15.00,22,44,791.2823675
15.00,22,45,791.2226399
15.00,22,46,791.1682112
15.00,22,47,791.1165221
15.00,22,48,791.0672335
15.00,22,49,791.0409364
15.00,22,50,790.9740872
15.00,22,51,790.913072
15.00,22,52,790.8578749
15.00,22,53,790.8056469
15.00,22,54,790.756049
15.00,22,55,790.735726
15.00,22,56,790.6669872
15.00,22,57,790.604548
15.00,22,58,790.5485006
15.00,22,59,790.4956708
15.00,22,60,790.445724
15.00,22,61,790.431918
15.00,22,62,790.3611049
15.00,22,63,790.2970914
15.00,22,64,790.2401041
15.00,22,65,790.1866031
15.00,22,66,790.1362641
15.00,22,67,790.1295725
15.00,22,68,790.0564825
15.00,22,69,789.9907289
15.00,22,70,789.9327031
15.00,22,71,789.8784547
15.00,22,72,789.8276759
15.00,22,73,789.7787881
15.00,22,74,789.7515779
15.00,22,75,789.684423
15.00,22,76,789.6255724
15.00,22,77,789.5707335
15.00,22,78,789.5196165
15.00,22,79,789.4705115
15.00,22,80,789.4477116
15.00,22,81,789.3790601
15.00,22,82,789.3193295
15.00,22,83,789.2638565
15.00,22,84,789.2123746
15.00,22,85,789.1630321
15.00,22,86,789.1448921
15.00,22,87,789.0746448
15.00,22,88,789.0139768
15.00,22,89,788.9578244
15.00,22,90,788.9059497
15.00,22,91,788.8563485
15.00,22,92,788.8431292
15.00,22,93,788.7711824
15.00,22,94,788.7095174
15.00,22,95,788.6526379
15.00,22,96,788.6003414
15.00,22,97,788.5504594
15.00,22,98,788.542433
15.00,22,99,788.468678
15.00,22,100,788.4059541
15.00,22,101,788.3482979
15.00,22,102,788.2955495
15.00,22,103,788.2453635
15.00,22,104,788.2428137
15.00,22,105,788.1671371
15.00,22,106,788.10329
15.00,22,107,788.0448052
15.00,22,108,787.9915735
15.00,22,109,787.9410594
15.00,22,110,787.8929242
15.00,22,111,787.8682229
15.00,22,112,787.8026912
15.00,22,113,787.7429454
15.00,22,114,787.6889601
15.00,22,115,787.6379171
15.00,22,116,787.5894772
15.00,22,117,787.5706065
15.00,22,118,787.5032262
15.00,22,119,787.4420872
15.00,22,120,787.3872691
15.00,22,121,787.3356362
15.00,22,122,787.2868535
15.00,22,123,787.2743385
15.00,22,124,787.2049306
15.00,22,125,787.1422533
15.00,22,126,787.0865157
15.00,22,127,787.034226
15.00,22,128,786.9850585
15.00,22,129,786.9794763
15.00,22,130,786.907845
15.00,22,131,786.8434694
15.00,22,132,786.786717
15.00,22,133,786.7336969
15.00,22,134,786.6840987
15.00,22,135,786.6363674
15.00,22,136,786.610456
15.00,22,137,786.5447172
15.00,22,138,786.4871615
15.00,22,139,786.4335661
15.00,22,140,786.3836377
15.00,22,141,786.3356939
15.00,22,142,786.314062
15.00,22,143,786.2468684
15.00,22,144,786.1884562
15.00,22,145,786.1342437
15.00,22,146,786.0839594
15.00,22,147,786.0357836
15.00,22,148,786.018671
15.00,22,149,785.9499275
15.00,22,150,785.8906037
15.00,22,151,785.8357305
15.00,22,152,785.7850634
15.00,22,153,785.7366352
15.00,22,154,785.7242928
15.00,22,155,785.6538996
15.00,22,156,785.5936067
15.00,22,157,785.5380271
15.00,22,158,785.4869494
15.00,22,159,785.4382476
15.00,22,160,785.4309371
15.00,22,161,785.3587898
15.00,22,162,785.2974683
15.00,22,163,785.2411345
15.00,22,164,785.1896172
15.00,22,165,785.1406195
15.00,22,166,785.138614
15.00,22,167,785.0646035
15.00,22,168,785.0021914
15.00,22,169,784.9450536
15.00,22,170,784.8930665
15.00,22,171,784.8437498
15.00,22,172,784.7967652
15.00,22,173,784.7729586
15.00,22,174,784.7089103
15.00,22,175,784.6505484
15.00,22,176,784.597829
15.00,22,177,784.547998
15.00,22,178,784.5007168
15.00,22,179,784.4825589
15.00,22,180,784.4167163
15.00,22,181,784.3570035
15.00,22,182,784.3034753
15.00,22,183,784.2530718
15.00,22,184,784.2054569
15.00,22,185,784.1934527
15.00,22,186,784.1256438
15.00,22,187,784.0644405
15.00,22,188,784.0100202
15.00,22,189,783.9589797
15.00,22,190,783.9109911
15.00,22,191,783.9056952
15.00,22,192,783.8357315
15.00,22,193,783.7728841
15.00,22,194,783.7174802
15.00,22,195,783.665732
15.00,22,196,783.6173254
15.00,22,197,783.5707457
15.00,22,198,783.5455146
15.00,22,199,783.4813488
15.00,22,200,783.4251666
15.00,23,1,854.6530292
15.00,23,2,854.401877
15.00,23,3,854.2528228
15.00,23,4,854.150685
15.00,23,5,854.0708755
15.00,23,6,854.0023031
15.00,23,7,853.9537702
15.00,23,8,853.8601143
15.00,23,9,853.7841938
15.00,23,10,853.7773798
15.00,23,11,853.6602003
15.00,23,12,853.5718516
15.00,23,13,853.4987339
15.00,23,14,853.4774989
15.00,23,15,853.3687917
15.00,23,16,853.2849246
15.00,23,17,853.2142094
15.00,23,18,853.1804795
15.00,23,19,853.0791114
15.00,23,20,852.9991636
15.00,23,21,852.9305533
15.00,23,22,852.8859646
15.00,23,23,852.7910039
15.00,23,24,852.7144872
15.00,23,25,852.7134428
15.00,23,26,852.5935546
15.00,23,27,852.5042589
15.00,23,28,852.4307822
15.00,23,29,852.4138067
15.00,23,30,852.3032611
15.00,23,31,852.2188862
15.00,23,32,852.1480528
15.00,23,33,852.1173442
15.00,23,34,852.0148859
15.00,23,35,851.9347784
15.00,23,36,851.8662416
15.00,23,37,851.8237205
15.00,23,38,851.7282529
15.00,23,39,851.651841
15.00,23,40,851.585298
15.00,23,41,851.5326396
15.00,23,42,851.4432061
15.00,23,43,851.3699904
15.00,23,44,851.3543366
15.00,23,45,851.2439221
15.00,23,46,851.1596473
15.00,23,47,851.0891724
15.00,23,48,851.0592713
15.00,23,49,850.9572243
15.00,23,50,850.8773994
15.00,23,51,850.8092936
15.00,23,52,850.7671996
15.00,23,53,850.6723501
15.00,23,54,850.5963574
15.00,23,55,850.530298
15.00,23,56,850.4777947
15.00,23,57,850.3891267
15.00,23,58,850.3164294
15.00,23,59,850.3001046
15.00,23,60,850.190641
15.00,23,61,850.1073322
15.00,23,62,850.0374976
15.00,23,63,850.0064061
15.00,23,64,849.905663
15.00,23,65,849.8269288
15.00,23,66,849.7595413
15.00,23,67,849.71595
15.00,23,68,849.6226246
15.00,23,69,849.5477901
15.00,23,70,849.5450316
15.00,23,71,849.4284449
15.00,23,72,849.3413704
15.00,23,73,849.2698318
15.00,23,74,849.2499466
15.00,23,75,849.1434125
15.00,23,76,849.0616547
15.00,23,77,848.9929247
15.00,23,78,848.9585767
15.00,23,79,848.8605707
15.00,23,80,848.783328
15.00,23,81,848.7169896
15.00,23,82,848.6704569
15.00,23,83,848.5796752
15.00,23,84,848.5062614
15.00,23,85,848.49785
15.00,23,86,848.3850415
15.00,23,87,848.3004366
15.00,23,88,848.2303023
15.00,23,89,848.2050258
15.00,23,90,848.1021856
15.00,23,91,848.0227811
15.00,23,92,847.9554113
15.00,23,93,847.9160476
15.00,23,94,847.8215716
15.00,23,95,847.7465399
15.00,23,96,847.6815
15.00,23,97,847.630394
15.00,23,98,847.5429282
15.00,23,99,847.4715695
15.00,23,100,847.4548039
15.00,23,101,847.347703
15.00,23,102,847.266064
15.00,23,103,847.1977678
15.00,23,104,847.1653131
15.00,23,105,847.0674807
15.00,23,106,846.9907252
15.00,23,107,846.9250018
15.00,23,108,846.8795011
15.00,23,109,846.7894167
15.00,23,110,846.7167485
15.00,23,111,846.7083065
15.00,23,112,846.5967202
15.00,23,113,846.5131698
15.00,23,114,846.4439548
15.00,23,115,846.4178791
15.00,23,116,846.3167452
15.00,23,117,846.2386251
15.00,23,118,846.1722835
15.00,23,119,846.131668
15.00,23,120,846.0391918
15.00,23,121,845.9655793
15.00,23,122,845.964093
15.00,23,123,845.8491526
15.00,23,124,845.7637872
15.00,23,125,845.693888
15.00,23,126,845.6733679
15.00,23,127,845.5696607
15.00,23,128,845.4901876
15.00,23,129,845.4233716
15.00,23,130,845.387189
15.00,23,131,845.2927683
15.00,23,132,845.2181711
15.00,23,133,845.153914
15.00,23,134,845.1048728
15.00,23,135,845.018119
15.00,23,136,844.9475519
15.00,23,137,844.9319172
15.00,23,138,844.8257195
15.00,23,139,844.7453456
15.00,23,140,844.6781382
15.00,23,141,844.6455172
15.00,23,142,844.5494319
15.00,23,143,844.4742954
15.00,23,144,844.4098505
15.00,23,145,844.3633995
15.00,23,146,844.275588
15.00,23,147,844.2047467
15.00,23,148,844.1924613
15.00,23,149,844.0849743
15.00,23,150,844.0038808
15.00,23,151,843.936538
15.00,23,152,843.9065202
15.00,23,153,843.8095515
15.00,23,154,843.7339577
15.00,23,155,843.6694857
15.00,23,156,843.6250597
15.00,23,157,843.5366815
15.00,23,158,843.4655845
15.00,23,159,843.4559153
15.00,23,160,843.3472241
15.00,23,161,843.2659179
15.00,23,162,843.1985292
15.00,23,163,843.1701795
15.00,23,164,843.0726232
15.00,23,165,842.9970605
15.00,23,166,842.9326879
15.00,23,167,842.8892853
15.00,23,168,842.800743
15.00,23,169,842.7298407
15.00,23,170,842.7210419
15.00,23,171,842.6125073
15.00,23,172,842.5312078
15.00,23,173,842.4640617
15.00,23,174,842.4363116
15.00,23,175,842.3390374
15.00,23,176,842.2636057
15.00,23,177,842.1995098
15.00,23,178,842.1565169
15.00,23,179,842.068345
15.00,23,180,841.9976615
15.00,23,181,841.9889586
15.00,23,182,841.8806784
15.00,23,183,841.7999209
15.00,23,184,841.7331117
15.00,23,185,841.7050038
15.00,23,186,841.608317
15.00,23,187,841.5335199
15.00,23,188,841.4698294
15.00,23,189,841.4262426
15.00,23,190,841.3388458
15.00,23,191,841.2688362
15.00,23,192,841.2585049
15.00,23,193,841.1518397
15.00,23,194,841.0718341
15.00,23,195,841.0056452
15.00,23,196,840.9761625
15.00,23,197,840.8809079
15.00,23,198,840.8068306
15.00,23,199,840.7437138
15.00,23,200,840.6989814
15.00,24,1,846.5513941
15.00,24,2,846.4555955
15.00,24,3,846.3909724
15.00,24,4,846.3411715
15.00,24,5,846.2991113
15.00,24,6,846.2676539
15.00,24,7,846.210868
15.00,24,8,846.1651071
15.00,24,9,846.151289
15.00,24,10,846.0836573
15.00,24,11,846.0328669
15.00,24,12,845.9901906
15.00,24,13,845.9616756
15.00,24,14,845.9030228
15.00,24,15,845.8566696
15.00,24,16,845.8466927
15.00,24,17,845.7772268
15.00,24,18,845.7250557
15.00,24,19,845.6819182
15.00,24,20,845.6563972
15.00,24,21,845.5962914
15.00,24,22,845.5489368
15.00,24,23,845.5432858
15.00,24,24,845.4708888
15.00,24,25,845.4178845
15.00,24,26,845.374174
15.00,24,27,845.3512503
15.00,24,28,845.2894282
15.00,24,29,845.2416246
15.00,24,30,845.2392148
15.00,24,31,845.1654098
15.00,24,32,845.1111365
15.00,24,33,845.0670606
15.00,24,34,845.046714
15.00,24,35,844.9837251
15.00,24,36,844.9350058
15.00,24,37,844.8936828
15.00,24,38,844.8602042
15.00,24,39,844.8051732
15.00,24,40,844.7605281
15.00,24,41,844.7426391
15.00,24,42,844.6779655
15.00,24,43,844.6288762
15.00,24,44,844.5872666
15.00,24,45,844.5551542
15.00,24,46,844.4992291
15.00,24,47,844.454441
15.00,24,48,844.4381078
15.00,24,49,844.3729169
15.00,24,50,844.3231851
15.00,24,51,844.2814544
15.00,24,52,844.2506092
15.00,24,53,844.1942277
15.00,24,54,844.1489948
15.00,24,55,844.1344313
15.00,24,56,844.0679338
15.00,24,57,844.0180664
15.00,24,58,843.976152
15.00,24,59,843.9461312
15.00,24,60,843.8891637
15.00,24,61,843.8439648
15.00,24,62,843.8301461
15.00,24,63,843.7636442
15.00,24,64,843.7133565
15.00,24,65,843.6714436
15.00,24,66,843.6421186
15.00,24,67,843.5850506
15.00,24,68,843.5395679
15.00,24,69,843.5266993
15.00,24,70,843.4593674
15.00,24,71,843.4092062
15.00,24,72,843.3672322
15.00,24,73,843.3381248
15.00,24,74,843.2808302
15.00,24,75,843.2355708
15.00,24,76,843.2225684
15.00,24,77,843.1557748
15.00,24,78,843.1054497
15.00,24,79,843.0636085
15.00,24,80,843.0345805
15.00,24,81,842.9775623
15.00,24,82,842.9322022
15.00,24,83,842.9192741
15.00,24,84,842.8521826
15.00,24,85,842.8022486
15.00,24,86,842.7604772
15.00,24,87,842.7310524
15.00,24,88,842.674185
15.00,24,89,842.6292311
15.00,24,90,842.6153072
15.00,24,91,842.5492741
15.00,24,92,842.4994429
15.00,24,93,842.4579312
15.00,24,94,842.4279833
15.00,24,95,842.3717539
15.00,24,96,842.3268873
15.00,24,97,842.3121891
15.00,24,98,842.2463946
15.00,24,99,842.1971967
15.00,24,100,842.1558814
15.00,24,101,842.1249725
15.00,24,102,842.0692532
15.00,24,103,842.0249523
15.00,24,104,842.0084931
15.00,24,105,841.9442066
15.00,24,106,841.8953627
15.00,24,107,841.8544181
15.00,24,108,841.822453
15.00,24,109,841.767685
15.00,24,110,841.723646
15.00,24,111,841.7056693
15.00,24,112,841.6421118
15.00,24,113,841.5940991
15.00,24,114,841.5534617
15.00,24,115,841.5200714
15.00,24,116,841.466122
15.00,24,117,841.4227712
15.00,24,118,841.4024301
15.00,24,119,841.3407219
15.00,24,120,841.2932765
15.00,24,121,841.2911971
15.00,24,122,841.2179193
15.00,24,123,841.1653161
15.00,24,124,841.1224514
15.00,24,125,841.0996597
15.00,24,126,841.0393034
15.00,24,127,840.9929343
15.00,24,128,840.9869435
15.00,24,129,840.9166043
15.00,24,130,840.8649083
15.00,24,131,840.8227368
15.00,24,132,840.7975091
15.00,24,133,840.7390087
15.00,24,134,840.6932678
15.00,24,135,840.6838965
15.00,24,136,840.6153446
15.00,24,137,840.5651188
15.00,24,138,840.5235269
15.00,24,139,840.4955358
15.00,24,140,840.4386344
15.00,24,141,840.3940245
15.00,24,142,840.3804049
15.00,24,143,840.3149345
15.00,24,144,840.2657856
15.00,24,145,840.2249299
15.00,24,146,840.194258
15.00,24,147,840.1393258
15.00,24,148,840.0954581
15.00,24,149,840.0781283
15.00,24,150,840.0147401
15.00,24,151,839.9670924
15.00,24,152,839.9268652
15.00,24,153,839.8933265
15.00,24,154,839.8401125
15.00,24,155,839.7973665
15.00,24,156,839.7757454
15.00,24,157,839.7154016
15.00,24,158,839.6689111
15.00,24,159,839.6636803
15.00,24,160,839.5928743
15.00,24,161,839.541763
15.00,24,162,839.4998819
15.00,24,163,839.4741848
15.00,24,164,839.4162387
15.00,24,165,839.3712938
15.00,24,166,839.360044
15.00,24,167,839.2934559
15.00,24,168,839.2439327
15.00,24,169,839.2030457
15.00,24,170,839.1735547
15.00,24,171,839.1182856
15.00,24,172,839.0744099
15.00,24,173,839.0579878
15.00,24,174,838.994389
15.00,24,175,838.9468183
15.00,24,176,838.9067722
15.00,24,177,838.8734829
15.00,24,178,838.8205168
15.00,24,179,838.7780455
15.00,24,180,838.7561172
15.00,24,181,838.6963294
15.00,24,182,838.6502842
15.00,24,183,838.6438137
15.00,24,184,838.5741106
15.00,24,185,838.5237143
15.00,24,186,838.4823357
15.00,24,187,838.4553754
15.00,24,188,838.3986038
15.00,24,189,838.3543835
15.00,24,190,838.3406888
15.00,24,191,838.2759511
15.00,24,192,838.227527
15.00,24,193,838.1873129
15.00,24,194,838.1558216
15.00,24,195,838.102182
15.00,24,196,838.0592679
15.00,24,197,838.0394653
15.00,24,198,837.9783493
15.00,24,199,837.932133
15.00,24,200,837.9277041
15.00,25,1,932.2402074
15.00,25,2,932.1481231
15.00,25,3,932.0876761
15.00,25,4,932.0319331
15.00,25,5,931.9833482
15.00,25,6,931.9418852
15.00,25,7,931.9119769
15.00,25,8,931.892851
15.00,25,9,931.8924676
15.00,25,10,931.4709854
15.00,25,11,931.1607973
15.00,25,12,930.7903308
15.00,25,13,930.7151506
15.00,25,14,929.4783381
15.00,25,15,929.3577741
15.00,25,16,929.3268359
15.00,25,17,929.3105548
15.00,25,18,929.3065691
15.00,25,19,928.8827488
15.00,25,20,928.6114574
15.00,25,21,928.2122568
15.00,25,22,927.913485
15.00,25,23,927.5443325
15.00,25,24,927.2144171
15.00,25,25,927.2090181
15.00,25,26,926.8009381
15.00,25,27,926.734095
15.00,25,28,925.5182369
15.00,25,29,925.3797233
15.00,25,30,925.3423692
15.00,25,31,925.3164478
15.00,25,32,925.3000181
15.00,25,33,924.9360662
15.00,25,34,924.8681359
15.00,25,35,923.667741
15.00,25,36,923.5785011
15.00,25,37,923.5539127
15.00,25,38,923.5386128
15.00,25,39,923.1671921
15.00,25,40,923.0932571
15.00,25,41,921.9112938
15.00,25,42,921.8139191
15.00,25,43,921.7865028
15.00,25,44,921.7675775
15.00,25,45,921.7646879
15.00,25,46,921.3400875
15.00,25,47,921.2095338
15.00,25,48,920.0958044
15.00,25,49,919.9342666
15.00,25,50,919.8900654
15.00,25,51,919.8540657
15.00,25,52,919.8249124
15.00,25,53,919.8083051
15.00,25,54,919.8013087
15.00,25,55,919.3819418
15.00,25,56,919.0720711
15.00,25,57,919.0628613
15.00,25,58,918.6717131
15.00,25,59,918.4262543
15.00,25,60,917.4453967
15.00,25,61,917.3990832
15.00,25,62,916.8158376
15.00,25,63,916.5526734
15.00,25,64,916.5476191
15.00,25,65,916.1155927
15.00,25,66,915.8155494
15.00,25,67,915.806323
15.00,25,68,915.4178672
15.00,25,69,915.1543852
15.00,25,70,914.2129325
15.00,25,71,914.1421887
15.00,25,72,913.5943969
15.00,25,73,913.3199286
15.00,25,74,913.3042139
15.00,25,75,912.9060001
15.00,25,76,912.858298
15.00,25,77,911.7188641
15.00,25,78,911.615045
15.00,25,79,911.5783267
15.00,25,80,911.5533379
15.00,25,81,911.5410375
15.00,25,82,911.5380246
15.00,25,83,911.106489
15.00,25,84,910.8176593
15.00,25,85,910.8091696
15.00,25,86,910.4270319
15.00,25,87,910.1731921
15.00,25,88,909.2533413
15.00,25,89,909.1893082
15.00,25,90,908.6504939
15.00,25,91,908.3852405
15.00,25,92,908.3778479
15.00,25,93,907.9796906
15.00,25,94,907.6809577
15.00,25,95,907.6700443
15.00,25,96,907.6687172
15.00,25,97,907.2412248
15.00,25,98,906.9692623
15.00,25,99,906.9645635
15.00,25,100,906.5750419
15.00,25,101,906.3977933
15.00,25,102,905.4241646
15.00,25,103,905.2670665
15.00,25,104,905.2245203
15.00,25,105,905.1890764
15.00,25,106,905.1597626
15.00,25,107,905.1413743
15.00,25,108,905.1317009
15.00,25,109,904.7632686
15.00,25,110,904.7402962
15.00,25,111,903.6237561
15.00,25,112,903.540452
15.00,25,113,903.5167995
15.00,25,114,903.5012556
15.00,25,115,903.500783
15.00,25,116,903.1047094
15.00,25,117,903.0309199
15.00,25,118,901.973355
15.00,25,119,901.8417378
15.00,25,120,901.8061619
15.00,25,121,901.7796099
15.00,25,122,901.7608623
15.00,25,123,901.7562013
15.00,25,124,901.3909874
15.00,25,125,901.2868625
15.00,25,126,900.2687508
15.00,25,127,900.1415873
15.00,25,128,900.1079237
15.00,25,129,900.0838413
15.00,25,130,900.0682005
15.00,25,131,900.0676721
15.00,25,132,899.6909729
15.00,25,133,899.6837375
15.00,25,134,898.57771
15.00,25,135,898.4739591
15.00,25,136,898.4469395
15.00,25,137,898.4315749
15.00,25,138,898.4264703
15.00,25,139,898.0712311
15.00,25,140,897.8257342
15.00,25,141,897.5003543
15.00,25,142,897.2339255
15.00,25,143,896.93092
15.00,25,144,896.6501821
15.00,25,145,896.6487469
15.00,25,146,896.2962944
15.00,25,147,896.0306521
15.00,25,148,895.7296884
15.00,25,149,895.6543485
15.00,25,150,894.6359314
15.00,25,151,894.5541089
15.00,25,152,894.5339295
15.00,25,153,894.5303164
15.00,25,154,894.2032988
15.00,25,155,893.9459887
15.00,25,156,893.6416356
15.00,25,157,893.3723391
15.00,25,158,893.0812723
15.00,25,159,892.8084245
15.00,25,160,892.522375
15.00,25,161,892.2619223
15.00,25,162,892.2562712
15.00,25,163,891.899208
15.00,25,164,891.7586552
15.00,25,165,891.3431742
15.00,25,166,891.2976686
15.00,25,167,890.791068
15.00,25,168,890.6762645
15.00,25,169,890.6267554
15.00,25,170,890.6091977
15.00,25,171,890.6075528
15.00,25,172,890.2979067
15.00,25,173,890.0904373
15.00,25,174,889.7447563
15.00,25,175,889.5888567
15.00,25,176,889.1927692
15.00,25,177,889.1078201
15.00,25,178,888.6419847
15.00,25,179,888.49847
15.00,25,180,888.4690471
15.00,25,181,888.4520677
15.00,25,182,888.44826
15.00,25,183,888.1560133
15.00,25,184,888.0109969
15.00,25,185,887.6074325
15.00,25,186,887.4693539
15.00,25,187,887.4440256
15.00,25,188,887.4300257
15.00,25,189,887.1872918
15.00,25,190,886.9889264
15.00,25,191,886.6404195
15.00,25,192,886.6229296
15.00,25,193,886.0950247
15.00,25,194,886.0149011
15.00,25,195,886.0111504
15.00,25,196,885.7401765
15.00,25,197,885.5833713
15.00,25,198,885.1957602
15.00,25,199,885.057524
15.00,25,200,885.0339757
15.00,26,1,658.331623
15.00,26,2,658.2391477
15.00,26,3,658.0590545
15.00,26,4,657.9537347
15.00,26,5,657.8008925
15.00,26,6,657.6965106
15.00,26,7,657.5565166
15.00,26,8,657.4551957
15.00,26,9,657.3248845
15.00,26,10,657.2265415
15.00,26,11,657.1042306
15.00,26,12,657.0085458
15.00,26,13,656.8929738
15.00,26,14,656.7996459
15.00,26,15,656.6897916
15.00,26,16,656.5985606
15.00,26,17,656.4935819
15.00,26,18,656.4042243
15.00,26,19,656.3034216
15.00,26,20,656.2157437
15.00,26,21,656.1185318
15.00,26,22,656.0323648
15.00,26,23,655.9382523
15.00,26,24,655.8534477
15.00,26,25,655.7620198
15.00,26,26,655.6784468
15.00,26,27,655.5893519
15.00,26,28,655.5068943
15.00,26,29,655.4198333
15.00,26,30,655.3383878
15.00,26,31,655.2531052
15.00,26,32,655.1725796
15.00,26,33,655.0888569
15.00,26,34,655.0091686
15.00,26,35,654.9268179
15.00,26,36,654.847893
15.00,26,37,654.7667526
15.00,26,38,654.6885246
15.00,26,39,654.6084548
15.00,26,40,654.5308641
15.00,26,41,654.4517441
15.00,26,42,654.3747371
15.00,26,43,654.296462
15.00,26,44,654.2199903
15.00,26,45,654.1424691
15.00,26,46,654.0664892
15.00,26,47,653.9896426
15.00,26,48,653.9141153
15.00,26,49,653.8378742
15.00,26,50,653.7627642
15.00,26,51,653.6870683
15.00,26,52,653.6123437
15.00,26,53,653.5371401
15.00,26,54,653.4627723
15.00,26,55,653.3880148
15.00,26,56,653.3139779
15.00,26,57,653.2396259
15.00,26,58,653.1658966
15.00,26,59,653.0919144
15.00,26,60,653.0184717
15.00,26,61,652.944828
15.00,26,62,652.8716529
15.00,26,63,652.7983203
15.00,26,64,652.7253958
15.00,26,65,652.6523498
15.00,26,66,652.5796605
15.00,26,67,652.5068798
15.00,26,68,652.4344118
15.00,26,69,652.3618774
15.00,26,70,652.3594221
15.00,26,71,652.2775149
15.00,26,72,652.1997076
15.00,26,73,652.1190479
15.00,26,74,652.0420662
15.00,26,75,651.9626267
15.00,26,76,651.8863453
15.00,26,77,651.8080039
15.00,26,78,651.7323557
15.00,26,79,651.6549903
15.00,26,80,651.5799213
15.00,26,81,651.5034236
15.00,26,82,651.4288859
15.00,26,83,651.3531614
15.00,26,84,651.2791121
15.00,26,85,651.2040786
15.00,26,86,651.1304788
15.00,26,87,651.0560647
15.00,26,88,650.9828794
15.00,26,89,650.9090221
15.00,26,90,650.8362197
15.00,26,91,650.7628645
15.00,26,92,650.6904165
15.00,26,93,650.6175154
15.00,26,94,650.5453959
15.00,26,95,650.472907
15.00,26,96,650.4010929
15.00,26,97,650.3289792
15.00,26,98,650.2574494
15.00,26,99,650.1856786
15.00,26,100,650.1144142
15.00,26,101,650.0429576
15.00,26,102,649.9719414
15.00,26,103,649.900774
15.00,26,104,649.8299907
15.00,26,105,649.7590902
15.00,26,106,649.6885258
15.00,26,107,649.6178727
15.00,26,108,649.5475146
15.00,26,109,649.4770916
15.00,26,110,649.4701676
15.00,26,111,649.3909915
15.00,26,112,649.3157197
15.00,26,113,649.2377061
15.00,26,114,649.1631883
15.00,26,115,649.0863074
15.00,26,116,649.0124317
15.00,26,117,648.9365712
15.00,26,118,648.8632773
15.00,26,119,648.7883249
15.00,26,120,648.7155643
15.00,26,121,648.6414204
15.00,26,122,648.56915
15.00,26,123,648.4957276
15.00,26,124,648.4239087
15.00,26,125,648.351132
15.00,26,126,648.2797294
15.00,26,127,648.2075321
15.00,26,128,648.1365143
15.00,26,129,648.0648385
15.00,26,130,647.9941766
15.00,26,131,647.9229717
15.00,26,132,647.8526399
15.00,26,133,647.7818615
15.00,26,134,647.7118362
15.00,26,135,647.6414453
15.00,26,136,647.5717053
15.00,26,137,647.5016676
15.00,26,138,647.4321938
15.00,26,139,647.3624791
15.00,26,140,647.2932541
15.00,26,141,647.2238358
15.00,26,142,647.1548439
15.00,26,143,647.0856987
15.00,26,144,647.0169257
15.00,26,145,646.9480329
15.00,26,146,646.8794659
15.00,26,147,646.8108072
15.00,26,148,646.7424347
15.00,26,149,646.742376
15.00,26,150,646.6688686
15.00,26,151,646.5915696
15.00,26,152,646.5185953
15.00,26,153,646.4426543
15.00,26,154,646.3703
15.00,26,155,646.295493
15.00,26,156,646.2237307
15.00,26,157,646.1499185
15.00,26,158,646.0787039
15.00,26,159,646.0057734
15.00,26,160,645.9350633
15.00,26,161,645.8629177
15.00,26,162,645.7926724
15.00,26,163,645.7212275
15.00,26,164,645.6514111
15.00,26,165,645.5805935
15.00,26,166,645.5111734
15.00,26,167,645.440919
15.00,26,168,645.3718654
15.00,26,169,645.3021182
15.00,26,170,645.2334044
15.00,26,171,645.1641153
15.00,26,172,645.0957169
15.00,26,173,645.0268427
15.00,26,174,644.9587376
15.00,26,175,644.8902405
15.00,26,176,644.8224088
15.00,26,177,644.7542555
15.00,26,178,644.6866789
15.00,26,179,644.6188402
15.00,26,180,644.5515023
15.00,26,181,644.4839522
15.00,26,182,644.4168382
15.00,26,183,644.3495539
15.00,26,184,644.2826503
15.00,26,185,644.2156116
15.00,26,186,644.1489063
15.00,26,187,644.0820953
15.00,26,188,644.0155772
15.00,26,189,643.9489782
15.00,26,190,643.9461315
15.00,26,191,643.8710517
15.00,26,192,643.8000114
15.00,26,193,643.7260312
15.00,26,194,643.6556666
15.00,26,195,643.582759
15.00,26,196,643.5129689
15.00,26,197,643.4410296
15.00,26,198,643.3717615
15.00,26,199,643.3006854
15.00,26,200,643.2318974
15.00,27,1,677.2726007
15.00,27,2,677.068352
15.00,27,3,673.8775349
15.00,27,4,672.5906986
15.00,27,5,669.1839462
15.00,27,6,668.3540053
15.00,27,7,664.7190645
15.00,27,8,664.342555
15.00,27,9,660.4640683
15.00,27,10,659.3012049
15.00,27,11,658.7640006
15.00,27,12,658.3948188
15.00,27,13,658.3404354
15.00,27,14,655.509922
15.00,27,15,654.2770553
15.00,27,16,648.3163637
15.00,27,17,647.1647054
15.00,27,18,644.7463363
15.00,27,19,643.5055125
15.00,27,20,638.3689041
15.00,27,21,637.3674603
15.00,27,22,635.1832712
15.00,27,23,634.1567737
15.00,27,24,629.4703468
15.00,27,25,628.6484481
15.00,27,26,626.6003954
15.00,27,27,625.8990298
15.00,27,28,621.4376423
15.00,27,29,620.8162435
15.00,27,30,618.8308062
15.00,27,31,618.543043
15.00,27,32,614.1300493
15.00,27,33,613.7321723
15.00,27,34,611.7452515
15.00,27,35,610.636678
15.00,27,36,610.5926005
15.00,27,37,608.9464879
15.00,27,38,608.3544533
15.00,27,39,606.72252
15.00,27,40,606.1905839
15.00,27,41,604.559879
15.00,27,42,604.1003617
15.00,27,43,602.4556089
15.00,27,44,602.0841015
15.00,27,45,600.4069751
15.00,27,46,600.1434147
15.00,27,47,598.4114557
15.00,27,48,598.2817454
15.00,27,49,596.4667385
15.00,27,50,595.9273568
15.00,27,51,595.6806628
15.00,27,52,595.5247892
15.00,27,53,594.5588804
15.00,27,54,593.6873402
15.00,27,55,592.7062401
15.00,27,56,591.9078466
15.00,27,57,590.8976414
15.00,27,58,590.1877317
15.00,27,59,589.1312699
15.00,27,60,588.5300684
15.00,27,61,587.40546
15.00,27,62,586.9403768
15.00,27,63,585.7187072
15.00,27,64,585.4279441
15.00,27,65,584.0696941
15.00,27,66,584.0080683
15.00,27,67,582.457345
15.00,27,68,582.0473696
15.00,27,69,581.875961
15.00,27,70,581.8016576
15.00,27,71,580.8669417
15.00,27,72,580.3789747
15.00,27,73,579.3195212
15.00,27,74,579.0417182
15.00,27,75,577.8047271
15.00,27,76,577.3800243
15.00,27,77,577.1984791
15.00,27,78,577.1021715
15.00,27,79,576.3110618
15.00,27,80,575.7803831
15.00,27,81,574.8544328
15.00,27,82,574.5495328
15.00,27,83,573.4273017
15.00,27,84,573.0281615
15.00,27,85,572.8621784
15.00,27,86,572.78199
15.00,27,87,572.0186259
15.00,27,88,571.5822746
15.00,27,89,570.6439281
15.00,27,90,570.5004177
15.00,27,91,569.2966688
15.00,27,92,568.9701637
15.00,27,93,568.8524389
15.00,27,94,568.8385162
15.00,27,95,567.963181
15.00,27,96,567.8214645
15.00,27,97,566.6640299
15.00,27,98,566.3582421
15.00,27,99,566.2549112
15.00,27,100,565.6517286
15.00,27,101,565.0249523
15.00,27,102,564.385863
15.00,27,103,563.8294655
15.00,27,104,563.141498
15.00,27,105,562.670129
15.00,27,106,561.9179844
15.00,27,107,561.5493517
15.00,27,108,560.714716
15.00,27,109,560.4703206
15.00,27,110,559.5311276
15.00,27,111,559.437014
15.00,27,112,558.3666928
15.00,27,113,558.0545736
15.00,27,114,557.9470744
15.00,27,115,557.943509
15.00,27,116,557.214668
15.00,27,117,556.9702356
15.00,27,118,556.0863181
15.00,27,119,556.0599684
15.00,27,120,554.9758089
15.00,27,121,554.7076427
15.00,27,122,554.6318825
15.00,27,123,554.1131545
15.00,27,124,553.848448
15.00,27,125,553.0362174
15.00,27,126,552.7926641
15.00,27,127,552.73725
15.00,27,128,552.1949767
15.00,27,129,551.8752343
15.00,27,130,551.1410338
15.00,27,131,551.1163923
15.00,27,132,550.1036794
15.00,27,133,549.8815813
15.00,27,134,549.8417286
15.00,27,135,549.2959955
15.00,27,136,549.2466573
15.00,27,137,548.2912388
15.00,27,138,548.1655988
15.00,27,139,547.7165644
15.00,27,140,547.5177144
15.00,27,141,546.7306967
15.00,27,142,546.5579905
15.00,27,143,546.170536
15.00,27,144,545.8868552
15.00,27,145,545.203631
15.00,27,146,545.0071263
15.00,27,147,544.9935398
15.00,27,148,544.4472066
15.00,27,149,544.3886134
15.00,27,150,543.5010253
15.00,27,151,543.3334964
15.00,27,152,542.9635586
15.00,27,153,542.6430337
15.00,27,154,542.0336696
15.00,27,155,541.7981954
15.00,27,156,541.7489459
15.00,27,157,541.3114236
15.00,27,158,541.3067665
15.00,27,159,540.4125422
15.00,27,160,540.3825784
15.00,27,161,539.8937604
15.00,27,162,539.672497
15.00,27,163,539.6381179
15.00,27,164,539.1912142
15.00,27,165,539.1389969
15.00,27,166,538.3110132
15.00,27,167,538.1978025
15.00,27,168,537.8083614
15.00,27,169,537.6847695
15.00,27,170,536.9436545
15.00,27,171,536.8186383
15.00,27,172,536.4509329
15.00,27,173,536.3249293
15.00,27,174,535.601999
15.00,27,175,535.4892121
15.00,27,176,535.1177952
15.00,27,177,535.0455396
15.00,27,178,534.2849935
15.00,27,179,534.2070855
15.00,27,180,533.8080984
15.00,27,181,533.5814759
15.00,27,182,533.5393238
15.00,27,183,533.1622607
15.00,27,184,532.9555801
15.00,27,185,532.9360612
15.00,27,186,532.5209295
15.00,27,187,532.3152503
15.00,27,188,532.2935716
15.00,27,189,531.8864711
15.00,27,190,531.7119287
15.00,27,191,531.4295997
15.00,27,192,531.3295075
15.00,27,193,530.6421401
15.00,27,194,530.4913678
15.00,27,195,530.3672899
15.00,27,196,530.2952038
15.00,27,197,530.002625
15.00,27,198,529.9870172
15.00,27,199,529.2332649
15.00,27,200,529.0907462
15.00,28,1,773.8325455
15.00,28,2,773.3313248
15.00,28,3,773.1979773
15.00,28,4,773.1297694
15.00,28,5,772.8759928
15.00,28,6,772.8018219
15.00,28,7,772.6547421
15.00,28,8,772.6299173
15.00,28,9,772.3377333
15.00,28,10,772.2764034
15.00,28,11,772.1137094
15.00,28,12,772.0099458
15.00,28,13,771.9717327
15.00,28,14,771.7806017
15.00,28,15,771.6885151
15.00,28,16,771.6866656
15.00,28,17,771.4488642
15.00,28,18,771.3702297
15.00,28,19,771.2308678
15.00,28,20,771.1843982
15.00,28,21,770.91453
15.00,28,22,770.8465875
15.00,28,23,770.6943177
15.00,28,24,770.6880895
15.00,28,25,770.3825556
15.00,28,26,770.3263283
15.00,28,27,770.1598098
15.00,28,28,770.0587713
15.00,28,29,770.0250491
15.00,28,30,769.8307944
15.00,28,31,769.7411238
15.00,28,32,769.6183639
15.00,28,33,769.5307432
15.00,28,34,769.3027439
15.00,28,35,769.2251865
15.00,28,36,769.087746
15.00,28,37,769.0485089
15.00,28,38,768.778001
15.00,28,39,768.7155712
15.00,28,40,768.5595806
15.00,28,41,768.4575782
15.00,28,42,768.4187639
15.00,28,43,768.2325284
15.00,28,44,768.1392625
15.00,28,45,768.1254001
15.00,28,46,767.9083471
15.00,28,47,767.8278389
15.00,28,48,767.6961148
15.00,28,49,767.6409303
15.00,28,50,767.3872635
15.00,28,51,767.3197044
15.00,28,52,767.172167
15.00,28,53,767.1684637
15.00,28,54,766.8694333
15.00,28,55,766.8178056
15.00,28,56,766.6506173
15.00,28,57,766.5538936
15.00,28,58,766.5276462
15.00,28,59,766.327767
15.00,28,60,766.2401536
15.00,28,61,766.2397412
15.00,28,62,766.0079184
15.00,28,63,765.9336503
15.00,28,64,765.7965924
15.00,28,65,765.7617612
15.00,28,66,765.4931747
15.00,28,67,765.4317565
15.00,28,68,765.278952
15.00,28,69,765.1784142
15.00,28,70,765.1379415
15.00,28,71,764.958208
15.00,28,72,764.8652127
15.00,28,73,764.8460506
15.00,28,74,764.6399602
15.00,28,75,764.5578335
15.00,28,76,764.4327408
15.00,28,77,764.3627013
15.00,28,78,764.1282714
15.00,28,79,764.0560387
15.00,28,80,763.9189594
15.00,28,81,763.8875069
15.00,28,82,763.6191989
15.00,28,83,763.5587009
15.00,28,84,763.4072531
15.00,28,85,763.3077239
15.00,28,86,763.2669355
15.00,28,87,763.0900948
15.00,28,88,762.9975568
15.00,28,89,762.976404
15.00,28,90,762.7752667
15.00,28,91,762.6927459
15.00,28,92,762.5707421
15.00,28,93,762.4947713
15.00,28,94,762.2690133
15.00,28,95,762.1950443
15.00,28,96,762.0627393
15.00,28,97,762.0197819
15.00,28,98,761.7651188
15.00,28,99,761.7011074
15.00,28,100,761.5566766
15.00,28,101,761.5523281
15.00,28,102,761.2637037
15.00,28,103,761.2113166
15.00,28,104,761.052598
15.00,28,105,760.9572971
15.00,28,106,760.9252044
15.00,28,107,760.7402062
15.00,28,108,760.6518936
15.00,28,109,760.6392758
15.00,28,110,760.4301666
15.00,28,111,760.3519011
15.00,28,112,760.2276364
15.00,28,113,760.1634042
15.00,28,114,759.9311796
15.00,28,115,759.8608723
15.00,28,116,759.7270254
15.00,28,117,759.6932753
15.00,28,118,759.4343762
15.00,28,119,759.3731825
15.00,28,120,759.2282493
15.00,28,121,759.1298735
15.00,28,122,759.0853008
15.00,28,123,758.9188938
15.00,28,124,758.8262624
15.00,28,125,758.7976266
15.00,28,126,758.6114987
15.00,28,127,758.5269941
15.00,28,128,758.5234306
15.00,28,129,758.3045356
15.00,28,130,758.2282166
15.00,28,131,758.1041213
15.00,28,132,758.0361884
15.00,28,133,757.8096151
15.00,28,134,757.735941
15.00,28,135,757.6090816
15.00,28,136,757.550067
15.00,28,137,757.3161874
15.00,28,138,757.2450329
15.00,28,139,757.1155653
15.00,28,140,757.0649883
15.00,28,141,756.8242342
15.00,28,142,756.7554601
15.00,28,143,756.6235591
15.00,28,144,756.5808923
15.00,28,145,756.3337393
15.00,28,146,756.2671951
15.00,28,147,756.1330505
15.00,28,148,756.0977285
15.00,28,149,755.8446876
15.00,28,150,755.7802141
15.00,28,151,755.6440277
15.00,28,152,755.6154563
15.00,28,153,755.3570656
15.00,28,154,755.2944971
15.00,28,155,755.1564793
15.00,28,156,755.1340454
15.00,28,157,754.8708608
15.00,28,158,754.8100281
15.00,28,159,754.6703945
15.00,28,160,754.653475
15.00,28,161,754.3860624
15.00,28,162,754.3267949
15.00,28,163,754.1857631
15.00,28,164,754.1737333
15.00,28,165,753.9026604
15.00,28,166,753.8447885
15.00,28,167,753.7025752
15.00,28,168,753.6948173
15.00,28,169,753.4206462
15.00,28,170,753.3640032
15.00,28,171,753.2208217
15.00,28,172,753.2167312
15.00,28,173,752.940012
15.00,28,174,752.8844359
15.00,28,175,752.7404935
15.00,28,176,752.739486
15.00,28,177,752.4607509
15.00,28,178,752.406086
15.00,28,179,752.2615823
15.00,28,180,752.1675347
15.00,28,181,752.1240192
15.00,28,182,751.9657512
15.00,28,183,751.8773587
15.00,28,184,751.8511038
15.00,28,185,751.670287
15.00,28,186,751.5874603
15.00,28,187,751.5763658
15.00,28,188,751.3767972
15.00,28,189,751.301973
15.00,28,190,751.1853582
15.00,28,191,751.117324
15.00,28,192,750.904096
15.00,28,193,750.8339772
15.00,28,194,750.7118713
15.00,28,195,750.6613123
15.00,28,196,750.4330293
15.00,28,197,750.3680572
15.00,28,198,750.2398809
15.00,28,199,750.2085229
15.00,28,200,749.9636169
15.00,29,1,895.4462367
15.00,29,2,895.3356402
15.00,29,3,895.2638883
15.00,29,4,895.2116
15.00,29,5,895.1681226
15.00,29,6,895.1385401
15.00,29,7,895.0791319
15.00,29,8,895.0315573
15.00,29,9,895.0221894
15.00,29,10,894.9503797
15.00,29,11,894.897096
15.00,29,12,894.8527002
15.00,29,13,894.8279788
15.00,29,14,894.7655038
15.00,29,15,894.7168333
15.00,29,16,894.7141685
15.00,29,17,894.6389931
15.00,29,18,894.5833308
15.00,29,19,894.5380424
15.00,29,20,894.5187102
15.00,29,21,894.4534762
15.00,29,22,894.4029869
15.00,29,23,894.3602775
15.00,29,24,894.3283356
15.00,29,25,894.2706575
15.00,29,26,894.224088
15.00,29,27,894.2106462
15.00,29,28,894.1415918
15.00,29,29,894.0897885
15.00,29,30,894.0462595
15.00,29,31,894.0182331
15.00,29,32,893.9580705
15.00,29,33,893.9106562
15.00,29,34,893.9025449
15.00,29,35,893.830877
15.00,29,36,893.7771625
15.00,29,37,893.7329456
15.00,29,38,893.7092019
15.00,29,39,893.6468929
15.00,29,40,893.5980311
15.00,29,41,893.5963144
15.00,29,42,893.5203746
15.00,29,43,893.465309
15.00,29,44,893.4201917
15.00,29,45,893.4005621
15.00,29,46,893.3355562
15.00,29,47,893.2858602
15.00,29,48,893.2435134
15.00,29,49,893.2106945
15.00,29,50,893.1537541
15.00,29,51,893.1080376
15.00,29,52,893.0923758
15.00,29,53,893.0254874
15.00,29,54,892.9743633
15.00,29,55,892.9315298
15.00,29,56,892.9018982
15.00,29,57,892.8434096
15.00,29,58,892.7966246
15.00,29,59,892.7856813
15.00,29,60,892.7156307
15.00,29,61,892.6635677
15.00,29,62,892.6200931
15.00,29,63,892.5934305
15.00,29,64,892.5330026
15.00,29,65,892.4856661
15.00,29,66,892.4785995
15.00,29,67,892.4068078
15.00,29,68,892.3532584
15.00,29,69,892.3093166
15.00,29,70,892.2858249
15.00,29,71,892.2239089
15.00,29,72,892.1754569
15.00,29,73,892.1731024
15.00,29,74,892.0980409
15.00,29,75,892.0436404
15.00,29,76,891.9990554
15.00,29,77,891.9783997
15.00,29,78,891.9145572
15.00,29,79,891.8656447
15.00,29,80,891.8238777
15.00,29,81,891.7899489
15.00,29,82,891.734258
15.00,29,83,891.6893522
15.00,29,84,891.6712401
15.00,29,85,891.6063383
15.00,29,86,891.5564485
15.00,29,87,891.5144077
15.00,29,88,891.4825729
15.00,29,89,891.425964
15.00,29,90,891.3803366
15.00,29,91,891.3653003
15.00,29,92,891.2982628
15.00,29,93,891.2478888
15.00,29,94,891.2054578
15.00,29,95,891.175413
15.00,29,96,891.1176041
15.00,29,97,891.0717501
15.00,29,98,891.0588897
15.00,29,99,890.9910664
15.00,29,100,890.9397748
15.00,29,101,890.8971283
15.00,29,102,890.8689415
15.00,29,103,890.8103856
15.00,29,104,890.7638514
15.00,29,105,890.7537352
15.00,29,106,890.683915
15.00,29,107,890.6322862
15.00,29,108,890.5892978
15.00,29,109,890.5625921
15.00,29,110,890.5029874
15.00,29,111,890.4563462
15.00,29,112,890.447912
15.00,29,113,890.3776513
15.00,29,114,890.3252083
15.00,29,115,890.282081
15.00,29,116,890.2569062
15.00,29,117,890.1967772
15.00,29,118,890.1495286
15.00,29,119,890.1433772
15.00,29,120,890.0713471
15.00,29,121,890.018746
15.00,29,122,889.9753445
15.00,29,123,889.9512631
15.00,29,124,889.8902914
15.00,29,125,889.8430744
15.00,29,126,889.8380094
15.00,29,127,889.7659372
15.00,29,128,889.7126652
15.00,29,129,889.669216
15.00,29,130,889.6462631
15.00,29,131,889.58503
15.00,29,132,889.5373071
15.00,29,133,889.5339563
15.00,29,134,889.4604215
15.00,29,135,889.4071923
15.00,29,136,889.3635531
15.00,29,137,889.3412476
15.00,29,138,889.2794226
15.00,29,139,889.2318808
15.00,29,140,889.2289533
15.00,29,141,889.1558042
15.00,29,142,889.10208
15.00,29,143,889.0584929
15.00,29,144,889.0368617
15.00,29,145,888.9750627
15.00,29,146,888.9271398
15.00,29,147,888.9252835
15.00,29,148,888.8510413
15.00,29,149,888.79757
15.00,29,150,888.7538887
15.00,29,151,888.7324282
15.00,29,152,888.6703176
15.00,29,153,888.6227265
15.00,29,154,888.6206044
15.00,29,155,888.5471778
15.00,29,156,888.4934094
15.00,29,157,888.4498829
15.00,29,158,888.4286181
15.00,29,159,888.3668276
15.00,29,160,888.3189963
15.00,29,161,888.3172671
15.00,29,162,888.2431574
15.00,29,163,888.1898482
15.00,29,164,888.1463288
15.00,29,165,888.1247566
15.00,29,166,888.0629475
15.00,29,167,888.0155904
15.00,29,168,888.0129228
15.00,29,169,887.9400339
15.00,29,170,887.8866355
15.00,29,171,887.8433698
15.00,29,172,887.82152
15.00,29,173,887.7603134
15.00,29,174,887.7128641
15.00,29,175,887.709918
15.00,29,176,887.6367708
15.00,29,177,887.5840214
15.00,29,178,887.5408633
15.00,29,179,887.5182562
15.00,29,180,887.4573179
15.00,29,181,887.4104684
15.00,29,182,887.4059687
15.00,29,183,887.3343983
15.00,29,184,887.2817645
15.00,29,185,887.2389494
15.00,29,186,887.2156255
15.00,29,187,887.1555436
15.00,29,188,887.1087477
15.00,29,189,887.1033453
15.00,29,190,887.03193
15.00,29,191,886.9801074
15.00,29,192,886.9374936
15.00,29,193,886.9130162
15.00,29,194,886.8534667
15.00,29,195,886.8073725
15.00,29,196,886.799893
15.00,29,197,886.7303422
15.00,29,198,886.6788245
15.00,29,199,886.6366285
15.00,29,200,886.6110534
15.00,30,1,756.2099702
15.00,30,2,756.1872803
15.00,30,3,756.1704144
15.00,30,4,756.1564313
15.00,30,5,756.1538733
15.00,30,6,756.1326277
15.00,30,7,756.1164864
15.00,30,8,756.1028891
15.00,30,9,756.0984543
15.00,30,10,756.0783076
15.00,30,11,756.0627323
15.00,30,12,756.0494437
15.00,30,13,756.043315
15.00,30,14,756.0241427
15.00,30,15,756.0090714
15.00,30,16,755.9960582
15.00,30,17,755.9884143
15.00,30,18,755.9701135
15.00,30,19,755.9554942
15.00,30,20,755.942728
15.00,30,21,755.9337277
15.00,30,22,755.9162076
15.00,30,23,755.9019941
15.00,30,24,755.9015334
15.00,30,25,755.8793646
15.00,30,26,755.8624827
15.00,30,27,755.8486018
15.00,30,28,755.8462591
15.00,30,29,755.8251457
15.00,30,30,755.8088447
15.00,30,31,755.795267
15.00,30,32,755.7912128
15.00,30,33,755.7710606
15.00,30,34,755.7552881
15.00,30,35,755.7419867
15.00,30,36,755.7363766
15.00,30,37,755.7170995
15.00,30,38,755.7018078
15.00,30,39,755.6887583
15.00,30,40,755.6817338
15.00,30,41,755.6632536
15.00,30,42,755.648399
15.00,30,43,755.6355791
15.00,30,44,755.6272695
15.00,30,45,755.6095145
15.00,30,46,755.5950576
15.00,30,47,755.5824469
15.00,30,48,755.5729697
15.00,30,49,755.5558748
15.00,30,50,755.5417796
15.00,30,51,755.5405618
15.00,30,52,755.5186975
15.00,30,53,755.502261
15.00,30,54,755.4885262
15.00,30,55,755.4853142
15.00,30,56,755.464595
15.00,30,57,755.4487493
15.00,30,58,755.4353377
15.00,30,59,755.4303401
15.00,30,60,755.4106465
15.00,30,61,755.3953312
15.00,30,62,755.3822096
15.00,30,63,755.3756122
15.00,30,64,755.356838
15.00,30,65,755.341999
15.00,30,66,755.3291379
15.00,30,67,755.3211067
15.00,30,68,755.3031569
15.00,30,69,755.2887461
15.00,30,70,755.2761191
15.00,30,71,755.266802
15.00,30,72,755.2495923
15.00,30,73,755.2355665
15.00,30,74,755.2345085
15.00,30,75,755.2128028
15.00,30,76,755.1961991
15.00,30,77,755.1824895
15.00,30,78,755.179642
15.00,30,79,755.1589399
15.00,30,80,755.1428886
15.00,30,81,755.1294677
15.00,30,82,755.1249904
15.00,30,83,755.1052036
15.00,30,84,755.0896557
15.00,30,85,755.0764983
15.00,30,86,755.0705371
15.00,30,87,755.051585
15.00,30,88,755.0364956
15.00,30,89,755.0235787
15.00,30,90,755.0162669
15.00,30,91,754.9980758
15.00,30,92,754.983404
15.00,30,93,754.9707067
15.00,30,94,754.9621657
15.00,30,95,754.9446683
15.00,30,96,754.930377
15.00,30,97,754.91788
15.00,30,98,754.9082208
15.00,30,99,754.8913556
15.00,30,100,754.8774109
15.00,30,101,754.8758206
15.00,30,102,754.8543006
15.00,30,103,754.8380672
15.00,30,104,754.8244685
15.00,30,105,754.8209622
15.00,30,106,754.8005418
15.00,30,107,754.7848764
15.00,30,108,754.7715885
15.00,30,109,754.7663637
15.00,30,110,754.7469301
15.00,30,111,754.7317753
15.00,30,112,754.7187667
15.00,30,113,754.7119999
15.00,30,114,754.6934521
15.00,30,115,754.6787568
15.00,30,116,754.6659995
15.00,30,117,754.6578483
15.00,30,118,754.6400963
15.00,30,119,754.6258146
15.00,30,120,754.6132835
15.00,30,121,754.6038887
15.00,30,122,754.5868522
15.00,30,123,754.572943
15.00,30,124,754.5716934
15.00,30,125,754.5502243
15.00,30,126,754.5337742
15.00,30,127,754.5201711
15.00,30,128,754.5171874
15.00,30,129,754.4966905
15.00,30,130,754.4807757
15.00,30,131,754.4674527
15.00,30,132,754.4628872
15.00,30,133,754.4432785
15.00,30,134,754.4278522
15.00,30,135,754.4147851
15.00,30,136,754.4087774
15.00,30,137,754.3899797
15.00,30,138,754.3749992
15.00,30,139,754.362166
15.00,30,140,754.3548436
15.00,30,141,754.3367864
15.00,30,142,754.3222125
15.00,30,143,754.3095932
15.00,30,144,754.3010724
15.00,30,145,754.2836914
15.00,30,146,754.2694885
15.00,30,147,754.2570647
15.00,30,148,754.247452
15.00,30,149,754.2306881
15.00,30,150,754.2168236
15.00,30,151,754.2152517
15.00,30,152,754.1938521
15.00,30,153,754.1777068
15.00,30,154,754.1641812
15.00,30,155,754.1607308
15.00,30,156,754.1404089
15.00,30,157,754.1248203
15.00,30,158,754.1115996
15.00,30,159,754.1064617
15.00,30,160,754.0871083
15.00,30,161,754.0720212
15.00,30,162,754.0590749
15.00,30,163,754.0524204
15.00,30,164,754.0339378
15.00,30,165,754.0193027
15.00,30,166,754.0066036
15.00,30,167,753.9985853
15.00,30,168,753.9808864
15.00,30,169,753.9666586
15.00,30,170,753.9541825
15.00,30,171,753.9449373
15.00,30,172,753.9279439
15.00,30,173,753.9140836
15.00,30,174,753.9130293
15.00,30,175,753.8915808
15.00,30,176,753.8751655
15.00,30,177,753.8616072
15.00,30,178,753.8588405
15.00,30,179,753.8383515
15.00,30,180,753.8224649
15.00,30,181,753.8091832
15.00,30,182,753.804852
15.00,30,183,753.785241
15.00,30,184,753.7698375
15.00,30,185,753.756809
15.00,30,186,753.7510492
15.00,30,187,753.7322411
15.00,30,188,753.7172791
15.00,30,189,753.7044825
15.00,30,190,753.6974181
15.00,30,191,753.6793443
15.00,30,192,753.6647858
15.00,30,193,753.6522015
15.00,30,194,753.6439461
15.00,30,195,753.6265439
15.00,30,196,753.612354
15.00,30,197,753.599964
15.00,30,198,753.5906217
15.00,30,199,753.5738334
15.00,30,200,753.5599804
15.00,31,1,810.5193439
15.00,31,2,809.4631278
15.00,31,3,808.8192583
15.00,31,4,808.3364569
15.00,31,5,808.0038661
15.00,31,6,807.7417208
15.00,31,7,807.5376364
15.00,31,8,807.3641358
15.00,31,9,807.2137967
15.00,31,10,807.0766055
15.00,31,11,806.9488397
15.00,31,12,806.894395
15.00,31,13,806.7131611
15.00,31,14,806.5554026
15.00,31,15,806.4150535
15.00,31,16,806.284765
15.00,31,17,806.2583461
15.00,31,18,806.0638707
15.00,31,19,805.9012322
15.00,31,20,805.7562813
15.00,31,21,805.6241519
15.00,31,22,805.4995473
15.00,31,23,805.4216161
15.00,31,24,805.2501753
15.00,31,25,805.101929
15.00,31,26,804.9668424
15.00,31,27,804.8411115
15.00,31,28,804.7831807
15.00,31,29,804.6057178
15.00,31,30,804.4513325
15.00,31,31,804.3138621
15.00,31,32,804.1861589
15.00,31,33,804.1502178
15.00,31,34,803.9621283
15.00,31,35,803.8042894
15.00,31,36,803.663296
15.00,31,37,803.5343627
15.00,31,38,803.520127
15.00,31,39,803.325874
15.00,31,40,803.1607617
15.00,31,41,803.0172276
15.00,31,42,802.8859618
15.00,31,43,802.7633105
15.00,31,44,802.6909921
15.00,31,45,802.5218791
15.00,31,46,802.3738702
15.00,31,47,802.2410877
15.00,31,48,802.1171242
15.00,31,49,802.0603196
15.00,31,50,801.8836343
15.00,31,51,801.7335838
15.00,31,52,801.598467
15.00,31,53,801.4738784
15.00,31,54,801.4316102
15.00,31,55,801.251279
15.00,31,56,801.0963179
15.00,31,57,800.9597687
15.00,31,58,800.833759
15.00,31,59,800.806785
15.00,31,60,800.6184078
15.00,31,61,800.4618488
15.00,31,62,800.3229033
15.00,31,63,800.1964117
15.00,31,64,800.1830182
15.00,31,65,799.9918072
15.00,31,66,799.8301414
15.00,31,67,799.690014
15.00,31,68,799.5620896
15.00,31,69,799.4426154
15.00,31,70,799.365453
15.00,31,71,799.2022096
15.00,31,72,799.0593263
15.00,31,73,798.9308813
15.00,31,74,798.8107832
15.00,31,75,798.7421588
15.00,31,76,798.5744897
15.00,31,77,798.4312318
15.00,31,78,798.3016897
15.00,31,79,798.1816469
15.00,31,80,798.1199795
15.00,31,81,797.9515343
15.00,31,82,797.8057088
15.00,31,83,797.6759337
15.00,31,84,797.5553728
15.00,31,85,797.5006036
15.00,31,86,797.3282008
15.00,31,87,797.1826077
15.00,31,88,797.0519741
15.00,31,89,796.9316892
15.00,31,90,796.8818898
15.00,31,91,796.7097201
15.00,31,92,796.5619333
15.00,31,93,796.4314309
15.00,31,94,796.3107974
15.00,31,95,796.2658084
15.00,31,96,796.0904176
15.00,31,97,795.943549
15.00,31,98,795.8125156
15.00,31,99,795.6924104
15.00,31,100,795.6500706
15.00,31,101,795.4760206
15.00,31,102,795.3274868
15.00,31,103,795.1969921
15.00,31,104,795.0767578
15.00,31,105,795.0368662
15.00,31,106,794.8605439
15.00,31,107,794.7136306
15.00,31,108,794.5829938
15.00,31,109,794.4635488
15.00,31,110,794.4238549
15.00,31,111,794.2499792
15.00,31,112,794.1020394
15.00,31,113,793.9723554
15.00,31,114,793.8530311
15.00,31,115,793.8133564
15.00,31,116,793.6382866
15.00,31,117,793.4926221
15.00,31,118,793.3632112
15.00,31,119,793.2449215
15.00,31,120,793.203078
15.00,31,121,793.0314597
15.00,31,122,792.8854601
15.00,31,123,792.757385
15.00,31,124,792.6394738
15.00,31,125,792.5953634
15.00,31,126,792.4236618
15.00,31,127,792.2804882
15.00,31,128,792.1530906
15.00,31,129,792.0364225
15.00,31,130,791.9880589
15.00,31,131,791.8206296
15.00,31,132,791.6778029
15.00,31,133,791.5520619
15.00,31,134,791.4360144
15.00,31,135,791.3834239
15.00,31,136,791.2169573
15.00,31,137,791.0773626
15.00,31,138,790.9526582
15.00,31,139,790.8380097
15.00,31,140,790.7795155
15.00,31,141,790.6179024
15.00,31,142,790.4792697
15.00,31,143,790.3564574
15.00,31,144,790.2426368
15.00,31,145,790.1784142
15.00,31,146,790.0186618
15.00,31,147,789.8835009
15.00,31,148,789.7620129
15.00,31,149,789.6496862
15.00,31,150,789.5784336
15.00,31,151,789.4238517
15.00,31,152,789.2901557
15.00,31,153,789.1706993
15.00,31,154,789.1671771
15.00,31,155,788.982828
15.00,31,156,788.8302242
15.00,31,157,788.6997406
15.00,31,158,788.5816005
15.00,31,159,788.5663049
15.00,31,160,788.3856994
15.00,31,161,788.2389637
15.00,31,162,788.1106876
15.00,31,163,787.9948606
15.00,31,164,787.9663522
15.00,31,165,787.7944152
15.00,31,166,787.6502425
15.00,31,167,787.5251662
15.00,31,168,787.4108048
15.00,31,169,787.3701783
15.00,31,170,787.2026591
15.00,31,171,787.0640472
15.00,31,172,786.9413124
15.00,31,173,786.8291695
15.00,31,174,786.7756179
15.00,31,175,786.6162366
15.00,31,176,786.4805062
15.00,31,177,786.3608263
15.00,31,178,786.250207
15.00,31,179,786.1849146
15.00,31,180,786.0302489
15.00,31,181,785.899607
15.00,31,182,785.7822689
15.00,31,183,785.7773639
15.00,31,184,785.594816
15.00,31,185,785.4481204
15.00,31,186,785.3208394
15.00,31,187,785.2065459
15.00,31,188,785.1824419
15.00,31,189,785.0114424
15.00,31,190,784.8689425
15.00,31,191,784.7458575
15.00,31,192,784.6336135
15.00,31,193,784.5925271
15.00,31,194,784.4282875
15.00,31,195,784.2926836
15.00,31,196,784.1727615
15.00,31,197,784.0631933
15.00,31,198,784.0053517
15.00,31,199,783.8509867
15.00,31,200,783.7194317
15.00,32,1,736.2303253
15.00,32,2,736.132974
15.00,32,3,736.0712047
15.00,32,4,736.0622047
15.00,32,5,735.9832341
15.00,32,6,735.9285137
15.00,32,7,735.8892656
15.00,32,8,735.8653692
15.00,32,9,735.8174875
15.00,32,10,735.7816354
15.00,32,11,735.7686719
15.00,32,12,735.7205017
15.00,32,13,735.6878883
15.00,32,14,735.681229
15.00,32,15,735.6352785
15.00,32,16,735.6019272
15.00,32,17,735.6015831
15.00,32,18,735.5518759
15.00,32,19,735.5198443
15.00,32,20,735.4939565
15.00,32,21,735.4731376
15.00,32,22,735.439601
15.00,32,23,735.4140606
15.00,32,24,735.395415
15.00,32,25,735.3617934
15.00,32,26,735.3353145
15.00,32,27,735.3194541
15.00,32,28,735.2834527
15.00,32,29,735.2570902
15.00,32,30,735.2434049
15.00,32,31,735.2071344
15.00,32,32,735.1793645
15.00,32,33,735.1688972
15.00,32,34,735.1294369
15.00,32,35,735.1017721
15.00,32,36,735.0938066
15.00,32,37,735.0540731
15.00,32,38,735.024533
15.00,32,39,735.0204988
15.00,32,40,734.9766323
15.00,32,41,734.9472906
15.00,32,42,734.9462151
15.00,32,43,734.9021925
15.00,32,44,734.8704119
15.00,32,45,734.8458176
15.00,32,46,734.8263697
15.00,32,47,734.794168
15.00,32,48,734.7685214
15.00,32,49,734.7514832
15.00,32,50,734.7169293
15.00,32,51,734.6912459
15.00,32,52,734.6761854
15.00,32,53,734.6412203
15.00,32,54,734.6141811
15.00,32,55,734.6020896
15.00,32,56,734.5641227
15.00,32,57,734.5371121
15.00,32,58,734.5273728
15.00,32,59,734.4890526
15.00,32,60,734.4602975
15.00,32,61,734.4542146
15.00,32,62,734.4120652
15.00,32,63,734.3834476
15.00,32,64,734.3801478
15.00,32,65,734.3377729
15.00,32,66,734.3069116
15.00,32,67,734.2827475
15.00,32,68,734.2622214
15.00,32,69,734.2309429
15.00,32,70,734.2058126
15.00,32,71,734.187513
15.00,32,72,734.1540754
15.00,32,73,734.1288964
15.00,32,74,734.112435
15.00,32,75,734.0785892
15.00,32,76,734.0521724
15.00,32,77,734.0384441
15.00,32,78,734.0018565
15.00,32,79,733.9754484
15.00,32,80,733.9638996
15.00,32,81,733.9269515
15.00,32,82,733.8989578
15.00,32,83,733.8907625
15.00,32,84,733.8503312
15.00,32,85,733.8224406
15.00,32,86,733.8168179
15.00,32,87,733.7761325
15.00,32,88,733.7462102
15.00,32,89,733.7447001
15.00,32,90,733.6995884
15.00,32,91,733.6699161
15.00,32,92,733.6456423
15.00,32,93,733.6248763
15.00,32,94,733.5933897
15.00,32,95,733.5690505
15.00,32,96,733.5498822
15.00,32,97,733.5179972
15.00,32,98,733.492626
15.00,32,99,733.4757892
15.00,32,100,733.4416097
15.00,32,101,733.4162131
15.00,32,102,733.4012692
15.00,32,103,733.3667144
15.00,32,104,733.3400009
15.00,32,105,733.3279088
15.00,32,106,733.2904506
15.00,32,107,733.2637795
15.00,32,108,733.2539213
15.00,32,109,733.2161539
15.00,32,110,733.187802
15.00,32,111,733.1814309
15.00,32,112,733.1399883
15.00,32,113,733.1117864
15.00,32,114,733.1080396
15.00,32,115,733.0664178
15.00,32,116,733.0360705
15.00,32,117,733.0122485
15.00,32,118,732.991623
15.00,32,119,732.9608935
15.00,32,120,732.9361545
15.00,32,121,732.9176266
15.00,32,122,732.8848548
15.00,32,123,732.8600776
15.00,32,124,732.8432679
15.00,32,125,732.8101261
15.00,32,126,732.7841828
15.00,32,127,732.7699315
15.00,32,128,732.7342145
15.00,32,129,732.7082875
15.00,32,130,732.6960617
15.00,32,131,732.6600218
15.00,32,132,732.6326116
15.00,32,133,732.6235056
15.00,32,134,732.5842171
15.00,32,135,732.5569107
15.00,32,136,732.5501824
15.00,32,137,732.5106704
15.00,32,138,732.4814774
15.00,32,139,732.4785518
15.00,32,140,732.4349406
15.00,32,141,732.405985
15.00,32,142,732.4058371
15.00,32,143,732.3621779
15.00,32,144,732.3308225
15.00,32,145,732.3066701
15.00,32,146,732.2879802
15.00,32,147,732.2562632
15.00,32,148,732.2310907
15.00,32,149,732.2146733
15.00,32,150,732.1806986
15.00,32,151,732.1555191
15.00,32,152,732.1409223
15.00,32,153,732.1066161
15.00,32,154,732.0801436
15.00,32,155,732.0683104
15.00,32,156,732.0311658
15.00,32,157,732.0047553
15.00,32,158,731.9950583
15.00,32,159,731.9576539
15.00,32,160,731.9296043
15.00,32,161,731.923267
15.00,32,162,731.882293
15.00,32,163,731.8544121
15.00,32,164,731.8505701
15.00,32,165,731.8094689
15.00,32,166,731.7795099
15.00,32,167,731.7559762
15.00,32,168,731.735436
15.00,32,169,731.7051271
15.00,32,170,731.6807116
15.00,32,171,731.6621707
15.00,32,172,731.6299044
15.00,32,173,731.6054621
15.00,32,174,731.5885444
15.00,32,175,731.5559436
15.00,32,176,731.5303872
15.00,32,177,731.5158943
15.00,32,178,731.4808411
15.00,32,179,731.4553106
15.00,32,180,731.4427212
15.00,32,181,731.4073812
15.00,32,182,731.380443
15.00,32,183,731.370794
15.00,32,184,731.3323801
15.00,32,185,731.3055506
15.00,32,186,731.2981249
15.00,32,187,731.2595198
15.00,32,188,731.2309115
15.00,32,189,731.2270502
15.00,32,190,731.1845908
15.00,32,191,731.1562159
15.00,32,192,731.1549394
15.00,32,193,731.112453
15.00,32,194,731.0818302
15.00,32,195,731.0581024
15.00,32,196,731.03896
15.00,32,197,731.0080061
15.00,32,198,730.9833291
15.00,32,199,730.9662952
15.00,32,200,730.9332447
15.00,33,1,941.6891542
15.00,33,2,941.679712
15.00,33,3,941.6793353
15.00,33,4,941.6719104
15.00,33,5,941.6703342
15.00,33,6,941.6643639
15.00,33,7,941.6619479
15.00,33,8,941.6570295
15.00,34,1,883.8399825
15.00,34,2,883.5855519
15.00,34,3,883.4711538
15.00,34,4,883.3964283
15.00,34,5,883.2786899
15.00,34,6,883.2078038
15.00,34,7,883.0865317
15.00,34,8,883.0196768
15.00,34,9,882.8946766
15.00,34,10,882.8320532
15.00,34,11,882.7031258
15.00,34,12,882.6449401
15.00,34,13,882.5118805
15.00,34,14,882.4583443
15.00,34,15,882.3209421
15.00,34,16,882.2722727
15.00,34,17,882.1303117
15.00,34,18,882.0867318
15.00,34,19,881.9399906
15.00,34,20,881.9017277
15.00,34,21,881.7499799
15.00,34,22,881.7172662
15.00,34,23,881.5602804
15.00,34,24,881.5333525
15.00,34,25,881.3708931
15.00,34,26,881.3499914
15.00,34,27,881.1818186
15.00,34,28,881.1671871
15.00,34,29,880.9930575
15.00,34,30,880.9849434
15.00,34,31,880.8046103
15.00,34,32,880.8032632
15.00,34,33,880.6164772
15.00,34,34,880.521175
15.00,34,35,880.4288031
15.00,34,36,880.3317424
15.00,34,37,880.2414628
15.00,34,38,880.1425657
15.00,34,39,880.0544575
15.00,34,40,879.9536449
15.00,34,41,879.8677882
15.00,34,42,879.7649799
15.00,34,43,879.6814559
15.00,34,44,879.5765705
15.00,34,45,879.4954615
15.00,34,46,879.3884164
15.00,34,47,879.3098055
15.00,34,48,879.2005176
15.00,34,49,879.1244885
15.00,34,50,879.0128736
15.00,34,51,878.9395106
15.00,34,52,878.8254841
15.00,34,53,878.7548718
15.00,34,54,878.6383488
15.00,34,55,878.5705719
15.00,34,56,878.4514671
15.00,34,57,878.3866105
15.00,34,58,878.2648386
15.00,34,59,878.2029869
15.00,34,60,878.0784627
15.00,34,61,878.0197
15.00,34,62,877.8923387
15.00,34,63,877.8367486
15.00,34,64,877.7064658
15.00,34,65,877.6541312
15.00,34,66,877.5208434
15.00,34,67,877.471846
15.00,34,68,877.3354705
15.00,34,69,877.2898907
15.00,34,70,877.1503463
15.00,34,71,877.108263
15.00,34,72,876.9654695
15.00,34,73,876.9269601
15.00,34,74,876.7808393
15.00,34,75,876.7459789
15.00,34,76,876.5964544
15.00,34,77,876.565316
15.00,34,78,876.4123135
15.00,34,79,876.3849677
15.00,34,80,876.2284153
15.00,34,81,876.2049298
15.00,34,82,876.0447584
15.00,34,83,876.0251979
15.00,34,84,875.8613412
15.00,34,85,875.8457673
15.00,34,86,875.6781622
15.00,34,87,875.6666329
15.00,34,88,875.4952197
15.00,34,89,875.4877892
15.00,34,90,875.312512
15.00,34,91,875.3092305
15.00,34,92,875.1300371
15.00,34,93,875.0386132
15.00,34,94,874.9477121
15.00,34,95,874.8554058
15.00,34,96,874.7656095
15.00,34,97,874.6724156
15.00,34,98,874.5837268
15.00,34,99,874.4896415
15.00,34,100,874.4020618
15.00,34,101,874.3070828
15.00,34,102,874.2206122
15.00,34,103,874.1247383
15.00,34,104,874.0393754
15.00,34,105,873.9426073
15.00,34,106,873.8583491
15.00,34,107,873.7606887
15.00,34,108,873.6775308
15.00,34,109,873.5789816
15.00,34,110,873.496918
15.00,34,111,873.397485
15.00,34,112,873.3165081
15.00,34,113,873.2161979
15.00,34,114,873.1362986
15.00,34,115,873.0351194
15.00,34,116,872.9562868
15.00,34,117,872.8542485
15.00,34,118,872.7764703
15.00,34,119,872.6735843
15.00,34,120,872.5968464
15.00,34,121,872.4931257
15.00,34,122,872.4174125
15.00,34,123,872.3128717
15.00,34,124,872.238166
15.00,34,125,872.1328215
15.00,34,126,872.0591045
15.00,34,127,871.952974
15.00,34,128,871.8802253
15.00,34,129,871.7733284
15.00,34,130,871.7015259
15.00,34,131,871.5938835
15.00,34,132,871.5230039
15.00,34,133,871.4146386
15.00,34,134,871.3446569
15.00,34,135,871.2355928
15.00,34,136,871.1664824
15.00,34,137,871.056745
15.00,34,138,870.9884782
15.00,34,139,870.8780944
15.00,34,140,870.810642
15.00,34,141,870.6996401
15.00,34,142,870.6329716
15.00,34,143,870.5213814
15.00,34,144,870.4554648
15.00,34,145,870.3433173
15.00,34,146,870.2781197
15.00,34,147,870.1654471
15.00,34,148,870.1009344
15.00,34,149,869.9877699
15.00,34,150,869.9239068
15.00,34,151,869.8102851
15.00,34,152,869.7470353
15.00,34,153,869.6329918
15.00,34,154,869.5703183
15.00,34,155,869.4558893
15.00,34,156,869.393754
15.00,34,157,869.2789771
15.00,34,158,869.2173412
15.00,34,159,869.1022543
15.00,34,160,869.0410784
15.00,34,161,868.9257205
15.00,34,162,868.8649644
15.00,34,163,868.7493749
15.00,34,164,868.6889982
15.00,34,165,868.5732171
15.00,34,166,868.5131786
15.00,34,167,868.3972465
15.00,34,168,868.3375048
15.00,34,169,868.2214626
15.00,34,170,868.1619761
15.00,34,171,868.0458649
15.00,34,172,867.9865919
15.00,34,173,867.870453
15.00,34,174,867.8113515
15.00,34,175,867.6952265
15.00,34,176,867.6362547
15.00,34,177,867.5201849
15.00,34,178,867.4613011
15.00,34,179,867.345328
15.00,34,180,867.2864906
15.00,34,181,867.1706555
15.00,34,182,867.1118232
15.00,34,183,866.9961669
15.00,34,184,866.9372989
15.00,34,185,866.8218622
15.00,34,186,866.762918
15.00,34,187,866.647741
15.00,34,188,866.5886807
15.00,34,189,866.4738031
15.00,34,190,866.4145875
15.00,34,191,866.3000485
15.00,34,192,866.2406389
15.00,34,193,866.1264768
15.00,34,194,866.0668356
15.00,34,195,865.9530881
15.00,34,196,865.8931781
15.00,34,197,865.7798822
15.00,34,198,865.7196675
15.00,34,199,865.606859
15.00,34,200,865.5463045
15.00,35,1,881.3244752
15.00,35,2,881.2972856
15.00,35,3,881.2761258
15.00,35,4,881.2750086
15.00,35,5,881.215159
15.00,35,6,881.2004743
15.00,35,7,881.1918578
15.00,35,8,881.1758379
15.00,35,9,881.1691084
15.00,35,10,881.151336
15.00,35,11,881.1469218
15.00,35,12,881.1269972
15.00,35,13,881.1254228
15.00,35,14,881.1028572
15.00,35,15,881.0904153
15.00,35,16,881.0789981
15.00,35,17,881.0656085
15.00,35,18,881.0554565
15.00,35,19,881.040896
15.00,35,20,881.0323065
15.00,35,21,881.0162993
15.00,35,22,881.0096398
15.00,35,23,880.991845
15.00,35,24,880.9875704
15.00,35,25,880.967566
15.00,35,26,880.9662391
15.00,35,27,880.9435031
15.00,35,28,880.9309713
15.00,35,29,880.9196681
15.00,35,30,880.9061868
15.00,35,31,880.8961397
15.00,35,32,880.8814927
15.00,35,33,880.8729857
15.00,35,34,880.8569081
15.00,35,35,880.8502889
15.00,35,36,880.8324567
15.00,35,37,880.8281502
15.00,35,38,880.8081671
15.00,35,39,880.8066925
15.00,35,40,880.784074
15.00,35,41,880.7716335
15.00,35,42,880.760259
15.00,35,43,880.7468751
15.00,35,44,880.7367573
15.00,35,45,880.7222098
15.00,35,46,880.7136414
15.00,35,47,880.6976585
15.00,35,48,880.691001
15.00,35,49,880.6732471
15.00,35,50,880.6689469
15.00,35,51,880.6490077
15.00,35,52,880.6476166
15.00,35,53,880.6249801
15.00,35,54,880.6124933
15.00,35,55,880.6011748
15.00,35,56,880.5877532
15.00,35,57,880.5776689
15.00,35,58,880.5631012
15.00,35,59,880.5545277
15.00,35,60,880.538556
15.00,35,61,880.5318315
15.00,35,62,880.5141403
15.00,35,63,880.5096773
15.00,35,64,880.4898815
15.00,35,65,880.4881836
15.00,35,66,880.4658133
15.00,35,67,880.4534597
15.00,35,68,880.4420144
15.00,35,69,880.4287416
15.00,35,70,880.4185182
15.00,35,71,880.4041134
15.00,35,72,880.3953939
15.00,35,73,880.3795951
15.00,35,74,880.3727274
15.00,35,75,880.3552114
15.00,35,76,880.3506245
15.00,35,77,880.330993
15.00,35,78,880.3292159
15.00,35,79,880.3069776
15.00,35,80,880.2946223
15.00,35,81,880.2831751
15.00,35,82,880.2699187
15.00,35,83,880.2596587
15.00,35,84,880.2452994
15.00,35,85,880.2364904
15.00,35,86,880.220782
15.00,35,87,880.213746
15.00,35,88,880.1963879
15.00,35,89,880.1915174
15.00,35,90,880.1721433
15.00,35,91,880.1699161
15.00,35,92,880.1480795
15.00,35,93,880.1358936
15.00,35,94,880.1242709
15.00,35,95,880.1112082
15.00,35,96,880.1007486
15.00,35,97,880.086608
15.00,35,98,880.0775774
15.00,35,99,880.0621115
15.00,35,100,880.0548376
15.00,35,101,880.0377419
15.00,35,102,880.0326278
15.00,35,103,880.0135277
15.00,35,104,880.0110701
15.00,35,105,879.9895041
15.00,35,106,879.977359
15.00,35,107,879.9656804
15.00,35,108,879.952685
15.00,35,109,879.9421244
15.00,35,110,879.92809
15.00,35,111,879.9188939
15.00,35,112,879.9035903
15.00,35,113,879.8960589
15.00,35,114,879.8792058
15.00,35,115,879.8737045
15.00,35,116,879.8549606
15.00,35,117,879.8519338
15.00,35,118,879.8308838
15.00,35,119,879.8308716
15.00,35,120,879.8070107
15.00,35,121,879.7942684
15.00,35,122,879.7834279
15.00,35,123,879.7696861
15.00,35,124,879.7601681
15.00,35,125,879.7451994
15.00,35,126,879.737304
15.00,35,127,879.7208293
15.00,35,128,879.7149255
15.00,35,129,879.6966015
15.00,35,130,879.6931431
15.00,35,131,879.6725479
15.00,35,132,879.6720929
15.00,35,133,879.6487079
15.00,35,134,879.6360553
15.00,35,135,879.6250884
15.00,35,136,879.6114777
15.00,35,137,879.6017669
15.00,35,138,879.5869876
15.00,35,139,879.5788069
15.00,35,140,879.5626029
15.00,35,141,879.5562854
15.00,35,142,879.5383454
15.00,35,143,879.5342957
15.00,35,144,879.5142414
15.00,35,145,879.5129506
15.00,35,146,879.4903228
15.00,35,147,879.4779461
15.00,35,148,879.4666671
15.00,35,149,879.4533782
15.00,35,150,879.4433036
15.00,35,151,879.428897
15.00,35,152,879.4202976
15.00,35,153,879.4045211
15.00,35,154,879.3977293
15.00,35,155,879.3802736
15.00,35,156,879.3756973
15.00,35,157,879.356183
15.00,35,158,879.3543228
15.00,35,159,879.3322842
15.00,35,160,879.3200359
15.00,35,161,879.3085841
15.00,35,162,879.2954708
15.00,35,163,879.2851513
15.00,35,164,879.2709843
15.00,35,165,879.262042
15.00,35,166,879.2465925
15.00,35,167,879.2393248
15.00,35,168,879.2223146
15.00,35,169,879.2170822
15.00,35,170,879.1981739
15.00,35,171,879.1954142
15.00,35,172,879.1741986
15.00,35,173,879.1622375
15.00,35,174,879.1504561
15.00,35,175,879.13768
15.00,35,176,879.1269727
15.00,35,177,879.1131994
15.00,35,178,879.1038055
15.00,35,179,879.0888123
15.00,35,180,879.0810246
15.00,35,181,879.0645387
15.00,35,182,879.0587162
15.00,35,183,879.0404034
15.00,35,184,879.0369857
15.00,35,185,879.0164368
15.00,35,186,879.0159631
15.00,35,187,878.9926763
15.00,35,188,878.980086
15.00,35,189,878.9691267
15.00,35,190,878.9556017
15.00,35,191,878.9458625
15.00,35,192,878.931201
15.00,35,193,878.9229433
15.00,35,194,878.9069009
15.00,35,195,878.9004412
15.00,35,196,878.8827216
15.00,35,197,878.8784432
15.00,35,198,878.8586878
15.00,35,199,878.8570545
15.00,35,200,878.8348289
15.00,36,1,909.604262
15.00,36,2,909.2665236
15.00,36,3,908.9918764
15.00,36,4,908.7151432
15.00,36,5,908.4837868
15.00,36,6,908.2533517
15.00,36,7,908.0556818
15.00,36,8,907.8603513
15.00,36,9,907.6887725
15.00,36,10,907.5200537
15.00,36,11,907.36863
15.00,36,12,907.2201067
15.00,36,13,907.0842394
15.00,36,14,906.9510731
15.00,36,15,906.8272162
15.00,36,16,906.7057574
15.00,36,17,906.5911824
15.00,36,18,906.478674
15.00,36,19,906.3712825
15.00,36,20,906.2656367
15.00,36,21,906.1638143
15.00,36,22,906.0634463
15.00,36,23,905.9659498
15.00,36,24,905.8696532
15.00,36,25,905.7755241
15.00,36,26,905.6823781
15.00,36,27,905.5908768
15.00,36,28,905.500177
15.00,36,29,905.4107314
15.00,36,30,905.3219374
15.00,36,31,905.2341048
15.00,36,32,905.1468011
15.00,36,33,905.0602383
15.00,36,34,904.9741046
15.00,36,35,904.8885449
15.00,36,36,904.8033337
15.00,36,37,904.71857
15.00,36,38,904.6340896
15.00,36,39,904.6294332
15.00,36,40,904.5282382
15.00,36,41,904.4300823
15.00,36,42,904.3329438
15.00,36,43,904.2381389
15.00,36,44,904.144198
15.00,36,45,904.052057
15.00,36,46,903.9606437
15.00,36,47,903.8706251
15.00,36,48,903.781216
15.00,36,49,903.6928927
15.00,36,50,903.6050779
15.00,36,51,903.5181125
15.00,36,52,903.4315706
15.00,36,53,903.3456965
15.00,36,54,903.2601746
15.00,36,55,903.1751806
15.00,36,56,903.0904796
15.00,36,57,903.006198
15.00,36,58,902.9221607
15.00,36,59,902.8384585
15.00,36,60,902.7549602
15.00,36,61,902.7399114
15.00,36,62,902.6425201
15.00,36,63,902.5475536
15.00,36,64,902.4532274
15.00,36,65,902.3608082
15.00,36,66,902.2689544
15.00,36,67,902.1786066
15.00,36,68,902.0887526
15.00,36,69,902.000093
15.00,36,70,901.9118614
15.00,36,71,901.8245811
15.00,36,72,901.7376699
15.00,36,73,901.6515199
15.00,36,74,901.565687
15.00,36,75,901.4804659
15.00,36,76,901.3955169
15.00,36,77,901.3110619
15.00,36,78,901.22684
15.00,36,79,901.1430192
15.00,36,80,901.0593983
15.00,36,81,900.9761045
15.00,36,82,900.8929822
15.00,36,83,900.8101284
15.00,36,84,900.7274221
15.00,36,85,900.7177502
15.00,36,86,900.6226175
15.00,36,87,900.5296203
15.00,36,88,900.4369194
15.00,36,89,900.3459428
15.00,36,90,900.2552527
15.00,36,91,900.1659598
15.00,36,92,900.0769366
15.00,36,93,899.9890498
15.00,36,94,899.9014122
15.00,36,95,899.8147024
15.00,36,96,899.7282199
15.00,36,97,899.6424982
15.00,36,98,899.5569818
15.00,36,99,899.4720916
15.00,36,100,899.3873859
15.00,36,101,899.3031978
15.00,36,102,899.2191748
15.00,36,103,899.1355814
15.00,36,104,899.0521354
15.00,36,105,898.9690475
15.00,36,106,898.886091
15.00,36,107,898.8034344
15.00,36,108,898.720895
15.00,36,109,898.6386079
15.00,36,110,898.5564252
15.00,36,111,898.4744559
15.00,36,112,898.3925799
15.00,36,113,898.3108853
15.00,36,114,898.305485
15.00,36,115,898.2144681
15.00,36,116,898.1233275
15.00,36,117,898.0338307
15.00,36,118,897.9442607
15.00,36,119,897.8560669
15.00,36,120,897.7678361
15.00,36,121,897.6807613
15.00,36,122,897.5936751
15.00,36,123,897.5075632
15.00,36,124,897.4214579
15.00,36,125,897.3361764
15.00,36,126,897.2509139
15.00,36,127,897.1663505
15.00,36,128,897.0818144
15.00,36,129,896.9978736
15.00,36,130,896.9139653
15.00,36,131,896.8305658
15.00,36,132,896.7472019
15.00,36,133,896.6642744
15.00,36,134,896.581384
15.00,36,135,896.4988693
15.00,36,136,896.4163923
15.00,36,137,896.3342398
15.00,36,138,896.2521247
15.00,36,139,896.1702912
15.00,36,140,896.0884943
15.00,36,141,896.0069424
15.00,36,142,895.9254262
15.00,36,143,895.8441242
15.00,36,144,895.7628565
15.00,36,145,895.6817768
15.00,36,146,895.60073
15.00,36,147,895.519849
15.00,36,148,895.4389994
15.00,36,149,895.3582965
15.00,36,150,895.2776238
15.00,36,151,895.1970814
15.00,36,152,895.1165678
15.00,36,153,895.0361706
15.00,36,154,895.0353136
15.00,36,155,894.9490674
15.00,36,156,894.8622358
15.00,36,157,894.776741
15.00,36,158,894.6907313
15.00,36,159,894.6059064
15.00,36,160,894.5206261
15.00,36,161,894.4363993
15.00,36,162,894.3517676
15.00,36,163,894.2680757
15.00,36,164,894.1840222
15.00,36,165,894.1008098
15.00,36,166,894.0172728
15.00,36,167,893.9344911
15.00,36,168,893.8514169
15.00,36,169,893.7690232
15.00,36,170,893.6863646
15.00,36,171,893.6043214
15.00,36,172,893.5220371
15.00,36,173,893.4403112
15.00,36,174,893.3583651
15.00,36,175,893.2769276
15.00,36,176,893.1952879
15.00,36,177,893.1141129
15.00,36,178,893.0327517
15.00,36,179,892.9518167
15.00,36,180,892.8707093
15.00,36,181,892.7899943
15.00,36,182,892.7091192
15.00,36,183,892.6286065
15.00,36,184,892.5479444
15.00,36,185,892.4676185
15.00,36,186,892.3871526
15.00,36,187,892.3069997
15.00,36,188,892.2267151
15.00,36,189,892.146723
15.00,36,190,892.0666065
15.00,36,191,891.9867644
15.00,36,192,891.9068045
15.00,36,193,891.8271029
15.00,36,194,891.7472892
15.00,36,195,891.6677197
15.00,36,196,891.5880433
15.00,36,197,891.5085986
15.00,36,198,891.4290514
15.00,36,199,891.349725
15.00,36,200,891.2703001
15.00,37,1,743.8746882
15.00,37,2,743.7117676
15.00,37,3,743.5922906
15.00,37,4,743.4734027
15.00,37,5,743.3787488
15.00,37,6,743.2863061
15.00,37,7,743.2077612
15.00,37,8,743.1316155
15.00,37,9,743.0635791
15.00,37,10,742.9975914
15.00,37,11,742.9364039
15.00,37,12,742.8767948
15.00,37,13,742.8200643
15.00,37,14,742.7644845
15.00,37,15,742.7106519
15.00,37,16,742.6576308
15.00,37,17,742.6056829
15.00,37,18,742.6004294
15.00,37,19,742.5317465
15.00,37,20,742.4651742
15.00,37,21,742.4036549
15.00,37,22,742.3437716
15.00,37,23,742.2869118
15.00,37,24,742.2312469
15.00,37,25,742.1774129
15.00,37,26,742.1244219
15.00,37,27,742.0725526
15.00,37,28,742.071009
15.00,37,29,742.0017711
15.00,37,30,741.9347051
15.00,37,31,741.8729186
15.00,37,32,741.8128207
15.00,37,33,741.7558744
15.00,37,34,741.7001625
15.00,37,35,741.6463547
15.00,37,36,741.5934177
15.00,37,37,741.5416447
15.00,37,38,741.4904729
15.00,37,39,741.471986
15.00,37,40,741.4048821
15.00,37,41,741.343139
15.00,37,42,741.2831108
15.00,37,43,741.2262781
15.00,37,44,741.1706975
15.00,37,45,741.1170446
15.00,37,46,741.0642735
15.00,37,47,741.012679
15.00,37,48,740.9616924
15.00,37,49,740.9438728
15.00,37,50,740.8768603
15.00,37,51,740.8152492
15.00,37,52,740.7553722
15.00,37,53,740.6987103
15.00,37,54,740.6433119
15.00,37,55,740.5898502
15.00,37,56,740.5372767
15.00,37,57,740.4858835
15.00,37,58,740.4351015
15.00,37,59,740.417412
15.00,37,60,740.3506235
15.00,37,61,740.2892342
15.00,37,62,740.2295907
15.00,37,63,740.1731568
15.00,37,64,740.1179915
15.00,37,65,740.0647571
15.00,37,66,740.0124124
15.00,37,67,739.9612433
15.00,37,68,739.9106848
15.00,37,69,739.8926008
15.00,37,70,739.8261668
15.00,37,71,739.7650877
15.00,37,72,739.7057581
15.00,37,73,739.6496085
15.00,37,74,739.5947257
15.00,37,75,739.5417541
15.00,37,76,739.4896686
15.00,37,77,739.4387454
15.00,37,78,739.3884291
15.00,37,79,739.3694484
15.00,37,80,739.3034945
15.00,37,81,739.2428109
15.00,37,82,739.1838724
15.00,37,83,739.1280609
15.00,37,84,739.073508
15.00,37,85,739.0208329
15.00,37,86,738.9690355
15.00,37,87,738.918379
15.00,37,88,738.9174362
15.00,37,89,738.8494508
15.00,37,90,738.7837687
15.00,37,91,738.7233389
15.00,37,92,738.6646619
15.00,37,93,738.6090971
15.00,37,94,738.5547928
15.00,37,95,738.5023551
15.00,37,96,738.4507941
15.00,37,97,738.400366
15.00,37,98,738.3986718
15.00,37,99,738.3310763
15.00,37,100,738.2657939
15.00,37,101,738.2057041
15.00,37,102,738.1473663
15.00,37,103,738.0921022
15.00,37,104,738.0380937
15.00,37,105,737.9859269
15.00,37,106,737.9346312
15.00,37,107,737.8844523
15.00,37,108,737.881413
15.00,37,109,737.8143374
15.00,37,110,737.7495757
15.00,37,111,737.689908
15.00,37,112,737.6319832
15.00,37,113,737.5770715
15.00,37,114,737.5234039
15.00,37,115,737.4715404
15.00,37,116,737.4205373
15.00,37,117,737.3706272
15.00,37,118,737.3656855
15.00,37,119,737.2992531
15.00,37,120,737.2351259
15.00,37,121,737.1759582
15.00,37,122,737.1185156
15.00,37,123,737.0640048
15.00,37,124,737.0107201
15.00,37,125,736.9591898
15.00,37,126,736.9085046
15.00,37,127,736.8588817
15.00,37,128,736.8515266
15.00,37,129,736.785852
15.00,37,130,736.7224638
15.00,37,131,736.6638676
15.00,37,132,736.6069705
15.00,37,133,736.5529051
15.00,37,134,736.5000415
15.00,37,135,736.4488716
15.00,37,136,736.3985272
15.00,37,137,736.349208
15.00,37,138,736.3389832
15.00,37,139,736.2741702
15.00,37,140,736.2116143
15.00,37,141,736.1536543
15.00,37,142,736.0973588
15.00,37,143,736.0437786
15.00,37,144,735.9913696
15.00,37,145,735.9405844
15.00,37,146,735.8906008
15.00,37,147,735.8415997
15.00,37,148,735.8281102
15.00,37,149,735.7642503
15.00,37,150,735.7026074
15.00,37,151,735.6453399
15.00,37,152,735.5896942
15.00,37,153,735.5366334
15.00,37,154,735.4847079
15.00,37,155,735.434328
15.00,37,156,735.3847219
15.00,37,157,735.3360511
15.00,37,158,735.318968
15.00,37,159,735.2561389
15.00,37,160,735.1954762
15.00,37,161,735.1389485
15.00,37,162,735.0839924
15.00,37,163,735.0314796
15.00,37,164,734.9800607
15.00,37,165,734.930103
15.00,37,166,734.880888
15.00,37,167,734.8781361
15.00,37,168,734.8101733
15.00,37,169,734.7487202
15.00,37,170,734.6893486
15.00,37,171,734.6337784
15.00,37,172,734.579702
15.00,37,173,734.5278735
15.00,37,174,734.4770775
15.00,37,175,734.4276268
15.00,37,176,734.3788738
15.00,37,177,734.3695074
15.00,37,178,734.3034923
15.00,37,179,734.243418
15.00,37,180,734.1853302
15.00,37,181,734.1307152
15.00,37,182,734.0775118
15.00,37,183,734.0263638
15.00,37,184,733.9761851
15.00,37,185,733.9272375
15.00,37,186,733.8789418
15.00,37,187,733.86308
15.00,37,188,733.7989829
15.00,37,189,733.7402742
15.00,37,190,733.6834495
15.00,37,191,733.6297786
15.00,37,192,733.5774334
15.00,37,193,733.5269569
15.00,37,194,733.4773849
15.00,37,195,733.4289334
15.00,37,196,733.425211
15.00,37,197,733.3602316
15.00,37,198,733.2977075
15.00,37,199,733.2401359
15.00,37,200,733.1843615
15.00,38,1,719.9210871
15.00,38,2,719.6672798
15.00,38,3,719.6280653
15.00,38,4,719.4938357
15.00,38,5,719.4166721
15.00,38,6,719.3896658
15.00,38,7,719.2388789
15.00,38,8,719.1639057
15.00,38,9,719.1411433
15.00,38,10,718.9860325
15.00,38,11,718.915706
15.00,38,12,718.9082803
15.00,38,13,718.7321327
15.00,38,14,718.6641335
15.00,38,15,718.6606433
15.00,38,16,718.4809194
15.00,38,17,718.4185779
15.00,38,18,718.3162271
15.00,38,19,718.2614274
15.00,38,20,718.0760109
15.00,38,21,718.0156611
15.00,38,22,717.9112433
15.00,38,23,717.8631009
15.00,38,24,717.6723544
15.00,38,25,717.6138704
15.00,38,26,717.5075444
15.00,38,27,717.4655565
15.00,38,28,717.2699287
15.00,38,29,717.2131591
15.00,38,30,717.1051178
15.00,38,31,717.0686862
15.00,38,32,716.8687127
15.00,38,33,716.8134803
15.00,38,34,716.7039507
15.00,38,35,716.6723823
15.00,38,36,716.468685
15.00,38,37,716.4147875
15.00,38,38,716.3040306
15.00,38,39,716.276539
15.00,38,40,716.069825
15.00,38,41,716.0170357
15.00,38,42,715.9053454
15.00,38,43,715.8810555
15.00,38,44,715.6721128
15.00,38,45,715.6201824
15.00,38,46,715.5078833
15.00,38,47,715.4858389
15.00,38,48,715.2755299
15.00,38,49,715.2241887
15.00,38,50,715.111633
15.00,38,51,715.0908072
15.00,38,52,714.8800596
15.00,38,53,714.8290209
15.00,38,54,714.7165844
15.00,38,55,714.6958929
15.00,38,56,714.4856873
15.00,38,57,714.4346518
15.00,38,58,714.3227279
15.00,38,59,714.3010467
15.00,38,60,714.0924012
15.00,38,61,714.0410619
15.00,38,62,713.9300553
15.00,38,63,713.9062404
15.00,38,64,713.7001927
15.00,38,65,713.6482407
15.00,38,66,713.5385596
15.00,38,67,713.5114702
15.00,38,68,713.3090566
15.00,38,69,713.2561879
15.00,38,70,713.1482353
15.00,38,71,713.1167586
15.00,38,72,712.9189917
15.00,38,73,712.8649138
15.00,38,74,712.7590783
15.00,38,75,712.7221566
15.00,38,76,712.5300005
15.00,38,77,712.47444
15.00,38,78,712.3710861
15.00,38,79,712.3277431
15.00,38,80,712.1420897
15.00,38,81,712.084799
15.00,38,82,711.9842575
15.00,38,83,711.9336248
15.00,38,84,711.7552694
15.00,38,85,711.6960338
15.00,38,86,711.5985928
15.00,38,87,711.5399331
15.00,38,88,711.3695532
15.00,38,89,711.3081964
15.00,38,90,711.2140935
15.00,38,91,711.1468205
15.00,38,92,710.984957
15.00,38,93,710.921346
15.00,38,94,710.9195532
15.00,38,95,710.7454745
15.00,38,96,710.6813554
15.00,38,97,710.6753061
15.00,38,98,710.5083441
15.00,38,99,710.4464672
15.00,38,100,710.3541999
15.00,38,101,710.2832596
15.00,38,102,710.1262056
15.00,38,103,710.0617024
15.00,38,104,710.0558147
15.00,38,105,709.8882859
15.00,38,106,709.8230736
15.00,38,107,709.8125416
15.00,38,108,709.6525622
15.00,38,109,709.589163
15.00,38,110,709.5857154
15.00,38,111,709.4154439
15.00,38,112,709.351145
15.00,38,113,709.342434
15.00,38,114,709.1805748
15.00,38,115,709.117975
15.00,38,116,709.1160749
15.00,38,117,708.9442613
15.00,38,118,708.8805845
15.00,38,119,708.8728744
15.00,38,120,708.7102251
15.00,38,121,708.6481109
15.00,38,122,708.6468411
15.00,38,123,708.474723
15.00,38,124,708.4113732
15.00,38,125,708.4038361
15.00,38,126,708.2415004
15.00,38,127,708.179558
15.00,38,128,708.1780047
15.00,38,129,708.0068185
15.00,38,130,707.9435052
15.00,38,131,707.9353289
15.00,38,132,707.7743925
15.00,38,133,707.7123177
15.00,38,134,707.7095972
15.00,38,135,707.5405417
15.00,38,136,707.4769871
15.00,38,137,707.4673973
15.00,38,138,707.3088983
15.00,38,139,707.2464045
15.00,38,140,707.2416882
15.00,38,141,707.0758903
15.00,38,142,707.0118364
15.00,38,143,707.0001168
15.00,38,144,706.8450188
15.00,38,145,706.7818447
15.00,38,146,706.7743805
15.00,38,147,706.6128657
15.00,38,148,706.5480805
15.00,38,149,706.5335892
15.00,38,150,706.3827586
15.00,38,151,706.318674
15.00,38,152,706.3078037
15.00,38,153,706.1514718
15.00,38,154,706.0857541
15.00,38,155,706.0679373
15.00,38,156,705.9221248
15.00,38,157,705.8569352
15.00,38,158,705.8421072
15.00,38,159,705.6917147
15.00,38,160,705.6248978
15.00,38,161,705.6032983
15.00,38,162,705.4631262
15.00,38,163,705.3966759
15.00,38,164,705.3774532
15.00,38,165,705.2336018
15.00,38,166,705.165555
15.00,38,167,705.1398184
15.00,38,168,705.0057729
15.00,38,169,704.9379459
15.00,38,170,704.9140088
15.00,38,171,704.7771409
15.00,38,172,704.7077707
15.00,38,173,704.6776459
15.00,38,174,704.5500746
15.00,38,175,704.4807945
15.00,38,176,704.4519399
15.00,38,177,704.3223399
15.00,38,178,704.2515887
15.00,38,179,704.2169262
15.00,38,180,704.0960406
15.00,38,181,704.0252692
15.00,38,182,703.9914047
15.00,38,183,703.8692056
15.00,38,184,703.865045
15.00,38,185,703.6543248
15.00,38,186,703.6021132
15.00,38,187,703.5054401
15.00,38,188,703.4446427
15.00,38,189,703.287933
15.00,38,190,703.2239351
15.00,38,191,703.2066165
15.00,38,192,703.0634932
15.00,38,193,702.9992695
15.00,38,194,702.9827405
15.00,38,195,702.8380679
15.00,38,196,702.7716361
15.00,38,197,702.7468721
15.00,38,198,702.6143683
15.00,38,199,702.5476065
15.00,38,200,702.5230614
15.00,39,1,831.2770788
15.00,39,2,831.2636471
15.00,39,3,831.2626489
15.00,39,4,831.2268371
15.00,39,5,831.2119146
15.00,39,6,831.2001285
15.00,39,7,831.1856612
15.00,39,8,831.1734647
15.00,39,9,831.1594222
15.00,39,10,831.1468432
15.00,39,11,831.1331968
15.00,39,12,831.1202617
15.00,39,13,831.1069846
15.00,39,14,831.1057814
15.00,39,15,831.0705018
15.00,39,16,831.0553446
15.00,39,17,831.0436557
15.00,39,18,831.0290844
15.00,39,19,831.0168846
15.00,39,20,831.002845
15.00,39,21,830.9901817
15.00,39,22,830.976625
15.00,39,23,830.9635408
15.00,39,24,830.9628176
15.00,39,25,830.9370714
15.00,39,26,830.93519
15.00,39,27,830.9106312
15.00,39,28,830.9076625
15.00,39,29,830.8842191
15.00,39,30,830.8802307
15.00,39,31,830.8578338
15.00,39,32,830.8528901
15.00,39,33,830.8314743
15.00,39,34,830.8256363
15.00,39,35,830.8051395
15.00,39,36,830.7984651
15.00,39,37,830.7788283
15.00,39,38,830.7713725
15.00,39,39,830.7525396
15.00,39,40,830.7443543
15.00,39,41,830.7262725
15.00,39,42,830.7174067
15.00,39,43,830.700026
15.00,39,44,830.6905261
15.00,39,45,830.6737992
15.00,39,46,830.6637087
15.00,39,47,830.6475912
15.00,39,48,830.6369513
15.00,39,49,830.6214012
15.00,39,50,830.6102504
15.00,39,51,830.5952282
15.00,39,52,830.5836029
15.00,39,53,830.5690716
15.00,39,54,830.5570058
15.00,39,55,830.5429306
15.00,39,56,830.5304562
15.00,39,57,830.5168045
15.00,39,58,830.5039513
15.00,39,59,830.4906927
15.00,39,60,830.4895855
15.00,39,61,830.4543521
15.00,39,62,830.4392529
15.00,39,63,830.4275822
15.00,39,64,830.4130933
15.00,39,65,830.4008934
15.00,39,66,830.3869558
15.00,39,67,830.3742779
15.00,39,68,830.3608387
15.00,39,69,830.3602479
15.00,39,70,830.3242915
15.00,39,71,830.3094045
15.00,39,72,830.2976896
15.00,39,73,830.2832969
15.00,39,74,830.2711397
15.00,39,75,830.2572052
15.00,39,76,830.2446388
15.00,39,77,830.2311287
15.00,39,78,830.2181839
15.00,39,79,830.2178067
15.00,39,80,830.1916539
15.00,39,81,830.1895641
15.00,39,82,830.1651913
15.00,39,83,830.161571
15.00,39,84,830.1387889
15.00,39,85,830.1337995
15.00,39,86,830.1124406
15.00,39,87,830.1062254
15.00,39,88,830.0861408
15.00,39,89,830.0788273
15.00,39,90,830.0598847
15.00,39,91,830.0515863
15.00,39,92,830.033668
15.00,39,93,830.0244859
15.00,39,94,830.0074871
15.00,39,95,829.9975114
15.00,39,96,829.9813386
15.00,39,97,829.9706499
15.00,39,98,829.9552194
15.00,39,99,829.94389
15.00,39,100,829.9291271
15.00,39,101,829.9172213
15.00,39,102,829.9030593
15.00,39,103,829.890635
15.00,39,104,829.8770139
15.00,39,105,829.8641229
15.00,39,106,829.8637363
15.00,39,107,829.8377948
15.00,39,108,829.8361115
15.00,39,109,829.8115023
15.00,39,110,829.8086118
15.00,39,111,829.7852438
15.00,39,112,829.7812303
15.00,39,113,829.7590175
15.00,39,114,829.7539606
15.00,39,115,829.7328218
15.00,39,116,829.7267964
15.00,39,117,829.7066551
15.00,39,118,829.6997316
15.00,39,119,829.680516
15.00,39,120,829.6727604
15.00,39,121,829.6544029
15.00,39,122,829.6458772
15.00,39,123,829.6283145
15.00,39,124,829.6190767
15.00,39,125,829.6022494
15.00,39,126,829.5923537
15.00,39,127,829.5762065
15.00,39,128,829.5657035
15.00,39,129,829.5501845
15.00,39,130,829.5391213
15.00,39,131,829.5241822
15.00,39,132,829.5126029
15.00,39,133,829.4981987
15.00,39,134,829.4861441
15.00,39,135,829.4722329
15.00,39,136,829.4597411
15.00,39,137,829.4462839
15.00,39,138,829.43339
15.00,39,139,829.4329174
15.00,39,140,829.4069713
15.00,39,141,829.4047194
15.00,39,142,829.3806257
15.00,39,143,829.3767928
15.00,39,144,829.354345
15.00,39,145,829.3491059
15.00,39,146,829.3281223
15.00,39,147,829.3216313
15.00,39,148,829.3019513
15.00,39,149,829.2943448
15.00,39,150,829.2758267
15.00,39,151,829.2672255
15.00,39,152,829.2497436
15.00,39,153,829.2402548
15.00,39,154,829.2236979
15.00,39,155,829.2134165
15.00,39,156,829.197686
15.00,39,157,829.1866964
15.00,39,158,829.1717045
15.00,39,159,829.1600819
15.00,39,160,829.1457507
15.00,39,161,829.1335619
15.00,39,162,829.119822
15.00,39,163,829.1071265
15.00,39,164,829.0939162
15.00,39,165,829.0921673
15.00,39,166,829.0573996
15.00,39,167,829.0428739
15.00,39,168,829.0309806
15.00,39,169,829.0169778
15.00,39,170,829.0046224
15.00,39,171,828.9910997
15.00,39,172,828.9783208
15.00,39,173,828.978125
15.00,39,174,828.9519533
15.00,39,175,828.949902
15.00,39,176,828.9256639
15.00,39,177,828.9219698
15.00,39,178,828.8994437
15.00,39,179,828.8942935
15.00,39,180,828.873285
15.00,39,181,828.8668429
15.00,39,182,828.8471809
15.00,39,183,828.8395917
15.00,39,184,828.8211256
15.00,39,185,828.812517
15.00,39,186,828.7951139
15.00,39,187,828.7855986
15.00,39,188,828.7691412
15.00,39,189,828.7588191
15.00,39,190,828.7432037
15.00,39,191,828.732163
15.00,39,192,828.7172978
15.00,39,193,828.7056168
15.00,39,194,828.6914204
15.00,39,195,828.6791688
15.00,39,196,828.665569
15.00,39,197,828.6528082
15.00,39,198,828.6524764
15.00,39,199,828.6266421
15.00,39,200,828.6248836
15.00,40,1,793.7500793
15.00,40,2,793.7253865
15.00,40,3,793.7051953
15.00,40,4,793.6853851
15.00,40,5,793.6703697
15.00,40,6,793.6548231
15.00,40,7,793.6446779
15.00,40,8,793.6329927
15.00,40,9,793.6276702
15.00,40,10,793.6196219
15.00,40,11,793.6193177
15.00,40,12,793.6148293
15.00,40,13,793.3947101
15.00,40,14,793.3189272
15.00,40,15,793.1147665
15.00,40,16,793.0518191
15.00,40,17,792.8661587
15.00,40,18,792.7857703
15.00,40,19,792.6178697
15.00,40,20,792.5209819
15.00,40,21,792.3698951
15.00,40,22,792.2576013
15.00,40,23,792.2571748
15.00,40,24,792.2539945
15.00,40,25,792.0922757
15.00,40,26,791.9945578
15.00,40,27,791.8449605
15.00,40,28,791.7366388
15.00,40,29,791.5979501
15.00,40,30,791.4802864
15.00,40,31,791.4795898
15.00,40,32,791.4764486
15.00,40,33,791.3214
15.00,40,34,791.2253103
15.00,40,35,791.0750301
15.00,40,36,790.9764398
15.00,40,37,790.8289561
15.00,40,38,790.7301353
15.00,40,39,790.5831753
15.00,40,40,790.4868454
15.00,40,41,790.3376851
15.00,40,42,790.2472687
15.00,40,43,790.0924835
15.00,40,44,790.0125251
15.00,40,45,789.847569
15.00,40,46,789.7844726
15.00,40,47,789.6029418
15.00,40,48,789.5663254
15.00,40,49,789.3586042
15.00,40,50,789.2966719
15.00,40,51,789.288909
15.00,40,52,789.2806967
15.00,40,53,789.2747156
15.00,40,54,789.2680104
15.00,40,55,789.2642744
15.00,41,1,816.9608823
15.00,41,2,816.7637165
15.00,41,3,816.7241936
15.00,41,4,816.5791299
15.00,41,5,816.5325825
15.00,41,6,816.4207068
15.00,41,7,816.3683428
15.00,41,8,816.278113
15.00,41,9,816.2209066
15.00,41,10,816.145102
15.00,41,11,816.0838849
15.00,41,12,816.0178848
15.00,41,13,816.0005215
15.00,41,14,815.841368
15.00,41,15,815.7752543
15.00,41,16,815.7684123
15.00,41,17,815.6023639
15.00,41,18,815.5370664
15.00,41,19,815.4772087
15.00,41,20,815.4706531
15.00,41,21,815.3529105
15.00,41,22,815.3314478
15.00,41,23,815.2299706
15.00,41,24,815.1973428
15.00,41,25,815.1079202
15.00,41,26,815.0668101
15.00,41,27,814.9864417
15.00,41,28,814.9388035
15.00,41,29,814.8653157
15.00,41,30,814.8125941
15.00,41,31,814.7443882
15.00,41,32,814.6876659
15.00,41,33,814.6235488
15.00,41,34,814.5636483
15.00,41,35,814.5605322
15.00,41,36,814.4413344
15.00,41,37,814.432063
15.00,41,38,814.3192331
15.00,41,39,814.3050334
15.00,41,40,814.1972709
15.00,41,41,814.1791953
15.00,41,42,814.0753914
15.00,41,43,814.054361
15.00,41,44,813.953552
15.00,41,45,813.9303938
15.00,41,46,813.8317216
15.00,41,47,813.8072006
15.00,41,48,813.7098798
15.00,41,49,813.6847278
15.00,41,50,813.5880155
15.00,41,51,813.5629595
15.00,41,52,813.4661275
15.00,41,53,813.4419181
15.00,41,54,813.3442246
15.00,41,55,813.3216672
15.00,41,56,813.2223272
15.00,41,57,813.2023179
15.00,41,58,813.1004691
15.00,41,59,813.0840386
15.00,41,60,812.9787014
15.00,41,61,812.9670696
15.00,41,62,812.8570969
15.00,41,63,812.851745
15.00,41,64,812.7357575
15.00,41,65,812.6739754
15.00,41,66,812.6135326
15.00,41,67,812.550216
15.00,41,68,812.4915711
15.00,41,69,812.4262968
15.00,41,70,812.3699936
15.00,41,71,812.3022497
15.00,41,72,812.2489634
15.00,41,73,812.1781193
15.00,41,74,812.1287008
15.00,41,75,812.0539668
15.00,41,76,812.0095019
15.00,41,77,811.9298769
15.00,41,78,811.8917664
15.00,41,79,811.8059649
15.00,41,80,811.7760352
15.00,41,81,811.6823894
15.00,41,82,811.6630436
15.00,41,83,811.5593678
15.00,41,84,811.5537962
15.00,41,85,811.4371991
15.00,41,86,811.3739667
15.00,41,87,811.3173751
15.00,41,88,811.2484244
15.00,41,89,811.2002078
15.00,41,90,811.1234728
15.00,41,91,811.0870587
15.00,41,92,810.9995658
15.00,41,93,810.9800034
15.00,41,94,810.8774076
15.00,41,95,810.8155285
15.00,41,96,810.7566157
15.00,41,97,810.6884331
15.00,41,98,810.639064
15.00,41,99,810.5620714
15.00,41,100,810.5264504
15.00,41,101,810.4369862
15.00,41,102,810.4213383
15.00,41,103,810.3140005
15.00,41,104,810.2507763
15.00,41,105,810.1955064
15.00,41,106,810.1233609
15.00,41,107,810.0837826
15.00,41,108,809.9980051
15.00,41,109,809.9833793
15.00,41,110,809.8763631
15.00,41,111,809.8105801
15.00,41,112,809.7592085
15.00,41,113,809.6824835
15.00,41,114,809.6508348
15.00,41,115,809.5570323
15.00,41,116,809.4962785
15.00,41,117,809.4371238
15.00,41,118,809.366751
15.00,41,119,809.3267659
15.00,41,120,809.2404117
15.00,41,121,809.2337422
15.00,41,122,809.1202512
15.00,41,123,809.0500228
15.00,41,124,809.0090002
15.00,41,125,808.9223348
15.00,41,126,808.9153082
15.00,41,127,808.8005615
15.00,41,128,808.7310019
15.00,41,129,808.6916723
15.00,41,130,808.6039948
15.00,41,131,808.5421904
15.00,41,132,808.4845114
15.00,41,133,808.4104583
15.00,41,134,808.380442
15.00,41,135,808.2841075
15.00,41,136,808.2195347
15.00,41,137,808.1698559
15.00,41,138,808.0894264
15.00,41,139,808.0802863
15.00,41,140,807.9690488
15.00,41,141,807.8961398
15.00,41,142,807.86624
15.00,41,143,807.7693441
15.00,41,144,807.7032656
15.00,41,145,807.6584658
15.00,41,146,807.5735123
15.00,41,147,807.5104362
15.00,41,148,807.4562216
15.00,41,149,807.3772199
15.00,41,150,807.3670381
15.00,41,151,807.2549784
15.00,41,152,807.1817088
15.00,41,153,807.1599473
15.00,41,154,807.0578875
15.00,41,155,806.98604
15.00,41,156,806.9582162
15.00,41,157,806.8590014
15.00,41,158,806.7895776
15.00,41,159,806.7577576
15.00,41,160,806.6624764
15.00,41,161,806.592511
15.00,41,162,806.5607555
15.00,41,163,806.4640122
15.00,41,164,806.3944867
15.00,41,165,806.3647396
15.00,41,166,806.2677682
15.00,41,167,806.1958507
15.00,41,168,806.1727474
15.00,41,169,806.069742
15.00,41,170,805.9964421
15.00,41,171,805.9832916
15.00,41,172,805.8754517
15.00,41,173,805.7969516
15.00,41,174,805.733542
15.00,41,175,805.6813395
15.00,41,176,805.5980547
15.00,41,177,805.5309584
15.00,41,178,805.4920415
15.00,41,179,805.3989835
15.00,41,180,805.3280819
15.00,41,181,805.3092633
15.00,41,182,805.2051295
15.00,41,183,805.1261331
15.00,41,184,805.0609996
15.00,41,185,805.0156755
15.00,41,186,804.927132
15.00,41,187,804.8555389
15.00,41,188,804.8390464
15.00,41,189,804.7316717
15.00,41,190,804.6520947
15.00,41,191,804.5846168
15.00,41,192,804.5485123
15.00,41,193,804.4527615
15.00,41,194,804.3778815
15.00,41,195,804.3123557
15.00,41,196,804.2655397
15.00,41,197,804.1756838
15.00,41,198,804.102928
15.00,41,199,804.1021482
15.00,41,200,803.9891152
15.00,42,1,826.1566338
15.00,42,2,825.9263836
15.00,42,3,825.8606323
15.00,42,4,825.8029643
15.00,42,5,825.7542959
15.00,42,6,825.7172926
15.00,42,7,825.6930797
15.00,42,8,825.6857165
15.00,42,9,825.0610476
15.00,42,10,824.7732093
15.00,42,11,823.3576347
15.00,42,12,823.2706457
15.00,42,13,822.4873879
15.00,42,14,822.069828
15.00,42,15,822.0438703
15.00,42,16,822.0358875
15.00,42,17,821.4213026
15.00,42,18,821.092365
15.00,42,19,819.7618883
15.00,42,20,819.6192815
15.00,42,21,818.9140283
15.00,42,22,818.7691397
15.00,42,23,817.2846533
15.00,42,24,817.2084858
15.00,42,25,816.4519443
15.00,42,26,816.4266727
15.00,42,27,814.8603403
15.00,42,28,814.6772664
15.00,42,29,814.5530124
15.00,42,30,814.4911655
15.00,42,31,814.4362125
15.00,42,32,814.3893336
15.00,42,33,814.351099
15.00,42,34,814.3242523
15.00,42,35,814.3093694
15.00,42,36,813.7467239
15.00,42,37,813.3216307
15.00,42,38,812.1774353
15.00,42,39,811.9607322
15.00,42,40,811.3755227
15.00,42,41,810.9998827
15.00,42,42,809.8362953
15.00,42,43,809.732151
15.00,42,44,809.6247227
15.00,42,45,808.9534938
15.00,42,46,808.7628494
15.00,42,47,807.4651147
15.00,42,48,807.3636225
15.00,42,49,807.1209114
15.00,42,50,807.0525754
15.00,42,51,806.9906396
15.00,42,52,806.934171
15.00,42,53,806.8834803
15.00,42,54,806.8403407
15.00,42,55,806.8050804
15.00,42,56,806.7803248
15.00,42,57,806.7662895
15.00,42,58,806.2120365
15.00,42,59,805.7535587
15.00,42,60,804.7275376
15.00,42,61,804.4495246
15.00,42,62,804.4372206
15.00,42,63,803.8800884
15.00,42,64,803.38095
15.00,42,65,802.4210653
15.00,42,66,802.0933779
15.00,42,67,802.0669174
15.00,42,68,802.0549207
15.00,42,69,802.0546268
15.00,42,70,801.4140913
15.00,42,71,801.104304
15.00,42,72,799.981887
15.00,42,73,799.7428172
15.00,42,74,799.7333955
15.00,42,75,799.163938
15.00,42,76,798.6773438
15.00,42,77,797.7556058
15.00,42,78,797.4161309
15.00,42,79,797.3828438
15.00,42,80,797.3637799
15.00,42,81,797.3545335
15.00,42,82,796.7832895
15.00,42,83,796.3395936
15.00,42,84,795.4000158
15.00,42,85,795.086253
15.00,42,86,795.061188
15.00,42,87,795.0449748
15.00,42,88,795.0407533
15.00,42,89,794.4448788
15.00,42,90,793.9908039
15.00,42,91,793.0857795
15.00,42,92,792.7384963
15.00,42,93,792.7059784
15.00,42,94,792.6823714
15.00,42,95,792.6670861
15.00,42,96,792.663545
15.00,42,97,792.0662709
15.00,42,98,791.6096757
15.00,42,99,790.7315276
15.00,42,100,790.6755588
15.00,42,101,789.4107846
15.00,42,102,789.1924433
15.00,42,103,789.1637739
15.00,42,104,789.1587186
15.00,42,105,788.5766173
15.00,42,106,788.0929421
15.00,42,107,787.2770002
15.00,42,108,787.1114529
15.00,42,109,785.9909862
15.00,42,110,785.7378163
15.00,42,111,785.6900543
15.00,42,112,785.6739099
15.00,42,113,785.6662318
15.00,42,114,785.1014736
15.00,42,115,784.6347755
15.00,42,116,783.8362148
15.00,42,117,783.7056323
15.00,42,118,782.5840044
15.00,42,119,782.3580817
15.00,42,120,782.3131717
15.00,42,121,782.2983391
15.00,42,122,782.29402
15.00,42,123,781.7174844
15.00,42,124,781.2200145
15.00,42,125,780.4848469
15.00,42,126,780.1828948
15.00,42,127,779.264137
15.00,42,128,779.1996897
15.00,42,129,778.062402
15.00,42,130,777.8803307
15.00,42,131,777.7685804
15.00,42,132,777.7067802
15.00,42,133,777.6471771
15.00,42,134,777.5896257
15.00,42,135,777.5341131
15.00,42,136,777.4812828
15.00,42,137,777.4310757
15.00,42,138,777.3843976
15.00,42,139,777.3410901
15.00,42,140,777.3024335
15.00,42,141,777.268099
15.00,42,142,777.2399027
15.00,42,143,777.217233
15.00,42,144,777.2026752
15.00,42,145,777.1951582
15.00,42,146,776.6421317
15.00,42,147,776.1578228
15.00,42,148,775.4573998
15.00,42,149,775.1629054
15.00,42,150,774.284018
15.00,42,151,774.268307
15.00,42,152,773.1404874
15.00,42,153,773.034578
15.00,42,154,772.8470562
15.00,42,155,772.7860816
15.00,42,156,772.7284261
15.00,42,157,772.6724001
15.00,42,158,772.6184817
15.00,42,159,772.5666129
15.00,42,160,772.5174913
15.00,42,161,772.4709813
15.00,42,162,772.4280597
15.00,42,163,772.3884601
15.00,42,164,772.3535549
15.00,42,165,772.3228653
15.00,42,166,772.2983261
15.00,42,167,772.2791192
15.00,42,168,772.2679811
15.00,42,169,772.2635606
15.00,42,170,771.6924651
15.00,42,171,771.2321121
15.00,42,172,770.5529956
15.00,42,173,770.2236124
15.00,42,174,769.4241618
15.00,42,175,769.2992953
15.00,42,176,769.2850047
15.00,42,177,768.2375303
15.00,42,178,767.9568629
15.00,42,179,767.9125609
15.00,42,180,767.883798
15.00,42,181,767.8595906
15.00,42,182,767.8420942
15.00,42,183,767.8301241
15.00,42,184,767.8269019
15.00,42,185,767.2632318
15.00,42,186,766.7523667
15.00,42,187,766.1630614
15.00,42,188,765.6802551
15.00,42,189,765.0728746
15.00,42,190,764.6721339
15.00,42,191,764.6163042
15.00,42,192,763.9266326
15.00,42,193,763.6404836
15.00,42,194,763.6306233
15.00,42,195,762.7909264
15.00,42,196,762.5748437
15.00,42,197,761.739231
15.00,42,198,761.5774682
15.00,42,199,761.4545512
15.00,42,200,761.3958035
15.00,43,1,817.6237433
15.00,43,2,817.1886977
15.00,43,3,817.012634
15.00,43,4,816.9123287
15.00,43,5,816.8506869
15.00,43,6,816.7330408
15.00,43,7,816.7003422
15.00,43,8,816.5575438
15.00,43,9,816.4699805
15.00,43,10,816.3886455
15.00,43,11,816.2890626
15.00,43,12,816.2286298
15.00,43,13,816.1112199
15.00,43,14,816.0817076
15.00,43,15,815.937849
15.00,43,16,815.8488232
15.00,43,17,815.7696957
15.00,43,18,815.6685122
15.00,43,19,815.6096235
15.00,43,20,815.4908856
15.00,43,21,815.4609198
15.00,43,22,815.3169465
15.00,43,23,815.2295193
15.00,43,24,815.1494611
15.00,43,25,815.0501141
15.00,43,26,814.9905585
15.00,43,27,814.8736695
15.00,43,28,814.8442103
15.00,43,29,814.7014961
15.00,43,30,814.6133435
15.00,43,31,814.5342326
15.00,43,32,814.4343752
15.00,43,33,814.3745493
15.00,43,34,814.2579217
15.00,43,35,814.2254467
15.00,43,36,814.0848941
15.00,43,37,813.9990086
15.00,43,38,813.9178291
15.00,43,39,813.8207782
15.00,43,40,813.7586047
15.00,43,41,813.64525
15.00,43,42,813.6107499
15.00,43,43,813.4735818
15.00,43,44,813.387747
15.00,43,45,813.3063102
15.00,43,46,813.2098287
15.00,43,47,813.1457821
15.00,43,48,813.0341549
15.00,43,49,812.9945955
15.00,43,50,812.8615119
15.00,43,51,812.8563132
15.00,43,52,812.692968
15.00,43,53,812.6007051
15.00,43,54,812.5318157
15.00,43,55,812.4255644
15.00,43,56,812.3801734
15.00,43,57,812.2536559
15.00,43,58,812.2422606
15.00,43,59,812.0863618
15.00,43,60,811.9949005
15.00,43,61,811.9240908
15.00,43,62,811.8197209
15.00,43,63,811.7696334
15.00,43,64,811.6470935
15.00,43,65,811.6258969
15.00,43,66,811.477889
15.00,43,67,811.3907712
15.00,43,68,811.3147228
15.00,43,69,811.2159875
15.00,43,70,811.1592663
15.00,43,71,811.043835
15.00,43,72,811.0148231
15.00,43,73,810.875387
15.00,43,74,810.7898123
15.00,43,75,810.7109947
15.00,43,76,810.6150033
15.00,43,77,810.5528182
15.00,43,78,810.4422506
15.00,43,79,810.4031116
15.00,43,80,810.2722289
15.00,43,81,810.2649156
15.00,43,82,810.1058405
15.00,43,83,810.0159444
15.00,43,84,809.945988
15.00,43,85,809.8433668
15.00,43,86,809.7943236
15.00,43,87,809.6735602
15.00,43,88,809.6542792
15.00,43,89,809.5076359
15.00,43,90,809.4202435
15.00,43,91,809.3458297
15.00,43,92,809.2473885
15.00,43,93,809.1903771
15.00,43,94,809.0766169
15.00,43,95,809.0435066
15.00,43,96,808.9085908
15.00,43,97,808.9081935
15.00,43,98,808.7441864
15.00,43,99,808.6533784
15.00,43,100,808.5863674
15.00,43,101,808.4825745
15.00,43,102,808.4366566
15.00,43,103,808.314501
15.00,43,104,808.2983643
15.00,43,105,808.1502246
15.00,43,106,808.0628807
15.00,43,107,807.9898803
15.00,43,108,807.8916155
15.00,43,109,807.8356171
15.00,43,110,807.7223382
15.00,43,111,807.6894982
15.00,43,112,807.5556587
15.00,43,113,807.5542555
15.00,43,114,807.3923768
15.00,43,115,807.3027607
15.00,43,116,807.2352753
15.00,43,117,807.1332935
15.00,43,118,807.0856719
15.00,43,119,806.9663468
15.00,43,120,806.9465351
15.00,43,121,806.8028715
15.00,43,122,806.7174985
15.00,43,123,806.6429387
15.00,43,124,806.5474872
15.00,43,125,806.488467
15.00,43,126,806.3792668
15.00,43,127,806.3412498
15.00,43,128,806.2133651
15.00,43,129,806.2036456
15.00,43,130,806.0504704
15.00,43,131,805.9639757
15.00,43,132,805.8929874
15.00,43,133,805.7954837
15.00,43,134,805.7419927
15.00,43,135,805.6291776
15.00,43,136,805.599966
15.00,43,137,805.4658459
15.00,43,138,805.384041
15.00,43,139,805.3055355
15.00,43,140,805.215031
15.00,43,141,805.1498376
15.00,43,142,805.0475495
15.00,43,143,805.0002182
15.00,43,144,804.8820268
15.00,43,145,804.8585944
15.00,43,146,804.7190212
15.00,43,147,804.6370638
15.00,43,148,804.5604479
15.00,43,149,804.4693141
15.00,43,150,804.4071423
15.00,43,151,804.3033529
15.00,43,152,804.261037
15.00,43,153,804.13979
15.00,43,154,804.1248236
15.00,43,155,803.9794789
15.00,43,156,803.8946534
15.00,43,157,803.8223156
15.00,43,158,803.7278283
15.00,43,159,803.6700452
15.00,43,160,803.5626024
15.00,43,161,803.5241637
15.00,43,162,803.3994109
15.00,43,163,803.3866042
15.00,43,164,803.2388118
15.00,43,165,803.1550054
15.00,43,166,803.0828788
15.00,43,167,802.9892875
15.00,43,168,802.9323682
15.00,43,169,802.8253959
15.00,43,170,802.7892162
15.00,43,171,802.6639389
15.00,43,172,802.6560986
15.00,43,173,802.5057612
15.00,43,174,802.4199164
15.00,43,175,802.3506375
15.00,43,176,802.254919
15.00,43,177,802.2003202
15.00,43,178,802.0914836
15.00,43,179,802.0562219
15.00,43,180,801.9300183
15.00,43,181,801.920151
15.00,43,182,801.7710415
15.00,43,183,801.6874179
15.00,43,184,801.6165855
15.00,43,185,801.5233466
15.00,43,186,801.4672828
15.00,43,187,801.3610068
15.00,43,188,801.3249131
15.00,43,189,801.2009543
15.00,43,190,801.1919153
15.00,43,191,801.0439548
15.00,43,192,800.9594232
15.00,43,193,800.8897284
15.00,43,194,800.7958927
15.00,43,195,800.7398833
15.00,43,196,800.6337895
15.00,43,197,800.5956583
15.00,43,198,800.4734698
15.00,43,199,800.4586266
15.00,43,200,800.3153825
15.00,44,1,812.4105905
15.00,44,2,812.3571888
15.00,44,3,812.3211474
15.00,44,4,812.3108786
15.00,44,5,812.15884
15.00,44,6,812.0815942
15.00,44,7,812.0637459
15.00,44,8,811.9347351
15.00,44,9,811.8811565
15.00,44,10,811.653293
15.00,44,11,811.5988785
15.00,44,12,811.5981661
15.00,44,13,811.4317331
15.00,44,14,811.3637689
15.00,44,15,811.3528729
15.00,44,16,811.2102986
15.00,44,17,811.1844034
15.00,44,18,810.9307643
15.00,44,19,810.8851484
15.00,44,20,810.7702044
15.00,44,21,810.6899285
15.00,44,22,810.4908353
15.00,44,23,810.4264922
15.00,44,24,810.4164696
15.00,44,25,810.2711529
15.00,44,26,810.1942587
15.00,44,27,810.1745781
15.00,44,28,810.0517003
15.00,44,29,809.9868362
15.00,44,30,809.7738877
15.00,44,31,809.7143652
15.00,44,32,809.7080008
15.00,44,33,809.5552016
15.00,44,34,809.4817854
15.00,44,35,809.4647833
15.00,44,36,809.3367459
15.00,44,37,809.2816183
15.00,44,38,809.0604021
15.00,44,39,809.0037064
15.00,44,40,808.9992786
15.00,44,41,808.8427299
15.00,44,42,808.771143
15.00,44,43,808.7553353
15.00,44,44,808.6253011
15.00,44,45,808.5736977
15.00,44,46,808.3503379
15.00,44,47,808.2943739
15.00,44,48,808.2901003
15.00,44,49,808.1337027
15.00,44,50,808.0622617
15.00,44,51,808.0461509
15.00,44,52,807.9173354
15.00,44,53,807.8631413
15.00,44,54,807.6436705
15.00,44,55,807.5864403
15.00,44,56,807.5806437
15.00,44,57,807.4280983
15.00,44,58,807.3552487
15.00,44,59,807.3374701
15.00,44,60,807.2128268
15.00,44,61,807.1505784
15.00,44,62,806.940389
15.00,44,63,806.8801545
15.00,44,64,806.8713957
15.00,44,65,806.7259056
15.00,44,66,806.6503484
15.00,44,67,806.6297803
15.00,44,68,806.5117594
15.00,44,69,806.4370449
15.00,44,70,806.2404916
15.00,44,71,806.1758855
15.00,44,72,806.1630497
15.00,44,73,806.0271197
15.00,44,74,806.0156961
15.00,44,75,805.7587454
15.00,44,76,805.730213
15.00,44,77,805.6033351
15.00,44,78,805.5713185
15.00,44,79,805.3353474
15.00,44,80,805.2978415
15.00,44,81,805.1808026
15.00,44,82,805.1267519
15.00,44,83,804.9131824
15.00,44,84,804.8662659
15.00,44,85,804.7595265
15.00,44,86,804.6827758
15.00,44,87,804.4922703
15.00,44,88,804.4358429
15.00,44,89,804.4306472
15.00,44,90,804.2808673
15.00,44,91,804.2626731
15.00,44,92,804.0143185
15.00,44,93,803.9662558
15.00,44,94,803.9657651
15.00,44,95,803.8038557
15.00,44,96,803.735927
15.00,44,97,803.7203408
15.00,44,98,803.5938151
15.00,44,99,803.5339705
15.00,44,100,803.3281074
15.00,44,101,803.2668641
15.00,44,102,803.2551408
15.00,44,103,803.1189182
15.00,44,104,803.1061448
15.00,44,105,802.8557823
15.00,44,106,802.823901
15.00,44,107,802.7036064
15.00,44,108,802.6561491
15.00,44,109,802.4406086
15.00,44,110,802.3945096
15.00,44,111,802.2895492
15.00,44,112,802.2093048
15.00,44,113,802.0267409
15.00,44,114,801.9674735
15.00,44,115,801.9583023
15.00,44,116,801.8190206
15.00,44,117,801.7807265
15.00,44,118,801.5567618
15.00,44,119,801.501219
15.00,44,120,801.4931367
15.00,44,121,801.3499957
15.00,44,122,801.2754464
15.00,44,123,801.2528613
15.00,44,124,801.1437559
15.00,44,125,801.0531416
15.00,44,126,800.8822248
15.00,44,127,800.8106871
15.00,44,128,800.7892835
15.00,44,129,800.6768143
15.00,44,130,800.6124925
15.00,44,131,800.4171818
15.00,44,132,800.3631659
15.00,44,133,800.357508
15.00,44,134,800.2116094
15.00,44,135,800.1835373
15.00,44,136,799.9523452
15.00,44,137,799.8990157
15.00,44,138,799.8918062
15.00,44,139,799.7478149
15.00,44,140,799.6741792
15.00,44,141,799.6515635
15.00,44,142,799.543872
15.00,44,143,799.4510831
15.00,44,144,799.2852253
15.00,44,145,799.2126215
15.00,44,146,799.1895979
15.00,44,147,799.0821402
15.00,44,148,799.0075331
15.00,44,149,798.8251968
15.00,44,150,798.7664084
15.00,44,151,798.755793
15.00,44,152,798.62207
15.00,44,153,798.5728266
15.00,44,154,798.3654701
15.00,44,155,798.3053021
15.00,44,156,798.291771
15.00,44,157,798.1633677
15.00,44,158,798.1314107
15.00,44,159,797.9087282
15.00,44,160,797.8654279
15.00,44,161,797.7622773
15.00,44,162,797.679175
15.00,44,163,797.5075527
15.00,44,164,797.4449974
15.00,44,165,797.4305157
15.00,44,166,797.306439
15.00,44,167,797.2409568
15.00,44,168,797.0520494
15.00,44,169,796.9867801
15.00,44,170,796.9685516
15.00,44,171,796.8519453
15.00,44,172,796.7958182
15.00,44,173,796.5992392
15.00,44,174,796.5461567
15.00,44,175,796.5390541
15.00,44,176,796.399067
15.00,44,177,796.3589777
15.00,44,178,796.1464928
15.00,44,179,796.0880684
15.00,44,180,796.0747928
15.00,44,181,795.9474699
15.00,44,182,795.9124767
15.00,44,183,795.6966676
15.00,44,184,795.6508082
15.00,44,185,795.649167
15.00,44,186,795.4974926
15.00,44,187,795.4753408
15.00,44,188,795.2466421
15.00,44,189,795.1928062
15.00,44,190,795.1826679
15.00,44,191,795.0487439
15.00,44,192,795.0264186
15.00,44,193,794.7996933
15.00,44,194,794.7578812
15.00,44,195,794.6563595
15.00,44,196,794.5708139
15.00,44,197,794.4070752
15.00,44,198,794.3424338
15.00,44,199,794.3246699
15.00,44,200,794.2104233
15.00,45,1,910.9072339
15.00,45,2,910.6049616
15.00,45,3,910.4501099
15.00,45,4,910.4474362
15.00,45,5,910.2500878
15.00,45,6,910.1373851
15.00,45,7,910.0641567
15.00,45,8,909.9292181
15.00,45,9,909.8982272
15.00,45,10,909.728181
15.00,45,11,909.6213841
15.00,45,12,909.5354328
15.00,45,13,909.410882
15.00,45,14,909.3564552
15.00,45,15,909.204963
15.00,45,16,909.1977622
15.00,45,17,909.0056349
15.00,45,18,908.8950143
15.00,45,19,908.8196053
15.00,45,20,908.6878502
15.00,45,21,908.6523628
15.00,45,22,908.4873712
15.00,45,23,908.3827939
15.00,45,24,908.2946531
15.00,45,25,908.1733774
15.00,45,26,908.114777
15.00,45,27,907.9682408
15.00,45,28,907.9537621
15.00,45,29,907.7692388
15.00,45,30,907.6614266
15.00,45,31,907.5824983
15.00,45,32,907.4550447
15.00,45,33,907.4130094
15.00,45,34,907.2547929
15.00,45,35,907.1530255
15.00,45,36,907.0616684
15.00,45,37,906.9445432
15.00,45,38,906.8802737
15.00,45,39,906.7399814
15.00,45,40,906.7160596
15.00,45,41,906.5410208
15.00,45,42,906.4365884
15.00,45,43,906.3531128
15.00,45,44,906.2308236
15.00,45,45,906.1807015
15.00,45,46,906.0305606
15.00,45,47,905.9320382
15.00,45,48,905.8367212
15.00,45,49,905.72438
15.00,45,50,905.6533804
15.00,45,51,905.5202471
15.00,45,52,905.4853776
15.00,45,53,905.3211334
15.00,45,54,905.2204767
15.00,45,55,905.1317666
15.00,45,56,905.0152222
15.00,45,57,904.9560258
15.00,45,58,904.8148055
15.00,45,59,904.8015321
15.00,45,60,904.6218905
15.00,45,61,904.5134779
15.00,45,62,904.4372656
15.00,45,63,904.3099736
15.00,45,64,904.2664869
15.00,45,65,904.1110148
15.00,45,66,904.0134977
15.00,45,67,903.9207604
15.00,45,68,903.808941
15.00,45,69,903.7426347
15.00,45,70,903.6086919
15.00,45,71,903.5833139
15.00,45,72,903.4150724
15.00,45,73,903.311085
15.00,45,74,903.2288393
15.00,45,75,903.1080955
15.00,45,76,903.0548421
15.00,45,77,902.9091431
15.00,45,78,902.8985424
15.00,45,79,902.7158927
15.00,45,80,902.6104886
15.00,45,81,902.5340649
15.00,45,82,902.4099552
15.00,45,83,902.3679293
15.00,45,84,902.2149519
15.00,45,85,902.1167002
15.00,45,86,902.0262079
15.00,45,87,901.9139289
15.00,45,88,901.8477046
15.00,45,89,901.7145681
15.00,45,90,901.6839917
15.00,45,91,901.5200104
15.00,45,92,901.4207591
15.00,45,93,901.3348073
15.00,45,94,901.2200519
15.00,45,95,901.1624496
15.00,45,96,901.0238777
15.00,45,97,901.0099018
15.00,45,98,900.8346527
15.00,45,99,900.7290917
15.00,45,100,900.6529379
15.00,45,101,900.5297191
15.00,45,102,900.4837348
15.00,45,103,900.3344407
15.00,45,104,900.3324763
15.00,45,105,900.1449003
15.00,45,106,900.0389142
15.00,45,107,899.9669757
15.00,45,108,899.8418007
15.00,45,109,899.8047855
15.00,45,110,899.6502056
15.00,45,111,899.5522402
15.00,45,112,899.464725
15.00,45,113,899.3526698
15.00,45,114,899.2892607
15.00,45,115,899.156418
15.00,45,116,899.1281529
15.00,45,117,898.9648062
15.00,45,118,898.8666299
15.00,45,119,898.7822462
15.00,45,120,898.6688979
15.00,45,121,898.6119667
15.00,45,122,898.4754825
15.00,45,123,898.4604851
15.00,45,124,898.2886334
15.00,45,125,898.1851224
15.00,45,126,898.1087784
15.00,45,127,897.9884701
15.00,45,128,897.9405554
15.00,45,129,897.7956177
15.00,45,130,897.7889017
15.00,45,131,897.6080539
15.00,45,132,897.5050143
15.00,45,133,897.4311263
15.00,45,134,897.3102823
15.00,45,135,897.2684531
15.00,45,136,897.1205332
15.00,45,137,897.0256905
15.00,45,138,896.9362676
15.00,45,139,896.828619
15.00,45,140,896.760931
15.00,45,141,896.6345116
15.00,45,142,896.5983101
15.00,45,143,896.4445193
15.00,45,144,896.3501191
15.00,45,145,896.262441
15.00,45,146,896.154584
15.00,45,147,896.0910033
15.00,45,148,895.9627844
15.00,45,149,895.9356993
15.00,45,150,895.7766024
15.00,45,151,895.678343
15.00,45,152,895.5964167
15.00,45,153,895.4836731
15.00,45,154,895.4261044
15.00,45,155,895.2922448
15.00,45,156,895.2697796
15.00,45,157,895.1052993
15.00,45,158,895.0080937
15.00,45,159,894.9271607
15.00,45,160,894.8149564
15.00,45,161,894.7607418
15.00,45,162,894.6259126
15.00,45,163,894.6120718
15.00,45,164,894.443029
15.00,45,165,894.3417769
15.00,45,166,894.2665367
15.00,45,167,894.1493664
15.00,45,168,894.1006745
15.00,45,169,893.9604153
15.00,45,170,893.9497956
15.00,45,171,893.7762288
15.00,45,172,893.6767247
15.00,45,173,893.6015691
15.00,45,174,893.4858137
15.00,45,175,893.439463
15.00,45,176,893.2992697
15.00,45,177,893.2963347
15.00,45,178,893.1192952
15.00,45,179,893.0157238
15.00,45,180,892.9459661
15.00,45,181,892.8253879
15.00,45,182,892.7837851
15.00,45,183,892.6386554
15.00,45,184,892.6372421
15.00,45,185,892.4568652
15.00,45,186,892.3557635
15.00,45,187,892.2850925
15.00,45,188,892.1668639
15.00,45,189,892.126399
15.00,45,190,891.9824997
15.00,45,191,891.8906656
15.00,45,192,891.8029733
15.00,45,193,891.6993211
15.00,45,194,891.6313047
15.00,45,195,891.5105761
15.00,45,196,891.47067
15.00,45,197,891.3253884
15.00,45,198,891.2352639
15.00,45,199,891.1469734
15.00,45,200,891.0450384
15.00,46,1,721.8138261
15.00,46,2,721.793506
15.00,46,3,721.34617
15.00,46,4,721.3031853
15.00,46,5,721.2969563
15.00,46,6,721.2927727
15.00,46,7,721.0745399
15.00,46,8,720.9845047
15.00,46,9,720.7302757
15.00,46,10,720.6875253
15.00,46,11,720.3874828
15.00,46,12,720.300832
15.00,46,13,720.2806675
15.00,46,14,720.2624742
15.00,46,15,720.2539027
15.00,46,16,720.2473044
15.00,46,17,720.0451336
15.00,46,18,719.9354265
15.00,46,19,719.7043363
15.00,46,20,719.63401
15.00,46,21,719.3646232
15.00,46,22,719.3475527
15.00,46,23,719.0260182
15.00,46,24,718.9479367
15.00,46,25,718.9300943
15.00,46,26,718.914262
15.00,46,27,718.909083
15.00,46,28,718.9057871
15.00,46,29,718.6877376
15.00,46,30,718.6030656
15.00,46,31,718.351056
15.00,46,32,718.3131988
15.00,46,33,718.0154527
15.00,46,34,717.9315449
15.00,46,35,717.9120441
15.00,46,36,717.894507
15.00,46,37,717.8864951
15.00,46,38,717.8804588
15.00,46,39,717.6802355
15.00,46,40,717.5751735
15.00,46,41,717.3465313
15.00,46,42,717.2801174
15.00,46,43,717.0138731
15.00,46,44,716.999632
15.00,46,45,716.6822839
15.00,46,46,716.606327
15.00,46,47,716.5889811
15.00,46,48,716.5736376
15.00,46,49,716.5687646
15.00,46,50,716.5657898
15.00,46,51,716.3509899
15.00,46,52,716.2691055
15.00,46,53,716.0212525
15.00,46,54,715.9848083
15.00,46,55,715.6925546
15.00,46,56,715.6103471
15.00,46,57,715.591229
15.00,46,58,715.5740611
15.00,46,59,715.5661834
15.00,46,60,715.5602943
15.00,46,61,715.3642186
15.00,46,62,715.2607452
15.00,46,63,715.0373504
15.00,46,64,714.970903
15.00,46,65,714.7114899
15.00,46,66,714.6948129
15.00,46,67,714.3866584
15.00,46,68,714.3111839
15.00,46,69,714.2938842
15.00,46,70,714.2785707
15.00,46,71,714.2733097
15.00,46,72,714.2699832
15.00,46,73,714.0621119
15.00,46,74,713.9779727
15.00,46,75,713.7390658
15.00,46,76,713.6973636
15.00,46,77,713.4170189
15.00,46,78,713.3344771
15.00,46,79,713.3151845
15.00,46,80,713.2978113
15.00,46,81,713.2892043
15.00,46,82,713.2826128
15.00,46,83,713.095333
15.00,46,84,712.9872506
15.00,46,85,712.7750524
15.00,46,86,712.700517
15.00,46,87,712.4557396
15.00,46,88,712.4258374
15.00,46,89,712.1374116
15.00,46,90,712.0591316
15.00,46,91,712.0409734
15.00,46,92,712.0247581
15.00,46,93,712.0176951
15.00,46,94,712.0126295
15.00,46,95,711.8193955
15.00,46,96,711.7228096
15.00,46,97,711.5027938
15.00,46,98,711.4424226
15.00,46,99,711.1871466
15.00,46,100,711.1753856
15.00,46,101,710.8724745
15.00,46,102,710.8003975
15.00,46,103,710.7839151
15.00,46,104,710.7694113
15.00,46,105,710.7647549
15.00,46,106,710.7620516
15.00,46,107,710.5580441
15.00,46,108,710.479258
15.00,46,109,710.2450576
15.00,46,110,710.207443
15.00,46,111,709.9330174
15.00,46,112,709.8536273
15.00,46,113,709.8350883
15.00,46,114,709.8184552
15.00,46,115,709.8103628
15.00,46,116,709.8042977
15.00,46,117,709.621298
15.00,46,118,709.517969
15.00,46,119,709.3109268
15.00,46,120,709.2398635
15.00,46,121,709.0014718
15.00,46,122,708.973206
15.00,46,123,708.6929491
15.00,46,124,708.6170506
15.00,46,125,708.5994369
15.00,46,126,708.5837489
15.00,46,127,708.5768844
15.00,46,128,708.5720384
15.00,46,129,708.3847072
15.00,46,130,708.2905905
15.00,46,131,708.077817
15.00,46,132,708.0179606
15.00,46,133,707.7718297
15.00,46,134,707.7577343
15.00,46,135,707.4667642
15.00,46,136,707.3958198
15.00,46,137,707.3795391
15.00,46,138,707.3652156
15.00,46,139,707.3602296
15.00,46,140,707.3572384
15.00,46,141,707.1619236
15.00,46,142,707.0817501
15.00,46,143,706.8584536
15.00,46,144,706.816204
15.00,46,145,706.5558772
15.00,46,146,706.4769781
15.00,46,147,706.4584696
15.00,46,148,706.4418276
15.00,46,149,706.433145
15.00,46,150,706.4265102
15.00,46,151,706.2536119
15.00,46,152,706.1471595
15.00,46,153,705.9526176
15.00,46,154,705.8750064
15.00,46,155,705.6524878
15.00,46,156,705.6127295
15.00,46,157,705.3532353
15.00,46,158,705.275746
15.00,46,159,705.2575913
15.00,46,160,705.2413033
15.00,46,161,705.2329573
15.00,46,162,705.2266626
15.00,46,163,705.0542774
15.00,46,164,704.9506358
15.00,46,165,704.7565756
15.00,46,166,704.6818124
15.00,46,167,704.4597227
15.00,46,168,704.422886
15.00,46,169,704.1637316
15.00,46,170,704.0877715
15.00,46,171,704.0700047
15.00,46,172,704.0541071
15.00,46,173,704.0461566
15.00,46,174,704.0402612
15.00,46,175,703.8680174
15.00,46,176,703.7676094
15.00,46,177,703.5735463
15.00,46,178,703.5022146
15.00,46,179,703.2799091
15.00,46,180,703.2468116
15.00,46,181,702.9871192
15.00,46,182,702.912924
15.00,46,183,702.8956117
15.00,46,184,702.8801745
15.00,46,185,702.8727295
15.00,46,186,702.8673433
15.00,46,187,702.6945861
15.00,46,188,702.5981995
15.00,46,189,702.4032858
15.00,46,190,702.3364476
15.00,46,191,702.1128055
15.00,46,192,702.084909
15.00,46,193,701.8231592
15.00,46,194,701.7511582
15.00,46,195,701.7344204
15.00,46,196,701.7195694
15.00,46,197,701.7128246
15.00,46,198,701.7081417
15.00,46,199,701.533745
15.00,46,200,701.4427777
15.00,47,1,835.6659288
15.00,47,2,835.5595848
15.00,47,3,835.5268309
15.00,47,4,835.4755395
15.00,47,5,835.4299648
15.00,47,6,835.3827309
15.00,47,7,835.3392062
15.00,47,8,835.2933129
15.00,47,9,835.2521286
15.00,47,10,835.2077675
15.00,47,11,835.169393
15.00,47,12,835.1267784
15.00,47,13,835.0917812
15.00,47,14,835.0511471
15.00,47,15,835.0202127
15.00,47,16,834.9818112
15.00,47,17,834.9557676
15.00,47,18,834.9198642
15.00,47,19,834.8997117
15.00,47,20,834.866578
15.00,47,21,834.8535241
15.00,47,22,834.8234265
15.00,47,23,834.8189282
15.00,47,24,834.7921103
15.00,47,25,834.2613516
15.00,47,26,833.9476298
15.00,47,27,833.3626132
15.00,47,28,833.1332296
15.00,47,29,832.4701341
15.00,47,30,832.2545387
15.00,47,31,832.1760474
15.00,47,32,832.1340271
15.00,47,33,832.1021356
15.00,47,34,832.0634279
15.00,47,35,832.0359177
15.00,47,36,831.9994407
15.00,47,37,831.9771457
15.00,47,38,831.9431338
15.00,47,39,831.9270931
15.00,47,40,831.8957804
15.00,47,41,831.8872416
15.00,47,42,831.8588453
15.00,47,43,831.3684523
15.00,47,44,830.996259
15.00,47,45,830.4876685
15.00,47,46,830.1440016
15.00,47,47,829.6128312
15.00,47,48,829.4588445
15.00,47,49,829.3014999
15.00,47,50,829.2732019
15.00,47,51,828.6374838
15.00,47,52,828.479317
15.00,47,53,827.7746198
15.00,47,54,827.6121923
15.00,47,55,827.5005354
15.00,47,56,827.4587274
15.00,47,57,827.4281215
15.00,47,58,827.3904143
15.00,47,59,827.3639447
15.00,47,60,827.3282301
15.00,47,61,827.3066148
15.00,47,62,827.2730792
15.00,47,63,827.2572431
15.00,47,64,827.2260697
15.00,47,65,827.2171146
15.00,47,66,827.1884674
15.00,47,67,827.1877058
15.00,47,68,827.1617127
15.00,47,69,826.6047053
15.00,47,70,826.3228576
15.00,47,71,825.7529809
15.00,47,72,825.4927112
15.00,47,73,824.9070602
15.00,47,74,824.8782725
15.00,47,75,824.6717587
15.00,47,76,824.6427084
15.00,47,77,823.9633931
15.00,47,78,823.8613499
15.00,47,79,823.1289445
15.00,47,80,823.0025379
15.00,47,81,822.8688211
15.00,47,82,822.827267
15.00,47,83,822.7972897
15.00,47,84,822.7602361
15.00,47,85,822.7340417
15.00,47,86,822.6987314
15.00,47,87,822.6769202
15.00,47,88,822.6434996
15.00,47,89,822.626869
15.00,47,90,822.5954805
15.00,47,91,822.5849739
15.00,47,92,822.5557416
15.00,47,93,822.5524743
15.00,47,94,822.5254899
15.00,47,95,821.9964167
15.00,47,96,821.6749729
15.00,47,97,821.1720621
15.00,47,98,820.8215366
15.00,47,99,820.8152516
15.00,47,100,820.7883422
15.00,47,101,820.2537021
15.00,47,102,819.9393117
15.00,47,103,819.439598
15.00,47,104,819.107121
15.00,47,105,819.0780799
15.00,47,106,819.0501405
15.00,47,107,818.5324587
15.00,47,108,818.1979829
15.00,47,109,818.1941903
15.00,47,110,818.167246
15.00,47,111,817.6312646
15.00,47,112,817.3177983
15.00,47,113,816.8322235
15.00,47,114,816.458396
15.00,47,115,816.450814
15.00,47,116,816.4224188
15.00,47,117,816.4218057
15.00,47,118,816.3952236
15.00,47,119,815.8462197
15.00,47,120,815.5484269
15.00,47,121,815.0573787
15.00,47,122,814.6952634
15.00,47,123,814.6834149
15.00,47,124,814.654879
15.00,47,125,814.653814
15.00,47,126,814.6270362
15.00,47,127,814.0838675
15.00,47,128,813.7787311
15.00,47,129,813.7773042
15.00,47,130,813.750402
15.00,47,131,813.2110505
15.00,47,132,812.9013166
15.00,47,133,812.8988596
15.00,47,134,812.8716773
15.00,47,135,812.3437163
15.00,47,136,812.0207554
15.00,47,137,812.0162743
15.00,47,138,811.9885904
15.00,47,139,811.4818025
15.00,47,140,811.1349874
15.00,47,141,811.127359
15.00,47,142,811.0988895
15.00,47,143,811.0975653
15.00,47,144,811.0705566
15.00,47,145,810.5331349
15.00,47,146,810.2213126
15.00,47,147,810.2169951
15.00,47,148,810.1893036
15.00,47,149,809.6824644
15.00,47,150,809.3365838
15.00,47,151,809.3280835
15.00,47,152,809.2993866
15.00,47,153,809.2968356
15.00,47,154,809.2694951
15.00,47,155,808.746106
15.00,47,156,808.4189154
15.00,47,157,808.4119139
15.00,47,158,808.3835764
15.00,47,159,808.3826891
15.00,47,160,808.3556472
15.00,47,161,807.816112
15.00,47,162,807.5070851
15.00,47,163,807.501549
15.00,47,164,807.4735298
15.00,47,165,806.9821016
15.00,47,166,806.6213966
15.00,47,167,806.6099378
15.00,47,168,806.5805222
15.00,47,169,806.5742475
15.00,47,170,806.5460507
15.00,47,171,806.5457295
15.00,47,172,806.5187101
15.00,47,173,805.9748882
15.00,47,174,805.6709618
15.00,47,175,805.6649858
15.00,47,176,805.636848
15.00,47,177,805.1520271
15.00,47,178,804.7860232
15.00,47,179,804.7731504
15.00,47,180,804.7434182
15.00,47,181,804.7353239
15.00,47,182,804.7067232
15.00,47,183,804.704101
15.00,47,184,804.6765964
15.00,47,185,804.1582018
15.00,47,186,803.8277561
15.00,47,187,803.8180702
15.00,47,188,803.7891285
15.00,47,189,803.7846431
15.00,47,190,803.7567714
15.00,47,191,803.2588849
15.00,47,192,802.9078972
15.00,47,193,802.8956794
15.00,47,194,802.8661676
15.00,47,195,802.8586732
15.00,47,196,802.8302038
15.00,47,197,802.8280731
15.00,47,198,802.8005986
15.00,47,199,802.2787763
15.00,47,200,801.9529984
15.00,48,1,835.3293403
15.00,48,2,835.2600257
15.00,48,3,835.1847881
15.00,48,4,835.1181045
15.00,48,5,835.0407672
15.00,48,6,834.9801794
15.00,48,7,834.8969427
15.00,48,8,834.8431923
15.00,48,9,834.7533186
15.00,48,10,834.7072387
15.00,48,11,834.609902
15.00,48,12,834.572436
15.00,48,13,834.4667007
15.00,48,14,834.4389167
15.00,48,15,834.3237236
15.00,48,16,834.3068319
15.00,48,17,834.1809812
15.00,48,18,834.176355
15.00,48,19,834.0384854
15.00,48,20,833.9917436
15.00,48,21,833.9589525
15.00,48,22,833.9580193
15.00,48,23,833.8367553
15.00,48,24,833.8270734
15.00,48,25,833.6945493
15.00,48,26,833.6474129
15.00,48,27,833.6135149
15.00,48,28,833.6098437
15.00,48,29,833.4933487
15.00,48,30,833.4784416
15.00,48,31,833.3514309
15.00,48,32,833.348602
15.00,48,33,833.209754
15.00,48,34,833.1634113
15.00,48,35,833.1310846
15.00,48,36,833.1307351
15.00,48,37,833.0091444
15.00,48,38,833.000327
15.00,48,39,832.867747
15.00,48,40,832.8209212
15.00,48,41,832.7872851
15.00,48,42,832.7837381
15.00,48,43,832.6676744
15.00,48,44,832.6527883
15.00,48,45,832.526556
15.00,48,46,832.523312
15.00,48,47,832.3856708
15.00,48,48,832.3395122
15.00,48,49,832.3071558
15.00,48,50,832.3062635
15.00,48,51,832.1861953
15.00,48,52,832.1761415
15.00,48,53,832.0455811
15.00,48,54,831.9988625
15.00,48,55,831.9650222
15.00,48,56,831.9605381
15.00,48,57,831.8466493
15.00,48,58,831.8298125
15.00,48,59,831.7063068
15.00,48,60,831.7004459
15.00,48,61,831.5661879
15.00,48,62,831.5200017
15.00,48,63,831.4871314
15.00,48,64,831.4845946
15.00,48,65,831.3678618
15.00,48,66,831.3545338
15.00,48,67,831.2280075
15.00,48,68,831.225837
15.00,48,69,831.0883761
15.00,48,70,831.0426721
15.00,48,71,831.0106564
15.00,48,72,831.0098028
15.00,48,73,830.8906567
15.00,48,74,830.8803398
15.00,48,75,830.7512832
15.00,48,76,830.7048949
15.00,48,77,830.6711132
15.00,48,78,830.6660313
15.00,48,79,830.5541197
15.00,48,80,830.5358699
15.00,48,81,830.4150065
15.00,48,82,830.4069245
15.00,48,83,830.2761045
15.00,48,84,830.2300589
15.00,48,85,830.1968119
15.00,48,86,830.1926858
15.00,48,87,830.079559
15.00,48,88,830.0629733
15.00,48,89,829.9409118
15.00,48,90,829.9344566
15.00,48,91,829.8024737
15.00,48,92,829.7567115
15.00,48,93,829.7238638
15.00,48,94,829.7203849
15.00,48,95,829.6065493
15.00,48,96,829.5910542
15.00,48,97,829.468361
15.00,48,98,829.4628916
15.00,48,99,829.3303789
15.00,48,100,829.2848383
15.00,48,101,829.2522487
15.00,48,102,829.2490955
15.00,48,103,829.1350796
15.00,48,104,829.12008
15.00,48,105,828.997343
15.00,48,106,828.9921978
15.00,48,107,828.8598092
15.00,48,108,828.8144271
15.00,48,109,828.7819508
15.00,48,110,828.7787947
15.00,48,111,828.6651398
15.00,48,112,828.6500296
15.00,48,113,828.5278477
15.00,48,114,828.5223563
15.00,48,115,828.3907549
15.00,48,116,828.3454674
15.00,48,117,828.3129589
15.00,48,118,828.30947
15.00,48,119,828.1967202
15.00,48,120,828.1808936
15.00,48,121,828.0598661
15.00,48,122,828.0533617
15.00,48,123,827.9232071
15.00,48,124,827.8779512
15.00,48,125,827.8452671
15.00,48,126,827.8411203
15.00,48,127,827.7298124
15.00,48,128,827.7126754
15.00,48,129,827.5933897
15.00,48,130,827.5852226
15.00,48,131,827.4571578
15.00,48,132,827.4118726
15.00,48,133,827.3788743
15.00,48,134,827.373756
15.00,48,135,827.2644086
15.00,48,136,827.2453907
15.00,48,137,827.1284113
15.00,48,138,827.1179612
15.00,48,139,826.9926003
15.00,48,140,826.9915384
15.00,48,141,826.8569807
15.00,48,142,826.8125228
15.00,48,143,826.7811138
15.00,48,144,826.779288
15.00,48,145,826.6649381
15.00,48,146,826.6518406
15.00,48,147,826.5295435
15.00,48,148,826.525348
15.00,48,149,826.3943353
15.00,48,150,826.3497093
15.00,48,151,826.3176701
15.00,48,152,826.3141576
15.00,48,153,826.2029499
15.00,48,154,826.1866646
15.00,48,155,826.0679666
15.00,48,156,826.0600592
15.00,48,157,825.9331643
15.00,48,158,825.8883174
15.00,48,159,825.8555283
15.00,48,160,825.85006
15.00,48,161,825.7424415
15.00,48,162,825.7224884
15.00,48,163,825.6078649
15.00,48,164,825.5957359
15.00,48,165,825.4734639
15.00,48,166,825.4698574
15.00,48,167,825.3392428
15.00,48,168,825.294956
15.00,48,169,825.2631462
15.00,48,170,825.259586
15.00,48,171,825.1492476
15.00,48,172,825.1326683
15.00,48,173,825.0152452
15.00,48,174,825.0065626
15.00,48,175,824.8814169
15.00,48,176,824.881321
15.00,48,177,824.7477668
15.00,48,178,824.7039641
15.00,48,179,824.6729606
15.00,48,180,824.6709155
15.00,48,181,824.5585032
15.00,48,182,824.544574
15.00,48,183,824.4250656
15.00,48,184,824.4190299
15.00,48,185,824.2918002
15.00,48,186,824.2475707
15.00,48,187,824.2153506
15.00,48,188,824.2102978
15.00,48,189,824.10322
15.00,48,190,824.0837276
15.00,48,191,823.9701705
15.00,48,192,823.9578769
15.00,48,193,823.8372872
15.00,48,194,823.8327871
15.00,48,195,823.7045734
15.00,48,196,823.6606436
15.00,48,197,823.6288102
15.00,48,198,823.6243245
15.00,48,199,823.5167425
15.00,48,200,823.4981782
15.00,49,1,689.4663048
15.00,49,2,689.4380607
15.00,49,3,689.4089877
15.00,49,4,689.3830491
15.00,49,5,689.3588102
15.00,49,6,689.3362288
15.00,49,7,689.3160138
15.00,49,8,689.2980135
15.00,49,9,689.2832901
15.00,49,10,689.2715101
15.00,49,11,689.2642691
15.00,49,12,689.2609072
15.00,49,13,689.0231405
15.00,49,14,688.8654391
15.00,49,15,688.4484153
15.00,49,16,688.3777076
15.00,49,17,688.3506511
15.00,49,18,688.1180013
15.00,49,19,687.9451791
15.00,49,20,687.5482181
15.00,49,21,687.4393959
15.00,49,22,687.4105283
15.00,49,23,687.4070616
15.00,49,24,687.1865772
15.00,49,25,687.0118607
15.00,49,26,686.6220107
15.00,49,27,686.533383
15.00,49,28,686.5104943
15.00,49,29,686.2976861
15.00,49,30,686.1640599
15.00,49,31,685.737889
15.00,49,32,685.6713396
15.00,49,33,685.4503658
15.00,49,34,685.388521
15.00,49,35,684.9001769
15.00,49,36,684.8577762
15.00,49,37,684.779881
15.00,49,38,684.7559415
15.00,49,39,684.7345534
15.00,49,40,684.715269
15.00,49,41,684.6989624
15.00,49,42,684.6855837
15.00,49,43,684.6764717
15.00,49,44,684.6713932
15.00,49,45,684.4763261
15.00,49,46,684.3497301
15.00,49,47,683.9268942
15.00,49,48,683.9058045
15.00,49,49,683.9021377
15.00,49,50,683.6110844
15.00,49,51,683.4860214
15.00,49,52,683.4801809
15.00,49,53,683.2966914
15.00,49,54,683.1722032
15.00,49,55,682.7536826
15.00,49,56,682.7432179
15.00,49,57,682.4768205
15.00,49,58,682.3983072
15.00,49,59,682.3439476
15.00,49,60,682.3178144
15.00,49,61,682.2933748
15.00,49,62,682.2705005
15.00,49,63,682.2497629
15.00,49,64,682.2312564
15.00,49,65,682.2158671
15.00,49,66,682.2036369
15.00,49,67,682.1959583
15.00,49,68,682.1927231
15.00,49,69,682.0005481
15.00,49,70,681.930458
15.00,49,71,681.4646812
15.00,49,72,681.399014
15.00,49,73,681.3771004
15.00,49,74,681.3602926
15.00,49,75,681.3469559
15.00,49,76,681.3371647
15.00,49,77,681.3325062
15.00,49,78,681.1562673
15.00,49,79,681.037597
15.00,49,80,680.6247531
15.00,49,81,680.6149635
15.00,49,82,680.3540562
15.00,49,83,680.2797913
15.00,49,84,680.2222966
15.00,49,85,680.1968536
15.00,49,86,680.172974
15.00,49,87,680.1509267
15.00,49,88,680.1308599
15.00,49,89,680.1135136
15.00,49,90,680.0990268
15.00,49,91,680.0885757
15.00,49,92,680.0822311
15.00,49,93,680.0818741
15.00,49,94,679.8874808
15.00,49,95,679.8452557
15.00,49,96,679.3629012
15.00,49,97,679.3015964
15.00,49,98,679.2806009
15.00,49,99,679.2658846
15.00,49,100,679.2545082
15.00,49,101,679.2479224
15.00,49,102,679.2461832
15.00,49,103,679.060943
15.00,49,104,679.0501694
15.00,49,105,678.5408803
15.00,49,106,678.4937297
15.00,49,107,678.4772924
15.00,49,108,678.466691
15.00,49,109,678.4610396
15.00,49,110,678.4604652
15.00,49,111,678.2726183
15.00,49,112,678.1433998
15.00,49,113,678.1392332
15.00,49,114,677.974697
15.00,49,115,677.9020103
15.00,49,116,677.4602936
15.00,49,117,677.4028167
15.00,49,118,677.3818349
15.00,49,119,677.3686376
15.00,49,120,677.3591202
15.00,49,121,677.35488
15.00,49,122,677.1949209
15.00,49,123,677.127714
15.00,49,124,676.6843856
15.00,49,125,676.6273108
15.00,49,126,676.6095342
15.00,49,127,676.5973777
15.00,49,128,676.589135
15.00,49,129,676.5865053
15.00,49,130,676.4212901
15.00,49,131,676.3882755
15.00,49,132,675.9148485
15.00,49,133,675.8654652
15.00,49,134,675.8495869
15.00,49,135,675.8399665
15.00,49,136,675.8347925
15.00,49,137,675.684222
15.00,49,138,675.6514392
15.00,49,139,675.1816837
15.00,49,140,675.1421086
15.00,49,141,675.1299082
15.00,49,142,675.1233908
15.00,49,143,675.1229305
15.00,49,144,674.9526937
15.00,49,145,674.8283697
15.00,49,146,674.8259039
15.00,49,147,674.6647206
15.00,49,148,674.542914
15.00,49,149,674.5415585
15.00,49,150,674.3775711
15.00,49,151,674.2528508
15.00,49,152,674.2502465
15.00,49,153,674.0912889
15.00,49,154,673.971926
15.00,49,155,673.9712978
15.00,49,156,673.8058246
15.00,49,157,673.6864887
15.00,49,158,673.68532
15.00,49,159,673.521221
15.00,49,160,673.410568
15.00,49,161,673.2672468
15.00,49,162,673.1469877
15.00,49,163,673.1403918
15.00,49,164,672.9841122
15.00,49,165,672.8640391
15.00,49,166,672.8632316
15.00,49,167,672.7019112
15.00,49,168,672.5951625
15.00,49,169,672.45003
15.00,49,170,672.3343317
15.00,49,171,672.3322564
15.00,49,172,672.1693124
15.00,49,173,672.0605434
15.00,49,174,671.9187498
15.00,49,175,671.7942218
15.00,49,176,671.7926163
15.00,49,177,671.6396316
15.00,49,178,671.5334314
15.00,49,179,671.3904948
15.00,49,180,671.2801172
15.00,49,181,671.2800031
15.00,49,182,671.1128404
15.00,49,183,671.0158128
15.00,49,184,670.8649959
15.00,49,185,670.7559709
15.00,49,186,670.6178027
15.00,49,187,670.4989412
15.00,49,188,670.4982559
15.00,49,189,670.3424097
15.00,49,190,670.2489153
15.00,49,191,670.0966528
15.00,49,192,670.0090354
15.00,49,193,669.8524232
15.00,49,194,669.8153684
15.00,49,195,669.761529
15.00,49,196,669.5782864
15.00,49,197,669.5135883
15.00,49,198,669.336433
15.00,49,199,669.2789159
15.00,49,200,669.2349689
15.00,50,1,842.9365203
15.00,50,2,841.5689146
15.00,50,3,841.554498
15.00,50,4,841.4160456
15.00,50,5,841.3422425
15.00,50,6,841.3388404
15.00,50,7,841.1813401
15.00,50,8,841.1200121
15.00,50,9,841.0111395
15.00,50,10,840.9826243
15.00,50,11,840.7158953
15.00,50,12,840.6587554
15.00,50,13,840.6113301
15.00,50,14,840.5829265
15.00,50,15,840.4744908
15.00,50,16,840.4441925
15.00,50,17,840.1801805
15.00,50,18,840.1230765
15.00,50,19,840.0754561
15.00,50,20,840.0463746
15.00,50,21,839.9396924
15.00,50,22,839.903489
15.00,50,23,839.6461943
15.00,50,24,839.64298
15.00,50,25,839.475929
15.00,50,26,839.4201682
15.00,50,27,839.3074176
15.00,50,28,839.2898187
15.00,50,29,839.0155983
15.00,50,30,838.9592447
15.00,50,31,838.9125332
15.00,50,32,838.884599
15.00,50,33,838.7766187
15.00,50,34,838.7437333
15.00,50,35,838.4853391
15.00,50,36,838.481863
15.00,50,37,838.3162949
15.00,50,38,838.2596297
15.00,50,39,838.1490621
15.00,50,40,838.1237397
15.00,50,41,837.8591322
15.00,50,42,837.8587082
15.00,50,43,837.6906455
15.00,50,44,837.6353717
15.00,50,45,837.5240421
15.00,50,46,837.5005716
15.00,50,47,837.235295
15.00,50,48,837.2347504
15.00,50,49,837.0674589
15.00,50,50,837.0117211
15.00,50,51,836.9015379
15.00,50,52,836.8741075
15.00,50,53,836.6138085
15.00,50,54,836.6099829
15.00,50,55,836.4467194
15.00,50,56,836.388718
15.00,50,57,836.2815346
15.00,50,58,836.2446387
15.00,50,59,835.9946713
15.00,50,60,835.9846534
15.00,50,61,835.8284217
15.00,50,62,835.766542
15.00,50,63,835.6640228
15.00,50,64,835.6128603
15.00,50,65,835.3778977
15.00,50,66,835.3592259
15.00,50,67,835.2125686
15.00,50,68,835.1454912
15.00,50,69,835.1439846
15.00,50,70,834.9868066
15.00,50,71,834.9240682
15.00,50,72,834.8232919
15.00,50,73,834.7633573
15.00,50,74,834.5382607
15.00,50,75,834.5110736
15.00,50,76,834.3740055
15.00,50,77,834.3007772
15.00,50,78,834.2921085
15.00,50,79,834.1494899
15.00,50,80,834.0803716
15.00,50,81,834.0759258
15.00,50,82,833.9252359
15.00,50,83,833.8591854
15.00,50,84,833.8573495
15.00,50,85,833.7013971
15.00,50,86,833.6394807
15.00,50,87,833.5392628
15.00,50,88,833.4805856
15.00,50,89,833.2567705
15.00,50,90,833.2310251
15.00,50,91,833.0938765
15.00,50,92,833.0220303
15.00,50,93,833.0140061
15.00,50,94,832.8711186
15.00,50,95,832.8011837
15.00,50,96,832.7946347
15.00,50,97,832.6487568
15.00,50,98,832.5815967
15.00,50,99,832.5779131
15.00,50,100,832.4266385
15.00,50,101,832.3610513
15.00,50,102,832.3584671
15.00,50,103,832.2049197
15.00,50,104,832.1418397
15.00,50,105,832.0444063
15.00,50,106,831.9773805
15.00,50,107,831.7643826
15.00,50,108,831.732351
15.00,50,109,831.6032474
15.00,50,110,831.5275275
15.00,50,111,831.5145193
15.00,50,112,831.3826047
15.00,50,113,831.3074081
15.00,50,114,831.2945371
15.00,50,115,831.1623377
15.00,50,116,831.0883282
15.00,50,117,831.0766941
15.00,50,118,830.9423202
15.00,50,119,830.868462
15.00,50,120,830.8565887
15.00,50,121,830.722678
15.00,50,122,830.6496524
15.00,50,123,830.6386693
15.00,50,124,830.5032818
15.00,50,125,830.4300291
15.00,50,126,830.4184322
15.00,50,127,830.2842597
15.00,50,128,830.2114687
15.00,50,129,830.2003969
15.00,50,130,830.065482
15.00,50,131,829.9920955
15.00,50,132,829.9800531
15.00,50,133,829.8470766
15.00,50,134,829.77378
15.00,50,135,829.7618951
15.00,50,136,829.6289158
15.00,50,137,829.5546808
15.00,50,138,829.541501
15.00,50,139,829.4111248
15.00,50,140,829.3366228
15.00,50,141,829.3232456
15.00,50,142,829.1935807
15.00,50,143,829.1178361
15.00,50,144,829.1028845
15.00,50,145,828.976403
15.00,50,146,828.9000636
15.00,50,147,828.8845871
15.00,50,148,828.7594758
15.00,50,149,828.6816397
15.00,50,150,828.6643638
15.00,50,151,828.5429112
15.00,50,152,828.5403342
15.00,50,153,828.2705882
15.00,50,154,828.2657255
15.00,50,155,828.1120268
15.00,50,156,828.0494075
15.00,50,157,828.0466735
15.00,50,158,827.8962587
15.00,50,159,827.8307949
15.00,50,160,827.8248698
15.00,50,161,827.680875
15.00,50,162,827.6135211
15.00,50,163,827.6058732
15.00,50,164,827.4657263
15.00,50,165,827.3954369
15.00,50,166,827.3845605
15.00,50,167,827.2509539
15.00,50,168,827.1785917
15.00,50,169,827.1657939
15.00,50,170,827.036428
15.00,50,171,826.9611246
15.00,50,172,826.9451438
15.00,50,173,826.8222699
15.00,50,174,826.8217025
15.00,50,175,826.5529616
15.00,50,176,826.5464428
15.00,50,177,826.3961753
15.00,50,178,826.3320757
15.00,50,179,826.3266393
15.00,50,180,826.1827889
15.00,50,181,826.1144913
15.00,50,182,826.1046316
15.00,50,183,825.9697874
15.00,50,184,825.8983287
15.00,50,185,825.8855285
15.00,50,186,825.7570374
15.00,50,187,825.6816791
15.00,50,188,825.6648115
15.00,50,189,825.5446594
15.00,50,190,825.535667
15.00,50,191,825.2773562
15.00,50,192,825.2650147
15.00,50,193,825.1220607
15.00,50,194,825.0546551
15.00,50,195,825.0451537
15.00,50,196,824.9104535
15.00,50,197,824.8381874
15.00,50,198,824.8237057
15.00,50,199,824.6992299
15.00,50,200,824.6231765
