SNR_dB,mc_idx,iter_idx,L_val
0.00,1,1,780.0665773
0.00,1,2,779.9014716
0.00,1,3,779.8249233
0.00,1,4,779.772775
0.00,1,5,779.6934632
0.00,1,6,779.6445201
0.00,1,7,779.5622254
0.00,1,8,779.5167356
0.00,1,9,779.4312151
0.00,1,10,779.3894485
0.00,1,11,779.3004387
0.00,1,12,779.2626853
0.00,1,13,779.1699028
0.00,1,14,779.1364737
0.00,1,15,779.0396143
0.00,1,16,779.0108429
0.00,1,17,778.9095805
0.00,1,18,778.8858241
0.00,1,19,778.7798092
0.00,1,20,778.7614498
0.00,1,21,778.6503087
0.00,1,22,778.6377548
0.00,1,23,778.5210877
0.00,1,24,778.5147755
0.00,1,25,778.3921552
0.00,1,26,778.3278293
0.00,1,27,778.2637961
0.00,1,28,778.1976373
0.00,1,29,778.1358093
0.00,1,30,778.0676454
0.00,1,31,778.0082131
0.00,1,32,777.9378586
0.00,1,33,777.8810293
0.00,1,34,777.8082826
0.00,1,35,777.7542824
0.00,1,36,777.6789236
0.00,1,37,777.6279988
0.00,1,38,777.5497884
0.00,1,39,777.5022076
0.00,1,40,777.4208848
0.00,1,41,777.3769406
0.00,1,42,777.2922209
0.00,1,43,777.2522324
0.00,1,44,777.1638057
0.00,1,45,777.1281208
0.00,1,46,777.0356492
0.00,1,47,777.0046468
0.00,1,48,776.907762
0.00,1,49,776.8818556
0.00,1,50,776.7801561
0.00,1,51,776.7597962
0.00,1,52,776.6528444
0.00,1,53,776.6385222
0.00,1,54,776.5258408
0.00,1,55,776.5180919
0.00,1,56,776.3991608
0.00,1,57,776.3985692
0.00,1,58,776.2728213
0.00,1,59,776.2078596
0.00,1,60,776.1465865
0.00,1,61,776.0798611
0.00,1,62,776.0206803
0.00,1,63,775.9520473
0.00,1,64,775.8951137
0.00,1,65,775.8244212
0.00,1,66,775.7699007
0.00,1,67,775.696986
0.00,1,68,775.6450564
0.00,1,69,775.5697458
0.00,1,70,775.5205971
0.00,1,71,775.4427043
0.00,1,72,775.3965398
0.00,1,73,775.315866
0.00,1,74,775.272903
0.00,1,75,775.1892353
0.00,1,76,775.1497059
0.00,1,77,775.062817
0.00,1,78,775.0269689
0.00,1,79,774.9366162
0.00,1,80,774.9047138
0.00,1,81,774.8106384
0.00,1,82,774.7829632
0.00,1,83,774.684889
0.00,1,84,774.6617411
0.00,1,85,774.5593743
0.00,1,86,774.5410728
0.00,1,87,774.4341003
0.00,1,88,774.4209847
0.00,1,89,774.3090737
0.00,1,90,774.3015047
0.00,1,91,774.1843014
0.00,1,92,774.1826617
0.00,1,93,774.0597907
0.00,1,94,773.9965927
0.00,1,95,773.9358296
0.00,1,96,773.8708878
0.00,1,97,773.8122063
0.00,1,98,773.7453676
0.00,1,99,773.6889353
0.00,1,100,773.6200361
0.00,1,101,773.5660346
0.00,1,102,773.494898
0.00,1,103,773.4435238
0.00,1,104,773.3699582
0.00,1,105,773.3214246
0.00,1,106,773.2452223
0.00,1,107,773.1997602
0.00,1,108,773.1206964
0.00,1,109,773.0785562
0.00,1,110,772.9963869
0.00,1,111,772.9578398
0.00,1,112,772.8723011
0.00,1,113,772.8376412
0.00,1,114,772.7484466
0.00,1,115,772.7179926
0.00,1,116,772.624832
0.00,1,117,772.5989292
0.00,1,118,772.5014663
0.00,1,119,772.4804891
0.00,1,120,772.3783595
0.00,1,121,772.3627137
0.00,1,122,772.2555225
0.00,1,123,772.2456478
0.00,1,124,772.1329669
0.00,1,125,772.1293402
0.00,1,126,772.0107056
0.00,1,127,771.948794
0.00,1,128,771.8885264
0.00,1,129,771.8250969
0.00,1,130,771.766629
0.00,1,131,771.7015664
0.00,1,132,771.6450208
0.00,1,133,771.5782044
0.00,1,134,771.5237121
0.00,1,135,771.4550135
0.00,1,136,771.4027137
0.00,1,137,771.3319963
0.00,1,138,771.2820372
0.00,1,139,771.2091556
0.00,1,140,771.1616951
0.00,1,141,771.0864945
0.00,1,142,771.0417003
0.00,1,143,770.9640161
0.00,1,144,770.9220665
0.00,1,145,770.8417238
0.00,1,146,770.8028081
0.00,1,147,770.7196211
0.00,1,148,770.6839403
0.00,1,149,770.5977117
0.00,1,150,770.5654791
0.00,1,151,770.4759996
0.00,1,152,770.4474411
0.00,1,153,770.3544889
0.00,1,154,770.3298438
0.00,1,155,770.2331838
0.00,1,156,770.2127055
0.00,1,157,770.1120889
0.00,1,158,770.0960454
0.00,1,159,769.9912089
0.00,1,160,769.9798834
0.00,1,161,769.8705487
0.00,1,162,769.8642402
0.00,1,163,769.7501135
0.00,1,164,769.7491375
0.00,1,165,769.6299084
0.00,1,166,769.5688458
0.00,1,167,769.5102044
0.00,1,168,769.4475768
0.00,1,169,769.390795
0.00,1,170,769.3264752
0.00,1,171,769.271691
0.00,1,172,769.2055438
0.00,1,173,769.1529058
0.00,1,174,769.0847862
0.00,1,175,769.0344543
0.00,1,176,768.9642059
0.00,1,177,768.9163526
0.00,1,178,768.8438072
0.00,1,179,768.7986179
0.00,1,180,768.7235945
0.00,1,181,768.6812692
0.00,1,182,768.6035726
0.00,1,183,768.5643266
0.00,1,184,768.4837466
0.00,1,185,768.4478119
0.00,1,186,768.3641222
0.00,1,187,768.3317485
0.00,1,188,768.2447054
0.00,1,189,768.216162
0.00,1,190,768.1255027
0.00,1,191,768.1010795
0.00,1,192,768.0065213
0.00,1,193,767.9865305
0.00,1,194,767.8877687
0.00,1,195,767.8725468
0.00,1,196,767.7692532
0.00,1,197,767.7591626
0.00,1,198,767.6509836
0.00,1,199,767.6464148
0.00,1,200,767.5329697
0.00,2,1,723.5627548
0.00,2,2,723.5567599
0.00,2,3,723.5353915
0.00,2,4,723.4971517
0.00,2,5,723.4873292
0.00,2,6,723.4531741
0.00,2,7,723.0306052
0.00,2,8,722.9407476
0.00,2,9,722.0253792
0.00,2,10,721.9224443
0.00,2,11,721.8836318
0.00,2,12,721.8382862
0.00,2,13,721.8057244
0.00,2,14,721.7635545
0.00,2,15,721.7390434
0.00,2,16,721.7004941
0.00,2,17,721.6863599
0.00,2,18,721.6518335
0.00,2,19,721.6510763
0.00,2,20,721.6208543
0.00,2,21,721.1486754
0.00,2,22,720.9148227
0.00,2,23,720.8949733
0.00,2,24,720.8587306
0.00,2,25,720.8505121
0.00,2,26,720.8184845
0.00,2,27,720.3999462
0.00,2,28,720.3449134
0.00,2,29,719.4207985
0.00,2,30,719.328133
0.00,2,31,719.2917984
0.00,2,32,719.2486576
0.00,2,33,719.2189309
0.00,2,34,719.1791404
0.00,2,35,719.1579544
0.00,2,36,719.1219875
0.00,2,37,719.1118471
0.00,2,38,719.0801273
0.00,2,39,718.6835082
0.00,2,40,718.5892349
0.00,2,41,717.720954
0.00,2,42,717.6213933
0.00,2,43,717.5843624
0.00,2,44,717.5414089
0.00,2,45,717.5105414
0.00,2,46,717.4708551
0.00,2,47,717.447969
0.00,2,48,717.4120479
0.00,2,49,717.3995064
0.00,2,50,717.3678206
0.00,2,51,716.9962606
0.00,2,52,716.8532233
0.00,2,53,716.0497725
0.00,2,54,715.941274
0.00,2,55,715.9031775
0.00,2,56,715.860135
0.00,2,57,715.8276468
0.00,2,58,715.7877332
0.00,2,59,715.7625205
0.00,2,60,715.7262514
0.00,2,61,715.7104872
0.00,2,62,715.6783746
0.00,2,63,715.674887
0.00,2,64,715.6473754
0.00,2,65,715.2243542
0.00,2,66,714.9928941
0.00,2,67,714.972904
0.00,2,68,714.9393512
0.00,2,69,714.9302849
0.00,2,70,714.9011883
0.00,2,71,714.5189925
0.00,2,72,714.4496155
0.00,2,73,713.596203
0.00,2,74,713.5067137
0.00,2,75,713.4725547
0.00,2,76,713.4325005
0.00,2,77,713.4047944
0.00,2,78,713.3682142
0.00,2,79,713.3489114
0.00,2,80,713.3163571
0.00,2,81,713.3080065
0.00,2,82,713.2800039
0.00,2,83,712.90113
0.00,2,84,712.8477603
0.00,2,85,711.9934857
0.00,2,86,711.9095173
0.00,2,87,711.8767594
0.00,2,88,711.837989
0.00,2,89,711.8118937
0.00,2,90,711.7767117
0.00,2,91,711.7593126
0.00,2,92,711.7282938
0.00,2,93,711.7222538
0.00,2,94,711.6959442
0.00,2,95,711.3096497
0.00,2,96,711.3064116
0.00,2,97,710.4168413
0.00,2,98,710.3463312
0.00,2,99,710.3163823
0.00,2,100,710.2796704
0.00,2,101,710.2570408
0.00,2,102,710.2241723
0.00,2,103,710.2111197
0.00,2,104,710.1826912
0.00,2,105,710.1821764
0.00,2,106,710.1587349
0.00,2,107,709.7438471
0.00,2,108,709.5416279
0.00,2,109,709.5264776
0.00,2,110,709.4974373
0.00,2,111,709.4941023
0.00,2,112,709.4699782
0.00,2,113,709.0769314
0.00,2,114,708.8622289
0.00,2,115,708.8446916
0.00,2,116,708.8148354
0.00,2,117,708.8082979
0.00,2,118,708.7832518
0.00,2,119,708.4145715
0.00,2,120,708.402846
0.00,2,121,707.5479375
0.00,2,122,707.4785024
0.00,2,123,707.4495108
0.00,2,124,707.4142278
0.00,2,125,707.3924821
0.00,2,126,707.3611178
0.00,2,127,707.348891
0.00,2,128,707.3220895
0.00,2,129,706.9982752
0.00,2,130,706.8674093
0.00,2,131,706.1438413
0.00,2,132,706.0486931
0.00,2,133,706.0154736
0.00,2,134,705.9780764
0.00,2,135,705.9505803
0.00,2,136,705.916602
0.00,2,137,705.8966329
0.00,2,138,705.8667167
0.00,2,139,705.8566582
0.00,2,140,705.8314738
0.00,2,141,705.5002221
0.00,2,142,705.4157454
0.00,2,143,704.6591326
0.00,2,144,704.5759785
0.00,2,145,704.5452627
0.00,2,146,704.5097909
0.00,2,147,704.4853956
0.00,2,148,704.4536127
0.00,2,149,704.4375513
0.00,2,150,704.4101376
0.00,2,151,704.4050757
0.00,2,152,704.3827242
0.00,2,153,704.0252756
0.00,2,154,703.8145895
0.00,2,155,703.7972924
0.00,2,156,703.7695095
0.00,2,157,703.7627456
0.00,2,158,703.7399531
0.00,2,159,703.3967476
0.00,2,160,703.384097
0.00,2,161,702.5741672
0.00,2,162,702.5099443
0.00,2,163,702.4831842
0.00,2,164,702.4506524
0.00,2,165,702.4312183
0.00,2,166,702.4028056
0.00,2,167,702.3930663
0.00,2,168,702.369504
0.00,2,169,702.052263
0.00,2,170,701.9769869
0.00,2,171,701.2409774
0.00,2,172,701.1635743
0.00,2,173,701.1347366
0.00,2,174,701.1013098
0.00,2,175,701.0789516
0.00,2,176,701.0493771
0.00,2,177,701.035607
0.00,2,178,701.0106237
0.00,2,179,701.0082481
0.00,2,180,700.9886178
0.00,2,181,700.6294008
0.00,2,182,700.440652
0.00,2,183,700.4271608
0.00,2,184,700.4025535
0.00,2,185,700.4004862
0.00,2,186,700.3812749
0.00,2,187,700.0228989
0.00,2,188,699.8372276
0.00,2,189,699.8242621
0.00,2,190,699.8001436
0.00,2,191,699.798716
0.00,2,192,699.7800578
0.00,2,193,699.4202699
0.00,2,194,699.2393491
0.00,2,195,699.2272386
0.00,2,196,699.2037766
0.00,2,197,699.2034289
0.00,2,198,699.1855176
0.00,2,199,698.8214718
0.00,2,200,698.6475868
0.00,3,1,788.6256045
0.00,3,2,788.6223345
0.00,3,3,788.6068283
0.00,3,4,788.5991928
0.00,3,5,788.5944334
0.00,3,6,788.5913248
0.00,3,7,788.5856946
0.00,3,8,788.5851244
0.00,4,1,800.7003382
0.00,4,2,800.1628554
0.00,4,3,799.8863084
0.00,4,4,799.7223038
0.00,4,5,799.6039316
0.00,4,6,799.5295249
0.00,4,7,799.3734567
0.00,4,8,799.2589428
0.00,4,9,799.174614
0.00,4,10,799.026543
0.00,4,11,798.9151437
0.00,4,12,798.8220679
0.00,4,13,798.680649
0.00,4,14,798.677094
0.00,4,15,798.4708633
0.00,4,16,798.3362858
0.00,4,17,798.3145774
0.00,4,18,798.1226307
0.00,4,19,797.9933374
0.00,4,20,797.9557716
0.00,4,21,797.77534
0.00,4,22,797.6516262
0.00,4,23,797.599383
0.00,4,24,797.4305545
0.00,4,25,797.3112363
0.00,4,26,797.2461858
0.00,4,27,797.0868312
0.00,4,28,796.9720352
0.00,4,29,796.8952388
0.00,4,30,796.7452437
0.00,4,31,796.6340739
0.00,4,32,796.5470466
0.00,4,33,796.4047768
0.00,4,34,796.2972535
0.00,4,35,796.2009259
0.00,4,36,796.066156
0.00,4,37,796.0509093
0.00,4,38,795.8575879
0.00,4,39,795.7288284
0.00,4,40,795.6956881
0.00,4,41,795.5153836
0.00,4,42,795.3928109
0.00,4,43,795.3433757
0.00,4,44,795.1758851
0.00,4,45,795.0581749
0.00,4,46,794.9946839
0.00,4,47,794.8376054
0.00,4,48,794.7247736
0.00,4,49,794.6485976
0.00,4,50,794.501576
0.00,4,51,794.3926452
0.00,4,52,794.3055478
0.00,4,53,794.1667835
0.00,4,54,794.1665863
0.00,4,55,793.9643907
0.00,4,56,793.8337148
0.00,4,57,793.812095
0.00,4,58,793.6266291
0.00,4,59,793.5022063
0.00,4,60,793.4622843
0.00,4,61,793.2902274
0.00,4,62,793.1720526
0.00,4,63,793.11574
0.00,4,64,792.9565546
0.00,4,65,792.8432991
0.00,4,66,792.7730028
0.00,4,67,792.6242527
0.00,4,68,792.5157987
0.00,4,69,792.4330901
0.00,4,70,792.294181
0.00,4,71,792.1895688
0.00,4,72,792.0962941
0.00,4,73,791.96544
0.00,4,74,791.9478369
0.00,4,75,791.7615803
0.00,4,76,791.6384099
0.00,4,77,791.6005806
0.00,4,78,791.4301226
0.00,4,79,791.312926
0.00,4,80,791.2579951
0.00,4,81,791.1002048
0.00,4,82,790.988797
0.00,4,83,790.9188103
0.00,4,84,790.7728684
0.00,4,85,790.6660372
0.00,4,86,790.5833439
0.00,4,87,790.4469999
0.00,4,88,790.3445115
0.00,4,89,790.250729
0.00,4,90,790.1232194
0.00,4,91,790.1016492
0.00,4,92,789.9214391
0.00,4,93,789.8009411
0.00,4,94,789.7592537
0.00,4,95,789.5938876
0.00,4,96,789.4801286
0.00,4,97,789.4208815
0.00,4,98,789.2692734
0.00,4,99,789.1607886
0.00,4,100,789.0868472
0.00,4,101,788.9462823
0.00,4,102,788.8427558
0.00,4,103,788.7560998
0.00,4,104,788.6256033
0.00,4,105,788.6161284
0.00,4,106,788.4291282
0.00,4,107,788.3065539
0.00,4,108,788.2744011
0.00,4,109,788.1041165
0.00,4,110,787.9890786
0.00,4,111,787.9373061
0.00,4,112,787.7823572
0.00,4,113,787.6731709
0.00,4,114,787.6051161
0.00,4,115,787.4623815
0.00,4,116,787.3586378
0.00,4,117,787.2766199
0.00,4,118,787.1449061
0.00,4,119,787.1422871
0.00,4,120,786.9522773
0.00,4,121,786.8291761
0.00,4,122,786.802036
0.00,4,123,786.6301189
0.00,4,124,786.515114
0.00,4,125,786.4669552
0.00,4,126,786.3114513
0.00,4,127,786.2026947
0.00,4,128,786.1372334
0.00,4,129,785.9947172
0.00,4,130,785.8917034
0.00,4,131,785.8115412
0.00,4,132,785.6806129
0.00,4,133,785.6790774
0.00,4,134,785.4902642
0.00,4,135,785.3683447
0.00,4,136,785.3413623
0.00,4,137,785.1713754
0.00,4,138,785.0578119
0.00,4,139,785.0092255
0.00,4,140,784.8561099
0.00,4,141,784.7489674
0.00,4,142,784.682737
0.00,4,143,784.5428997
0.00,4,144,784.4415825
0.00,4,145,784.3605042
0.00,4,146,784.2323739
0.00,4,147,784.2262555
0.00,4,148,784.042801
0.00,4,149,783.9237378
0.00,4,150,783.8922633
0.00,4,151,783.7276448
0.00,4,152,783.6168689
0.00,4,153,783.5640798
0.00,4,154,783.4161225
0.00,4,155,783.311697
0.00,4,156,783.2416351
0.00,4,157,783.1067327
0.00,4,158,783.0079891
0.00,4,159,782.9235348
0.00,4,160,782.8
0.00,4,161,782.7843564
0.00,4,162,782.6099189
0.00,4,163,782.4951654
0.00,4,164,782.4552549
0.00,4,165,782.2989408
0.00,4,166,782.1920886
0.00,4,167,782.1319859
0.00,4,168,781.9914854
0.00,4,169,781.8906784
0.00,4,170,781.8143379
0.00,4,171,781.6861829
0.00,4,172,781.6844545
0.00,4,173,781.500614
0.00,4,174,781.3832836
0.00,4,175,781.3537973
0.00,4,176,781.1916001
0.00,4,177,781.0824182
0.00,4,178,781.0307316
0.00,4,179,780.8852264
0.00,4,180,780.783255
0.00,4,181,780.7132882
0.00,4,182,780.5821437
0.00,4,183,780.4856869
0.00,4,184,780.4011324
0.00,4,185,780.2811664
0.00,4,186,780.2603732
0.00,4,187,780.0927518
0.00,4,188,779.9824417
0.00,4,189,779.9370635
0.00,4,190,779.7886599
0.00,4,191,779.6856281
0.00,4,192,779.6207303
0.00,4,193,779.4871219
0.00,4,194,779.3904248
0.00,4,195,779.3096255
0.00,4,196,779.1885668
0.00,4,197,779.174088
0.00,4,198,779.0036427
0.00,4,199,778.8921326
0.00,4,200,778.8517769
0.00,5,1,871.2083097
0.00,5,2,871.1840851
0.00,5,3,871.1614251
0.00,5,4,871.149131
0.00,5,5,871.1358312
0.00,5,6,871.1334206
0.00,5,7,871.1284483
0.00,5,8,870.3559742
0.00,5,9,870.0544604
0.00,5,10,868.5969155
0.00,5,11,868.4154413
0.00,5,12,868.3318623
0.00,5,13,868.2623782
0.00,5,14,868.2034256
0.00,5,15,868.150665
0.00,5,16,868.1035549
0.00,5,17,868.059014
0.00,5,18,868.0183496
0.00,5,19,867.9786195
0.00,5,20,867.9422695
0.00,5,21,867.9060927
0.00,5,22,867.8733768
0.00,5,23,867.8404278
0.00,5,24,867.8113285
0.00,5,25,867.7817043
0.00,5,26,867.7565308
0.00,5,27,867.7305403
0.00,5,28,867.7097891
0.00,5,29,867.6878671
0.00,5,30,867.6721694
0.00,5,31,867.6548445
0.00,5,32,867.6449523
0.00,5,33,867.6328369
0.00,5,34,867.6296262
0.00,5,35,867.6234179
0.00,5,36,866.8621332
0.00,5,37,866.3658459
0.00,5,38,865.1449577
0.00,5,39,864.7846873
0.00,5,40,864.7630399
0.00,5,41,864.7421472
0.00,5,42,864.7275713
0.00,5,43,864.7120464
0.00,5,44,864.7041004
0.00,5,45,864.6939221
0.00,5,46,864.6929185
0.00,5,47,864.6884729
0.00,5,48,863.8661576
0.00,5,49,863.3908636
0.00,5,50,862.1850475
0.00,5,51,861.9787606
0.00,5,52,861.8758906
0.00,5,53,861.813691
0.00,5,54,861.7607567
0.00,5,55,861.7243184
0.00,5,56,861.6949774
0.00,5,57,861.6716864
0.00,5,58,861.6554241
0.00,5,59,861.6402084
0.00,5,60,861.6330332
0.00,5,61,861.6240729
0.00,5,62,860.8308638
0.00,5,63,860.3102395
0.00,5,64,860.276092
0.00,5,65,860.2506369
0.00,5,66,859.0853629
0.00,5,67,859.067206
0.00,5,68,858.8620895
0.00,5,69,858.7486689
0.00,5,70,858.6499707
0.00,5,71,858.5880281
0.00,5,72,858.5347014
0.00,5,73,858.4961111
0.00,5,74,858.4637732
0.00,5,75,858.436736
0.00,5,76,858.4156398
0.00,5,77,858.3953884
0.00,5,78,858.3817734
0.00,5,79,858.3665421
0.00,5,80,858.3591529
0.00,5,81,858.3484551
0.00,5,82,858.3471198
0.00,5,83,858.3410216
0.00,5,84,857.4624713
0.00,5,85,856.8678541
0.00,5,86,856.8655993
0.00,5,87,856.8580808
0.00,5,88,855.7579113
0.00,5,89,855.3713137
0.00,5,90,855.2955043
0.00,5,91,855.2408511
0.00,5,92,855.1923994
0.00,5,93,855.1523692
0.00,5,94,855.1165907
0.00,5,95,855.0837584
0.00,5,96,855.0547806
0.00,5,97,855.0261675
0.00,5,98,855.0017212
0.00,5,99,854.9762243
0.00,5,100,854.9555417
0.00,5,101,854.9328484
0.00,5,102,854.9158046
0.00,5,103,854.8959399
0.00,5,104,854.8827011
0.00,5,105,854.8658396
0.00,5,106,854.8567198
0.00,5,107,854.843109
0.00,5,108,854.838512
0.00,5,109,854.8284419
0.00,5,110,853.9799107
0.00,5,111,853.2290307
0.00,5,112,853.222934
0.00,5,113,853.2105959
0.00,5,114,852.3172149
0.00,5,115,851.6719595
0.00,5,116,851.625688
0.00,5,117,851.598157
0.00,5,118,851.5798291
0.00,5,119,851.5658042
0.00,5,120,851.5621361
0.00,5,121,851.5556499
0.00,5,122,850.4855574
0.00,5,123,850.1601535
0.00,5,124,850.024288
0.00,5,125,849.9294877
0.00,5,126,849.8761736
0.00,5,127,849.8331212
0.00,5,128,849.816739
0.00,5,129,849.7966798
0.00,5,130,848.6779642
0.00,5,131,848.3265979
0.00,5,132,848.2169784
0.00,5,133,848.1427361
0.00,5,134,848.0774213
0.00,5,135,848.0260927
0.00,5,136,847.9793036
0.00,5,137,847.9379118
0.00,5,138,847.8993818
0.00,5,139,847.8626052
0.00,5,140,847.8282343
0.00,5,141,847.7939391
0.00,5,142,847.762115
0.00,5,143,847.729484
0.00,5,144,847.6996108
0.00,5,145,847.6683677
0.00,5,146,847.6402717
0.00,5,147,847.6103629
0.00,5,148,847.5840514
0.00,5,149,847.5555159
0.00,5,150,847.5310784
0.00,5,151,847.5039952
0.00,5,152,847.4815638
0.00,5,153,847.4560311
0.00,5,154,847.4357645
0.00,5,155,847.4118912
0.00,5,156,847.3939683
0.00,5,157,847.3718713
0.00,5,158,847.3564894
0.00,5,159,847.3362926
0.00,5,160,847.3236672
0.00,5,161,847.3055007
0.00,5,162,847.2958665
0.00,5,163,847.2798671
0.00,5,164,847.2734788
0.00,5,165,847.2597897
0.00,5,166,847.2569235
0.00,5,167,847.2456944
0.00,5,168,846.2545495
0.00,5,169,845.9278098
0.00,5,170,843.3220997
0.00,5,171,843.2802184
0.00,5,172,843.1588728
0.00,5,173,843.0863757
0.00,5,174,843.0228836
0.00,5,175,842.9777491
0.00,5,176,842.938359
0.00,5,177,842.9048996
0.00,5,178,842.8763253
0.00,5,179,842.848202
0.00,5,180,842.825177
0.00,5,181,842.7998878
0.00,5,182,842.7803433
0.00,5,183,842.756943
0.00,5,184,842.7401036
0.00,5,185,842.7182719
0.00,5,186,842.7038954
0.00,5,187,842.6835598
0.00,5,188,842.6716299
0.00,5,189,842.6528149
0.00,5,190,842.643417
0.00,5,191,842.6261844
0.00,5,192,842.619454
0.00,5,193,842.6038797
0.00,5,194,842.5999817
0.00,5,195,842.5861466
0.00,5,196,842.5852664
0.00,5,197,842.5732533
0.00,5,198,841.4314843
0.00,5,199,840.9203835
0.00,5,200,838.6007647
0.00,6,1,790.9767818
0.00,6,2,778.5739181
0.00,6,3,778.188069
0.00,6,4,777.5866763
0.00,6,5,777.1351284
0.00,6,6,777.1199392
0.00,6,7,776.4856872
0.00,6,8,776.3480606
0.00,6,9,775.7975158
0.00,6,10,775.5946172
0.00,6,11,774.3224439
0.00,6,12,770.9516114
0.00,6,13,769.9798561
0.00,6,14,769.5473013
0.00,6,15,760.7942402
0.00,6,16,756.1902655
0.00,6,17,756.1085864
0.00,6,18,755.6896271
0.00,6,19,755.4466105
0.00,6,20,755.1108648
0.00,6,21,755.0910076
0.00,6,22,754.1299293
0.00,6,23,753.9527367
0.00,6,24,753.8256202
0.00,6,25,753.8162379
0.00,6,26,753.3333629
0.00,6,27,753.1606035
0.00,6,28,752.7774513
0.00,6,29,752.5409583
0.00,6,30,752.2257046
0.00,6,31,752.1830961
0.00,6,32,751.271413
0.00,6,33,751.0993781
0.00,6,34,750.9771906
0.00,6,35,750.972707
0.00,6,36,750.4964365
0.00,6,37,750.3394392
0.00,6,38,749.9551253
0.00,6,39,749.7378887
0.00,6,40,749.4177033
0.00,6,41,749.1577343
0.00,6,42,749.1473283
0.00,6,43,748.6869114
0.00,6,44,748.6169417
0.00,6,45,748.1588872
0.00,6,46,748.0905895
0.00,6,47,747.633559
0.00,6,48,747.5683145
0.00,6,49,747.1109101
0.00,6,50,747.0501849
0.00,6,51,746.5909254
0.00,6,52,746.5362961
0.00,6,53,746.0735926
0.00,6,54,746.0267753
0.00,6,55,745.5589015
0.00,6,56,745.5217888
0.00,6,57,745.0468458
0.00,6,58,745.02155
0.00,6,59,744.5374225
0.00,6,60,744.5263315
0.00,6,61,744.0306341
0.00,6,62,743.8611588
0.00,6,63,743.7330683
0.00,6,64,743.6886729
0.00,6,65,743.3151867
0.00,6,66,743.1927192
0.00,6,67,742.8136934
0.00,6,68,742.7008313
0.00,6,69,742.3146993
0.00,6,70,742.2131927
0.00,6,71,741.8182006
0.00,6,72,741.7300417
0.00,6,73,741.324198
0.00,6,74,741.2516816
0.00,6,75,740.8326973
0.00,6,76,740.7784972
0.00,6,77,740.3437112
0.00,6,78,740.3109776
0.00,6,79,739.8572611
0.00,6,80,739.8497472
0.00,6,81,739.3733796
0.00,6,82,739.2129111
0.00,6,83,739.0947998
0.00,6,84,739.0633696
0.00,6,85,738.6896876
0.00,6,86,738.6005059
0.00,6,87,738.2106264
0.00,6,88,738.1431976
0.00,6,89,737.7340198
0.00,6,90,737.6920955
0.00,6,91,737.2599036
0.00,6,92,737.2480447
0.00,6,93,736.7883299
0.00,6,94,736.6321466
0.00,6,95,736.5181067
0.00,6,96,736.4909331
0.00,6,97,736.1219499
0.00,6,98,736.0457739
0.00,6,99,735.6550226
0.00,6,100,735.60732
0.00,6,101,735.1905576
0.00,6,102,735.1766182
0.00,6,103,734.728625
0.00,6,104,734.5759072
0.00,6,105,734.4653089
0.00,6,106,734.4420154
0.00,6,107,734.0757913
0.00,6,108,734.0109904
0.00,6,109,733.6184013
0.00,6,110,733.5878325
0.00,6,111,733.1635035
0.00,6,112,733.0119238
0.00,6,113,732.9005275
0.00,6,114,732.8729076
0.00,6,115,732.5210471
0.00,6,116,732.4503771
0.00,6,117,732.070646
0.00,6,118,732.0361732
0.00,6,119,731.6227273
0.00,6,120,731.4734107
0.00,6,121,731.3639026
0.00,6,122,731.3377609
0.00,6,123,730.9901803
0.00,6,124,730.925102
0.00,6,125,730.5467143
0.00,6,126,730.5216978
0.00,6,127,730.1057623
0.00,6,128,729.9599474
0.00,6,129,729.8552995
0.00,6,130,729.8371224
0.00,6,131,729.4826995
0.00,6,132,729.4363553
0.00,6,133,729.0461753
0.00,6,134,728.9000144
0.00,6,135,728.7922801
0.00,6,136,728.7656683
0.00,6,137,728.4300049
0.00,6,138,728.3682542
0.00,6,139,727.9978896
0.00,6,140,727.9815426
0.00,6,141,727.5683366
0.00,6,142,727.4276443
0.00,6,143,727.3295269
0.00,6,144,727.3213556
0.00,6,145,726.9610353
0.00,6,146,726.9397182
0.00,6,147,726.5359276
0.00,6,148,726.3964358
0.00,6,149,726.2989408
0.00,6,150,726.2904589
0.00,6,151,725.9350465
0.00,6,152,725.9149108
0.00,6,153,725.5143962
0.00,6,154,725.3766996
0.00,6,155,725.2812617
0.00,6,156,725.2756226
0.00,6,157,724.9197641
0.00,6,158,724.9073698
0.00,6,159,724.5036023
0.00,6,160,724.3683567
0.00,6,161,724.276563
0.00,6,162,724.0680715
0.00,6,163,724.0558114
0.00,6,164,723.3473212
0.00,6,165,723.2301035
0.00,6,166,723.1732431
0.00,6,167,722.9108254
0.00,6,168,722.7948904
0.00,6,169,722.50143
0.00,6,170,722.4268821
0.00,6,171,722.0944195
0.00,6,172,722.0720746
0.00,6,173,721.6900299
0.00,6,174,721.5582432
0.00,6,175,721.4687602
0.00,6,176,721.2670411
0.00,6,177,721.2656607
0.00,6,178,720.5672608
0.00,6,179,720.4555015
0.00,6,180,720.4059294
0.00,6,181,720.1422622
0.00,6,182,720.0447964
0.00,6,183,719.7445713
0.00,6,184,719.6965082
0.00,6,185,719.3494133
0.00,6,186,719.2184877
0.00,6,187,719.1262173
0.00,6,188,719.1177008
0.00,6,189,718.7916922
0.00,6,190,718.7835734
0.00,6,191,718.4012122
0.00,6,192,718.2761212
0.00,6,193,718.1958083
0.00,6,194,717.9911213
0.00,6,195,717.8088314
0.00,6,196,717.5991837
0.00,6,197,717.4238732
0.00,6,198,717.2088173
0.00,6,199,717.0409445
0.00,6,200,716.8200128
0.00,7,1,913.3381366
0.00,7,2,913.1956278
0.00,7,3,913.08997
0.00,7,4,912.987258
0.00,7,5,912.8966672
0.00,7,6,912.8091259
0.00,7,7,912.74019
0.00,7,8,912.6737308
0.00,7,9,912.6360955
0.00,7,10,912.5988045
0.00,7,11,911.8708086
0.00,7,12,911.801243
0.00,7,13,909.6183824
0.00,7,14,909.4777149
0.00,7,15,909.426614
0.00,7,16,909.3753495
0.00,7,17,909.3603749
0.00,7,18,909.3408994
0.00,7,19,908.4648875
0.00,7,20,907.9581812
0.00,7,21,907.9409076
0.00,7,22,907.9184443
0.00,7,23,907.0565813
0.00,7,24,906.5273692
0.00,7,25,906.5018966
0.00,7,26,906.4713738
0.00,7,27,905.6603599
0.00,7,28,905.5933984
0.00,7,29,903.4911447
0.00,7,30,903.2939189
0.00,7,31,903.2249657
0.00,7,32,903.1549802
0.00,7,33,903.109474
0.00,7,34,903.0598702
0.00,7,35,903.0465683
0.00,7,36,903.0234966
0.00,7,37,902.1223869
0.00,7,38,901.578343
0.00,7,39,901.5397188
0.00,7,40,901.4950577
0.00,7,41,901.4896324
0.00,7,42,901.4714516
0.00,7,43,900.5120125
0.00,7,44,899.9935619
0.00,7,45,899.9566385
0.00,7,46,899.9124061
0.00,7,47,899.9077801
0.00,7,48,899.8887751
0.00,7,49,898.9175566
0.00,7,50,898.3921629
0.00,7,51,898.3509005
0.00,7,52,898.3022294
0.00,7,53,898.29028
0.00,7,54,898.2643035
0.00,7,55,897.3387358
0.00,7,56,897.2058641
0.00,7,57,895.2776129
0.00,7,58,895.0109524
0.00,7,59,894.9240341
0.00,7,60,894.8359067
0.00,7,61,894.7609358
0.00,7,62,894.6830473
0.00,7,63,894.6236566
0.00,7,64,894.5585641
0.00,7,65,894.5196106
0.00,7,66,894.470451
0.00,7,67,894.4583493
0.00,7,68,894.4288851
0.00,7,69,893.4872879
0.00,7,70,893.2129384
0.00,7,71,891.4748886
0.00,7,72,891.33636
0.00,7,73,890.447588
0.00,7,74,889.9396333
0.00,7,75,888.5010437
0.00,7,76,888.3388041
0.00,7,77,888.188896
0.00,7,78,888.0974408
0.00,7,79,888.0761948
0.00,7,80,888.0378703
0.00,7,81,886.9934724
0.00,7,82,886.6481306
0.00,7,83,885.0944427
0.00,7,84,884.9716163
0.00,7,85,884.7987116
0.00,7,86,884.694967
0.00,7,87,884.6629262
0.00,7,88,884.6149021
0.00,7,89,883.6136146
0.00,7,90,883.0586617
0.00,7,91,881.7602547
0.00,7,92,881.4895704
0.00,7,93,881.2732366
0.00,7,94,881.1454035
0.00,7,95,881.0758891
0.00,7,96,881.0033016
0.00,7,97,880.9651912
0.00,7,98,880.9077274
0.00,7,99,880.8897818
0.00,7,100,880.8431929
0.00,7,101,879.8535063
0.00,7,102,879.1245284
0.00,7,103,878.0085678
0.00,7,104,877.5147352
0.00,7,105,877.489909
0.00,7,106,877.4347238
0.00,7,107,875.967874
0.00,7,108,875.8275615
0.00,7,109,875.7915762
0.00,7,110,875.7454587
0.00,7,111,873.9563973
0.00,7,112,873.6265456
0.00,7,113,873.520352
0.00,7,114,873.4276478
0.00,7,115,873.3680465
0.00,7,116,873.2937804
0.00,7,117,873.2490985
0.00,7,118,873.1816188
0.00,7,119,873.1490953
0.00,7,120,873.086928
0.00,7,121,873.0677127
0.00,7,122,873.0107487
0.00,7,123,873.0068398
0.00,7,124,872.9551519
0.00,7,125,871.7424171
0.00,7,126,871.0115396
0.00,7,127,871.0007188
0.00,7,128,870.944145
0.00,7,129,869.7792377
0.00,7,130,868.9430839
0.00,7,131,868.9123434
0.00,7,132,868.8450896
0.00,7,133,868.8264783
0.00,7,134,868.7627501
0.00,7,135,868.7569286
0.00,7,136,868.696155
0.00,7,137,867.4261163
0.00,7,138,866.6015818
0.00,7,139,866.5679052
0.00,7,140,866.4977809
0.00,7,141,866.4735474
0.00,7,142,866.4049052
0.00,7,143,866.3905057
0.00,7,144,866.3232303
0.00,7,145,866.3199843
0.00,7,146,866.2539793
0.00,7,147,864.9048888
0.00,7,148,864.0664457
0.00,7,149,864.0250697
0.00,7,150,863.949431
0.00,7,151,863.9151399
0.00,7,152,863.8401409
0.00,7,153,863.8131273
0.00,7,154,863.7386728
0.00,7,155,863.7198102
0.00,7,156,863.645808
0.00,7,157,863.6359987
0.00,7,158,863.5622254
0.00,7,159,862.2246371
0.00,7,160,861.791905
0.00,7,161,858.9978002
0.00,7,162,858.6899938
0.00,7,163,858.5948657
0.00,7,164,858.4982977
0.00,7,165,858.4238649
0.00,7,166,858.3348126
0.00,7,167,858.2653672
0.00,7,168,858.1777921
0.00,7,169,858.1112032
0.00,7,170,858.0240709
0.00,7,171,857.9600686
0.00,7,172,857.8730943
0.00,7,173,857.8117211
0.00,7,174,857.7247604
0.00,7,175,857.6661321
0.00,7,176,857.5790704
0.00,7,177,857.5233274
0.00,7,178,857.4360525
0.00,7,179,857.3833467
0.00,7,180,857.29574
0.00,7,181,857.2462299
0.00,7,182,857.1581629
0.00,7,183,857.112012
0.00,7,184,857.023345
0.00,7,185,856.9807202
0.00,7,186,856.8913016
0.00,7,187,856.8523729
0.00,7,188,856.7620389
0.00,7,189,856.7269785
0.00,7,190,856.635553
0.00,7,191,856.6045346
0.00,7,192,856.5118289
0.00,7,193,856.4850269
0.00,7,194,856.3908402
0.00,7,195,856.3684287
0.00,7,196,856.2725481
0.00,7,197,856.2547001
0.00,7,198,856.156901
0.00,7,199,856.1437874
0.00,7,200,856.0438339
0.00,8,1,860.8534103
0.00,8,2,860.7664621
0.00,8,3,860.7308205
0.00,8,4,860.6745463
0.00,8,5,860.6555263
0.00,8,6,860.5410788
0.00,8,7,860.5163638
0.00,8,8,860.4469549
0.00,8,9,860.4050926
0.00,8,10,860.3967454
0.00,8,11,860.3070901
0.00,8,12,860.2730658
0.00,8,13,860.2153923
0.00,8,14,860.2023099
0.00,8,15,860.0830592
0.00,8,16,860.0604309
0.00,8,17,859.9887343
0.00,8,18,859.9479609
0.00,8,19,859.9426582
0.00,8,20,859.8494823
0.00,8,21,859.8169017
0.00,8,22,859.7577259
0.00,8,23,859.7501534
0.00,8,24,859.6263224
0.00,8,25,859.6054642
0.00,8,26,859.5318465
0.00,8,27,859.4919454
0.00,8,28,859.4889536
0.00,8,29,859.3932041
0.00,8,30,859.3618281
0.00,8,31,859.3014572
0.00,8,32,859.2987561
0.00,8,33,859.171013
0.00,8,34,859.1518929
0.00,8,35,859.0764133
0.00,8,36,859.0374329
0.00,8,37,859.0369585
0.00,8,38,858.9383323
0.00,8,39,858.9081336
0.00,8,40,858.8465852
0.00,8,41,858.8023731
0.00,8,42,858.7851961
0.00,8,43,858.707531
0.00,8,44,858.6695208
0.00,8,45,858.6178549
0.00,8,46,858.5855587
0.00,8,47,858.4848183
0.00,8,48,858.455648
0.00,8,49,858.3931192
0.00,8,50,858.3494856
0.00,8,51,858.3337473
0.00,8,52,858.2545619
0.00,8,53,858.2172529
0.00,8,54,858.165006
0.00,8,55,858.1350818
0.00,8,56,858.0325734
0.00,8,57,858.0041443
0.00,8,58,857.9409755
0.00,8,59,857.8977398
0.00,8,60,857.8828376
0.00,8,61,857.8029073
0.00,8,62,857.7660918
0.00,8,63,857.7135293
0.00,8,64,857.6853598
0.00,8,65,857.5817017
0.00,8,66,857.5539334
0.00,8,67,857.4902382
0.00,8,68,857.447406
0.00,8,69,857.4333954
0.00,8,70,857.3526206
0.00,8,71,857.3162428
0.00,8,72,857.2634236
0.00,8,73,857.2364775
0.00,8,74,857.1320708
0.00,8,75,857.1046496
0.00,8,76,857.0408013
0.00,8,77,856.9981786
0.00,8,78,856.9844143
0.00,8,79,856.9036264
0.00,8,80,856.867464
0.00,8,81,856.8146724
0.00,8,82,856.7882865
0.00,8,83,856.6837941
0.00,8,84,856.6566309
0.00,8,85,856.5927547
0.00,8,86,856.5503453
0.00,8,87,856.5368781
0.00,8,88,856.4559834
0.00,8,89,856.4199774
0.00,8,90,856.3672764
0.00,8,91,856.3409044
0.00,8,92,856.2367403
0.00,8,93,856.209517
0.00,8,94,856.1459929
0.00,8,95,856.1036012
0.00,8,96,856.0897823
0.00,8,97,856.0096178
0.00,8,98,855.9735465
0.00,8,99,855.9212205
0.00,8,100,855.8942062
0.00,8,101,855.7910273
0.00,8,102,855.7636584
0.00,8,103,855.7006073
0.00,8,104,855.658239
0.00,8,105,855.6441253
0.00,8,106,855.564591
0.00,8,107,855.5284005
0.00,8,108,855.4765067
0.00,8,109,855.4483367
0.00,8,110,855.3465303
0.00,8,111,855.3187147
0.00,8,112,855.2564965
0.00,8,113,855.2139667
0.00,8,114,855.1989452
0.00,8,115,855.1208336
0.00,8,116,855.0843175
0.00,8,117,855.0331212
0.00,8,118,855.0031977
0.00,8,119,854.9033657
0.00,8,120,854.8750332
0.00,8,121,854.8137496
0.00,8,122,854.7710694
0.00,8,123,854.7552121
0.00,8,124,854.6784065
0.00,8,125,854.6415235
0.00,8,126,854.5910671
0.00,8,127,854.5589525
0.00,8,128,854.4614198
0.00,8,129,854.4323052
0.00,8,130,854.3722729
0.00,8,131,854.3292784
0.00,8,132,854.3120419
0.00,8,133,854.2372468
0.00,8,134,854.1998185
0.00,8,135,854.150332
0.00,8,136,854.1155293
0.00,8,137,854.0208024
0.00,8,138,853.9908598
0.00,8,139,853.9321492
0.00,8,140,853.9290911
0.00,8,141,853.8061322
0.00,8,142,853.7867396
0.00,8,143,853.7149656
0.00,8,144,853.6766081
0.00,8,145,853.6733479
0.00,8,146,853.5814489
0.00,8,147,853.5505419
0.00,8,148,853.4933106
0.00,8,149,853.4854284
0.00,8,150,853.3671026
0.00,8,151,853.3460155
0.00,8,152,853.276625
0.00,8,153,853.2375158
0.00,8,154,853.2315003
0.00,8,155,853.1433328
0.00,8,156,853.1112537
0.00,8,157,853.0557734
0.00,8,158,853.042579
0.00,8,159,852.9294157
0.00,8,160,852.9066498
0.00,8,161,852.8396432
0.00,8,162,852.7998491
0.00,8,163,852.7913384
0.00,8,164,852.706544
0.00,8,165,852.6733173
0.00,8,166,852.6195464
0.00,8,167,852.6008124
0.00,8,168,852.4929312
0.00,8,169,852.4682618
0.00,8,170,852.4039034
0.00,8,171,852.3632709
0.00,8,172,852.3517474
0.00,8,173,852.2710074
0.00,8,174,852.2364889
0.00,8,175,852.1846179
0.00,8,176,852.1600661
0.00,8,177,852.0577932
0.00,8,178,852.0312774
0.00,8,179,851.9695124
0.00,8,180,851.9281177
0.00,8,181,851.9138628
0.00,8,182,851.8367982
0.00,8,183,851.8010399
0.00,8,184,851.7509948
0.00,8,185,851.7205786
0.00,8,186,851.6238874
0.00,8,187,851.5953899
0.00,8,188,851.5363743
0.00,8,189,851.4941154
0.00,8,190,851.4767811
0.00,8,191,851.403855
0.00,8,192,851.3667741
0.00,8,193,851.3655165
0.00,8,194,851.2724865
0.00,8,195,851.2427647
0.00,8,196,851.1855051
0.00,8,197,851.1799966
0.00,8,198,851.0614312
0.00,8,199,851.0410962
0.00,8,200,850.9721896
0.00,9,1,1014.640095
0.00,9,2,1014.268592
0.00,9,3,1014.040059
0.00,9,4,1013.889978
0.00,9,5,1013.774184
0.00,9,6,1013.697497
0.00,9,7,1013.552329
0.00,9,8,1013.443198
0.00,9,9,1013.394703
0.00,9,10,1013.242674
0.00,9,11,1013.128555
0.00,9,12,1013.103843
0.00,9,13,1012.93581
0.00,9,14,1012.8173
0.00,9,15,1012.817114
0.00,9,16,1012.636278
0.00,9,17,1012.508213
0.00,9,18,1012.407329
0.00,9,19,1012.33732
0.00,9,20,1012.201749
0.00,9,21,1012.095944
0.00,9,22,1012.042943
0.00,9,23,1011.894988
0.00,9,24,1011.785547
0.00,9,25,1011.751069
0.00,9,26,1011.593115
0.00,9,27,1011.476598
0.00,9,28,1011.465454
0.00,9,29,1011.289949
0.00,9,30,1011.168722
0.00,9,31,1011.070117
0.00,9,32,1010.991665
0.00,9,33,1010.861613
0.00,9,34,1010.76032
0.00,9,35,1010.695339
0.00,9,36,1010.557915
0.00,9,37,1010.451673
0.00,9,38,1010.403408
0.00,9,39,1010.253661
0.00,9,40,1010.143936
0.00,9,41,1010.113596
0.00,9,42,1009.954271
0.00,9,43,1009.837582
0.00,9,44,1009.829734
0.00,9,45,1009.653291
0.00,9,46,1009.532201
0.00,9,47,1009.434096
0.00,9,48,1009.357026
0.00,9,49,1009.227477
0.00,9,50,1009.126871
0.00,9,51,1009.062427
0.00,9,52,1008.92602
0.00,9,53,1008.820727
0.00,9,54,1008.771866
0.00,9,55,1008.623878
0.00,9,56,1008.515414
0.00,9,57,1008.483023
0.00,9,58,1008.326306
0.00,9,59,1008.211377
0.00,9,60,1008.199546
0.00,9,61,1008.027059
0.00,9,62,1007.908205
0.00,9,63,1007.811596
0.00,9,64,1007.73212
0.00,9,65,1007.605602
0.00,9,66,1007.506781
0.00,9,67,1007.438553
0.00,9,68,1007.305964
0.00,9,69,1007.202954
0.00,9,70,1007.148512
0.00,9,71,1007.005638
0.00,9,72,1006.899877
0.00,9,73,1006.859823
0.00,9,74,1006.709365
0.00,9,75,1006.597942
0.00,9,76,1006.575719
0.00,9,77,1006.411537
0.00,9,78,1006.296771
0.00,9,79,1006.29281
0.00,9,80,1006.119322
0.00,9,81,1005.996946
0.00,9,82,1005.900381
0.00,9,83,1005.826585
0.00,9,84,1005.698986
0.00,9,85,1005.598799
0.00,9,86,1005.536849
0.00,9,87,1005.400401
0.00,9,88,1005.297894
0.00,9,89,1005.248161
0.00,9,90,1005.105306
0.00,9,91,1004.998
0.00,9,92,1004.963286
0.00,9,93,1004.808861
0.00,9,94,1004.698785
0.00,9,95,1004.679275
0.00,9,96,1004.517127
0.00,9,97,1004.400732
0.00,9,98,1004.400155
0.00,9,99,1004.222959
0.00,9,100,1004.10334
0.00,9,101,1004.007368
0.00,9,102,1003.932912
0.00,9,103,1003.806294
0.00,9,104,1003.708498
0.00,9,105,1003.643682
0.00,9,106,1003.512021
0.00,9,107,1003.410499
0.00,9,108,1003.3574
0.00,9,109,1003.216775
0.00,9,110,1003.113106
0.00,9,111,1003.07177
0.00,9,112,1002.925157
0.00,9,113,1002.816683
0.00,9,114,1002.789816
0.00,9,115,1002.63179
0.00,9,116,1002.520848
0.00,9,117,1002.508219
0.00,9,118,1002.343211
0.00,9,119,1002.22611
0.00,9,120,1002.132871
0.00,9,121,1002.053813
0.00,9,122,1001.932858
0.00,9,123,1001.836825
0.00,9,124,1001.766653
0.00,9,125,1001.638978
0.00,9,126,1001.541334
0.00,9,127,1001.480014
0.00,9,128,1001.347832
0.00,9,129,1001.246658
0.00,9,130,1001.196082
0.00,9,131,1001.055523
0.00,9,132,1000.952519
0.00,9,133,1000.912446
0.00,9,134,1000.766707
0.00,9,135,1000.659274
0.00,9,136,1000.632114
0.00,9,137,1000.475995
0.00,9,138,1000.366533
0.00,9,139,1000.351737
0.00,9,140,1000.189769
0.00,9,141,1000.074784
0.00,9,142,999.9830409
0.00,9,143,999.9025667
0.00,9,144,999.7843665
0.00,9,145,999.6901924
0.00,9,146,999.6172919
0.00,9,147,999.4933039
0.00,9,148,999.3978448
0.00,9,149,999.3323148
0.00,9,150,999.2046795
0.00,9,151,999.1062333
0.00,9,152,999.0496103
0.00,9,153,998.9149581
0.00,9,154,998.8150991
0.00,9,155,998.7669787
0.00,9,156,998.6282582
0.00,9,157,998.5247545
0.00,9,158,998.4870445
0.00,9,159,998.3398701
0.00,9,160,998.2348533
0.00,9,161,998.206871
0.00,9,162,998.0552411
0.00,9,163,997.9458067
0.00,9,164,997.9299143
0.00,9,165,997.768161
0.00,9,166,997.6571563
0.00,9,167,997.652297
0.00,9,168,997.485764
0.00,9,169,997.3694385
0.00,9,170,997.2778458
0.00,9,171,997.2019749
0.00,9,172,997.0829799
0.00,9,173,996.98914
0.00,9,174,996.9199396
0.00,9,175,996.7956954
0.00,9,176,996.7008741
0.00,9,177,996.6379105
0.00,9,178,996.5107729
0.00,9,179,996.4132866
0.00,9,180,996.3578957
0.00,9,181,996.2246148
0.00,9,182,996.1261102
0.00,9,183,996.0776495
0.00,9,184,995.9412907
0.00,9,185,995.8396485
0.00,9,186,995.7997271
0.00,9,187,995.6562258
0.00,9,188,995.5535612
0.00,9,189,995.5212722
0.00,9,190,995.3745643
0.00,9,191,995.268231
0.00,9,192,995.2455054
0.00,9,193,995.0905468
0.00,9,194,994.9832291
0.00,9,195,994.9688314
0.00,9,196,994.8106123
0.00,9,197,994.6990338
0.00,9,198,994.6952713
0.00,9,199,994.5275824
0.00,9,200,994.41511
0.00,10,1,852.8022755
0.00,10,2,852.7845975
0.00,10,3,852.7099323
0.00,10,4,852.6688369
0.00,10,5,852.6472754
0.00,10,6,852.5789657
0.00,10,7,852.5673937
0.00,10,8,852.4544973
0.00,10,9,852.4214567
0.00,10,10,852.369262
0.00,10,11,852.3229254
0.00,10,12,852.2429688
0.00,10,13,852.202904
0.00,10,14,852.1836418
0.00,10,15,852.1125204
0.00,10,16,852.1106399
0.00,10,17,851.9894927
0.00,10,18,851.9592305
0.00,10,19,851.9035287
0.00,10,20,851.866976
0.00,10,21,851.7784673
0.00,10,22,851.7408711
0.00,10,23,851.7283652
0.00,10,24,851.6480781
0.00,10,25,851.6083026
0.00,10,26,851.5894258
0.00,10,27,851.5181685
0.00,10,28,851.5170852
0.00,10,29,851.3957022
0.00,10,30,851.3656885
0.00,10,31,851.3100476
0.00,10,32,851.2739163
0.00,10,33,851.1855289
0.00,10,34,851.148118
0.00,10,35,851.1357086
0.00,10,36,851.0556807
0.00,10,37,851.0160655
0.00,10,38,850.9972215
0.00,10,39,850.9263153
0.00,10,40,850.9249234
0.00,10,41,850.8043358
0.00,10,42,850.7743353
0.00,10,43,850.7190796
0.00,10,44,850.6826365
0.00,10,45,850.5950533
0.00,10,46,850.5576724
0.00,10,47,850.5449301
0.00,10,48,850.4657571
0.00,10,49,850.426173
0.00,10,50,850.4070086
0.00,10,51,850.3369419
0.00,10,52,850.3341401
0.00,10,53,850.2153756
0.00,10,54,850.1851553
0.00,10,55,850.1306061
0.00,10,56,850.0931297
0.00,10,57,850.0070234
0.00,10,58,849.9695206
0.00,10,59,849.9560268
0.00,10,60,849.8782903
0.00,10,61,849.838612
0.00,10,62,849.8187853
0.00,10,63,849.7500314
0.00,10,64,849.7447591
0.00,10,65,849.6288082
0.00,10,66,849.5981455
0.00,10,67,849.5446102
0.00,10,68,849.5054149
0.00,10,69,849.421425
0.00,10,70,849.3836571
0.00,10,71,849.3690178
0.00,10,72,849.293266
0.00,10,73,849.2533761
0.00,10,74,849.2325679
0.00,10,75,849.1655695
0.00,10,76,849.1568426
0.00,10,77,849.0446247
0.00,10,78,849.013315
0.00,10,79,848.9610766
0.00,10,80,848.9195356
0.00,10,81,848.8382468
0.00,10,82,848.8000843
0.00,10,83,848.7839436
0.00,10,84,848.7106719
0.00,10,85,848.6704651
0.00,10,86,848.6483894
0.00,10,87,848.5835437
0.00,10,88,848.5704869
0.00,10,89,848.4628203
0.00,10,90,848.4306833
0.00,10,91,848.3799913
0.00,10,92,848.3355575
0.00,10,93,848.2574804
0.00,10,94,848.2188111
0.00,10,95,848.200863
0.00,10,96,848.1304983
0.00,10,97,848.1269418
0.00,10,98,848.0103065
0.00,10,99,847.9795281
0.00,10,100,847.9272164
0.00,10,101,847.8853136
0.00,10,102,847.8050403
0.00,10,103,847.7666483
0.00,10,104,847.7489528
0.00,10,105,847.6786028
0.00,10,106,847.6785806
0.00,10,107,847.5594621
0.00,10,108,847.5301812
0.00,10,109,847.4761175
0.00,10,110,847.4400189
0.00,10,111,847.3548967
0.00,10,112,847.3181141
0.00,10,113,847.3047831
0.00,10,114,847.2285602
0.00,10,115,847.1895162
0.00,10,116,847.1696403
0.00,10,117,847.1027094
0.00,10,118,847.0955318
0.00,10,119,846.9836046
0.00,10,120,846.952906
0.00,10,121,846.9012055
0.00,10,122,846.8603999
0.00,10,123,846.7801827
0.00,10,124,846.7425163
0.00,10,125,846.7263408
0.00,10,126,846.65447
0.00,10,127,846.614712
0.00,10,128,846.592491
0.00,10,129,846.5292097
0.00,10,130,846.5143976
0.00,10,131,846.4101112
0.00,10,132,846.3779032
0.00,10,133,846.3766128
0.00,10,134,846.2841604
0.00,10,135,846.2488685
0.00,10,136,846.238659
0.00,10,137,846.1588573
0.00,10,138,846.1213191
0.00,10,139,846.1050767
0.00,10,140,846.0337051
0.00,10,141,845.9940655
0.00,10,142,845.9717573
0.00,10,143,845.9090065
0.00,10,144,845.8935385
0.00,10,145,845.7903876
0.00,10,146,845.7581335
0.00,10,147,845.7562855
0.00,10,148,845.6650067
0.00,10,149,845.6296796
0.00,10,150,845.6189569
0.00,10,151,845.5402698
0.00,10,152,845.5027047
0.00,10,153,845.4859694
0.00,10,154,845.4156905
0.00,10,155,845.4140481
0.00,10,156,845.2978911
0.00,10,157,845.2678805
0.00,10,158,845.2163144
0.00,10,159,845.1752985
0.00,10,160,845.0965012
0.00,10,161,845.0587554
0.00,10,162,845.0410219
0.00,10,163,844.9724943
0.00,10,164,844.9705622
0.00,10,165,844.8554935
0.00,10,166,844.8261761
0.00,10,167,844.7739664
0.00,10,168,844.7362387
0.00,10,169,844.6549313
0.00,10,170,844.6182523
0.00,10,171,844.6033738
0.00,10,172,844.5310688
0.00,10,173,844.4921628
0.00,10,174,844.4708755
0.00,10,175,844.4076822
0.00,10,176,844.3944362
0.00,10,177,844.2904529
0.00,10,178,844.2588756
0.00,10,179,844.2578714
0.00,10,180,844.1663575
0.00,10,181,844.1315873
0.00,10,182,844.1213886
0.00,10,183,844.0429282
0.00,10,184,844.0058395
0.00,10,185,843.9894178
0.00,10,186,843.9196705
0.00,10,187,843.9180431
0.00,10,188,843.8031178
0.00,10,189,843.7733238
0.00,10,190,843.7224465
0.00,10,191,843.6813198
0.00,10,192,843.6038881
0.00,10,193,843.566379
0.00,10,194,843.5483103
0.00,10,195,843.4812173
0.00,10,196,843.4772938
0.00,10,197,843.3653265
0.00,10,198,843.3357998
0.00,10,199,843.2848674
0.00,10,200,843.2456903
0.00,11,1,812.5136959
0.00,11,2,812.5030759
0.00,11,3,812.4929849
0.00,11,4,812.4835093
0.00,11,5,812.473959
0.00,11,6,812.4650078
0.00,11,7,812.4559031
0.00,11,8,812.4475216
0.00,11,9,812.4389181
0.00,11,10,812.4312004
0.00,11,11,812.4231736
0.00,11,12,812.4162347
0.00,12,1,836.8445084
0.00,12,2,836.1794986
0.00,12,3,835.8390736
0.00,12,4,835.6197798
0.00,12,5,835.4680388
0.00,12,6,835.3453586
0.00,12,7,835.2547595
0.00,12,8,835.0952827
0.00,12,9,834.9713588
0.00,12,10,834.9137148
0.00,12,11,834.7390348
0.00,12,12,834.6051554
0.00,12,13,834.5874707
0.00,12,14,834.3851483
0.00,12,15,834.2423579
0.00,12,16,834.1247718
0.00,12,17,834.0413987
0.00,12,18,833.8824171
0.00,12,19,833.7592212
0.00,12,20,833.7051874
0.00,12,21,833.5302284
0.00,12,22,833.3966872
0.00,12,23,833.3819849
0.00,12,24,833.1794107
0.00,12,25,833.0370764
0.00,12,26,832.920189
0.00,12,27,832.8384096
0.00,12,28,832.6801388
0.00,12,29,832.5577862
0.00,12,30,832.5045152
0.00,12,31,832.3307269
0.00,12,32,832.1982843
0.00,12,33,832.1830408
0.00,12,34,831.982446
0.00,12,35,831.841558
0.00,12,36,831.7258615
0.00,12,37,831.6435452
0.00,12,38,831.4873397
0.00,12,39,831.3664325
0.00,12,40,831.3112479
0.00,12,41,831.1402759
0.00,12,42,831.0097565
0.00,12,43,830.9905666
0.00,12,44,830.794161
0.00,12,45,830.6556852
0.00,12,46,830.5416519
0.00,12,47,830.4568193
0.00,12,48,830.3039489
0.00,12,49,830.1850465
0.00,12,50,830.1255159
0.00,12,51,829.9588686
0.00,12,52,829.8310194
0.00,12,53,829.8048542
0.00,12,54,829.6146146
0.00,12,55,829.4794106
0.00,12,56,829.3674557
0.00,12,57,829.2783954
0.00,12,58,829.1299626
0.00,12,59,829.013548
0.00,12,60,828.9476152
0.00,12,61,828.7865788
0.00,12,62,828.6620265
0.00,12,63,828.6263905
0.00,12,64,828.4439535
0.00,12,65,828.3127301
0.00,12,66,828.3124039
0.00,12,67,828.111175
0.00,12,68,827.9666358
0.00,12,69,827.8524545
0.00,12,70,827.7812189
0.00,12,71,827.6251023
0.00,12,72,827.5034789
0.00,12,73,827.4598956
0.00,12,74,827.2842603
0.00,12,75,827.1565619
0.00,12,76,827.1450097
0.00,12,77,826.9522885
0.00,12,78,826.8125684
0.00,12,79,826.7010223
0.00,12,80,826.6228187
0.00,12,81,826.4726741
0.00,12,82,826.3544819
0.00,12,83,826.3009898
0.00,12,84,826.1334481
0.00,12,85,826.0098321
0.00,12,86,825.9848055
0.00,12,87,825.8020315
0.00,12,88,825.6678177
0.00,12,89,825.5592032
0.00,12,90,825.4728362
0.00,12,91,825.3294275
0.00,12,92,825.2150193
0.00,12,93,825.1502762
0.00,12,94,824.9917162
0.00,12,95,824.8725629
0.00,12,96,824.8326033
0.00,12,97,824.6607321
0.00,12,98,824.5324576
0.00,12,99,824.5246637
0.00,12,100,824.3293441
0.00,12,101,824.1943692
0.00,12,102,824.0845515
0.00,12,103,824.0054348
0.00,12,104,823.8579226
0.00,12,105,823.7441364
0.00,12,106,823.6856477
0.00,12,107,823.5270034
0.00,12,108,823.4057709
0.00,12,109,823.3737942
0.00,12,110,823.1960023
0.00,12,111,823.0691884
0.00,12,112,823.0669701
0.00,12,113,822.8735279
0.00,12,114,822.7352202
0.00,12,115,822.625977
0.00,12,116,822.5525547
0.00,12,117,822.4049036
0.00,12,118,822.2895458
0.00,12,119,822.2381145
0.00,12,120,822.0747285
0.00,12,121,821.9547104
0.00,12,122,821.9278864
0.00,12,123,821.7514546
0.00,12,124,821.6221196
0.00,12,125,821.5173073
0.00,12,126,821.4295743
0.00,12,127,821.292561
0.00,12,128,821.1828508
0.00,12,129,821.1129864
0.00,12,130,820.9633416
0.00,12,131,820.8498255
0.00,12,132,820.799901
0.00,12,133,820.6396088
0.00,12,134,820.5187231
0.00,12,135,820.4942211
0.00,12,136,820.3152482
0.00,12,137,820.1892073
0.00,12,138,820.0852556
0.00,12,139,819.9966476
0.00,12,140,819.8609608
0.00,12,141,819.7540425
0.00,12,142,819.6809131
0.00,12,143,819.5369124
0.00,12,144,819.4244608
0.00,12,145,819.3708202
0.00,12,146,819.2127424
0.00,12,147,819.0962725
0.00,12,148,819.0639929
0.00,12,149,818.8946747
0.00,12,150,818.7700452
0.00,12,151,818.7649986
0.00,12,152,818.5752507
0.00,12,153,818.4453356
0.00,12,154,818.3401551
0.00,12,155,818.2620197
0.00,12,156,818.1217491
0.00,12,157,818.0135198
0.00,12,158,817.951435
0.00,12,159,817.8026315
0.00,12,160,817.6885073
0.00,12,161,817.6465939
0.00,12,162,817.4829647
0.00,12,163,817.3648193
0.00,12,164,817.344636
0.00,12,165,817.1697394
0.00,12,166,817.0430706
0.00,12,167,816.9412469
0.00,12,168,816.8570645
0.00,12,169,816.7239202
0.00,12,170,816.61782
0.00,12,171,816.5486837
0.00,12,172,816.4047177
0.00,12,173,816.2955732
0.00,12,174,816.2426594
0.00,12,175,816.0901714
0.00,12,176,815.9749198
0.00,12,177,815.942353
0.00,12,178,815.7746707
0.00,12,179,815.655508
0.00,12,180,815.6444831
0.00,12,181,815.4658061
0.00,12,182,815.3379847
0.00,12,183,815.2363234
0.00,12,184,815.157117
0.00,12,185,815.0230077
0.00,12,186,814.9170795
0.00,12,187,814.8525631
0.00,12,188,814.7077587
0.00,12,189,814.5989432
0.00,12,190,814.5500226
0.00,12,191,814.3971197
0.00,12,192,814.2823303
0.00,12,193,814.2529057
0.00,12,194,814.085274
0.00,12,195,813.9668613
0.00,12,196,813.9577491
0.00,12,197,813.7798914
0.00,12,198,813.6531738
0.00,12,199,813.5526537
0.00,12,200,813.4744059
0.00,13,1,817.1313791
0.00,13,2,815.9677891
0.00,13,3,815.9191592
0.00,13,4,815.8267012
0.00,13,5,815.7596274
0.00,13,6,815.7401969
0.00,13,7,815.6130016
0.00,13,8,815.5606533
0.00,13,9,815.4735715
0.00,13,10,815.4640215
0.00,13,11,815.2734441
0.00,13,12,815.2482243
0.00,13,13,815.1286629
0.00,13,14,815.0735468
0.00,13,15,814.9904088
0.00,13,16,814.9673417
0.00,13,17,814.78951
0.00,13,18,814.7594442
0.00,13,19,814.6463608
0.00,13,20,814.58895
0.00,13,21,814.509175
0.00,13,22,814.474748
0.00,13,23,814.3077401
0.00,13,24,814.2736085
0.00,13,25,814.1660472
0.00,13,26,814.1067339
0.00,13,27,814.0298402
0.00,13,28,813.9858467
0.00,13,29,813.8280651
0.00,13,30,813.7905187
0.00,13,31,813.6876816
0.00,13,32,813.626794
0.00,13,33,813.6239165
0.00,13,34,813.4797912
0.00,13,35,813.4382952
0.00,13,36,813.3408463
0.00,13,37,813.2785622
0.00,13,38,813.2711147
0.00,13,39,813.1325011
0.00,13,40,813.0874877
0.00,13,41,812.9945336
0.00,13,42,812.9300348
0.00,13,43,812.914427
0.00,13,44,812.7864881
0.00,13,45,812.7384147
0.00,13,46,812.6497202
0.00,13,47,812.5841592
0.00,13,48,812.5649577
0.00,13,49,812.4414381
0.00,13,50,812.3906318
0.00,13,51,812.3055136
0.00,13,52,812.2988121
0.00,13,53,812.1108457
0.00,13,54,812.0879848
0.00,13,55,811.9694739
0.00,13,56,811.9169667
0.00,13,57,811.8344669
0.00,13,58,811.8191505
0.00,13,59,811.6395477
0.00,13,60,811.6136221
0.00,13,61,811.4993923
0.00,13,62,811.4454858
0.00,13,63,811.3652341
0.00,13,64,811.342695
0.00,13,65,811.1702165
0.00,13,66,811.1417371
0.00,13,67,811.0311632
0.00,13,68,810.9761175
0.00,13,69,810.8977944
0.00,13,70,810.8692354
0.00,13,71,810.7028107
0.00,13,72,810.6722206
0.00,13,73,810.5647604
0.00,13,74,810.5088016
0.00,13,75,810.4321293
0.00,13,76,810.3985995
0.00,13,77,810.2372948
0.00,13,78,810.204982
0.00,13,79,810.1001608
0.00,13,80,810.0434872
0.00,13,81,809.9682214
0.00,13,82,809.9306456
0.00,13,83,809.7736379
0.00,13,84,809.7399457
0.00,13,85,809.6373434
0.00,13,86,809.5801312
0.00,13,87,809.506055
0.00,13,88,809.4652568
0.00,13,89,809.3118131
0.00,13,90,809.2770486
0.00,13,91,809.1762893
0.00,13,92,809.1186967
0.00,13,93,809.0456152
0.00,13,94,809.0023365
0.00,13,95,808.8517964
0.00,13,96,808.8162375
0.00,13,97,808.7169813
0.00,13,98,808.6591517
0.00,13,99,808.6591192
0.00,13,100,808.5177111
0.00,13,101,808.4800263
0.00,13,102,808.3839138
0.00,13,103,808.3256206
0.00,13,104,808.324086
0.00,13,105,808.1844331
0.00,13,106,808.1447967
0.00,13,107,808.0512401
0.00,13,108,807.9915102
0.00,13,109,807.9843332
0.00,13,110,807.8522908
0.00,13,111,807.8109676
0.00,13,112,807.719994
0.00,13,113,807.659957
0.00,13,114,807.6517265
0.00,13,115,807.5209517
0.00,13,116,807.4780794
0.00,13,117,807.3891944
0.00,13,118,807.3279972
0.00,13,119,807.3150875
0.00,13,120,807.190703
0.00,13,121,807.1465029
0.00,13,122,807.0597435
0.00,13,123,806.9983704
0.00,13,124,806.9847888
0.00,13,125,806.861253
0.00,13,126,806.8158345
0.00,13,127,806.7307784
0.00,13,128,806.6684698
0.00,13,129,806.6509911
0.00,13,130,806.5328565
0.00,13,131,806.4864076
0.00,13,132,806.4030988
0.00,13,133,806.3407264
0.00,13,134,806.322906
0.00,13,135,806.2052535
0.00,13,136,806.1578619
0.00,13,137,806.0759341
0.00,13,138,806.012811
0.00,13,139,805.9917356
0.00,13,140,805.8786741
0.00,13,141,805.8305019
0.00,13,142,805.7500044
0.00,13,143,805.6869147
0.00,13,144,805.6657894
0.00,13,145,805.5528825
0.00,13,146,805.5040009
0.00,13,147,805.4246104
0.00,13,148,805.4175207
0.00,13,149,805.2406954
0.00,13,150,805.2203528
0.00,13,151,805.1070276
0.00,13,152,805.0587472
0.00,13,153,804.9791429
0.00,13,154,804.9743059
0.00,13,155,804.7961805
0.00,13,156,804.7768769
0.00,13,157,804.6628226
0.00,13,158,804.6152802
0.00,13,159,804.535295
0.00,13,160,804.5333729
0.00,13,161,804.3533611
0.00,13,162,804.3353551
0.00,13,163,804.2202585
0.00,13,164,804.1735928
0.00,13,165,804.0930574
0.00,13,166,804.0310397
0.00,13,167,804.0107797
0.00,13,168,803.899051
0.00,13,169,803.8521182
0.00,13,170,803.7723848
0.00,13,171,803.7106713
0.00,13,172,803.6912632
0.00,13,173,803.5785974
0.00,13,174,803.531442
0.00,13,175,803.4522193
0.00,13,176,803.4506621
0.00,13,177,803.2719795
0.00,13,178,803.2545212
0.00,13,179,803.1400233
0.00,13,180,803.0940943
0.00,13,181,803.0138952
0.00,13,182,802.9526597
0.00,13,183,802.9334496
0.00,13,184,802.8217116
0.00,13,185,802.7757881
0.00,13,186,802.6960601
0.00,13,187,802.6352795
0.00,13,188,802.6174293
0.00,13,189,802.5041368
0.00,13,190,802.4582556
0.00,13,191,802.3787133
0.00,13,192,802.3177281
0.00,13,193,802.2984506
0.00,13,194,802.1875209
0.00,13,195,802.1418077
0.00,13,196,802.0625375
0.00,13,197,802.0020914
0.00,13,198,801.9844535
0.00,13,199,801.8716345
0.00,13,200,801.8261235
0.00,14,1,868.3315181
0.00,14,2,868.1920395
0.00,14,3,868.1237723
0.00,14,4,867.5639928
0.00,14,5,867.0790437
0.00,14,6,866.4875298
0.00,14,7,866.0365685
0.00,14,8,865.4187263
0.00,14,9,864.9943139
0.00,14,10,864.3574788
0.00,14,11,863.9519513
0.00,14,12,863.3036877
0.00,14,13,862.9090765
0.00,14,14,862.2572661
0.00,14,15,861.8660628
0.00,14,16,861.218131
0.00,14,17,860.8233739
0.00,14,18,860.1862062
0.00,14,19,859.7818276
0.00,14,20,859.1614178
0.00,14,21,858.7422901
0.00,14,22,858.1436951
0.00,14,23,857.7057302
0.00,14,24,857.1329684
0.00,14,25,856.6730778
0.00,14,26,856.1291685
0.00,14,27,855.6452255
0.00,14,28,855.1322264
0.00,14,29,855.0605313
0.00,14,30,853.2807363
0.00,14,31,853.081802
0.00,14,32,853.0053431
0.00,14,33,852.5067712
0.00,14,34,852.0787802
0.00,14,35,851.5356218
0.00,14,36,851.1611431
0.00,14,37,850.5710089
0.00,14,38,850.2519563
0.00,14,39,849.6128512
0.00,14,40,849.3507753
0.00,14,41,848.661066
0.00,14,42,848.4569646
0.00,14,43,847.7155711
0.00,14,44,847.5698624
0.00,14,45,846.776283
0.00,14,46,846.6886346
0.00,14,47,845.8431181
0.00,14,48,845.812383
0.00,14,49,844.9159918
0.00,14,50,844.6555524
0.00,14,51,844.5402708
0.00,14,52,844.4664057
0.00,14,53,843.9873333
0.00,14,54,843.5501646
0.00,14,55,843.0713127
0.00,14,56,842.6353349
0.00,14,57,842.1610911
0.00,14,58,841.721752
0.00,14,59,841.2566047
0.00,14,60,840.8094425
0.00,14,61,840.8032692
0.00,14,62,840.1600562
0.00,14,63,839.76374
0.00,14,64,839.2667662
0.00,14,65,839.0286649
0.00,14,66,837.6045912
0.00,14,67,837.3664767
0.00,14,68,837.2539188
0.00,14,69,837.1892117
0.00,14,70,837.1784823
0.00,14,71,836.5303694
0.00,14,72,836.2692515
0.00,14,73,835.6607042
0.00,14,74,835.3604089
0.00,14,75,834.7963405
0.00,14,76,834.4532313
0.00,14,77,833.9372475
0.00,14,78,833.549349
0.00,14,79,833.0833952
0.00,14,80,833.0532539
0.00,14,81,831.5012101
0.00,14,82,831.3711768
0.00,14,83,831.3186846
0.00,14,84,831.3183744
0.00,14,85,830.6492197
0.00,14,86,830.403481
0.00,14,87,829.8147847
0.00,14,88,829.4955803
0.00,14,89,828.9854053
0.00,14,90,828.5971438
0.00,14,91,828.5881407
0.00,14,92,827.9795286
0.00,14,93,827.9591092
0.00,14,94,826.4450231
0.00,14,95,826.2189949
0.00,14,96,826.1062696
0.00,14,97,826.0299325
0.00,14,98,825.992765
0.00,14,99,825.4518779
0.00,14,100,825.0927616
0.00,14,101,825.0894131
0.00,14,102,824.4710135
0.00,14,103,824.4371091
0.00,14,104,822.9743513
0.00,14,105,822.9605818
0.00,14,106,822.1809877
0.00,14,107,821.8556751
0.00,14,108,821.8456446
0.00,14,109,821.2244378
0.00,14,110,820.9318713
0.00,14,111,820.4445412
0.00,14,112,820.4080822
0.00,14,113,818.9974495
0.00,14,114,818.8399597
0.00,14,115,818.7617658
0.00,14,116,818.7161692
0.00,14,117,818.2200175
0.00,14,118,818.197567
0.00,14,119,816.7959939
0.00,14,120,816.6370421
0.00,14,121,816.5566277
0.00,14,122,816.5064637
0.00,14,123,816.0310778
0.00,14,124,815.9225165
0.00,14,125,814.6285082
0.00,14,126,814.4541219
0.00,14,127,814.3647554
0.00,14,128,814.3013842
0.00,14,129,814.2917442
0.00,14,130,813.7129862
0.00,14,131,813.4916415
0.00,14,132,812.3279176
0.00,14,133,812.1423963
0.00,14,134,811.5951304
0.00,14,135,811.296413
0.00,14,136,810.2312512
0.00,14,137,810.0034059
0.00,14,138,809.510149
0.00,14,139,809.096523
0.00,14,140,808.166835
0.00,14,141,807.8860659
0.00,14,142,807.8659202
0.00,14,143,807.3031787
0.00,14,144,806.9698156
0.00,14,145,806.9385032
0.00,14,146,806.4441915
0.00,14,147,806.0182713
0.00,14,148,805.1310921
0.00,14,149,804.8312943
0.00,14,150,804.7986874
0.00,14,151,804.2867445
0.00,14,152,804.2066291
0.00,14,153,803.0000196
0.00,14,154,802.8179478
0.00,14,155,802.7199676
0.00,14,156,802.6384794
0.00,14,157,802.590584
0.00,14,158,802.5713937
0.00,14,159,802.0133966
0.00,14,160,801.6796819
0.00,14,161,801.6388564
0.00,14,162,801.6275972
0.00,14,163,801.0409949
0.00,14,164,800.7245956
0.00,14,165,800.6893226
0.00,14,166,800.6840876
0.00,14,167,800.0756773
0.00,14,168,799.7722181
0.00,14,169,799.7406385
0.00,14,170,799.7391389
0.00,14,171,799.1173401
0.00,14,172,798.8216547
0.00,14,173,798.7916262
0.00,14,174,798.7912739
0.00,14,175,798.1658844
0.00,14,176,797.8722029
0.00,14,177,797.8413861
0.00,14,178,797.8393889
0.00,14,179,797.221218
0.00,14,180,796.9234526
0.00,14,181,796.8894372
0.00,14,182,796.8829431
0.00,14,183,796.2832566
0.00,14,184,795.9753722
0.00,14,185,795.9358326
0.00,14,186,795.9221004
0.00,14,187,795.3519248
0.00,14,188,795.3501082
0.00,14,189,794.1489663
0.00,14,190,793.9702949
0.00,14,191,793.8715801
0.00,14,192,793.7848802
0.00,14,193,793.7227417
0.00,14,194,793.6806176
0.00,14,195,793.2263838
0.00,14,196,792.9320522
0.00,14,197,792.0409304
0.00,14,198,791.8875893
0.00,14,199,791.4126027
0.00,14,200,791.1570717
0.00,15,1,879.257622
0.00,15,2,879.2208005
0.00,15,3,879.1998697
0.00,15,4,879.1148663
0.00,15,5,879.0505959
0.00,15,6,879.0428488
0.00,15,7,878.9335982
0.00,15,8,878.8805186
0.00,15,9,878.8023345
0.00,15,10,878.7687448
0.00,15,11,878.5737202
0.00,15,12,878.5709379
0.00,15,13,878.4413795
0.00,15,14,878.4007946
0.00,15,15,878.3102271
0.00,15,16,878.2465976
0.00,15,17,878.2382253
0.00,15,18,878.1303252
0.00,15,19,878.0829373
0.00,15,20,877.9998814
0.00,15,21,877.9353425
0.00,15,22,877.9268688
0.00,15,23,877.8200074
0.00,15,24,877.7666034
0.00,15,25,877.6897805
0.00,15,26,877.6545899
0.00,15,27,877.4628932
0.00,15,28,877.4594705
0.00,15,29,877.3316037
0.00,15,30,877.2911551
0.00,15,31,877.2014716
0.00,15,32,877.1383623
0.00,15,33,877.13016
0.00,15,34,877.0229626
0.00,15,35,876.9762074
0.00,15,36,876.8935199
0.00,15,37,876.8297876
0.00,15,38,876.8217949
0.00,15,39,876.715041
0.00,15,40,876.6626542
0.00,15,41,876.5858004
0.00,15,42,876.5535126
0.00,15,43,876.3607385
0.00,15,44,876.359186
0.00,15,45,876.2304149
0.00,15,46,876.1916212
0.00,15,47,876.1012479
0.00,15,48,876.0395954
0.00,15,49,876.0325827
0.00,15,50,875.9241433
0.00,15,51,875.8793747
0.00,15,52,875.7956601
0.00,15,53,875.733692
0.00,15,54,875.7272619
0.00,15,55,875.6185764
0.00,15,56,875.5684176
0.00,15,57,875.4902763
0.00,15,58,875.4649949
0.00,15,59,875.2671289
0.00,15,60,875.2242565
0.00,15,61,875.1892879
0.00,15,62,875.1709313
0.00,15,63,875.0850671
0.00,15,64,875.021631
0.00,15,65,875.012325
0.00,15,66,874.909152
0.00,15,67,874.8616902
0.00,15,68,874.7816441
0.00,15,69,874.7180824
0.00,15,70,874.7094764
0.00,15,71,874.6057797
0.00,15,72,874.5536027
0.00,15,73,874.4784528
0.00,15,74,874.4458665
0.00,15,75,874.2566887
0.00,15,76,874.2554269
0.00,15,77,874.1282862
0.00,15,78,874.0906478
0.00,15,79,874.0010006
0.00,15,80,873.940881
0.00,15,81,873.9347961
0.00,15,82,873.8265167
0.00,15,83,873.7837511
0.00,15,84,873.6998875
0.00,15,85,873.64002
0.00,15,86,873.6351623
0.00,15,87,873.525423
0.00,15,88,873.4779369
0.00,15,89,873.398946
0.00,15,90,873.3817719
0.00,15,91,873.1792853
0.00,15,92,873.1374299
0.00,15,93,873.103788
0.00,15,94,873.0874453
0.00,15,95,872.9996512
0.00,15,96,872.9393331
0.00,15,97,872.9326823
0.00,15,98,872.8263762
0.00,15,99,872.7832104
0.00,15,100,872.7006514
0.00,15,101,872.6408132
0.00,15,102,872.6356132
0.00,15,103,872.5274067
0.00,15,104,872.4799605
0.00,15,105,872.4018249
0.00,15,106,872.3843394
0.00,15,107,872.1837002
0.00,15,108,872.1421504
0.00,15,109,872.1087848
0.00,15,110,872.0926668
0.00,15,111,872.0053231
0.00,15,112,871.9456502
0.00,15,113,871.939355
0.00,15,114,871.8332702
0.00,15,115,871.7909354
0.00,15,116,871.7084139
0.00,15,117,871.6494832
0.00,15,118,871.6449359
0.00,15,119,871.536392
0.00,15,120,871.4901058
0.00,15,121,871.4116648
0.00,15,122,871.3976877
0.00,15,123,871.1951627
0.00,15,124,871.1540779
0.00,15,125,871.1213128
0.00,15,126,871.1060971
0.00,15,127,871.0179277
0.00,15,128,870.9596743
0.00,15,129,870.954584
0.00,15,130,870.8471088
0.00,15,131,870.8067475
0.00,15,132,870.7230876
0.00,15,133,870.6658869
0.00,15,134,870.662928
0.00,15,135,870.5522913
0.00,15,136,870.5082252
0.00,15,137,870.4283804
0.00,15,138,870.4215554
0.00,15,139,870.213584
0.00,15,140,870.1731179
0.00,15,141,870.1412659
0.00,15,142,870.1276083
0.00,15,143,870.0373812
0.00,15,144,869.9813003
0.00,15,145,869.9782441
0.00,15,146,869.8678086
0.00,15,147,869.8305464
0.00,15,148,869.7445904
0.00,15,149,869.6899386
0.00,15,150,869.6895044
0.00,15,151,869.5750233
0.00,15,152,869.5342414
0.00,15,153,869.4518909
0.00,15,154,869.3914744
0.00,15,155,869.3834735
0.00,15,156,869.2828655
0.00,15,157,869.2391205
0.00,15,158,869.1602894
0.00,15,159,869.1011202
0.00,15,160,869.09535
0.00,15,161,868.9913251
0.00,15,162,868.9447084
0.00,15,163,868.8688587
0.00,15,164,868.8525715
0.00,15,165,868.6561746
0.00,15,166,868.615791
0.00,15,167,868.5835856
0.00,15,168,868.5686544
0.00,15,169,868.4821406
0.00,15,170,868.425189
0.00,15,171,868.4206452
0.00,15,172,868.3143839
0.00,15,173,868.2756526
0.00,15,174,868.1925565
0.00,15,175,868.1373187
0.00,15,176,868.1356486
0.00,15,177,868.0248298
0.00,15,178,867.9832996
0.00,15,179,867.9030792
0.00,15,180,867.8427336
0.00,15,181,867.8342672
0.00,15,182,867.735887
0.00,15,183,867.6920378
0.00,15,184,867.6146637
0.00,15,185,867.555878
0.00,15,186,867.5499655
0.00,15,187,867.4475447
0.00,15,188,867.4013945
0.00,15,189,867.3264172
0.00,15,190,867.3109992
0.00,15,191,867.1160868
0.00,15,192,867.0762204
0.00,15,193,867.0445447
0.00,15,194,867.0301874
0.00,15,195,866.9439153
0.00,15,196,866.8882104
0.00,15,197,866.8845049
0.00,15,198,866.778013
0.00,15,199,866.7409546
0.00,15,200,866.657489
0.00,16,1,941.4968273
0.00,16,2,941.3136053
0.00,16,3,941.158025
0.00,16,4,941.0288766
0.00,16,5,940.9153048
0.00,16,6,940.8157241
0.00,16,7,940.7249089
0.00,16,8,940.6415894
0.00,16,9,940.5631814
0.00,16,10,940.4888214
0.00,16,11,940.4172042
0.00,16,12,940.3477879
0.00,16,13,940.3292703
0.00,16,14,940.2334876
0.00,16,15,940.1456468
0.00,16,16,940.0645412
0.00,16,17,939.9878792
0.00,16,18,939.9148544
0.00,16,19,939.8443058
0.00,16,20,939.7757335
0.00,16,21,939.7457951
0.00,16,22,939.6536685
0.00,16,23,939.5686958
0.00,16,24,939.4897324
0.00,16,25,939.4147588
0.00,16,26,939.3430271
0.00,16,27,939.273513
0.00,16,28,939.2628334
0.00,16,29,939.1644729
0.00,16,30,939.0759837
0.00,16,31,938.9938537
0.00,16,32,938.9170129
0.00,16,33,938.8437072
0.00,16,34,938.7732526
0.00,16,35,938.7047578
0.00,16,36,938.6797547
0.00,16,37,938.586062
0.00,16,38,938.5009928
0.00,16,39,938.4215288
0.00,16,40,938.3466821
0.00,16,41,938.2749419
0.00,16,42,938.205689
0.00,16,43,938.198792
0.00,16,44,938.1004408
0.00,16,45,938.0109562
0.00,16,46,937.9289788
0.00,16,47,937.8519225
0.00,16,48,937.778883
0.00,16,49,937.7085627
0.00,16,50,937.6404046
0.00,16,51,937.61767
0.00,16,52,937.5243344
0.00,16,53,937.4387433
0.00,16,54,937.3596321
0.00,16,55,937.2848042
0.00,16,56,937.2134412
0.00,16,57,937.1444384
0.00,16,58,937.1386986
0.00,16,59,937.0397061
0.00,16,60,936.9511023
0.00,16,61,936.8691719
0.00,16,62,936.7927604
0.00,16,63,936.720027
0.00,16,64,936.6502432
0.00,16,65,936.5824808
0.00,16,66,936.5587328
0.00,16,67,936.4656053
0.00,16,68,936.3812588
0.00,16,69,936.3026147
0.00,16,70,936.2286337
0.00,16,71,936.1577855
0.00,16,72,936.0894286
0.00,16,73,936.080496
0.00,16,74,935.9836384
0.00,16,75,935.8956035
0.00,16,76,935.8149667
0.00,16,77,935.739183
0.00,16,78,935.6673266
0.00,16,79,935.5981283
0.00,16,80,935.5310275
0.00,16,81,935.50366
0.00,16,82,935.4126704
0.00,16,83,935.3291514
0.00,16,84,935.2518143
0.00,16,85,935.1785716
0.00,16,86,935.1086096
0.00,16,87,935.0408838
0.00,16,88,935.0264635
0.00,16,89,934.9310877
0.00,16,90,934.8453797
0.00,16,91,934.7659133
0.00,16,92,934.6915461
0.00,16,93,934.6205875
0.00,16,94,934.5523346
0.00,16,95,934.5514152
0.00,16,96,934.4527359
0.00,16,97,934.3635545
0.00,16,98,934.2823254
0.00,16,99,934.2062902
0.00,16,100,934.1344487
0.00,16,101,934.0654348
0.00,16,102,933.9986458
0.00,16,103,933.9758452
0.00,16,104,933.8841336
0.00,16,105,933.800287
0.00,16,106,933.7229289
0.00,16,107,933.6498552
0.00,16,108,933.580203
0.00,16,109,933.5128765
0.00,16,110,933.5012399
0.00,16,111,933.4056396
0.00,16,112,933.32001
0.00,16,113,933.2408056
0.00,16,114,933.1668278
0.00,16,115,933.0963373
0.00,16,116,933.0286032
0.00,16,117,933.0282151
0.00,16,118,932.9299838
0.00,16,119,932.8413731
0.00,16,120,932.7607718
0.00,16,121,932.6853983
0.00,16,122,932.6142239
0.00,16,123,932.5458775
0.00,16,124,932.479746
0.00,16,125,932.4553457
0.00,16,126,932.3648002
0.00,16,127,932.2820448
0.00,16,128,932.2056729
0.00,16,129,932.1335173
0.00,16,130,932.0647089
0.00,16,131,931.9981748
0.00,16,132,931.9825286
0.00,16,133,931.8888607
0.00,16,134,931.8048298
0.00,16,135,931.7270217
0.00,16,136,931.654238
0.00,16,137,931.5848098
0.00,16,138,931.5180171
0.00,16,139,931.510846
0.00,16,140,931.4153395
0.00,16,141,931.3290048
0.00,16,142,931.2502333
0.00,16,143,931.1764121
0.00,16,144,931.1065355
0.00,16,145,931.0393196
0.00,16,146,930.9741734
0.00,16,147,930.9425491
0.00,16,148,930.8549374
0.00,16,149,930.7745864
0.00,16,150,930.700126
0.00,16,151,930.6295688
0.00,16,152,930.5620851
0.00,16,153,930.4966935
0.00,16,154,930.4712184
0.00,16,155,930.381376
0.00,16,156,930.3002691
0.00,16,157,930.2248338
0.00,16,158,930.1539314
0.00,16,159,930.0860669
0.00,16,160,930.0205687
0.00,16,161,930.0007533
0.00,16,162,929.9098502
0.00,16,163,929.8271778
0.00,16,164,929.7512066
0.00,16,165,929.6796461
0.00,16,166,929.6115646
0.00,16,167,929.5458385
0.00,16,168,929.5315853
0.00,16,169,929.4385288
0.00,16,170,929.3553059
0.00,16,171,929.2784233
0.00,16,172,929.2066189
0.00,16,173,929.138199
0.00,16,174,929.0724171
0.00,16,175,929.063031
0.00,16,176,928.9692347
0.00,16,177,928.8845433
0.00,16,178,928.8072821
0.00,16,179,928.7348844
0.00,16,180,928.6663263
0.00,16,181,928.6003557
0.00,16,182,928.5956212
0.00,16,183,928.4998651
0.00,16,184,928.4148973
0.00,16,185,928.3368469
0.00,16,186,928.2643422
0.00,16,187,928.1955173
0.00,16,188,928.1295604
0.00,16,189,928.1285989
0.00,16,190,928.0325127
0.00,16,191,927.946257
0.00,16,192,927.8680318
0.00,16,193,927.79504
0.00,16,194,927.7261798
0.00,16,195,927.6600937
0.00,16,196,927.5961462
0.00,16,197,927.5653628
0.00,16,198,927.4790185
0.00,16,199,927.4000764
0.00,16,200,927.3270695
0.00,17,1,751.1233227
0.00,17,2,749.924928
0.00,17,3,749.4135279
0.00,17,4,749.0636969
0.00,17,5,748.8595397
0.00,17,6,748.7056198
0.00,17,7,748.585898
0.00,17,8,748.5732101
0.00,17,9,748.3911882
0.00,17,10,748.2502165
0.00,17,11,748.13661
0.00,17,12,748.0938914
0.00,17,13,747.9292821
0.00,17,14,747.7986754
0.00,17,15,747.6901073
0.00,17,16,747.6221611
0.00,17,17,747.4723138
0.00,17,18,747.3504046
0.00,17,19,747.3427703
0.00,17,20,747.1527186
0.00,17,21,747.0174474
0.00,17,22,746.9039943
0.00,17,23,746.8569083
0.00,17,24,746.6918176
0.00,17,25,746.5679816
0.00,17,26,746.461093
0.00,17,27,746.3838516
0.00,17,28,746.2379355
0.00,17,29,746.123051
0.00,17,30,746.0950857
0.00,17,31,745.9245592
0.00,17,32,745.7915747
0.00,17,33,745.6828611
0.00,17,34,745.6240331
0.00,17,35,745.4715592
0.00,17,36,745.3491167
0.00,17,37,745.2455065
0.00,17,38,745.1618548
0.00,17,39,745.0241441
0.00,17,40,744.9102118
0.00,17,41,744.872543
0.00,17,42,744.70418
0.00,17,43,744.579959
0.00,17,44,744.4736932
0.00,17,45,744.4012575
0.00,17,46,744.2550995
0.00,17,47,744.1411099
0.00,17,48,744.1157204
0.00,17,49,743.9460252
0.00,17,50,743.8145583
0.00,17,51,743.7074921
0.00,17,52,743.6480081
0.00,17,53,743.4983888
0.00,17,54,743.3785035
0.00,17,55,743.3736312
0.00,17,56,743.186584
0.00,17,57,743.0549563
0.00,17,58,742.9452738
0.00,17,59,742.8944914
0.00,17,60,742.7368602
0.00,17,61,742.6184925
0.00,17,62,742.516236
0.00,17,63,742.4325081
0.00,17,64,742.2960767
0.00,17,65,742.1874758
0.00,17,66,742.1416415
0.00,17,67,741.986017
0.00,17,68,741.8635017
0.00,17,69,741.7614604
0.00,17,70,741.6842898
0.00,17,71,741.5474172
0.00,17,72,741.4355156
0.00,17,73,741.400073
0.00,17,74,741.2347163
0.00,17,75,741.1137222
0.00,17,76,741.0106682
0.00,17,77,740.9363216
0.00,17,78,740.7960795
0.00,17,79,740.6864953
0.00,17,80,740.6510203
0.00,17,81,740.4911765
0.00,17,82,740.3670482
0.00,17,83,740.2649604
0.00,17,84,740.1939318
0.00,17,85,740.055402
0.00,17,86,739.9432675
0.00,17,87,739.9136374
0.00,17,88,739.7464585
0.00,17,89,739.6254721
0.00,17,90,739.5230443
0.00,17,91,739.4512808
0.00,17,92,739.3114263
0.00,17,93,739.2027505
0.00,17,94,739.1679541
0.00,17,95,739.0094635
0.00,17,96,738.886833
0.00,17,97,738.7861095
0.00,17,98,738.7141132
0.00,17,99,738.5780568
0.00,17,100,738.4679405
0.00,17,101,738.4339432
0.00,17,102,738.271396
0.00,17,103,738.1532331
0.00,17,104,738.0529279
0.00,17,105,737.9769684
0.00,17,106,737.841774
0.00,17,107,737.7358973
0.00,17,108,737.69258
0.00,17,109,737.5408562
0.00,17,110,737.4226794
0.00,17,111,737.3246395
0.00,17,112,737.2453567
0.00,17,113,737.1155283
0.00,17,114,737.0094246
0.00,17,115,736.9624556
0.00,17,116,736.8100841
0.00,17,117,736.6971397
0.00,17,118,736.6910617
0.00,17,119,736.5184958
0.00,17,120,736.3893598
0.00,17,121,736.2868809
0.00,17,122,736.232403
0.00,17,123,736.0890774
0.00,17,124,735.9761661
0.00,17,125,735.9616227
0.00,17,126,735.7895787
0.00,17,127,735.6686513
0.00,17,128,735.5679155
0.00,17,129,735.502431
0.00,17,130,735.3638623
0.00,17,131,735.2577016
0.00,17,132,735.2240158
0.00,17,133,735.0694988
0.00,17,134,734.9510104
0.00,17,135,734.8539471
0.00,17,136,734.7793022
0.00,17,137,734.6498964
0.00,17,138,734.5451002
0.00,17,139,734.5002318
0.00,17,140,734.3496501
0.00,17,141,734.2387525
0.00,17,142,734.2303041
0.00,17,143,734.0618367
0.00,17,144,733.9362607
0.00,17,145,733.8365131
0.00,17,146,733.777825
0.00,17,147,733.6400616
0.00,17,148,733.5312704
0.00,17,149,733.5061546
0.00,17,150,733.3439542
0.00,17,151,733.2285758
0.00,17,152,733.1317674
0.00,17,153,733.0577493
0.00,17,154,732.9279582
0.00,17,155,732.8268263
0.00,17,156,732.7778647
0.00,17,157,732.6354474
0.00,17,158,732.52464
0.00,17,159,732.5106111
0.00,17,160,732.3423455
0.00,17,161,732.2249191
0.00,17,162,732.1274591
0.00,17,163,732.0594592
0.00,17,164,731.927087
0.00,17,165,731.8253036
0.00,17,166,731.7825195
0.00,17,167,731.6375499
0.00,17,168,731.5258537
0.00,17,169,731.518035
0.00,17,170,731.3468492
0.00,17,171,731.228729
0.00,17,172,731.1313233
0.00,17,173,731.0662818
0.00,17,174,730.9332881
0.00,17,175,730.8317104
0.00,17,176,730.7911248
0.00,17,177,730.6459938
0.00,17,178,730.5346819
0.00,17,179,730.5277871
0.00,17,180,730.3571459
0.00,17,181,730.2397963
0.00,17,182,730.143201
0.00,17,183,730.0779584
0.00,17,184,729.9463958
0.00,17,185,729.8459088
0.00,17,186,729.8035457
0.00,17,187,729.6606743
0.00,17,188,729.5510206
0.00,17,189,729.5399309
0.00,17,190,729.3732297
0.00,17,191,729.2580699
0.00,17,192,729.1630074
0.00,17,193,729.0946379
0.00,17,194,728.9664283
0.00,17,195,728.8678525
0.00,17,196,728.8201494
0.00,17,197,728.6817392
0.00,17,198,728.5748805
0.00,17,199,728.5551654
0.00,17,200,728.3953723
0.00,18,1,930.6184551
0.00,18,2,930.5472991
0.00,18,3,930.5293286
0.00,18,4,930.4492546
0.00,18,5,930.4020258
0.00,18,6,930.3565839
0.00,18,7,930.3049175
0.00,18,8,930.2672104
0.00,18,9,930.2091093
0.00,18,10,930.1814273
0.00,18,11,930.1145026
0.00,18,12,930.1003017
0.00,18,13,930.0213866
0.00,18,14,929.97436
0.00,18,15,929.9298759
0.00,18,16,929.8780643
0.00,18,17,929.8407047
0.00,18,18,929.7825105
0.00,18,19,929.7546061
0.00,18,20,929.6879153
0.00,18,21,929.6725421
0.00,18,22,929.5945626
0.00,18,23,929.5483124
0.00,18,24,929.5031803
0.00,18,25,929.4522657
0.00,18,26,929.414201
0.00,18,27,929.3569968
0.00,18,28,929.3284471
0.00,18,29,929.2627594
0.00,18,30,929.2470352
0.00,18,31,929.1698992
0.00,18,32,929.1235803
0.00,18,33,929.0785338
0.00,18,34,929.027683
0.00,18,35,928.9893463
0.00,18,36,928.9324768
0.00,18,37,928.9030087
0.00,18,38,928.8381603
0.00,18,39,928.820398
0.00,18,40,928.7449917
0.00,18,41,928.7426546
0.00,18,42,928.6533053
0.00,18,43,928.6038699
0.00,18,44,928.5640301
0.00,18,45,928.5088575
0.00,18,46,928.477648
0.00,18,47,928.4147714
0.00,18,48,928.3951406
0.00,18,49,928.3219142
0.00,18,50,928.3178376
0.00,18,51,928.2306972
0.00,18,52,928.1814565
0.00,18,53,928.1412011
0.00,18,54,928.0865085
0.00,18,55,928.0542498
0.00,18,56,927.9923573
0.00,18,57,927.9706123
0.00,18,58,927.8992291
0.00,18,59,927.8912856
0.00,18,60,927.8074156
0.00,18,61,927.7597598
0.00,18,62,927.7177188
0.00,18,63,927.6649639
0.00,18,64,927.6305515
0.00,18,65,927.5709799
0.00,18,66,927.5467534
0.00,18,67,927.4780658
0.00,18,68,927.4674559
0.00,18,69,927.3865701
0.00,18,70,927.3394224
0.00,18,71,927.2965673
0.00,18,72,927.2446717
0.00,18,73,927.2087532
0.00,18,74,927.1506106
0.00,18,75,927.1237772
0.00,18,76,927.0574297
0.00,18,77,927.0424788
0.00,18,78,926.9653743
0.00,18,79,926.9198685
0.00,18,80,926.8751045
0.00,18,81,926.8252417
0.00,18,82,926.7869631
0.00,18,83,926.7313017
0.00,18,84,926.7016395
0.00,18,85,926.6382595
0.00,18,86,926.6200575
0.00,18,87,926.5463983
0.00,18,88,926.5434581
0.00,18,89,926.4561
0.00,18,90,926.4071346
0.00,18,91,926.3674015
0.00,18,92,926.3131559
0.00,18,93,926.2810746
0.00,18,94,926.2199178
0.00,18,95,926.1978081
0.00,18,96,926.1276217
0.00,18,97,926.1184872
0.00,18,98,926.036525
0.00,18,99,925.9897655
0.00,18,100,925.9473564
0.00,18,101,925.8958533
0.00,18,102,925.8604571
0.00,18,103,925.8026687
0.00,18,104,925.7765515
0.00,18,105,925.7104329
0.00,18,106,925.6966069
0.00,18,107,925.619442
0.00,18,108,925.573764
0.00,18,109,925.5297431
0.00,18,110,925.4798322
0.00,18,111,925.4419295
0.00,18,112,925.3864962
0.00,18,113,925.3565385
0.00,18,114,925.2939131
0.00,18,115,925.2742589
0.00,18,116,925.2022834
0.00,18,117,925.1959711
0.00,18,118,925.1118622
0.00,18,119,925.0646495
0.00,18,120,925.023397
0.00,18,121,924.9713269
0.00,18,122,924.9372092
0.00,18,123,924.8787321
0.00,18,124,924.8540132
0.00,18,125,924.7870827
0.00,18,126,924.7747586
0.00,18,127,924.6966684
0.00,18,128,924.6508761
0.00,18,129,924.607517
0.00,18,130,924.5574854
0.00,18,131,924.5202135
0.00,18,132,924.4646776
0.00,18,133,924.4352735
0.00,18,134,924.3726027
0.00,18,135,924.3533546
0.00,18,136,924.2814515
0.00,18,137,924.2752933
0.00,18,138,924.1914657
0.00,18,139,924.1445097
0.00,18,140,924.1033689
0.00,18,141,924.0516717
0.00,18,142,924.0174517
0.00,18,143,923.9595295
0.00,18,144,923.934384
0.00,18,145,923.8682865
0.00,18,146,923.8550522
0.00,18,147,923.7782123
0.00,18,148,923.7329689
0.00,18,149,923.689322
0.00,18,150,923.6400315
0.00,18,151,923.6021622
0.00,18,152,923.5476406
0.00,18,153,923.5172053
0.00,18,154,923.4559335
0.00,18,155,923.4350514
0.00,18,156,923.3650835
0.00,18,157,923.3564599
0.00,18,158,923.2753098
0.00,18,159,923.2293048
0.00,18,160,923.1872732
0.00,18,161,923.1368552
0.00,18,162,923.1012265
0.00,18,163,923.045042
0.00,18,164,923.0177676
0.00,18,165,922.954046
0.00,18,166,922.9376833
0.00,18,167,922.8641055
0.00,18,168,922.8620115
0.00,18,169,922.7755363
0.00,18,170,922.7275472
0.00,18,171,922.6882981
0.00,18,172,922.6355054
0.00,18,173,922.6030473
0.00,18,174,922.5440824
0.00,18,175,922.5203134
0.00,18,176,922.453431
0.00,18,177,922.4407643
0.00,18,178,922.3637434
0.00,18,179,922.3191046
0.00,18,180,922.2755979
0.00,18,181,922.2269902
0.00,18,182,922.1892094
0.00,18,183,922.1354399
0.00,18,184,922.1050923
0.00,18,185,922.0446088
0.00,18,186,922.0239204
0.00,18,187,921.9547001
0.00,18,188,921.946577
0.00,18,189,921.8659813
0.00,18,190,921.8199475
0.00,18,191,921.7784204
0.00,18,192,921.7281807
0.00,18,193,921.6925731
0.00,18,194,921.6369514
0.00,18,195,921.6088861
0.00,18,196,921.5463883
0.00,18,197,921.5279204
0.00,18,198,921.4566525
0.00,18,199,921.4503792
0.00,18,200,921.3679452
0.00,19,1,748.5713896
0.00,19,2,748.4687126
0.00,19,3,748.4608905
0.00,19,4,748.4545279
0.00,19,5,748.408349
0.00,19,6,748.3924528
0.00,19,7,748.3310218
0.00,19,8,748.3081805
0.00,19,9,748.3060221
0.00,19,10,748.2999824
0.00,19,11,748.2529453
0.00,19,12,748.2382572
0.00,19,13,748.1757405
0.00,19,14,748.1531815
0.00,19,15,748.1512663
0.00,19,16,748.1454846
0.00,19,17,748.0977721
0.00,19,18,748.0840341
0.00,19,19,748.0206877
0.00,19,20,747.9983504
0.00,19,21,747.9966189
0.00,19,22,747.9910284
0.00,19,23,747.9428287
0.00,19,24,747.9297771
0.00,19,25,747.8658625
0.00,19,26,747.8436854
0.00,19,27,747.8420777
0.00,19,28,747.8366105
0.00,19,29,747.7881145
0.00,19,30,747.7754837
0.00,19,31,747.7112646
0.00,19,32,747.689186
0.00,19,33,747.6876423
0.00,19,34,747.6822306
0.00,19,35,747.6336288
0.00,19,36,747.6211552
0.00,19,37,747.5568932
0.00,19,38,747.5348523
0.00,19,39,747.5333139
0.00,19,40,747.527891
0.00,19,41,747.4793713
0.00,19,42,747.4667968
0.00,19,43,747.4027481
0.00,19,44,747.3806858
0.00,19,45,747.3790954
0.00,19,46,747.373597
0.00,19,47,747.3253414
0.00,19,48,747.312417
0.00,19,49,747.2488289
0.00,19,50,747.2266883
0.00,19,51,747.2249913
0.00,19,52,747.2193557
0.00,19,53,747.1715388
0.00,19,54,747.1580272
0.00,19,55,747.0951352
0.00,19,56,747.0728626
0.00,19,57,747.0710071
0.00,19,58,747.0651764
0.00,19,59,747.0179631
0.00,19,60,747.0036414
0.00,19,61,746.9416669
0.00,19,62,746.9192123
0.00,19,63,746.9171495
0.00,19,64,746.9110703
0.00,19,65,746.8646141
0.00,19,66,746.8492759
0.00,19,67,746.7884238
0.00,19,68,746.7657411
0.00,19,69,746.763426
0.00,19,70,746.7570496
0.00,19,71,746.7114915
0.00,19,72,746.6949486
0.00,19,73,746.6354057
0.00,19,74,746.6124534
0.00,19,75,746.609845
0.00,19,76,746.6031278
0.00,19,77,746.558595
0.00,19,78,746.5406785
0.00,19,79,746.4826126
0.00,19,80,746.4593538
0.00,19,81,746.456415
0.00,19,82,746.4493192
0.00,19,83,746.4059245
0.00,19,84,746.3864858
0.00,19,85,746.3300443
0.00,19,86,746.3282375
0.00,19,87,746.2543218
0.00,19,88,746.2347058
0.00,19,89,746.2106419
0.00,19,90,746.1828006
0.00,19,91,746.0693074
0.00,19,92,746.0586911
0.00,19,93,746.025015
0.00,19,94,745.9924766
0.00,19,95,745.9493334
0.00,19,96,745.9296267
0.00,19,97,745.873784
0.00,19,98,745.8711452
0.00,19,99,745.7983867
0.00,19,100,745.7785764
0.00,19,101,745.7549186
0.00,19,102,745.7247055
0.00,19,103,745.6141579
0.00,19,104,745.6028901
0.00,19,105,745.5701081
0.00,19,106,745.5365077
0.00,19,107,745.494752
0.00,19,108,745.4732556
0.00,19,109,745.4195222
0.00,19,110,745.4140477
0.00,19,111,745.3444368
0.00,19,112,745.3239882
0.00,19,113,745.3235322
0.00,19,114,745.3190878
0.00,19,115,745.2684983
0.00,19,116,745.2588359
0.00,19,117,745.1934987
0.00,19,118,745.1721174
0.00,19,119,745.1707424
0.00,19,120,745.1652474
0.00,19,121,745.1177006
0.00,19,122,745.1039944
0.00,19,123,745.0427875
0.00,19,124,745.0205101
0.00,19,125,745.0182426
0.00,19,126,745.0117436
0.00,19,127,744.967129
0.00,19,128,744.949535
0.00,19,129,744.892303
0.00,19,130,744.8691684
0.00,19,131,744.8660372
0.00,19,132,744.8585835
0.00,19,133,744.8167831
0.00,19,134,744.7954669
0.00,19,135,744.7420448
0.00,19,136,744.7361416
0.00,19,137,744.6674441
0.00,19,138,744.6468994
0.00,19,139,744.646219
0.00,19,140,744.641445
0.00,19,141,744.592003
0.00,19,142,744.580843
0.00,19,143,744.517482
0.00,19,144,744.4957781
0.00,19,145,744.4939612
0.00,19,146,744.4879055
0.00,19,147,744.4421887
0.00,19,148,744.4261182
0.00,19,149,744.3677489
0.00,19,150,744.3449679
0.00,19,151,744.3420795
0.00,19,152,744.3348401
0.00,19,153,744.2926011
0.00,19,154,744.2719557
0.00,19,155,744.2182441
0.00,19,156,744.2127084
0.00,19,157,744.1440204
0.00,19,158,744.1235572
0.00,19,159,744.1228518
0.00,19,160,744.1179919
0.00,19,161,744.0689574
0.00,19,162,744.0572851
0.00,19,163,743.9948085
0.00,19,164,743.9730018
0.00,19,165,743.9709844
0.00,19,166,743.9646563
0.00,19,167,743.9198996
0.00,19,168,743.9026237
0.00,19,169,743.845828
0.00,19,170,743.8443054
0.00,19,171,743.7718903
0.00,19,172,743.7523046
0.00,19,173,743.7292705
0.00,19,174,743.6962346
0.00,19,175,743.591184
0.00,19,176,743.578779
0.00,19,177,743.5480748
0.00,19,178,743.5124003
0.00,19,179,743.4741707
0.00,19,180,743.4484104
0.00,19,181,743.4003736
0.00,19,182,743.3874339
0.00,19,183,743.3266956
0.00,19,184,743.3046283
0.00,19,185,743.3022308
0.00,19,186,743.2954252
0.00,19,187,743.2522809
0.00,19,188,743.232984
0.00,19,189,743.1786761
0.00,19,190,743.1738788
0.00,19,191,743.1051961
0.00,19,192,743.0848961
0.00,19,193,743.084144
0.00,19,194,743.0791193
0.00,19,195,743.0308797
0.00,19,196,743.0182254
0.00,19,197,742.957466
0.00,19,198,742.9354702
0.00,19,199,742.9330708
0.00,19,200,742.9262287
0.00,20,1,830.4629212
0.00,20,2,830.3100047
0.00,20,3,830.2361099
0.00,20,4,830.1906825
0.00,20,5,830.1109402
0.00,20,6,830.072994
0.00,20,7,829.9863149
0.00,20,8,829.9572034
0.00,20,9,829.8623072
0.00,20,10,829.8436253
0.00,20,11,829.7390034
0.00,20,12,829.7326278
0.00,20,13,829.6165048
0.00,20,14,829.5536978
0.00,20,15,829.4952359
0.00,20,16,829.4284854
0.00,20,17,829.3751751
0.00,20,18,829.303704
0.00,20,19,829.2565354
0.00,20,20,829.1794141
0.00,20,21,829.1395729
0.00,20,22,829.055688
0.00,20,23,829.0245953
0.00,20,24,828.9326132
0.00,20,25,828.9119728
0.00,20,26,828.810295
0.00,20,27,828.8021517
0.00,20,28,828.6888604
0.00,20,29,828.6266847
0.00,20,30,828.568166
0.00,20,31,828.502273
0.00,20,32,828.4485477
0.00,20,33,828.3782496
0.00,20,34,828.3301751
0.00,20,35,828.254661
0.00,20,36,828.2132473
0.00,20,37,828.131562
0.00,20,38,828.097997
0.00,20,39,828.0090167
0.00,20,40,827.984697
0.00,20,41,827.8871
0.00,20,42,827.8736653
0.00,20,43,827.7658991
0.00,20,44,827.7652729
0.00,20,45,827.6455156
0.00,20,46,827.5822076
0.00,20,47,827.5264001
0.00,20,48,827.4589891
0.00,20,49,827.4085147
0.00,20,50,827.336205
0.00,20,51,827.2920744
0.00,20,52,827.2139162
0.00,20,53,827.1773369
0.00,20,54,827.0921956
0.00,20,55,827.0646111
0.00,20,56,826.9711307
0.00,20,57,826.954268
0.00,20,58,826.8508269
0.00,20,59,826.8467535
0.00,20,60,826.7314109
0.00,20,61,826.6691427
0.00,20,62,826.6127231
0.00,20,63,826.5466659
0.00,20,64,826.4951086
0.00,20,65,826.4245737
0.00,20,66,826.3787341
0.00,20,67,826.3029118
0.00,20,68,826.2637944
0.00,20,69,826.1817338
0.00,20,70,826.1505172
0.00,20,71,826.0611022
0.00,20,72,826.039168
0.00,20,73,825.9410897
0.00,20,74,825.9300558
0.00,20,75,825.821781
0.00,20,76,825.7621006
0.00,20,77,825.703539
0.00,20,78,825.6403936
0.00,20,79,825.5863366
0.00,20,80,825.5190645
0.00,20,81,825.4703488
0.00,20,82,825.3981629
0.00,20,83,825.3557852
0.00,20,84,825.2777476
0.00,20,85,825.242896
0.00,20,86,825.1578896
0.00,20,87,825.1319806
0.00,20,88,825.0386734
0.00,20,89,825.0233976
0.00,20,90,824.9202008
0.00,20,91,824.9175767
0.00,20,92,824.8025938
0.00,20,93,824.7409077
0.00,20,94,824.6856862
0.00,20,95,824.6202668
0.00,20,96,824.569818
0.00,20,97,824.4999985
0.00,20,98,824.4551477
0.00,20,99,824.380146
0.00,20,100,824.3418602
0.00,20,101,824.2607602
0.00,20,102,824.2301708
0.00,20,103,824.1419
0.00,20,104,824.1203298
0.00,20,105,824.0236339
0.00,20,106,824.0126282
0.00,20,107,823.9060415
0.00,20,108,823.8473021
0.00,20,109,823.7894721
0.00,20,110,823.7273845
0.00,20,111,823.673893
0.00,20,112,823.6078283
0.00,20,113,823.5594678
0.00,20,114,823.4886796
0.00,20,115,823.4463916
0.00,20,116,823.3699934
0.00,20,117,823.334897
0.00,20,118,823.2518352
0.00,20,119,823.2252614
0.00,20,120,823.1342834
0.00,20,121,823.117816
0.00,20,122,823.0174317
0.00,20,123,823.0129568
0.00,20,124,822.9013923
0.00,20,125,822.8411433
0.00,20,126,822.7860058
0.00,20,127,822.7222321
0.00,20,128,822.6715896
0.00,20,129,822.6036716
0.00,20,130,822.5582882
0.00,20,131,822.4855014
0.00,20,132,822.44627
0.00,20,133,822.3677677
0.00,20,134,822.3357307
0.00,20,135,822.250524
0.00,20,136,822.226897
0.00,20,137,822.1338323
0.00,20,138,822.1200321
0.00,20,139,822.0177643
0.00,20,140,822.0154404
0.00,20,141,821.902403
0.00,20,142,821.8423843
0.00,20,143,821.7881422
0.00,20,144,821.7244816
0.00,20,145,821.6749283
0.00,20,146,821.6069537
0.00,20,147,821.5629335
0.00,20,148,821.489849
0.00,20,149,821.4523626
0.00,20,150,821.373225
0.00,20,151,821.3434593
0.00,20,152,821.2571504
0.00,20,153,821.2365136
0.00,20,154,821.1417071
0.00,20,155,821.131871
0.00,20,156,821.0269927
0.00,20,157,820.9690903
0.00,20,158,820.9128682
0.00,20,159,820.8518038
0.00,20,160,820.7996109
0.00,20,161,820.7348371
0.00,20,162,820.6873464
0.00,20,163,820.6182247
0.00,20,164,820.5762208
0.00,20,165,820.5020065
0.00,20,166,820.4664033
0.00,20,167,820.3862287
0.00,20,168,820.3580899
0.00,20,169,820.2709448
0.00,20,170,820.2515075
0.00,20,171,820.1562166
0.00,20,172,820.1469179
0.00,20,173,820.0421155
0.00,20,174,819.9848127
0.00,20,175,819.9289754
0.00,20,176,819.8684759
0.00,20,177,819.8167505
0.00,20,178,819.7524745
0.00,20,179,819.7055865
0.00,20,180,819.6368491
0.00,20,181,819.5956559
0.00,20,182,819.5216482
0.00,20,183,819.4871635
0.00,20,184,819.4069294
0.00,20,185,819.380352
0.00,20,186,819.2927609
0.00,20,187,819.2755097
0.00,20,188,819.1792239
0.00,20,189,819.1729796
0.00,20,190,819.0664153
0.00,20,191,819.0085085
0.00,20,192,818.954182
0.00,20,193,818.8930667
0.00,20,194,818.8428085
0.00,20,195,818.7779402
0.00,20,196,818.732417
0.00,20,197,818.6631624
0.00,20,198,818.6231494
0.00,20,199,818.548772
0.00,20,200,818.5151697
0.00,21,1,755.6507294
0.00,21,2,755.642649
0.00,21,3,755.639212
0.00,21,4,755.6312819
0.00,21,5,755.6274015
0.00,21,6,755.6223685
0.00,21,7,755.6193365
0.00,21,8,755.609177
0.00,21,9,755.6065774
0.00,21,10,755.6000187
0.00,21,11,755.5959222
0.00,22,1,794.0532355
0.00,22,2,794.0412245
0.00,22,3,793.8449828
0.00,22,4,793.8309204
0.00,22,5,793.1824953
0.00,22,6,793.1081697
0.00,22,7,793.0785831
0.00,22,8,792.903577
0.00,22,9,792.7422987
0.00,22,10,792.5527867
0.00,22,11,792.4101189
0.00,22,12,792.2030853
0.00,22,13,792.0823941
0.00,22,14,791.8544854
0.00,22,15,791.7606582
0.00,22,16,791.5070005
0.00,22,17,791.4455806
0.00,22,18,791.1606593
0.00,22,19,791.1400136
0.00,22,20,790.8154937
0.00,22,21,790.7219111
0.00,22,22,790.6829632
0.00,22,23,790.6623836
0.00,22,24,790.4681237
0.00,22,25,790.339184
0.00,22,26,790.1245667
0.00,22,27,790.0216083
0.00,22,28,789.7820981
0.00,22,29,789.7109204
0.00,22,30,789.4407429
0.00,22,31,789.4091545
0.00,22,32,789.1005371
0.00,22,33,789.0063698
0.00,22,34,788.9668926
0.00,22,35,788.9451506
0.00,22,36,788.7582942
0.00,22,37,788.6271245
0.00,22,38,788.4196743
0.00,22,39,788.3148795
0.00,22,40,788.082122
0.00,22,41,788.0097526
0.00,22,42,787.7456647
0.00,22,43,787.7139353
0.00,22,44,787.4103417
0.00,22,45,787.3178392
0.00,22,46,787.2792833
0.00,22,47,787.2584933
0.00,22,48,787.0729845
0.00,22,49,786.9466775
0.00,22,50,786.7392031
0.00,22,51,786.6411492
0.00,22,52,786.4064773
0.00,22,53,786.3434764
0.00,22,54,786.0748397
0.00,22,55,786.0562004
0.00,22,56,785.7443382
0.00,22,57,785.656476
0.00,22,58,785.6207629
0.00,22,59,785.6037365
0.00,22,60,785.4116335
0.00,22,61,785.2997937
0.00,22,62,785.0826099
0.00,22,63,785.0032481
0.00,22,64,784.7546435
0.00,22,65,784.7161435
0.00,22,66,784.4277789
0.00,22,67,784.3366897
0.00,22,68,784.2987715
0.00,22,69,784.2782274
0.00,22,70,784.0989735
0.00,22,71,783.9763093
0.00,22,72,783.7735885
0.00,22,73,783.6813521
0.00,22,74,783.4492342
0.00,22,75,783.3952595
0.00,22,76,783.1259516
0.00,22,77,783.1211072
0.00,22,78,782.8038016
0.00,22,79,782.722035
0.00,22,80,782.6900213
0.00,22,81,782.6777409
0.00,22,82,782.4792715
0.00,22,83,782.3866916
0.00,22,84,782.15851
0.00,22,85,782.1048936
0.00,22,86,781.8388088
0.00,22,87,781.835271
0.00,22,88,781.5202346
0.00,22,89,781.4400633
0.00,22,90,781.4089766
0.00,22,91,781.3977732
0.00,22,92,781.1992655
0.00,22,93,781.11168
0.00,22,94,780.8820507
0.00,22,95,780.8354919
0.00,22,96,780.5658948
0.00,22,97,780.4765607
0.00,22,98,780.4394081
0.00,22,99,780.4190939
0.00,22,100,780.2479185
0.00,22,101,780.1295093
0.00,22,102,779.9331699
0.00,22,103,779.8477588
0.00,22,104,779.6194226
0.00,22,105,779.5762402
0.00,22,106,779.3067296
0.00,22,107,779.2193594
0.00,22,108,779.18336
0.00,22,109,779.1644545
0.00,22,110,778.9921774
0.00,22,111,778.8797442
0.00,22,112,778.6808606
0.00,22,113,778.603501
0.00,22,114,778.3705437
0.00,22,115,778.3384316
0.00,22,116,778.0612878
0.00,22,117,777.9776537
0.00,22,118,777.9439788
0.00,22,119,777.9282163
0.00,22,120,777.7500326
0.00,22,121,777.6496457
0.00,22,122,777.4421123
0.00,22,123,777.3806878
0.00,22,124,777.1352029
0.00,22,125,777.1246132
0.00,22,126,776.8293797
0.00,22,127,776.7519876
0.00,22,128,776.7223038
0.00,22,129,776.7121464
0.00,22,130,776.5212758
0.00,22,131,776.4417368
0.00,22,132,776.2167358
0.00,22,133,776.1829577
0.00,22,134,775.9132382
0.00,22,135,775.8311246
0.00,22,136,775.7982365
0.00,22,137,775.783152
0.00,22,138,775.6077764
0.00,22,139,775.5116305
0.00,22,140,775.3055786
0.00,22,141,775.2504754
0.00,22,142,775.0043839
0.00,22,143,775.0034158
0.00,22,144,774.7042793
0.00,22,145,774.6311564
0.00,22,146,774.6041005
0.00,22,147,774.5973583
0.00,22,148,774.4017756
0.00,22,149,774.3363334
0.00,22,150,774.1029077
0.00,22,151,774.0887782
0.00,22,152,773.805101
0.00,22,153,773.7295824
0.00,22,154,773.7008519
0.00,22,155,773.6914479
0.00,22,156,773.5050796
0.00,22,157,773.4309127
0.00,22,158,773.2085129
0.00,22,159,773.1832117
0.00,22,160,772.9129829
0.00,22,161,772.8355567
0.00,22,162,772.8054676
0.00,22,163,772.7938596
0.00,22,164,772.6153949
0.00,22,165,772.5341267
0.00,22,166,772.3211053
0.00,22,167,772.286737
0.00,22,168,772.0278313
0.00,22,169,771.9489831
0.00,22,170,771.9178538
0.00,22,171,771.9045072
0.00,22,172,771.7326274
0.00,22,173,771.6458999
0.00,22,174,771.4405915
0.00,22,175,771.3992869
0.00,22,176,771.1495534
0.00,22,177,771.0697774
0.00,22,178,771.0379338
0.00,22,179,771.0233282
0.00,22,180,770.8566852
0.00,22,181,770.7661872
0.00,22,182,770.5668805
0.00,22,183,770.5208408
0.00,22,184,770.2780596
0.00,22,185,770.197869
0.00,22,186,770.1656512
0.00,22,187,770.1502913
0.00,22,188,769.9874789
0.00,22,189,769.8949867
0.00,22,190,769.6998841
0.00,22,191,769.6514398
0.00,22,192,769.4132631
0.00,22,193,769.3332059
0.00,22,194,769.3009791
0.00,22,195,769.2854097
0.00,22,196,769.1249217
0.00,22,197,769.0323588
0.00,22,198,768.8395171
0.00,22,199,768.7912145
0.00,22,200,768.5550808
0.00,23,1,861.4046607
0.00,23,2,861.3917211
0.00,23,3,861.3627204
0.00,23,4,861.3523512
0.00,23,5,861.3033463
0.00,23,6,861.2884421
0.00,23,7,861.2628164
0.00,23,8,861.2512064
0.00,23,9,861.2041061
0.00,23,10,861.1909202
0.00,23,11,861.1636582
0.00,23,12,861.1632677
0.00,23,13,861.1065718
0.00,23,14,861.0983666
0.00,23,15,861.0652226
0.00,23,16,861.0483901
0.00,23,17,861.0260041
0.00,23,18,861.0120054
0.00,23,19,860.9677379
0.00,23,20,860.9554945
0.00,23,21,860.9275257
0.00,23,22,860.9088876
0.00,23,23,860.9039127
0.00,23,24,860.8671409
0.00,23,25,860.8523915
0.00,23,26,860.8275956
0.00,23,27,860.8244027
0.00,23,28,860.7709646
0.00,23,29,860.7633033
0.00,23,30,860.729878
0.00,23,31,860.7137924
0.00,23,32,860.6906776
0.00,23,33,860.681289
0.00,23,34,860.6333679
0.00,23,35,860.6234202
0.00,23,36,860.5928322
0.00,23,37,860.5755893
0.00,23,38,860.5751356
0.00,23,39,860.5328076
0.00,23,40,860.5199878
0.00,23,41,860.4928846
0.00,23,42,860.4740207
0.00,23,43,860.4681679
0.00,23,44,860.4326245
0.00,23,45,860.4174946
0.00,23,46,860.3933012
0.00,23,47,860.3882065
0.00,23,48,860.3366248
0.00,23,49,860.3282898
0.00,23,50,860.2958202
0.00,23,51,860.2794281
0.00,23,52,860.2568195
0.00,23,53,860.2458075
0.00,23,54,860.1994892
0.00,23,55,860.1889531
0.00,23,56,860.1592141
0.00,23,57,860.1417049
0.00,23,58,860.1402191
0.00,23,59,860.0992898
0.00,23,60,860.0859996
0.00,23,61,860.0596052
0.00,23,62,860.0405461
0.00,23,63,860.0339006
0.00,23,64,859.9994549
0.00,23,65,859.9839516
0.00,23,66,859.9603451
0.00,23,67,859.9533029
0.00,23,68,859.9036059
0.00,23,69,859.8945564
0.00,23,70,859.863089
0.00,23,71,859.8463643
0.00,23,72,859.8242928
0.00,23,73,859.8115266
0.00,23,74,859.7669233
0.00,23,75,859.7557469
0.00,23,76,859.7269198
0.00,23,77,859.7091169
0.00,23,78,859.7065121
0.00,23,79,859.667089
0.00,23,80,859.6532879
0.00,23,81,859.6276517
0.00,23,82,859.626823
0.00,23,83,859.5713969
0.00,23,84,859.5639246
0.00,23,85,859.5305336
0.00,23,86,859.5143704
0.00,23,87,859.491679
0.00,23,88,859.4803068
0.00,23,89,859.4343371
0.00,23,90,859.4231725
0.00,23,91,859.3943643
0.00,23,92,859.3764049
0.00,23,93,859.373006
0.00,23,94,859.3347899
0.00,23,95,859.3210022
0.00,23,96,859.2954968
0.00,23,97,859.2763935
0.00,23,98,859.2694259
0.00,23,99,859.2355016
0.00,23,100,859.2196085
0.00,23,101,859.196674
0.00,23,102,859.1863644
0.00,23,103,859.1395641
0.00,23,104,859.1287832
0.00,23,105,859.0995913
0.00,23,106,859.0818443
0.00,23,107,859.0790071
0.00,23,108,859.0401917
0.00,23,109,859.0267149
0.00,23,110,859.0009174
0.00,23,111,858.9819963
0.00,23,112,858.9754996
0.00,23,113,858.9410836
0.00,23,114,858.9254441
0.00,23,115,858.9022862
0.00,23,116,858.8929679
0.00,23,117,858.8454003
0.00,23,118,858.8349782
0.00,23,119,858.8054328
0.00,23,120,858.7878858
0.00,23,121,858.7855714
0.00,23,122,858.7462039
0.00,23,123,858.7330174
0.00,23,124,858.7069525
0.00,23,125,858.6882031
0.00,23,126,858.6821431
0.00,23,127,858.6472769
0.00,23,128,858.6318743
0.00,23,129,858.6085133
0.00,23,130,858.6001117
0.00,23,131,858.5518427
0.00,23,132,858.541753
0.00,23,133,858.5118863
0.00,23,134,858.4945262
0.00,23,135,858.4926929
0.00,23,136,858.4528237
0.00,23,137,858.4399059
0.00,23,138,858.4135996
0.00,23,139,858.3950107
0.00,23,140,858.389352
0.00,23,141,858.3540789
0.00,23,142,858.3388956
0.00,23,143,858.3153527
0.00,23,144,858.3077899
0.00,23,145,858.2588886
0.00,23,146,858.2491035
0.00,23,147,858.2189492
0.00,23,148,858.2017622
0.00,23,149,858.2003666
0.00,23,150,858.1600485
0.00,23,151,858.1473769
0.00,23,152,858.1208564
0.00,23,153,858.1024163
0.00,23,154,858.0971219
0.00,23,155,858.061487
0.00,23,156,858.0465048
0.00,23,157,858.0228021
0.00,23,158,858.0159972
0.00,23,159,857.9665352
0.00,23,160,857.9570262
0.00,23,161,857.926619
0.00,23,162,857.909591
0.00,23,163,857.9085883
0.00,23,164,857.8678755
0.00,23,165,857.8554271
0.00,23,166,857.8287203
0.00,23,167,857.8104172
0.00,23,168,857.8054489
0.00,23,169,857.7694988
0.00,23,170,857.7546989
0.00,23,171,857.7308591
0.00,23,172,857.7247289
0.00,23,173,857.6747799
0.00,23,174,857.6655175
0.00,23,175,857.6348934
0.00,23,176,857.6180098
0.00,23,177,857.6173539
0.00,23,178,857.5763025
0.00,23,179,857.5640533
0.00,23,180,857.5371891
0.00,23,181,857.5190106
0.00,23,182,857.5143295
0.00,23,183,857.4781118
0.00,23,184,857.463475
0.00,23,185,857.4395214
0.00,23,186,857.4339808
0.00,23,187,857.3836202
0.00,23,188,857.3745745
0.00,23,189,857.3437699
0.00,23,190,857.327016
0.00,23,191,857.3266602
0.00,23,192,857.2853268
0.00,23,193,857.2732528
0.00,23,194,857.2462603
0.00,23,195,857.2281941
0.00,23,196,857.2237604
0.00,23,197,857.1873237
0.00,23,198,857.1728305
0.00,23,199,857.1487868
0.00,23,200,857.1437496
0.00,24,1,870.0942836
0.00,24,2,869.977727
0.00,24,3,869.9604339
0.00,24,4,869.7597646
0.00,24,5,869.5856223
0.00,24,6,869.248045
0.00,24,7,869.1303341
0.00,24,8,869.1137907
0.00,24,9,869.1096444
0.00,24,10,868.8567181
0.00,24,11,868.7786564
0.00,24,12,868.3483696
0.00,24,13,868.2690707
0.00,24,14,868.2657248
0.00,24,15,868.0181167
0.00,24,16,867.8636022
0.00,24,17,867.5118816
0.00,24,18,867.4995681
0.00,24,19,867.0075126
0.00,24,20,866.9106324
0.00,24,21,866.897928
0.00,24,22,866.6805284
0.00,24,23,866.5314635
0.00,24,24,866.1791908
0.00,24,25,866.0662139
0.00,24,26,866.0497039
0.00,24,27,866.0448248
0.00,24,28,865.7956984
0.00,24,29,865.7011542
0.00,24,30,865.2974617
0.00,24,31,865.2045023
0.00,24,32,865.1944721
0.00,24,33,864.9739702
0.00,24,34,864.7757752
0.00,24,35,864.4778115
0.00,24,36,864.3807174
0.00,24,37,863.9833942
0.00,24,38,863.8580102
0.00,24,39,863.8346043
0.00,24,40,863.8243586
0.00,24,41,863.6053454
0.00,24,42,863.4029117
0.00,24,43,863.1136923
0.00,24,44,863.0006082
0.00,24,45,862.6237337
0.00,24,46,862.6174056
0.00,24,47,862.1354544
0.00,24,48,862.0312117
0.00,24,49,862.0136712
0.00,24,50,862.0112458
0.00,24,51,861.7618618
0.00,24,52,861.5946584
0.00,24,53,861.2762669
0.00,24,54,861.1925572
0.00,24,55,860.7923086
0.00,24,56,860.6662489
0.00,24,57,860.6413126
0.00,24,58,860.6281776
0.00,24,59,860.6261301
0.00,24,60,860.3660665
0.00,24,61,860.2735473
0.00,24,62,859.8855178
0.00,24,63,859.7828133
0.00,24,64,859.7665953
0.00,24,65,859.7605713
0.00,24,66,859.5177265
0.00,24,67,859.3950037
0.00,24,68,859.0398258
0.00,24,69,858.9249133
0.00,24,70,858.9042895
0.00,24,71,858.8926792
0.00,24,72,858.674207
0.00,24,73,858.5110958
0.00,24,74,858.1989119
0.00,24,75,858.182368
0.00,24,76,857.725474
0.00,24,77,857.645625
0.00,24,78,857.6357764
0.00,24,79,857.4178632
0.00,24,80,857.2047613
0.00,24,81,856.9462313
0.00,24,82,856.7787527
0.00,24,83,856.4761212
0.00,24,84,856.3563828
0.00,24,85,856.0075187
0.00,24,86,855.9363426
0.00,24,87,855.5404092
0.00,24,88,855.5168113
0.00,24,89,855.074778
0.00,24,90,854.9558317
0.00,24,91,854.9308813
0.00,24,92,854.9164852
0.00,24,93,854.9115698
0.00,24,94,854.6645942
0.00,24,95,854.5356975
0.00,24,96,854.202057
0.00,24,97,854.1998768
0.00,24,98,853.7412103
0.00,24,99,853.6580191
0.00,24,100,853.645061
0.00,24,101,853.6415871
0.00,24,102,853.388201
0.00,24,103,853.2652838
0.00,24,104,852.9296596
0.00,24,105,852.9242009
0.00,24,106,852.4727536
0.00,24,107,852.3860358
0.00,24,108,852.3713784
0.00,24,109,852.3655892
0.00,24,110,852.1228028
0.00,24,111,851.9817189
0.00,24,112,851.668158
0.00,24,113,851.6252866
0.00,24,114,851.2150776
0.00,24,115,851.1143398
0.00,24,116,851.0948404
0.00,24,117,851.0829967
0.00,24,118,850.8682396
0.00,24,119,850.6862287
0.00,24,120,850.4174072
0.00,24,121,850.307878
0.00,24,122,849.9680639
0.00,24,123,849.9541052
0.00,24,124,849.5202388
0.00,24,125,849.4256487
0.00,24,126,849.4073033
0.00,24,127,849.3965071
0.00,24,128,849.1773425
0.00,24,129,848.9984723
0.00,24,130,848.7317007
0.00,24,131,848.614544
0.00,24,132,848.2874948
0.00,24,133,848.2485496
0.00,24,134,847.8447396
0.00,24,135,847.7401151
0.00,24,136,847.7181433
0.00,24,137,847.7027205
0.00,24,138,847.6999902
0.00,24,139,847.4540067
0.00,24,140,847.2542087
0.00,24,141,847.0133903
0.00,24,142,846.8082728
0.00,24,143,846.5741124
0.00,24,144,846.3621249
0.00,24,145,846.1361668
0.00,24,146,846.1279711
0.00,24,147,845.2912015
0.00,24,148,845.2339293
0.00,24,149,845.2221819
0.00,24,150,845.0085032
0.00,24,151,844.8164627
0.00,24,152,844.575455
0.00,24,153,844.4156689
0.00,24,154,844.143727
0.00,24,155,844.0201515
0.00,24,156,843.7133145
0.00,24,157,843.6306581
0.00,24,158,843.2842139
0.00,24,159,843.2477922
0.00,24,160,842.8564218
0.00,24,161,842.7459149
0.00,24,162,842.7205865
0.00,24,163,842.7003682
0.00,24,164,842.6900647
0.00,24,165,842.6873404
0.00,24,166,842.4292536
0.00,24,167,842.2848066
0.00,24,168,842.0039055
0.00,24,169,841.8850436
0.00,24,170,841.5798267
0.00,24,171,841.4876185
0.00,24,172,841.1570104
0.00,24,173,841.0928603
0.00,24,174,840.7354499
0.00,24,175,840.7003394
0.00,24,176,840.3151384
0.00,24,177,840.3103149
0.00,24,178,839.8960691
0.00,24,179,839.7900522
0.00,24,180,839.76507
0.00,24,181,839.7448134
0.00,24,182,839.733923
0.00,24,183,839.7299229
0.00,24,184,839.477562
0.00,24,185,839.320084
0.00,24,186,839.0608565
0.00,24,187,838.9101326
0.00,24,188,838.645364
0.00,24,189,838.4994886
0.00,24,190,838.2310775
0.00,24,191,838.0882762
0.00,24,192,837.8179902
0.00,24,193,837.6760388
0.00,24,194,837.4060955
0.00,24,195,837.2629026
0.00,24,196,836.9953872
0.00,24,197,836.8485716
0.00,24,198,836.5858591
0.00,24,199,836.4332279
0.00,24,200,836.1775055
0.00,25,1,960.2565685
0.00,25,2,960.2145882
0.00,25,3,960.2089409
0.00,25,4,960.154064
0.00,25,5,960.1221328
0.00,25,6,960.0012701
0.00,25,7,959.986698
0.00,25,8,959.9184258
0.00,25,9,959.8769856
0.00,25,10,959.8718956
0.00,25,11,959.8182499
0.00,25,12,959.7874723
0.00,25,13,959.6650742
0.00,25,14,959.6562226
0.00,25,15,959.583038
0.00,25,16,959.546375
0.00,25,17,959.543521
0.00,25,18,959.4833416
0.00,25,19,959.4629178
0.00,25,20,959.3303246
0.00,25,21,959.3224433
0.00,25,22,959.2485061
0.00,25,23,959.2104283
0.00,25,24,959.2067456
0.00,25,25,959.1490732
0.00,25,26,959.1283001
0.00,25,27,958.9964108
0.00,25,28,958.9929924
0.00,25,29,958.9147628
0.00,25,30,958.8810186
0.00,25,31,958.8793249
0.00,25,32,958.815491
0.00,25,33,958.8035211
0.00,25,34,958.663078
0.00,25,35,958.6590205
0.00,25,36,958.5815573
0.00,25,37,958.5453623
0.00,25,38,958.542372
0.00,25,39,958.4825063
0.00,25,40,958.4671219
0.00,25,41,958.3304526
0.00,25,42,958.3295723
0.00,25,43,958.2490982
0.00,25,44,958.2166379
0.00,25,45,958.2153872
0.00,25,46,958.1502007
0.00,25,47,958.1411387
0.00,25,48,957.9983797
0.00,25,49,957.9952979
0.00,25,50,957.9171605
0.00,25,51,957.8813536
0.00,25,52,957.8784275
0.00,25,53,957.8184858
0.00,25,54,957.8030559
0.00,25,55,957.6670079
0.00,25,56,957.6655899
0.00,25,57,957.5859652
0.00,25,58,957.553059
0.00,25,59,957.5515147
0.00,25,60,957.4874459
0.00,25,61,957.475459
0.00,25,62,957.3361859
0.00,25,63,957.3311725
0.00,25,64,957.2552897
0.00,25,65,957.2183792
0.00,25,66,957.2148986
0.00,25,67,957.156994
0.00,25,68,957.1361975
0.00,25,69,957.0060581
0.00,25,70,957.0011607
0.00,25,71,956.9253471
0.00,25,72,956.8903738
0.00,25,73,956.8878533
0.00,25,74,956.8272112
0.00,25,75,956.8069581
0.00,25,76,956.6764837
0.00,25,77,956.666928
0.00,25,78,956.5959305
0.00,25,79,956.5566042
0.00,25,80,956.5520305
0.00,25,81,956.4980169
0.00,25,82,956.4672985
0.00,25,83,956.3475942
0.00,25,84,956.336767
0.00,25,85,956.2672323
0.00,25,86,956.228878
0.00,25,87,956.2248355
0.00,25,88,956.1694839
0.00,25,89,956.1367478
0.00,25,90,956.0192664
0.00,25,91,956.0031488
0.00,25,92,955.9390715
0.00,25,93,955.9264378
0.00,25,94,955.7891455
0.00,25,95,955.7827441
0.00,25,96,955.7089752
0.00,25,97,955.6711226
0.00,25,98,955.6670358
0.00,25,99,955.6115558
0.00,25,100,955.5842872
0.00,25,101,955.4619159
0.00,25,102,955.4523853
0.00,25,103,955.3819519
0.00,25,104,955.3441711
0.00,25,105,955.3402451
0.00,25,106,955.2846995
0.00,25,107,955.2522212
0.00,25,108,955.1352455
0.00,25,109,955.1187477
0.00,25,110,955.0554613
0.00,25,111,955.0406441
0.00,25,112,954.9062845
0.00,25,113,954.8982315
0.00,25,114,954.826534
0.00,25,115,954.787731
0.00,25,116,954.7831341
0.00,25,117,954.7296141
0.00,25,118,954.6973298
0.00,25,119,954.5807036
0.00,25,120,954.5678844
0.00,25,121,954.5011696
0.00,25,122,954.4614842
0.00,25,123,954.4566409
0.00,25,124,954.4044209
0.00,25,125,954.3641803
0.00,25,126,954.2556876
0.00,25,127,954.2349396
0.00,25,128,954.1763435
0.00,25,129,954.1505468
0.00,25,130,954.0278705
0.00,25,131,954.0139697
0.00,25,132,953.9485723
0.00,25,133,953.9380712
0.00,25,134,953.8003619
0.00,25,135,953.7936566
0.00,25,136,953.7211061
0.00,25,137,953.6828266
0.00,25,138,953.6782968
0.00,25,139,953.6248022
0.00,25,140,953.5922497
0.00,25,141,953.476835
0.00,25,142,953.4631868
0.00,25,143,953.3978122
0.00,25,144,953.3939953
0.00,25,145,953.2501923
0.00,25,146,953.2278405
0.00,25,147,953.2159754
0.00,25,148,953.206299
0.00,25,149,953.1998584
0.00,25,150,953.197684
0.00,25,151,953.1361259
0.00,25,152,953.1229495
0.00,25,153,952.9886781
0.00,25,154,952.9850206
0.00,25,155,952.9097983
0.00,25,156,952.8747729
0.00,25,157,952.8716472
0.00,25,158,952.8139142
0.00,25,159,952.7857971
0.00,25,160,952.6665934
0.00,25,161,952.6508023
0.00,25,162,952.5879329
0.00,25,163,952.5711954
0.00,25,164,952.4408536
0.00,25,165,952.4303166
0.00,25,166,952.3622501
0.00,25,167,952.3569484
0.00,25,168,952.2154114
0.00,25,169,952.2101141
0.00,25,170,952.1368644
0.00,25,171,952.0990661
0.00,25,172,952.094524
0.00,25,173,952.0414396
0.00,25,174,952.0076172
0.00,25,175,951.894812
0.00,25,176,951.879546
0.00,25,177,951.8165217
0.00,25,178,951.8063326
0.00,25,179,951.6702076
0.00,25,180,951.667188
0.00,25,181,951.59192
0.00,25,182,951.5570084
0.00,25,183,951.5537458
0.00,25,184,951.4967662
0.00,25,185,951.4666419
0.00,25,186,951.3505543
0.00,25,187,951.3330981
0.00,25,188,951.2725061
0.00,25,189,951.2502629
0.00,25,190,951.1265174
0.00,25,191,951.1126196
0.00,25,192,951.0485392
0.00,25,193,951.0338564
0.00,25,194,950.9027713
0.00,25,195,950.8922586
0.00,25,196,950.8248642
0.00,25,197,950.8173148
0.00,25,198,950.6793147
0.00,25,199,950.6719668
0.00,25,200,950.6014803
0.00,26,1,647.9243986
0.00,26,2,647.9080935
0.00,26,3,647.7597587
0.00,26,4,647.718551
0.00,26,5,647.7071251
0.00,26,6,647.6167363
0.00,26,7,647.6080127
0.00,26,8,647.5010193
0.00,26,9,647.4704593
0.00,26,10,647.4599567
0.00,26,11,647.3968384
0.00,26,12,647.3669677
0.00,26,13,647.3517441
0.00,26,14,647.3032695
0.00,26,15,647.2875192
0.00,26,16,647.2202488
0.00,26,17,647.1966947
0.00,26,18,647.1884729
0.00,26,19,647.1395297
0.00,26,20,647.1156996
0.00,26,21,647.1047758
0.00,26,22,647.0621305
0.00,26,23,647.0562775
0.00,26,24,646.9906041
0.00,26,25,646.9714862
0.00,26,26,646.9697499
0.00,26,27,646.9176759
0.00,26,28,646.897892
0.00,26,29,646.8943005
0.00,26,30,646.8454831
0.00,26,31,646.8244437
0.00,26,32,646.8161551
0.00,26,33,646.7747411
0.00,26,34,646.7533215
0.00,26,35,646.7440702
0.00,26,36,646.7042734
0.00,26,37,646.7039971
0.00,26,38,646.6378283
0.00,26,39,646.6213523
0.00,26,40,646.5920402
0.00,26,41,646.5709519
0.00,26,42,646.5249674
0.00,26,43,646.5045526
0.00,26,44,646.4969556
0.00,26,45,646.4559878
0.00,26,46,646.4353703
0.00,26,47,646.4276301
0.00,26,48,646.3867888
0.00,26,49,646.365472
0.00,26,50,646.3552324
0.00,26,51,646.3181002
0.00,26,52,646.2966571
0.00,26,53,646.2864153
0.00,26,54,646.2492093
0.00,26,55,646.2472869
0.00,26,56,646.1838629
0.00,26,57,646.1677168
0.00,26,58,646.138713
0.00,26,59,646.1191104
0.00,26,60,646.0725045
0.00,26,61,646.0527702
0.00,26,62,646.0467635
0.00,26,63,646.0042486
0.00,26,64,645.9845073
0.00,26,65,645.9790178
0.00,26,66,645.9356197
0.00,26,67,645.9152615
0.00,26,68,645.9074545
0.00,26,69,645.8674877
0.00,26,70,645.8471481
0.00,26,71,645.8398581
0.00,26,72,645.7990314
0.00,26,73,645.7781727
0.00,26,74,645.7689053
0.00,26,75,645.7310144
0.00,26,76,645.7101925
0.00,26,77,645.7014369
0.00,26,78,645.6627127
0.00,26,79,645.6414473
0.00,26,80,645.6309785
0.00,26,81,645.5948059
0.00,26,82,645.573591
0.00,26,83,645.5636277
0.00,26,84,645.5266469
0.00,26,85,645.5262741
0.00,26,86,645.4620765
0.00,26,87,645.4466639
0.00,26,88,645.4171797
0.00,26,89,645.4001325
0.00,26,90,645.3517393
0.00,26,91,645.3328416
0.00,26,92,645.3288696
0.00,26,93,645.2841646
0.00,26,94,645.2654442
0.00,26,95,645.2625947
0.00,26,96,645.2161345
0.00,26,97,645.1968654
0.00,26,98,645.191793
0.00,26,99,645.1486623
0.00,26,100,645.1295768
0.00,26,101,645.1255974
0.00,26,102,645.080771
0.00,26,103,645.0611946
0.00,26,104,645.0551995
0.00,26,105,645.0134018
0.00,26,106,644.9940159
0.00,26,107,644.9890941
0.00,26,108,644.9456435
0.00,26,109,644.9258159
0.00,26,110,644.9190536
0.00,26,111,644.8783781
0.00,26,112,644.8587484
0.00,26,113,644.8530487
0.00,26,114,644.8107481
0.00,26,115,644.7907188
0.00,26,116,644.7833274
0.00,26,117,644.743587
0.00,26,118,644.7237638
0.00,26,119,644.7174328
0.00,26,120,644.6760813
0.00,26,121,644.6558949
0.00,26,122,644.6479989
0.00,26,123,644.6090253
0.00,26,124,644.5890541
0.00,26,125,644.5822239
0.00,26,126,644.5416406
0.00,26,127,644.5213376
0.00,26,128,644.5130507
0.00,26,129,644.4746903
0.00,26,130,644.4546126
0.00,26,131,644.4474047
0.00,26,132,644.4074236
0.00,26,133,644.3870416
0.00,26,134,644.3784693
0.00,26,135,644.3405798
0.00,26,136,644.3204344
0.00,26,137,644.3129617
0.00,26,138,644.2734285
0.00,26,139,644.253003
0.00,26,140,644.2442444
0.00,26,141,644.206692
0.00,26,142,644.1865156
0.00,26,143,644.178885
0.00,26,144,644.1396541
0.00,26,145,644.1192185
0.00,26,146,644.1103686
0.00,26,147,644.0730255
0.00,26,148,644.0528532
0.00,26,149,644.0451677
0.00,26,150,644.006099
0.00,26,151,643.985686
0.00,26,152,643.976837
0.00,26,153,643.9395795
0.00,26,154,643.9194455
0.00,26,155,643.9118056
0.00,26,156,643.8727625
0.00,26,157,643.8524043
0.00,26,158,643.8436469
0.00,26,159,643.8063531
0.00,26,160,643.7862915
0.00,26,161,643.7787971
0.00,26,162,643.7396441
0.00,26,163,643.7193726
0.00,26,164,643.710798
0.00,26,165,643.6733458
0.00,26,166,643.653391
0.00,26,167,643.646143
0.00,26,168,643.6067433
0.00,26,169,643.5865913
0.00,26,170,643.578292
0.00,26,171,643.5405577
0.00,26,172,643.5207448
0.00,26,173,643.5138466
0.00,26,174,643.4740603
0.00,26,175,643.4540613
0.00,26,176,643.4461329
0.00,26,177,643.4079889
0.00,26,178,643.3883543
0.00,26,179,643.3819138
0.00,26,180,643.3415952
0.00,26,181,643.3217844
0.00,26,182,643.3143268
0.00,26,183,643.2756399
0.00,26,184,643.2562221
0.00,26,185,643.2503531
0.00,26,186,643.2093485
0.00,26,187,643.1897631
0.00,26,188,643.1828823
0.00,26,189,643.1435114
0.00,26,190,643.1243516
0.00,26,191,643.1191757
0.00,26,192,643.0773211
0.00,26,193,643.0580009
0.00,26,194,643.0518105
0.00,26,195,643.0116048
0.00,26,196,642.9927472
0.00,26,197,642.988396
0.00,26,198,642.9455142
0.00,26,199,642.9265023
0.00,26,200,642.9211252
0.00,27,1,673.3412589
0.00,27,2,673.1936531
0.00,27,3,672.3271984
0.00,27,4,672.008709
0.00,27,5,670.3752764
0.00,27,6,670.1247882
0.00,27,7,669.2715842
0.00,27,8,669.0138162
0.00,27,9,667.3886803
0.00,27,10,667.1725908
0.00,27,11,666.3218075
0.00,27,12,666.1455377
0.00,27,13,664.504393
0.00,27,14,664.3319936
0.00,27,15,663.4717362
0.00,27,16,663.4014116
0.00,27,17,661.716709
0.00,27,18,661.5993064
0.00,27,19,660.7157711
0.00,27,20,660.2404479
0.00,27,21,660.0987908
0.00,27,22,659.3673044
0.00,27,23,658.831067
0.00,27,24,657.6783649
0.00,27,25,657.234714
0.00,27,26,657.1370184
0.00,27,27,656.3752193
0.00,27,28,656.2632026
0.00,27,29,654.7624697
0.00,27,30,654.6405872
0.00,27,31,653.8428901
0.00,27,32,653.4029123
0.00,27,33,653.271997
0.00,27,34,652.6021718
0.00,27,35,652.1253949
0.00,27,36,651.0468463
0.00,27,37,650.6503443
0.00,27,38,650.5736786
0.00,27,39,649.8448593
0.00,27,40,649.8242838
0.00,27,41,648.3581823
0.00,27,42,648.2920189
0.00,27,43,647.5067667
0.00,27,44,647.1257487
0.00,27,45,647.0287398
0.00,27,46,646.3589633
0.00,27,47,646.0261344
0.00,27,48,644.9207281
0.00,27,49,644.5920032
0.00,27,50,644.5568699
0.00,27,51,643.8065351
0.00,27,52,643.4456054
0.00,27,53,643.3564463
0.00,27,54,642.7108592
0.00,27,55,642.4171911
0.00,27,56,641.337646
0.00,27,57,641.035305
0.00,27,58,641.0135855
0.00,27,59,640.2727572
0.00,27,60,639.941056
0.00,27,61,639.8686
0.00,27,62,639.224971
0.00,27,63,639.0040068
0.00,27,64,637.9121942
0.00,27,65,637.6451961
0.00,27,66,637.171173
0.00,27,67,636.6831085
0.00,27,68,635.8899445
0.00,27,69,635.5491411
0.00,27,70,635.4792833
0.00,27,71,634.8979688
0.00,27,72,634.8676272
0.00,27,73,633.6682434
0.00,27,74,633.6236044
0.00,27,75,632.9624021
0.00,27,76,632.6594408
0.00,27,77,632.5945624
0.00,27,78,632.0093536
0.00,27,79,631.8345123
0.00,27,80,630.8145777
0.00,27,81,630.5891377
0.00,27,82,630.1383101
0.00,27,83,629.7469975
0.00,27,84,628.9703047
0.00,27,85,628.6832186
0.00,27,86,628.6434695
0.00,27,87,628.0641438
0.00,27,88,627.7638532
0.00,27,89,627.689853
0.00,27,90,627.1711762
0.00,27,91,626.9685819
0.00,27,92,626.0503758
0.00,27,93,625.8334915
0.00,27,94,625.4159955
0.00,27,95,625.0502523
0.00,27,96,624.319334
0.00,27,97,624.0551026
0.00,27,98,624.0245663
0.00,27,99,623.4678172
0.00,27,100,623.1943714
0.00,27,101,623.1341601
0.00,27,102,622.6281584
0.00,27,103,622.4895583
0.00,27,104,621.5746063
0.00,27,105,621.3935787
0.00,27,106,620.9764093
0.00,27,107,620.6928758
0.00,27,108,619.9445415
0.00,27,109,619.7209127
0.00,27,110,619.7169848
0.00,27,111,619.1419675
0.00,27,112,618.9122098
0.00,27,113,618.8824399
0.00,27,114,618.3499632
0.00,27,115,618.0629172
0.00,27,116,617.9971317
0.00,27,117,617.5654086
0.00,27,118,617.5110226
0.00,27,119,616.5900817
0.00,27,120,616.5596288
0.00,27,121,616.0294147
0.00,27,122,615.8012985
0.00,27,123,615.7665457
0.00,27,124,615.2708823
0.00,27,125,615.2513009
0.00,27,126,614.3201813
0.00,27,127,614.202709
0.00,27,128,613.776852
0.00,27,129,613.6422383
0.00,27,130,612.8443742
0.00,27,131,612.6927375
0.00,27,132,612.3139048
0.00,27,133,612.107059
0.00,27,134,611.399392
0.00,27,135,611.2268301
0.00,27,136,610.8807299
0.00,27,137,610.6290373
0.00,27,138,609.9838296
0.00,27,139,609.7991317
0.00,27,140,609.4761691
0.00,27,141,609.1982834
0.00,27,142,608.5964802
0.00,27,143,608.4058227
0.00,27,144,608.0991662
0.00,27,145,607.8085251
0.00,27,146,607.2362661
0.00,27,147,607.0442257
0.00,27,148,606.7487416
0.00,27,149,606.4555559
0.00,27,150,605.9022029
0.00,27,151,605.712353
0.00,27,152,605.4239777
0.00,27,153,605.1364279
0.00,27,154,604.5933779
0.00,27,155,604.4086592
0.00,27,156,604.1240095
0.00,27,157,603.8490059
0.00,27,158,603.3089381
0.00,27,159,603.1319005
0.00,27,160,602.8480186
0.00,27,161,602.5917067
0.00,27,162,602.0480811
0.00,27,163,601.881049
0.00,27,164,601.5952285
0.00,27,165,601.3633423
0.00,27,166,600.8100493
0.00,27,167,600.6552395
0.00,27,168,600.3649013
0.00,27,169,600.1630187
0.00,27,170,599.5941254
0.00,27,171,599.4537337
0.00,27,172,599.1563343
0.00,27,173,598.9900698
0.00,27,174,598.3996286
0.00,27,175,598.2758958
0.00,27,176,597.9688577
0.00,27,177,597.84401
0.00,27,178,597.2259117
0.00,27,179,597.1211736
0.00,27,180,596.8018328
0.00,27,181,596.7244974
0.00,27,182,596.0723585
0.00,27,183,595.9890833
0.00,27,184,595.6546491
0.00,27,185,595.631303
0.00,27,186,594.9383812
0.00,27,187,594.8791953
0.00,27,188,594.5267231
0.00,27,189,594.330238
0.00,27,190,594.2978195
0.00,27,191,593.9689689
0.00,27,192,593.7875857
0.00,27,193,593.7552231
0.00,27,194,593.4172032
0.00,27,195,593.221211
0.00,27,196,593.1870517
0.00,27,197,592.8686129
0.00,27,198,592.6882494
0.00,27,199,592.6549852
0.00,27,200,592.3258694
0.00,28,1,795.6639565
0.00,28,2,795.6613202
0.00,28,3,795.3684305
0.00,28,4,795.2590814
0.00,28,5,794.4323027
0.00,28,6,794.2966884
0.00,28,7,794.2323454
0.00,28,8,794.1946614
0.00,28,9,794.1869316
0.00,28,10,793.8236945
0.00,28,11,793.6686963
0.00,28,12,793.3300421
0.00,28,13,793.151474
0.00,28,14,792.8381533
0.00,28,15,792.6349096
0.00,28,16,792.3480316
0.00,28,17,792.1205965
0.00,28,18,791.8596702
0.00,28,19,791.8262733
0.00,28,20,790.9519598
0.00,28,21,790.8766064
0.00,28,22,790.8469553
0.00,28,23,790.5659011
0.00,28,24,790.4011733
0.00,28,25,789.6610835
0.00,28,26,789.6405685
0.00,28,27,789.1801836
0.00,28,28,789.0082247
0.00,28,29,788.702022
0.00,28,30,788.6038742
0.00,28,31,787.8101169
0.00,28,32,787.8037613
0.00,28,33,787.3358822
0.00,28,34,787.1739072
0.00,28,35,786.8645946
0.00,28,36,786.7789675
0.00,28,37,785.9974286
0.00,28,38,785.8538668
0.00,28,39,785.784555
0.00,28,40,785.7391068
0.00,28,41,785.7165149
0.00,28,42,785.4107532
0.00,28,43,785.2035856
0.00,28,44,785.2033752
0.00,28,45,784.8440267
0.00,28,46,784.6163115
0.00,28,47,784.5979093
0.00,28,48,784.2804985
0.00,28,49,784.0837615
0.00,28,50,783.820022
0.00,28,51,783.7704564
0.00,28,52,782.9631313
0.00,28,53,782.8738318
0.00,28,54,782.8321512
0.00,28,55,782.8127692
0.00,28,56,782.5008452
0.00,28,57,782.300053
0.00,28,58,782.2986716
0.00,28,59,781.9461135
0.00,28,60,781.9246777
0.00,28,61,781.0969958
0.00,28,62,781.0860356
0.00,28,63,780.645138
0.00,28,64,780.4584891
0.00,28,65,780.4528246
0.00,28,66,780.0988367
0.00,28,67,779.9327345
0.00,28,68,779.6522819
0.00,28,69,779.6477613
0.00,28,70,778.8215972
0.00,28,71,778.7351131
0.00,28,72,778.6929993
0.00,28,73,778.6710316
0.00,28,74,778.3731329
0.00,28,75,778.1629174
0.00,28,76,778.1511186
0.00,28,77,777.8351825
0.00,28,78,777.708645
0.00,28,79,777.0111666
0.00,28,80,776.9336391
0.00,28,81,776.5733544
0.00,28,82,776.5361164
0.00,28,83,775.757346
0.00,28,84,775.7095673
0.00,28,85,775.3233644
0.00,28,86,775.1098861
0.00,28,87,775.0863584
0.00,28,88,774.798146
0.00,28,89,774.582898
0.00,28,90,774.5640867
0.00,28,91,774.2744462
0.00,28,92,774.0771556
0.00,28,93,773.4718674
0.00,28,94,773.3505183
0.00,28,95,773.0459222
0.00,28,96,772.8748412
0.00,28,97,772.2510224
0.00,28,98,772.1372345
0.00,28,99,771.8290434
0.00,28,100,771.6633207
0.00,28,101,771.0445155
0.00,28,102,770.9413975
0.00,28,103,770.9387848
0.00,28,104,770.5327335
0.00,28,105,770.4005646
0.00,28,106,770.1171695
0.00,28,107,770.1020883
0.00,28,108,769.3486897
0.00,28,109,769.2414735
0.00,28,110,769.1871506
0.00,28,111,769.1468884
0.00,28,112,769.1329906
0.00,28,113,768.8346857
0.00,28,114,768.6371604
0.00,28,115,768.064384
0.00,28,116,767.922583
0.00,28,117,767.9198179
0.00,28,118,767.5671266
0.00,28,119,767.3987033
0.00,28,120,767.3925522
0.00,28,121,767.0710815
0.00,28,122,766.910192
0.00,28,123,766.3111212
0.00,28,124,766.1759945
0.00,28,125,766.1738443
0.00,28,126,765.8204287
0.00,28,127,765.6524367
0.00,28,128,765.6443859
0.00,28,129,765.330968
0.00,28,130,765.1488991
0.00,28,131,764.5809996
0.00,28,132,764.4331901
0.00,28,133,764.4243412
0.00,28,134,764.0967625
0.00,28,135,763.9123522
0.00,28,136,763.8952189
0.00,28,137,763.6138678
0.00,28,138,763.370415
0.00,28,139,762.8735937
0.00,28,140,762.7005296
0.00,28,141,762.6805443
0.00,28,142,762.3957235
0.00,28,143,762.3313212
0.00,28,144,761.6652745
0.00,28,145,761.5593025
0.00,28,146,761.5025602
0.00,28,147,761.4550397
0.00,28,148,761.4261087
0.00,28,149,761.413361
0.00,28,150,761.1030437
0.00,28,151,760.9090016
0.00,28,152,760.8847075
0.00,28,153,760.8774122
0.00,28,154,760.5471865
0.00,28,155,760.3651896
0.00,28,156,760.3453936
0.00,28,157,760.3433418
0.00,28,158,759.9937304
0.00,28,159,759.8233279
0.00,28,160,759.8078136
0.00,28,161,759.5258234
0.00,28,162,759.2734132
0.00,28,163,758.8085513
0.00,28,164,758.6233988
0.00,28,165,758.5954164
0.00,28,166,758.5953131
0.00,28,167,758.2616603
0.00,28,168,758.0851626
0.00,28,169,757.5515293
0.00,28,170,757.3869012
0.00,28,171,757.3650489
0.00,28,172,757.0928958
0.00,28,173,756.9751242
0.00,28,174,756.3913304
0.00,28,175,756.3593243
0.00,28,176,756.017651
0.00,28,177,755.8424144
0.00,28,178,755.8207741
0.00,28,179,755.8148775
0.00,28,180,755.4831726
0.00,28,181,755.3031739
0.00,28,182,755.2793789
0.00,28,183,755.2704016
0.00,28,184,754.9510064
0.00,28,185,754.9436379
0.00,28,186,754.2616699
0.00,28,187,754.1596158
0.00,28,188,754.1034957
0.00,28,189,754.0546404
0.00,28,190,754.0205497
0.00,28,191,753.9987294
0.00,28,192,753.7308402
0.00,28,193,753.5923004
0.00,28,194,753.0472085
0.00,28,195,752.9852509
0.00,28,196,752.6833583
0.00,28,197,752.6217921
0.00,28,198,752.0059132
0.00,28,199,751.9839856
0.00,28,200,751.6447685
0.00,29,1,913.6998545
0.00,29,2,913.1259412
0.00,29,3,913.0241834
0.00,29,4,912.7436086
0.00,29,5,912.6068278
0.00,29,6,912.4910568
0.00,29,7,912.3800042
0.00,29,8,912.2736368
0.00,29,9,912.1709455
0.00,29,10,912.0753446
0.00,29,11,911.9849703
0.00,29,12,911.9061152
0.00,29,13,911.8345783
0.00,29,14,911.7819509
0.00,29,15,911.7391578
0.00,29,16,911.7277148
0.00,29,17,911.1279435
0.00,29,18,910.7608672
0.00,29,19,909.0928865
0.00,29,20,909.0239819
0.00,29,21,908.0539676
0.00,29,22,907.6517199
0.00,29,23,907.022736
0.00,29,24,906.8052907
0.00,29,25,905.0543564
0.00,29,26,905.0233304
0.00,29,27,904.6888796
0.00,29,28,904.5938543
0.00,29,29,904.5316744
0.00,29,30,904.4945109
0.00,29,31,904.4667376
0.00,29,32,903.9096726
0.00,29,33,903.444297
0.00,29,34,902.9058223
0.00,29,35,902.4225971
0.00,29,36,902.418108
0.00,29,37,901.7912943
0.00,29,38,901.3930264
0.00,29,39,899.8741903
0.00,29,40,899.7293081
0.00,29,41,899.7072673
0.00,29,42,898.7821099
0.00,29,43,898.7564832
0.00,29,44,897.817206
0.00,29,45,897.6613658
0.00,29,46,897.4708039
0.00,29,47,897.3890719
0.00,29,48,897.3360834
0.00,29,49,897.2911861
0.00,29,50,897.2716765
0.00,29,51,897.2596841
0.00,29,52,896.6189715
0.00,29,53,896.2360035
0.00,29,54,895.6611052
0.00,29,55,895.2147023
0.00,29,56,895.2095633
0.00,29,57,894.5974051
0.00,29,58,894.0911655
0.00,29,59,892.7666702
0.00,29,60,892.4632017
0.00,29,61,892.4580952
0.00,29,62,891.7234602
0.00,29,63,891.4333408
0.00,29,64,890.7965879
0.00,29,65,890.5078562
0.00,29,66,890.4143019
0.00,29,67,890.4085436
0.00,29,68,889.6582277
0.00,29,69,889.3819589
0.00,29,70,888.7441285
0.00,29,71,888.4886221
0.00,29,72,888.3607249
0.00,29,73,888.3474382
0.00,29,74,887.6205761
0.00,29,75,887.3235697
0.00,29,76,887.3219741
0.00,29,77,886.6111246
0.00,29,78,886.3039962
0.00,29,79,884.8866237
0.00,29,80,884.8131208
0.00,29,81,884.5004505
0.00,29,82,884.3985635
0.00,29,83,884.3208891
0.00,29,84,884.254918
0.00,29,85,884.1929255
0.00,29,86,884.144892
0.00,29,87,884.1010777
0.00,29,88,884.0787616
0.00,29,89,884.060506
0.00,29,90,883.4683583
0.00,29,91,883.0373285
0.00,29,92,883.0200161
0.00,29,93,883.0063665
0.00,29,94,882.3843394
0.00,29,95,881.9773339
0.00,29,96,881.9640726
0.00,29,97,881.9540559
0.00,29,98,881.3080739
0.00,29,99,880.9198604
0.00,29,100,880.9094507
0.00,29,101,880.9018845
0.00,29,102,880.2394604
0.00,29,103,879.8636851
0.00,29,104,879.8547119
0.00,29,105,879.8482307
0.00,29,106,879.1784001
0.00,29,107,878.807714
0.00,29,108,878.7985732
0.00,29,109,878.7916552
0.00,29,110,878.1247967
0.00,29,111,877.7510947
0.00,29,112,877.7400584
0.00,29,113,877.7310788
0.00,29,114,877.0785572
0.00,29,115,876.6933593
0.00,29,116,876.6786646
0.00,29,117,876.6659699
0.00,29,118,876.0395922
0.00,29,119,875.6345605
0.00,29,120,875.6145263
0.00,29,121,875.5965319
0.00,29,122,875.0078164
0.00,29,123,874.9421096
0.00,29,124,873.4016244
0.00,29,125,873.2491222
0.00,29,126,873.1996016
0.00,29,127,873.1526486
0.00,29,128,873.1228093
0.00,29,129,873.0949743
0.00,29,130,873.0929823
0.00,29,131,873.0911974
0.00,29,132,872.3860918
0.00,29,133,872.0363131
0.00,29,134,872.023845
0.00,29,135,872.012134
0.00,29,136,871.3792998
0.00,29,137,870.9781636
0.00,29,138,870.9541753
0.00,29,139,870.931474
0.00,29,140,870.3793293
0.00,29,141,870.1591174
0.00,29,142,868.8219238
0.00,29,143,868.6320145
0.00,29,144,868.5739832
0.00,29,145,868.5180251
0.00,29,146,868.4742619
0.00,29,147,868.4322967
0.00,29,148,868.4084403
0.00,29,149,868.3853736
0.00,29,150,867.8377055
0.00,29,151,867.5831704
0.00,29,152,866.3067485
0.00,29,153,866.1068746
0.00,29,154,866.0465158
0.00,29,155,865.9880125
0.00,29,156,865.9400916
0.00,29,157,865.8937795
0.00,29,158,865.8630485
0.00,29,159,865.8331076
0.00,29,160,865.8262498
0.00,29,161,865.8181951
0.00,29,162,865.1566328
0.00,29,163,864.773349
0.00,29,164,864.7471054
0.00,29,165,864.7211581
0.00,29,166,864.7200142
0.00,29,167,864.7167832
0.00,29,168,864.0167289
0.00,29,169,863.6573996
0.00,29,170,863.6347399
0.00,29,171,863.6118958
0.00,29,172,863.0654905
0.00,29,173,862.76943
0.00,29,174,861.5833437
0.00,29,175,861.5379886
0.00,29,176,860.8245218
0.00,29,177,860.4720118
0.00,29,178,860.4472971
0.00,29,179,860.4223705
0.00,29,180,860.4219534
0.00,29,181,860.4182699
0.00,29,182,859.7178632
0.00,29,183,859.3565429
0.00,29,184,859.3298324
0.00,29,185,859.30256
0.00,29,186,859.2982769
0.00,29,187,859.2909583
0.00,29,188,858.6195842
0.00,29,189,858.595339
0.00,29,190,857.1824042
0.00,29,191,857.0029727
0.00,29,192,856.9454192
0.00,29,193,856.8889676
0.00,29,194,856.8418462
0.00,29,195,856.7953415
0.00,29,196,856.7622518
0.00,29,197,856.7287888
0.00,29,198,856.7147214
0.00,29,199,856.6982935
0.00,29,200,856.1017806
0.00,30,1,748.986862
0.00,30,2,748.2868758
0.00,30,3,747.9740055
0.00,30,4,747.7889159
0.00,30,5,747.6717166
0.00,30,6,747.5808864
0.00,30,7,747.5194427
0.00,30,8,747.3982582
0.00,30,9,747.3073606
0.00,30,10,747.2499914
0.00,30,11,747.1277963
0.00,30,12,747.0347713
0.00,30,13,746.9829968
0.00,30,14,746.8559613
0.00,30,15,746.762796
0.00,30,16,746.7157969
0.00,30,17,746.5875208
0.00,30,18,746.4917941
0.00,30,19,746.4513855
0.00,30,20,746.3173132
0.00,30,21,746.2213878
0.00,30,22,746.1866008
0.00,30,23,746.051028
0.00,30,24,745.9520071
0.00,30,25,745.9250224
0.00,30,26,745.7824776
0.00,30,27,745.6831998
0.00,30,28,745.6628564
0.00,30,29,745.5185199
0.00,30,30,745.4154853
0.00,30,31,745.4044254
0.00,30,32,745.2516626
0.00,30,33,745.1483166
0.00,30,34,745.1451305
0.00,30,35,744.990253
0.00,30,36,744.8823272
0.00,30,37,744.7977861
0.00,30,38,744.7273726
0.00,30,39,744.6178702
0.00,30,40,744.5314594
0.00,30,41,744.4666271
0.00,30,42,744.3526945
0.00,30,43,744.2657822
0.00,30,44,744.2061215
0.00,30,45,744.0902633
0.00,30,46,744.0010198
0.00,30,47,743.9480707
0.00,30,48,743.8267528
0.00,30,49,743.7368961
0.00,30,50,743.6901404
0.00,30,51,743.5665112
0.00,30,52,743.4737454
0.00,30,53,743.4351121
0.00,30,54,743.3047232
0.00,30,55,743.2112206
0.00,30,56,743.1800424
0.00,30,57,743.0468926
0.00,30,58,742.9497458
0.00,30,59,742.9284567
0.00,30,60,742.7868962
0.00,30,61,742.6888801
0.00,30,62,742.6766068
0.00,30,63,742.5317666
0.00,30,64,742.429166
0.00,30,65,742.4290025
0.00,30,66,742.2736437
0.00,30,67,742.1700378
0.00,30,68,742.0870694
0.00,30,69,742.0194213
0.00,30,70,741.9112476
0.00,30,71,741.8275186
0.00,30,72,741.7657166
0.00,30,73,741.6550342
0.00,30,74,741.5688729
0.00,30,75,741.5144849
0.00,30,76,741.3979912
0.00,30,77,741.3108912
0.00,30,78,741.2636644
0.00,30,79,741.1441132
0.00,30,80,741.0538873
0.00,30,81,741.0158583
0.00,30,82,740.8889079
0.00,30,83,740.7975441
0.00,30,84,740.7683374
0.00,30,85,740.6376744
0.00,30,86,740.5422783
0.00,30,87,740.5245563
0.00,30,88,740.3844234
0.00,30,89,740.2876667
0.00,30,90,740.2808673
0.00,30,91,740.136248
0.00,30,92,740.0342669
0.00,30,93,739.9537511
0.00,30,94,739.8872007
0.00,30,95,739.7824818
0.00,30,96,739.6996322
0.00,30,97,739.6405622
0.00,30,98,739.5301616
0.00,30,99,739.4461989
0.00,30,100,739.3945906
0.00,30,101,739.2807669
0.00,30,102,739.1937289
0.00,30,103,739.1515859
0.00,30,104,739.0303662
0.00,30,105,738.9419514
0.00,30,106,738.9091822
0.00,30,107,738.783724
0.00,30,108,738.691249
0.00,30,109,738.67054
0.00,30,110,738.5354031
0.00,30,111,738.441246
0.00,30,112,738.4323744
0.00,30,113,738.2920131
0.00,30,114,738.1924721
0.00,30,115,738.113557
0.00,30,116,738.0480074
0.00,30,117,737.9453457
0.00,30,118,737.8639548
0.00,30,119,737.8065305
0.00,30,120,737.697782
0.00,30,121,737.6150595
0.00,30,122,737.5659263
0.00,30,123,737.45321
0.00,30,124,737.3671532
0.00,30,125,737.3285166
0.00,30,126,737.2077034
0.00,30,127,737.1199726
0.00,30,128,737.0919639
0.00,30,129,736.9661501
0.00,30,130,736.8739188
0.00,30,131,736.8595657
0.00,30,132,736.7229222
0.00,30,133,736.6286122
0.00,30,134,736.6279513
0.00,30,135,736.4850378
0.00,30,136,736.384626
0.00,30,137,736.3058702
0.00,30,138,736.2466087
0.00,30,139,736.1424536
0.00,30,140,736.0608148
0.00,30,141,736.0110657
0.00,30,142,735.8997908
0.00,30,143,735.8164989
0.00,30,144,735.7766136
0.00,30,145,735.6605041
0.00,30,146,735.5732479
0.00,30,147,735.545916
0.00,30,148,735.4201306
0.00,30,149,735.3307704
0.00,30,150,735.3163415
0.00,30,151,735.18437
0.00,30,152,735.0895435
0.00,30,153,735.0135814
0.00,30,154,734.9484629
0.00,30,155,734.8499994
0.00,30,156,734.7714086
0.00,30,157,734.7152646
0.00,30,158,734.6102293
0.00,30,159,734.5299841
0.00,30,160,734.4833248
0.00,30,161,734.3735119
0.00,30,162,734.2895919
0.00,30,163,734.254949
0.00,30,164,734.1360635
0.00,30,165,734.0499942
0.00,30,166,734.0279461
0.00,30,167,733.902836
0.00,30,168,733.811616
0.00,30,169,733.805772
0.00,30,170,733.6680651
0.00,30,171,733.574089
0.00,30,172,733.4979748
0.00,30,173,733.4373116
0.00,30,174,733.3371745
0.00,30,175,733.2594075
0.00,30,176,733.2079701
0.00,30,177,733.1030899
0.00,30,178,733.021851
0.00,30,179,732.9820776
0.00,30,180,732.8685387
0.00,30,181,732.7851069
0.00,30,182,732.7577681
0.00,30,183,732.637942
0.00,30,184,732.5495652
0.00,30,185,732.5381886
0.00,30,186,732.406153
0.00,30,187,732.3149093
0.00,30,188,732.2404266
0.00,30,189,732.1782358
0.00,30,190,732.080923
0.00,30,191,732.0047369
0.00,30,192,731.9518627
0.00,30,193,731.84969
0.00,30,194,731.7700586
0.00,30,195,731.7289758
0.00,30,196,731.6181443
0.00,30,197,731.536216
0.00,30,198,731.5078785
0.00,30,199,731.3905037
0.00,30,200,731.3035911
0.00,31,1,817.5785826
0.00,31,2,817.4981499
0.00,31,3,817.4288921
0.00,31,4,817.3789135
0.00,31,5,817.3587597
0.00,31,6,817.115823
0.00,31,7,816.9988388
0.00,31,8,816.6786034
0.00,31,9,816.6750099
0.00,31,10,816.243588
0.00,31,11,816.1478148
0.00,31,12,816.120885
0.00,31,13,815.8994943
0.00,31,14,815.7353261
0.00,31,15,815.4654919
0.00,31,16,815.3633547
0.00,31,17,815.033122
0.00,31,18,815.0062861
0.00,31,19,814.602412
0.00,31,20,814.4915879
0.00,31,21,814.452171
0.00,31,22,814.4509146
0.00,31,23,814.1695768
0.00,31,24,814.0847426
0.00,31,25,813.7414638
0.00,31,26,813.7345532
0.00,31,27,813.314978
0.00,31,28,813.2090583
0.00,31,29,813.1726246
0.00,31,30,812.9792023
0.00,31,31,812.803789
0.00,31,32,812.5549655
0.00,31,33,812.4596103
0.00,31,34,812.1326021
0.00,31,35,812.015247
0.00,31,36,811.9713943
0.00,31,37,811.958497
0.00,31,38,811.7083709
0.00,31,39,811.6168778
0.00,31,40,811.2887274
0.00,31,41,811.1729301
0.00,31,42,811.1298745
0.00,31,43,811.1178664
0.00,31,44,810.8671787
0.00,31,45,810.7787774
0.00,31,46,810.4502162
0.00,31,47,810.3356626
0.00,31,48,810.2931957
0.00,31,49,810.2817423
0.00,31,50,810.0313245
0.00,31,51,809.9448136
0.00,31,52,809.6170057
0.00,31,53,809.5033799
0.00,31,54,809.4612809
0.00,31,55,809.4500329
0.00,31,56,809.2007488
0.00,31,57,809.1148803
0.00,31,58,808.7890367
0.00,31,59,808.6760152
0.00,31,60,808.6340583
0.00,31,61,808.6226585
0.00,31,62,808.3753933
0.00,31,63,808.2888963
0.00,31,64,807.9662513
0.00,31,65,807.8535067
0.00,31,66,807.8114636
0.00,31,67,807.7995515
0.00,31,68,807.5552004
0.00,31,69,807.466798
0.00,31,70,807.1485926
0.00,31,71,807.035798
0.00,31,72,806.9934417
0.00,31,73,806.9806583
0.00,31,74,806.7401141
0.00,31,75,806.6485408
0.00,31,76,806.3360052
0.00,31,77,806.2228388
0.00,31,78,806.1799462
0.00,31,79,806.1659395
0.00,31,80,805.9300793
0.00,31,81,805.8341006
0.00,31,82,805.5284349
0.00,31,83,805.4145851
0.00,31,84,805.3709409
0.00,31,85,805.3553711
0.00,31,86,805.1250423
0.00,31,87,805.023474
0.00,31,88,804.7258288
0.00,31,89,804.7204018
0.00,31,90,804.3284371
0.00,31,91,804.237963
0.00,31,92,804.2104342
0.00,31,93,804.0142515
0.00,31,94,803.8519547
0.00,31,95,803.617713
0.00,31,96,803.5032099
0.00,31,97,803.2225346
0.00,31,98,803.1649226
0.00,31,99,802.8287319
0.00,31,100,802.7185858
0.00,31,101,802.6758743
0.00,31,102,802.6630342
0.00,31,103,802.4332679
0.00,31,104,802.3160846
0.00,31,105,802.0416721
0.00,31,106,801.9798804
0.00,31,107,801.6514209
0.00,31,108,801.5409636
0.00,31,109,801.4977031
0.00,31,110,801.4833639
0.00,31,111,801.2595663
0.00,31,112,801.1381834
0.00,31,113,800.8714892
0.00,31,114,800.8032508
0.00,31,115,800.4847307
0.00,31,116,800.4787161
0.00,31,117,800.0993074
0.00,31,118,800.0018433
0.00,31,119,799.9669863
0.00,31,120,799.9660133
0.00,31,121,799.7117581
0.00,31,122,799.6309566
0.00,31,123,799.3284245
0.00,31,124,799.3067856
0.00,31,125,798.9463903
0.00,31,126,798.8460933
0.00,31,127,798.8089832
0.00,31,128,798.8036616
0.00,31,129,798.5624018
0.00,31,130,798.4688705
0.00,31,131,798.1824352
0.00,31,132,798.1442661
0.00,31,133,797.8037412
0.00,31,134,797.700658
0.00,31,135,797.6613129
0.00,31,136,797.6516984
0.00,31,137,797.4232688
0.00,31,138,797.3171845
0.00,31,139,797.046618
0.00,31,140,796.9922154
0.00,31,141,796.6712136
0.00,31,142,796.565396
0.00,31,143,796.5238625
0.00,31,144,796.5100492
0.00,31,145,796.2942031
0.00,31,146,796.175854
0.00,31,147,795.9208182
0.00,31,148,795.8505844
0.00,31,149,795.548654
0.00,31,150,795.5342366
0.00,31,151,795.1777237
0.00,31,152,795.0813974
0.00,31,153,795.0458816
0.00,31,154,795.0414568
0.00,31,155,794.8048191
0.00,31,156,794.7149523
0.00,31,157,794.4358387
0.00,31,158,794.3976805
0.00,31,159,794.0680584
0.00,31,160,793.9672219
0.00,31,161,793.928349
0.00,31,162,793.9177808
0.00,31,163,793.6985514
0.00,31,164,793.5906773
0.00,31,165,793.3327069
0.00,31,166,793.2720702
0.00,31,167,792.968037
0.00,31,168,792.961812
0.00,31,169,792.6045535
0.00,31,170,792.5114495
0.00,31,171,792.4773975
0.00,31,172,792.4742313
0.00,31,173,792.2390551
0.00,31,174,792.1536109
0.00,31,175,791.8774455
0.00,31,176,791.8416342
0.00,31,177,791.516989
0.00,31,178,791.4181649
0.00,31,179,791.3799571
0.00,31,180,791.3693368
0.00,31,181,791.1548194
0.00,31,182,791.0475411
0.00,31,183,790.7962275
0.00,31,184,790.7336191
0.00,31,185,790.438764
0.00,31,186,790.4273756
0.00,31,187,790.0824393
0.00,31,188,789.9897239
0.00,31,189,789.9552442
0.00,31,190,789.9502143
0.00,31,191,789.7241852
0.00,31,192,789.6339092
0.00,31,193,789.3696699
0.00,31,194,789.3255141
0.00,31,195,789.0162614
0.00,31,196,788.917189
0.00,31,197,788.8781444
0.00,31,198,788.8650079
0.00,31,199,788.6612544
0.00,31,200,788.547262
0.00,32,1,764.3267539
0.00,32,2,763.6117434
0.00,32,3,756.4269066
0.00,32,4,754.8002732
0.00,32,5,746.1489468
0.00,32,6,743.8951218
0.00,32,7,743.3560242
0.00,32,8,742.4092138
0.00,32,9,741.62096
0.00,32,10,740.2526115
0.00,32,11,739.5722178
0.00,32,12,739.1550717
0.00,32,13,738.0801143
0.00,32,14,737.3442173
0.00,32,15,728.4005986
0.00,32,16,728.0509339
0.00,32,17,727.9461513
0.00,32,18,727.8828799
0.00,32,19,727.2738615
0.00,32,20,727.1381046
0.00,32,21,727.0921336
0.00,32,22,727.0471725
0.00,32,23,726.7183242
0.00,32,24,726.5844183
0.00,32,25,726.2079722
0.00,32,26,726.1618286
0.00,32,27,725.7016492
0.00,32,28,725.5723853
0.00,32,29,725.5146807
0.00,32,30,725.4604596
0.00,32,31,725.1906843
0.00,32,32,724.9894941
0.00,32,33,724.6875633
0.00,32,34,724.5398303
0.00,32,35,724.1873222
0.00,32,36,724.1262368
0.00,32,37,723.6904601
0.00,32,38,723.5618052
0.00,32,39,723.5051716
0.00,32,40,723.4531907
0.00,32,41,723.1892386
0.00,32,42,722.9993598
0.00,32,43,722.69559
0.00,32,44,722.5726986
0.00,32,45,722.2049512
0.00,32,46,722.1953356
0.00,32,47,721.7181304
0.00,32,48,721.6112635
0.00,32,49,721.5690276
0.00,32,50,721.5314068
0.00,32,51,721.2255912
0.00,32,52,721.1223885
0.00,32,53,720.7420005
0.00,32,54,720.6073351
0.00,32,55,720.5478029
0.00,32,56,720.4946776
0.00,32,57,720.2550359
0.00,32,58,720.0568287
0.00,32,59,719.7747981
0.00,32,60,719.6486314
0.00,32,61,719.2975631
0.00,32,62,719.2963579
0.00,32,63,718.8243278
0.00,32,64,718.728169
0.00,32,65,718.6940567
0.00,32,66,718.6659966
0.00,32,67,718.3451629
0.00,32,68,718.3014912
0.00,32,69,717.8755854
0.00,32,70,717.7671869
0.00,32,71,717.7253622
0.00,32,72,717.6908689
0.00,32,73,717.4011725
0.00,32,74,717.3138573
0.00,32,75,716.9351943
0.00,32,76,716.8143222
0.00,32,77,716.7645711
0.00,32,78,716.7229613
0.00,32,79,716.4654605
0.00,32,80,716.3331184
0.00,32,81,716.0030279
0.00,32,82,715.8694865
0.00,32,83,715.8116329
0.00,32,84,715.7622168
0.00,32,85,715.5379056
0.00,32,86,715.3596126
0.00,32,87,715.0789829
0.00,32,88,715.0018021
0.00,32,89,714.623496
0.00,32,90,714.5113184
0.00,32,91,714.4679162
0.00,32,92,714.4338643
0.00,32,93,714.1640561
0.00,32,94,714.0774209
0.00,32,95,713.712444
0.00,32,96,713.599053
0.00,32,97,713.55505
0.00,32,98,713.5208825
0.00,32,99,713.2571293
0.00,32,100,713.1694048
0.00,32,101,712.8094607
0.00,32,102,712.6976838
0.00,32,103,712.6549812
0.00,32,104,712.6226074
0.00,32,105,712.3581452
0.00,32,106,712.2814331
0.00,32,107,711.9145582
0.00,32,108,711.8086679
0.00,32,109,711.7702167
0.00,32,110,711.7426638
0.00,32,111,711.4671066
0.00,32,112,711.4210464
0.00,32,113,711.0278998
0.00,32,114,710.9352734
0.00,32,115,710.906312
0.00,32,116,710.8888728
0.00,32,117,710.584169
0.00,32,118,710.4608745
0.00,32,119,710.4106515
0.00,32,120,710.3713214
0.00,32,121,710.1428752
0.00,32,122,710.0231506
0.00,32,123,709.7080738
0.00,32,124,709.591526
0.00,32,125,709.5460932
0.00,32,126,709.5122778
0.00,32,127,709.2704708
0.00,32,128,709.1843224
0.00,32,129,708.8399258
0.00,32,130,708.7373001
0.00,32,131,708.7018161
0.00,32,132,708.6789947
0.00,32,133,708.4058916
0.00,32,134,708.3901457
0.00,32,135,707.9803261
0.00,32,136,707.9067983
0.00,32,137,707.8925284
0.00,32,138,707.891948
0.00,32,139,707.549798
0.00,32,140,707.4510825
0.00,32,141,707.4186555
0.00,32,142,707.399742
0.00,32,143,707.1212826
0.00,32,144,707.0003582
0.00,32,145,706.9521264
0.00,32,146,706.9161426
0.00,32,147,706.6948313
0.00,32,148,706.595713
0.00,32,149,706.2748269
0.00,32,150,706.1726645
0.00,32,151,706.1379859
0.00,32,152,706.117307
0.00,32,153,705.8517809
0.00,32,154,705.8501728
0.00,32,155,705.4372067
0.00,32,156,705.3758141
0.00,32,157,705.3714849
0.00,32,158,705.1029684
0.00,32,159,704.8978871
0.00,32,160,704.3174123
0.00,32,161,704.1308698
0.00,32,162,704.1281684
0.00,32,163,703.8168181
0.00,32,164,703.7197429
0.00,32,165,703.6891859
0.00,32,166,703.6741901
0.00,32,167,703.4040848
0.00,32,168,703.2923436
0.00,32,169,703.2509954
0.00,32,170,703.2240128
0.00,32,171,702.9931018
0.00,32,172,702.9510093
0.00,32,173,702.5893705
0.00,32,174,702.5177782
0.00,32,175,702.5066804
0.00,32,176,702.2654042
0.00,32,177,702.0826911
0.00,32,178,701.5014875
0.00,32,179,701.3444619
0.00,32,180,701.0978363
0.00,32,181,700.9519838
0.00,32,182,700.3426443
0.00,32,183,700.2007654
0.00,32,184,699.9434876
0.00,32,185,699.8447438
0.00,32,186,699.1968282
0.00,32,187,699.0710865
0.00,32,188,698.8020704
0.00,32,189,698.7532346
0.00,32,190,698.0637689
0.00,32,191,697.9542943
0.00,32,192,697.6733254
0.00,32,193,697.4832008
0.00,32,194,697.4810174
0.00,32,195,697.2045264
0.00,32,196,697.1163064
0.00,32,197,697.0933681
0.00,32,198,697.0900887
0.00,32,199,696.818737
0.00,32,200,696.7296133
0.00,33,1,948.2990406
0.00,33,2,948.2784931
0.00,33,3,948.1515208
0.00,33,4,948.0722279
0.00,33,5,948.0429794
0.00,33,6,947.943528
0.00,33,7,947.8782065
0.00,33,8,947.8440518
0.00,33,9,947.7642008
0.00,33,10,947.7103174
0.00,33,11,947.6730971
0.00,33,12,947.6089214
0.00,33,13,947.5634604
0.00,33,14,947.5248837
0.00,33,15,947.4721019
0.00,33,16,947.4638141
0.00,33,17,947.3940766
0.00,33,18,947.3503991
0.00,33,19,947.3337306
0.00,33,20,947.277901
0.00,33,21,947.2407224
0.00,33,22,947.2185185
0.00,33,23,947.1725824
0.00,33,24,947.1406069
0.00,33,25,947.1145676
0.00,33,26,947.0763505
0.00,33,27,947.0713279
0.00,33,28,947.0198203
0.00,33,29,946.9871007
0.00,33,30,946.9741263
0.00,33,31,946.9317855
0.00,33,32,946.9034466
0.00,33,33,946.8847415
0.00,33,34,946.8495007
0.00,33,35,946.8242823
0.00,33,36,946.8016391
0.00,33,37,946.7714509
0.00,33,38,946.763369
0.00,33,39,946.7231616
0.00,33,40,946.6968887
0.00,33,41,946.6820727
0.00,33,42,946.6485961
0.00,33,43,946.6250598
0.00,33,44,946.60552
0.00,33,45,946.5767825
0.00,33,46,946.5712667
0.00,33,47,946.5323458
0.00,33,48,946.5072586
0.00,33,49,946.4944831
0.00,33,50,946.4620702
0.00,33,51,946.4395014
0.00,33,52,946.4215924
0.00,33,53,946.3937302
0.00,33,54,946.3894583
0.00,33,55,946.3513919
0.00,33,56,946.3270185
0.00,33,57,946.3152384
0.00,33,58,946.2835259
0.00,33,59,946.2615397
0.00,33,60,946.2444327
0.00,33,61,946.2171437
0.00,33,62,946.2133551
0.00,33,63,946.1759318
0.00,33,64,946.1520221
0.00,33,65,946.1406403
0.00,33,66,946.1094456
0.00,33,67,946.0878365
0.00,33,68,946.0710607
0.00,33,69,946.0441904
0.00,33,70,946.0404402
0.00,33,71,946.0035643
0.00,33,72,945.9799882
0.00,33,73,945.9686588
0.00,33,74,945.9378948
0.00,33,75,945.9165546
0.00,33,76,945.8998395
0.00,33,77,945.8733117
0.00,33,78,945.8693344
0.00,33,79,945.8329696
0.00,33,80,945.8096612
0.00,33,81,945.79818
0.00,33,82,945.7678097
0.00,33,83,945.7466829
0.00,33,84,945.7298703
0.00,33,85,945.7036503
0.00,33,86,945.6992833
0.00,33,87,945.6634225
0.00,33,88,945.6403503
0.00,33,89,945.6285942
0.00,33,90,945.5986055
0.00,33,91,945.5776647
0.00,33,92,945.5606603
0.00,33,93,945.5347345
0.00,33,94,945.5298755
0.00,33,95,945.4945249
0.00,33,96,945.4716754
0.00,33,97,945.4595679
0.00,33,98,945.429961
0.00,33,99,945.4091935
0.00,33,100,945.3919397
0.00,33,101,945.3663052
0.00,33,102,945.3608877
0.00,33,103,945.3260588
0.00,33,104,945.3034273
0.00,33,105,945.2909196
0.00,33,106,945.2616999
0.00,33,107,945.2411006
0.00,33,108,945.2235612
0.00,33,109,945.19822
0.00,33,110,945.1921993
0.00,33,111,945.1579048
0.00,33,112,945.135491
0.00,33,113,945.1225511
0.00,33,114,945.0937255
0.00,33,115,945.0732932
0.00,33,116,945.055445
0.00,33,117,945.0304006
0.00,33,118,945.0237463
0.00,33,119,944.9899978
0.00,33,120,944.9678034
0.00,33,121,944.9544097
0.00,33,122,944.9259852
0.00,33,123,944.9057203
0.00,33,124,944.8875479
0.00,33,125,944.8628044
0.00,33,126,944.8554951
0.00,33,127,944.8223026
0.00,33,128,944.8003297
0.00,33,129,944.7864675
0.00,33,130,944.7584503
0.00,33,131,944.7383538
0.00,33,132,944.7198469
0.00,33,133,944.6954079
0.00,33,134,944.6874289
0.00,33,135,944.6548004
0.00,33,136,944.633051
0.00,33,137,944.6187103
0.00,33,138,944.5911052
0.00,33,139,944.5711782
0.00,33,140,944.5523301
0.00,33,141,944.5281985
0.00,33,142,944.5195398
0.00,33,143,944.487481
0.00,33,144,944.4659568
0.00,33,145,944.4511312
0.00,33,146,944.4239416
0.00,33,147,944.4230051
0.00,33,148,944.3850784
0.00,33,149,944.3612019
0.00,33,150,944.3519884
0.00,33,151,944.3204011
0.00,33,152,944.2990649
0.00,33,153,944.283844
0.00,33,154,944.2569997
0.00,33,155,944.255275
0.00,33,156,944.2179954
0.00,33,157,944.1943794
0.00,33,158,944.1845976
0.00,33,159,944.1534916
0.00,33,160,944.1323469
0.00,33,161,944.1167217
0.00,33,162,944.0902293
0.00,33,163,944.0877006
0.00,33,164,944.05108
0.00,33,165,944.0277288
0.00,33,166,944.0173681
0.00,33,167,943.9867515
0.00,33,168,943.9658012
0.00,33,169,943.9497646
0.00,33,170,943.9236294
0.00,33,171,943.920284
0.00,33,172,943.8843322
0.00,33,173,943.8612493
0.00,33,174,943.8503014
0.00,33,175,943.8201805
0.00,33,176,943.7994269
0.00,33,177,943.7829734
0.00,33,178,943.7571995
0.00,33,179,943.7530279
0.00,33,180,943.7177524
0.00,33,181,943.6949404
0.00,33,182,943.6833992
0.00,33,183,943.6537788
0.00,33,184,943.6332235
0.00,33,185,943.6163492
0.00,33,186,943.5909396
0.00,33,187,943.5859352
0.00,33,188,943.5513412
0.00,33,189,943.528802
0.00,33,190,943.5166633
0.00,33,191,943.4875466
0.00,33,192,943.4671907
0.00,33,193,943.4498931
0.00,33,194,943.4248498
0.00,33,195,943.4190086
0.00,33,196,943.3850994
0.00,33,197,943.3628339
0.00,33,198,943.3500957
0.00,33,199,943.3214843
0.00,33,200,943.3013284
0.00,34,1,891.7429168
0.00,34,2,891.5515341
0.00,34,3,891.4568024
0.00,34,4,891.3943789
0.00,34,5,891.2913074
0.00,34,6,891.2399493
0.00,34,7,891.1267227
0.00,34,8,891.0887857
0.00,34,9,890.963201
0.00,34,10,890.9415434
0.00,34,11,890.8009276
0.00,34,12,890.7990145
0.00,34,13,890.6401272
0.00,34,14,890.5548353
0.00,34,15,890.4810372
0.00,34,16,890.3894995
0.00,34,17,890.3240013
0.00,34,18,890.2248793
0.00,34,19,890.1694083
0.00,34,20,890.061084
0.00,34,21,890.0177265
0.00,34,22,889.8982457
0.00,34,23,889.8695195
0.00,34,24,889.7365231
0.00,34,25,889.7254649
0.00,34,26,889.5761068
0.00,34,27,889.4939205
0.00,34,28,889.4172999
0.00,34,29,889.3295063
0.00,34,30,889.2603438
0.00,34,31,889.1657485
0.00,34,32,889.1055844
0.00,34,33,889.002745
0.00,34,34,888.9534387
0.00,34,35,888.8406133
0.00,34,36,888.8044092
0.00,34,37,888.6794955
0.00,34,38,888.6591008
0.00,34,39,888.5195621
0.00,34,40,888.5182416
0.00,34,41,888.3610189
0.00,34,42,888.2769026
0.00,34,43,888.2040788
0.00,34,44,888.1139722
0.00,34,45,888.0490553
0.00,34,46,887.9517133
0.00,34,47,887.8962985
0.00,34,48,887.7902239
0.00,34,49,887.7462277
0.00,34,50,887.6296218
0.00,34,51,887.599345
0.00,34,52,887.4700479
0.00,34,53,887.4562507
0.00,34,54,887.3116705
0.00,34,55,887.2315217
0.00,34,56,887.1547599
0.00,34,57,887.0694203
0.00,34,58,886.9995238
0.00,34,59,886.9079206
0.00,34,60,886.8462629
0.00,34,61,886.7471071
0.00,34,62,886.6953379
0.00,34,63,886.5870814
0.00,34,64,886.5471811
0.00,34,65,886.4279649
0.00,34,66,886.4023104
0.00,34,67,886.2699034
0.00,34,68,886.2613455
0.00,34,69,886.1130712
0.00,34,70,886.0321731
0.00,34,71,885.9576459
0.00,34,72,885.8714235
0.00,34,73,885.8038924
0.00,34,74,885.7112712
0.00,34,75,885.6521027
0.00,34,76,885.5517981
0.00,34,77,885.5026252
0.00,34,78,885.3931016
0.00,34,79,885.3558747
0.00,34,80,885.2352975
0.00,34,81,885.2123448
0.00,34,82,885.078524
0.00,34,83,885.0726222
0.00,34,84,884.9229447
0.00,34,85,884.8420783
0.00,34,86,884.7688306
0.00,34,87,884.6826239
0.00,34,88,884.6163755
0.00,34,89,884.5237618
0.00,34,90,884.4658681
0.00,34,91,884.3655728
0.00,34,92,884.3176528
0.00,34,93,884.2081534
0.00,34,94,884.1721397
0.00,34,95,884.0516186
0.00,34,96,884.0298175
0.00,34,97,883.8961052
0.00,34,98,883.8912679
0.00,34,99,883.7417763
0.00,34,100,883.6612455
0.00,34,101,883.5887934
0.00,34,102,883.5030174
0.00,34,103,883.4374036
0.00,34,104,883.3453596
0.00,34,105,883.2878751
0.00,34,106,883.1883469
0.00,34,107,883.1405259
0.00,34,108,883.0320678
0.00,34,109,882.9957325
0.00,34,110,882.8766273
0.00,34,111,882.8539403
0.00,34,112,882.7221492
0.00,34,113,882.7156759
0.00,34,114,882.5687802
0.00,34,115,882.4893991
0.00,34,116,882.4167668
0.00,34,117,882.3323452
0.00,34,118,882.2662762
0.00,34,119,882.1758405
0.00,34,120,882.1175625
0.00,34,121,882.0199558
0.00,34,122,881.9709271
0.00,34,123,881.8647752
0.00,34,124,881.8267271
0.00,34,125,881.7103985
0.00,34,126,881.6853857
0.00,34,127,881.5569437
0.00,34,128,881.5474035
0.00,34,129,881.4045508
0.00,34,130,881.3265805
0.00,34,131,881.2533547
0.00,34,132,881.1706409
0.00,34,133,881.1035671
0.00,34,134,881.0152154
0.00,34,135,880.9554142
0.00,34,136,880.8603666
0.00,34,137,880.8091624
0.00,34,138,880.7061686
0.00,34,139,880.6651259
0.00,34,140,880.5527084
0.00,34,141,880.5236741
0.00,34,142,880.4000886
0.00,34,143,880.3852415
0.00,34,144,880.2484296
0.00,34,145,880.1725519
0.00,34,146,880.0979354
0.00,34,147,880.0176878
0.00,34,148,879.9487396
0.00,34,149,879.8633055
0.00,34,150,879.8010474
0.00,34,151,879.7094621
0.00,34,152,879.6551013
0.00,34,153,879.5562248
0.00,34,154,879.5111867
0.00,34,155,879.4036731
0.00,34,156,879.36964
0.00,34,157,879.2519005
0.00,34,158,879.2308575
0.00,34,159,879.1010172
0.00,34,160,879.0953052
0.00,34,161,878.9511527
0.00,34,162,878.8735369
0.00,34,163,878.8024278
0.00,34,164,878.7201472
0.00,34,165,878.6550389
0.00,34,166,878.5672466
0.00,34,167,878.5091917
0.00,34,168,878.4148919
0.00,34,169,878.3651273
0.00,34,170,878.2631497
0.00,34,171,878.2231279
0.00,34,172,878.1120981
0.00,34,173,878.0835236
0.00,34,174,877.9618282
0.00,34,175,877.9467004
0.00,34,176,877.8124465
0.00,34,177,877.7379859
0.00,34,178,877.6641379
0.00,34,179,877.5855679
0.00,34,180,877.5170151
0.00,34,181,877.4335957
0.00,34,182,877.3712568
0.00,34,183,877.2821189
0.00,34,184,877.2270728
0.00,34,185,877.1311954
0.00,34,186,877.0847087
0.00,34,187,876.9808934
0.00,34,188,876.9444525
0.00,34,189,876.8312924
0.00,34,190,876.8066409
0.00,34,191,876.6824859
0.00,34,192,876.6716683
0.00,34,193,876.5345829
0.00,34,194,876.45964
0.00,34,195,876.3876819
0.00,34,196,876.308568
0.00,34,197,876.2419486
0.00,34,198,876.157934
0.00,34,199,876.097553
0.00,34,200,876.0077847
0.00,35,1,901.7692092
0.00,35,2,901.4855766
0.00,35,3,901.3652461
0.00,35,4,901.307787
0.00,35,5,901.1847432
0.00,35,6,901.130413
0.00,35,7,901.0044893
0.00,35,8,900.9533806
0.00,35,9,900.824479
0.00,35,10,900.7766903
0.00,35,11,900.6447119
0.00,35,12,900.6003418
0.00,35,13,900.4651878
0.00,35,14,900.4243351
0.00,35,15,900.2859061
0.00,35,16,900.2486696
0.00,35,17,900.1068663
0.00,35,18,900.0733447
0.00,35,19,899.928068
0.00,35,20,899.8983593
0.00,35,21,899.7495104
0.00,35,22,899.7237121
0.00,35,23,899.571193
0.00,35,24,899.5494015
0.00,35,25,899.3931148
0.00,35,26,899.3754258
0.00,35,27,899.2152751
0.00,35,28,899.2017826
0.00,35,29,899.0376729
0.00,35,30,899.0284696
0.00,35,31,898.8603073
0.00,35,32,898.8554837
0.00,35,33,898.6831771
0.00,35,34,898.682822
0.00,35,35,898.5062813
0.00,35,36,898.4173536
0.00,35,37,898.3306189
0.00,35,38,898.2399381
0.00,35,39,898.1553093
0.00,35,40,898.0627662
0.00,35,41,897.9803609
0.00,35,42,897.8858398
0.00,35,43,897.8057828
0.00,35,44,897.7091611
0.00,35,45,897.6315846
0.00,35,46,897.5327322
0.00,35,47,897.4577766
0.00,35,48,897.3565556
0.00,35,49,897.2843696
0.00,35,50,897.1806339
0.00,35,51,897.1113755
0.00,35,52,897.0049699
0.00,35,53,896.9388066
0.00,35,54,896.8295665
0.00,35,55,896.7666764
0.00,35,56,896.6544271
0.00,35,57,896.5949992
0.00,35,58,896.479555
0.00,35,59,896.4237902
0.00,35,60,896.3049541
0.00,35,61,896.2530657
0.00,35,62,896.1306284
0.00,35,63,896.0828432
0.00,35,64,895.9565823
0.00,35,65,895.9131414
0.00,35,66,895.7828204
0.00,35,67,895.7439805
0.00,35,68,895.6093477
0.00,35,69,895.5753818
0.00,35,70,895.4361697
0.00,35,71,895.4073684
0.00,35,72,895.2632923
0.00,35,73,895.2399651
0.00,35,74,895.0907217
0.00,35,75,895.0731985
0.00,35,76,894.9184647
0.00,35,77,894.907097
0.00,35,78,894.7465287
0.00,35,79,894.7416914
0.00,35,80,894.5749217
0.00,35,81,894.4882831
0.00,35,82,894.4027584
0.00,35,83,894.3150799
0.00,35,84,894.2308287
0.00,35,85,894.142082
0.00,35,86,894.0591322
0.00,35,87,893.969289
0.00,35,88,893.8876682
0.00,35,89,893.7967005
0.00,35,90,893.7164363
0.00,35,91,893.624316
0.00,35,92,893.5454359
0.00,35,93,893.4521351
0.00,35,94,893.3746663
0.00,35,95,893.2801573
0.00,35,96,893.2041266
0.00,35,97,893.1083822
0.00,35,98,893.0338162
0.00,35,99,892.9368092
0.00,35,100,892.8637342
0.00,35,101,892.7654378
0.00,35,102,892.6938795
0.00,35,103,892.5942676
0.00,35,104,892.5242513
0.00,35,105,892.4232979
0.00,35,106,892.3548485
0.00,35,107,892.2525282
0.00,35,108,892.1856699
0.00,35,109,892.0819579
0.00,35,110,892.0167143
0.00,35,111,891.9115864
0.00,35,112,891.8479805
0.00,35,113,891.7414132
0.00,35,114,891.6794672
0.00,35,115,891.5714376
0.00,35,116,891.5111728
0.00,35,117,891.401659
0.00,35,118,891.3430961
0.00,35,119,891.2320767
0.00,35,120,891.1752355
0.00,35,121,891.06269
0.00,35,122,891.0075893
0.00,35,123,890.8934984
0.00,35,124,890.8401559
0.00,35,125,890.7245009
0.00,35,126,890.6729337
0.00,35,127,890.5556971
0.00,35,128,890.5059208
0.00,35,129,890.3870861
0.00,35,130,890.3391154
0.00,35,131,890.2186672
0.00,35,132,890.1725156
0.00,35,133,890.0504397
0.00,35,134,890.0061195
0.00,35,135,889.8824027
0.00,35,136,889.8399252
0.00,35,137,889.7145556
0.00,35,138,889.6739305
0.00,35,139,889.5468976
0.00,35,140,889.5081335
0.00,35,141,889.3794278
0.00,35,142,889.3425319
0.00,35,143,889.2121454
0.00,35,144,889.1771237
0.00,35,145,889.0450497
0.00,35,146,889.0119065
0.00,35,147,888.8781398
0.00,35,148,888.8468783
0.00,35,149,888.711415
0.00,35,150,888.6820367
0.00,35,151,888.5448743
0.00,35,152,888.5173795
0.00,35,153,888.3785169
0.00,35,154,888.3529043
0.00,35,155,888.2123421
0.00,35,156,888.1886089
0.00,35,157,888.0463489
0.00,35,158,888.0244908
0.00,35,159,887.8805366
0.00,35,160,887.8605478
0.00,35,161,887.7149042
0.00,35,162,887.6967775
0.00,35,163,887.549451
0.00,35,164,887.5331775
0.00,35,165,887.384176
0.00,35,166,887.3697455
0.00,35,167,887.2190786
0.00,35,168,887.2064791
0.00,35,169,887.0541577
0.00,35,170,887.043376
0.00,35,171,886.8894126
0.00,35,172,886.8804339
0.00,35,173,886.7248425
0.00,35,174,886.7176503
0.00,35,175,886.5604465
0.00,35,176,886.5550232
0.00,35,177,886.3962238
0.00,35,178,886.3925501
0.00,35,179,886.2321736
0.00,35,180,886.2302288
0.00,35,181,886.068295
0.00,35,182,886.0680571
0.00,35,183,885.9045874
0.00,35,184,885.8228546
0.00,35,185,885.7419055
0.00,35,186,885.6592183
0.00,35,187,885.5794458
0.00,35,188,885.495771
0.00,35,189,885.4172094
0.00,35,190,885.3325127
0.00,35,191,885.255197
0.00,35,192,885.1694435
0.00,35,193,885.0934099
0.00,35,194,885.0065634
0.00,35,195,884.9318489
0.00,35,196,884.8438723
0.00,35,197,884.7705151
0.00,35,198,884.6813703
0.00,35,199,884.6094097
0.00,35,200,884.5190574
0.00,36,1,953.4936424
0.00,36,2,953.4248219
0.00,36,3,953.3358906
0.00,36,4,953.2677739
0.00,36,5,953.1784281
0.00,36,6,953.1094791
0.00,36,7,953.0197867
0.00,36,8,952.9502676
0.00,36,9,952.8604456
0.00,36,10,952.7904805
0.00,36,11,952.7006149
0.00,36,12,952.6302463
0.00,36,13,952.5403754
0.00,36,14,952.4696211
0.00,36,15,952.3797695
0.00,36,16,952.3086409
0.00,36,17,952.218829
0.00,36,18,952.1473367
0.00,36,19,952.0575836
0.00,36,20,951.985738
0.00,36,21,951.8960621
0.00,36,22,951.8238743
0.00,36,23,951.7342935
0.00,36,24,951.661775
0.00,36,25,951.5723068
0.00,36,26,951.4994697
0.00,36,27,951.410131
0.00,36,28,951.3369877
0.00,36,29,951.247795
0.00,36,30,951.1743587
0.00,36,31,951.0853276
0.00,36,32,951.0116116
0.00,36,33,950.9227575
0.00,36,34,950.8487755
0.00,36,35,950.7601131
0.00,36,36,950.6858792
0.00,36,37,950.5974225
0.00,36,38,950.5229508
0.00,36,39,950.4347132
0.00,36,40,950.3600184
0.00,36,41,950.2720126
0.00,36,42,950.1971092
0.00,36,43,950.1093473
0.00,36,44,950.0342502
0.00,36,45,949.9467437
0.00,36,46,949.8714676
0.00,36,47,949.7842272
0.00,36,48,949.708787
0.00,36,49,949.6218229
0.00,36,50,949.5462334
0.00,36,51,949.4595549
0.00,36,52,949.3838311
0.00,36,53,949.2974469
0.00,36,54,949.2216034
0.00,36,55,949.1355217
0.00,36,56,949.059573
0.00,36,57,948.9738011
0.00,36,58,948.8977617
0.00,36,59,948.8123065
0.00,36,60,948.7361906
0.00,36,61,948.6510581
0.00,36,62,948.5748796
0.00,36,63,948.4900754
0.00,36,64,948.4138481
0.00,36,65,948.3293769
0.00,36,66,948.2531143
0.00,36,67,948.1689804
0.00,36,68,948.0926955
0.00,36,69,948.0089025
0.00,36,70,947.9326081
0.00,36,71,947.8491592
0.00,36,72,947.7728677
0.00,36,73,947.6897652
0.00,36,74,947.6134886
0.00,36,75,947.5307345
0.00,36,76,947.4544845
0.00,36,77,947.3720803
0.00,36,78,947.295868
0.00,36,79,947.2138144
0.00,36,80,947.1376507
0.00,36,81,947.0559482
0.00,36,82,946.9798433
0.00,36,83,946.8984917
0.00,36,84,946.8224556
0.00,36,85,946.7414545
0.00,36,86,946.6654964
0.00,36,87,946.5848447
0.00,36,88,946.5089737
0.00,36,89,946.4286701
0.00,36,90,946.3528945
0.00,36,91,946.2729371
0.00,36,92,946.197265
0.00,36,93,946.1176517
0.00,36,94,946.0420905
0.00,36,95,945.9628188
0.00,36,96,945.8873755
0.00,36,97,945.8084424
0.00,36,98,945.7331236
0.00,36,99,945.6545261
0.00,36,100,945.5793378
0.00,36,101,945.5010723
0.00,36,102,945.4260201
0.00,36,103,945.3480829
0.00,36,104,945.2731719
0.00,36,105,945.1955591
0.00,36,106,945.1207938
0.00,36,107,945.0435012
0.00,36,108,944.968886
0.00,36,109,944.891909
0.00,36,110,944.8174477
0.00,36,111,944.7407817
0.00,36,112,944.6664775
0.00,36,113,944.5901178
0.00,36,114,944.5159737
0.00,36,115,944.4399153
0.00,36,116,944.3659338
0.00,36,117,944.2901716
0.00,36,118,944.2163549
0.00,36,119,944.1408835
0.00,36,120,944.0672334
0.00,36,121,943.9920476
0.00,36,122,943.9185654
0.00,36,123,943.8436598
0.00,36,124,943.7703465
0.00,36,125,943.6957156
0.00,36,126,943.622572
0.00,36,127,943.5482102
0.00,36,128,943.4752368
0.00,36,129,943.4011383
0.00,36,130,943.3283352
0.00,36,131,943.2544945
0.00,36,132,943.1818615
0.00,36,133,943.108273
0.00,36,134,943.0358096
0.00,36,135,942.9624675
0.00,36,136,942.890173
0.00,36,137,942.8170717
0.00,36,138,942.7449453
0.00,36,139,942.6720791
0.00,36,140,942.6001197
0.00,36,141,942.5274828
0.00,36,142,942.455689
0.00,36,143,942.383276
0.00,36,144,942.3116463
0.00,36,145,942.2394515
0.00,36,146,942.1679842
0.00,36,147,942.0960021
0.00,36,148,942.0246954
0.00,36,149,941.9529205
0.00,36,150,941.8817725
0.00,36,151,941.8101995
0.00,36,152,941.7392079
0.00,36,153,941.6678315
0.00,36,154,941.5969941
0.00,36,155,941.525809
0.00,36,156,941.4551237
0.00,36,157,941.3841247
0.00,36,158,941.3135889
0.00,36,159,941.242771
0.00,36,160,941.1723823
0.00,36,161,941.1017406
0.00,36,162,941.0314964
0.00,36,163,940.9610259
0.00,36,164,940.8909238
0.00,36,165,940.8206198
0.00,36,166,940.750657
0.00,36,167,940.6805148
0.00,36,168,940.6106887
0.00,36,169,940.5407039
0.00,36,170,940.4710118
0.00,36,171,940.4011798
0.00,36,172,940.331619
0.00,36,173,940.2619356
0.00,36,174,940.1925035
0.00,36,175,940.1229644
0.00,36,176,940.0536583
0.00,36,177,939.9842595
0.00,36,178,939.9150767
0.00,36,179,939.8458142
0.00,36,180,939.7767521
0.00,36,181,939.707622
0.00,36,182,939.6386779
0.00,36,183,939.5696767
0.00,36,184,939.500848
0.00,36,185,939.4319718
0.00,36,186,939.3632561
0.00,36,187,939.2945016
0.00,36,188,939.2258962
0.00,36,189,939.1572599
0.00,36,190,939.0887625
0.00,36,191,939.0202412
0.00,36,192,938.9518493
0.00,36,193,938.8834399
0.00,36,194,938.8151511
0.00,36,195,938.7468506
0.00,36,196,938.6786627
0.00,36,197,938.6104681
0.00,36,198,938.5423787
0.00,36,199,938.4742873
0.00,36,200,938.4062943
0.00,37,1,734.3374764
0.00,37,2,733.7505248
0.00,37,3,733.526082
0.00,37,4,733.3979767
0.00,37,5,733.3403571
0.00,37,6,733.185335
0.00,37,7,733.1757739
0.00,37,8,732.9795721
0.00,37,9,732.8665691
0.00,37,10,732.7883389
0.00,37,11,732.6536071
0.00,37,12,732.6175541
0.00,37,13,732.4481346
0.00,37,14,732.3401768
0.00,37,15,732.2509553
0.00,37,16,732.1253182
0.00,37,17,732.0678662
0.00,37,18,731.9152431
0.00,37,19,731.9055072
0.00,37,20,731.7119763
0.00,37,21,731.6002787
0.00,37,22,731.5232688
0.00,37,23,731.3898719
0.00,37,24,731.3552018
0.00,37,25,731.1870336
0.00,37,26,731.0799735
0.00,37,27,730.9926597
0.00,37,28,730.8677417
0.00,37,29,730.8126786
0.00,37,30,730.6603949
0.00,37,31,730.6539617
0.00,37,32,730.460033
0.00,37,33,730.3486949
0.00,37,34,730.2746442
0.00,37,35,730.1410903
0.00,37,36,730.1106169
0.00,37,37,729.9413246
0.00,37,38,729.8342914
0.00,37,39,729.7503764
0.00,37,40,729.6248532
0.00,37,41,729.5744633
0.00,37,42,729.4205068
0.00,37,43,729.3219045
0.00,37,44,729.2263115
0.00,37,45,729.1125318
0.00,37,46,729.0468163
0.00,37,47,728.9086068
0.00,37,48,728.8910723
0.00,37,49,728.7133999
0.00,37,50,728.6037325
0.00,37,51,728.5279443
0.00,37,52,728.3977214
0.00,37,53,728.3592492
0.00,37,54,728.1973442
0.00,37,55,728.0967502
0.00,37,56,728.0084178
0.00,37,57,727.8907998
0.00,37,58,727.8361416
0.00,37,59,727.691004
0.00,37,60,727.6909547
0.00,37,61,727.5011565
0.00,37,62,727.3874398
0.00,37,63,727.3223177
0.00,37,64,727.1851878
0.00,37,65,727.1625827
0.00,37,66,726.9893023
0.00,37,67,726.8856414
0.00,37,68,726.8066663
0.00,37,69,726.6834511
0.00,37,70,726.6433578
0.00,37,71,726.4883907
0.00,37,72,726.3877573
0.00,37,73,726.3017057
0.00,37,74,726.1842946
0.00,37,75,726.1292273
0.00,37,76,725.9856894
0.00,37,77,725.9781011
0.00,37,78,725.7941557
0.00,37,79,725.687641
0.00,37,80,725.6176398
0.00,37,81,725.4891313
0.00,37,82,725.4631044
0.00,37,83,725.2987257
0.00,37,84,725.195059
0.00,37,85,725.1177634
0.00,37,86,724.9950198
0.00,37,87,724.9529637
0.00,37,88,724.8004579
0.00,37,89,724.7041144
0.00,37,90,724.6169154
0.00,37,91,724.5043411
0.00,37,92,724.4496905
0.00,37,93,724.3106218
0.00,37,94,724.3092685
0.00,37,95,724.1267858
0.00,37,96,724.0168327
0.00,37,97,723.9542405
0.00,37,98,723.8210621
0.00,37,99,723.8012777
0.00,37,100,723.6318428
0.00,37,101,723.5306375
0.00,37,102,723.456256
0.00,37,103,723.3351438
0.00,37,104,723.3008938
0.00,37,105,723.1471324
0.00,37,106,723.0480744
0.00,37,107,722.9680907
0.00,37,108,722.8514428
0.00,37,109,722.8043468
0.00,37,110,722.6600345
0.00,37,111,722.5670902
0.00,37,112,722.4790212
0.00,37,113,722.3708512
0.00,37,114,722.3135796
0.00,37,115,722.1804079
0.00,37,116,722.1738474
0.00,37,117,721.9994705
0.00,37,118,721.8931829
0.00,37,119,721.8296591
0.00,37,120,721.701045
0.00,37,121,721.6791094
0.00,37,122,721.5153825
0.00,37,123,721.4167434
0.00,37,124,721.3431213
0.00,37,125,721.2250251
0.00,37,126,721.1909626
0.00,37,127,721.0407619
0.00,37,128,720.9437106
0.00,37,129,720.865586
0.00,37,130,720.7510258
0.00,37,131,720.7059346
0.00,37,132,720.563652
0.00,37,133,720.4721404
0.00,37,134,720.3868657
0.00,37,135,720.2799497
0.00,37,136,720.2260966
0.00,37,137,720.0937287
0.00,37,138,720.0919553
0.00,37,139,719.917377
0.00,37,140,719.8116561
0.00,37,141,719.7527128
0.00,37,142,719.6238457
0.00,37,143,719.6083475
0.00,37,144,719.4428581
0.00,37,145,719.3444139
0.00,37,146,719.2760941
0.00,37,147,719.1571634
0.00,37,148,719.1308609
0.00,37,149,718.9779103
0.00,37,150,718.8805137
0.00,37,151,718.8084718
0.00,37,152,718.6923047
0.00,37,153,718.655898
0.00,37,154,718.5098478
0.00,37,155,718.417895
0.00,37,156,718.3390063
0.00,37,157,718.2302857
0.00,37,158,718.1858871
0.00,37,159,718.0492824
0.00,37,160,717.9582239
0.00,37,161,717.8766243
0.00,37,162,717.7700932
0.00,37,163,717.7181823
0.00,37,164,717.5868788
0.00,37,165,717.5817477
0.00,37,166,717.4110487
0.00,37,167,717.3116795
0.00,37,168,717.2508042
0.00,37,169,717.1291902
0.00,37,170,717.1143452
0.00,37,171,716.955551
0.00,37,172,716.8566179
0.00,37,173,716.7927982
0.00,37,174,716.6731186
0.00,37,175,716.6488854
0.00,37,176,716.4960167
0.00,37,177,716.4026166
0.00,37,178,716.3320566
0.00,37,179,716.2198544
0.00,37,180,716.1883016
0.00,37,181,716.0446274
0.00,37,182,715.9516041
0.00,37,183,715.8789141
0.00,37,184,715.7682323
0.00,37,185,715.7295539
0.00,37,186,715.5904757
0.00,37,187,715.5018051
0.00,37,188,715.4239967
0.00,37,189,715.3191848
0.00,37,190,715.2749667
0.00,37,191,715.1430907
0.00,37,192,715.0547298
0.00,37,193,714.9754163
0.00,37,194,714.8717906
0.00,37,195,714.8221362
0.00,37,196,714.6938449
0.00,37,197,714.6913579
0.00,37,198,714.5234783
0.00,37,199,714.425993
0.00,37,200,714.3691274
0.00,38,1,728.1021242
0.00,38,2,727.9072138
0.00,38,3,727.8199476
0.00,38,4,727.8169373
0.00,38,5,727.7153409
0.00,38,6,727.6541669
0.00,38,7,727.6042292
0.00,38,8,727.5678028
0.00,38,9,727.5013338
0.00,38,10,727.4477934
0.00,38,11,727.3998146
0.00,38,12,727.3629295
0.00,38,13,727.2978243
0.00,38,14,727.2444055
0.00,38,15,727.1963915
0.00,38,16,727.1609306
0.00,38,17,727.0952404
0.00,38,18,727.0415204
0.00,38,19,726.9933581
0.00,38,20,726.9593874
0.00,38,21,726.8930157
0.00,38,22,726.8389864
0.00,38,23,726.7906765
0.00,38,24,726.7581449
0.00,38,25,726.6911135
0.00,38,26,726.6367906
0.00,38,27,726.588342
0.00,38,28,726.5571847
0.00,38,29,726.4895271
0.00,38,30,726.434929
0.00,38,31,726.3863523
0.00,38,32,726.3564977
0.00,38,33,726.2882518
0.00,38,34,726.2333984
0.00,38,35,726.1847052
0.00,38,36,726.1560761
0.00,38,37,726.0872832
0.00,38,38,726.0321957
0.00,38,39,725.9833986
0.00,38,40,725.9559126
0.00,38,41,725.8866169
0.00,38,42,725.8313182
0.00,38,43,725.7824304
0.00,38,44,725.7560006
0.00,38,45,725.686249
0.00,38,46,725.6307631
0.00,38,47,725.5817989
0.00,38,48,725.5563339
0.00,38,49,725.486176
0.00,38,50,725.430528
0.00,38,51,725.3815021
0.00,38,52,725.3569072
0.00,38,53,725.2863946
0.00,38,54,725.2306107
0.00,38,55,725.1815384
0.00,38,56,725.1577156
0.00,38,57,725.0869017
0.00,38,58,725.0310089
0.00,38,59,724.9819062
0.00,38,60,724.9587551
0.00,38,61,724.887695
0.00,38,62,724.831721
0.00,38,63,724.7826041
0.00,38,64,724.7600222
0.00,38,65,724.6887722
0.00,38,66,724.6327453
0.00,38,67,724.5836308
0.00,38,68,724.5615142
0.00,38,69,724.4901314
0.00,38,70,724.4340802
0.00,38,71,724.384985
0.00,38,72,724.3632292
0.00,38,73,724.2917714
0.00,38,74,724.2357247
0.00,38,75,724.1866656
0.00,38,76,724.1651659
0.00,38,77,724.093691
0.00,38,78,724.0376777
0.00,38,79,723.9886717
0.00,38,80,723.9673237
0.00,38,81,723.8958895
0.00,38,82,723.8399385
0.00,38,83,723.7910024
0.00,38,84,723.7697027
0.00,38,85,723.6983667
0.00,38,86,723.6425064
0.00,38,87,723.5936568
0.00,38,88,723.5723036
0.00,38,89,723.5011224
0.00,38,90,723.4453811
0.00,38,91,723.3966345
0.00,38,92,723.3751278
0.00,38,93,723.3041571
0.00,38,94,723.2485623
0.00,38,95,723.1999347
0.00,38,96,723.1781772
0.00,38,97,723.1074714
0.00,38,98,723.0520501
0.00,38,99,723.0035571
0.00,38,100,722.9814544
0.00,38,101,722.9110662
0.00,38,102,722.8558445
0.00,38,103,722.8075012
0.00,38,104,722.7849623
0.00,38,105,722.7149427
0.00,38,106,722.6599458
0.00,38,107,722.6117668
0.00,38,108,722.5887043
0.00,38,109,722.5191022
0.00,38,110,722.4643544
0.00,38,111,722.4163537
0.00,38,112,722.3926845
0.00,38,113,722.3235465
0.00,38,114,722.2690709
0.00,38,115,722.2212616
0.00,38,116,722.1969069
0.00,38,117,722.1282774
0.00,38,118,722.0740958
0.00,38,119,722.0264905
0.00,38,120,722.0013762
0.00,38,121,721.9332968
0.00,38,122,721.8794299
0.00,38,123,721.8320403
0.00,38,124,721.8060972
0.00,38,125,721.7386069
0.00,38,126,721.6850741
0.00,38,127,721.637911
0.00,38,128,721.6110749
0.00,38,129,721.5442099
0.00,38,130,721.491029
0.00,38,131,721.4441027
0.00,38,132,721.4163147
0.00,38,133,721.3501082
0.00,38,134,721.2972958
0.00,38,135,721.2506153
0.00,38,136,721.2218218
0.00,38,137,721.156304
0.00,38,138,721.1038752
0.00,38,139,721.0574489
0.00,38,140,721.0276017
0.00,38,141,720.9628
0.00,38,142,720.9107682
0.00,38,143,720.8646036
0.00,38,144,720.8336598
0.00,38,145,720.7695984
0.00,38,146,720.7179758
0.00,38,147,720.6720794
0.00,38,148,720.6400017
0.00,38,149,720.5767018
0.00,38,150,720.525499
0.00,38,151,720.4798765
0.00,38,152,720.4466327
0.00,38,153,720.3841126
0.00,38,154,720.3333387
0.00,38,155,720.2879948
0.00,38,156,720.2535582
0.00,38,157,720.1918331
0.00,38,158,720.1414958
0.00,38,159,720.140621
0.00,38,160,720.0622503
0.00,38,161,720.0006401
0.00,38,162,719.9503989
0.00,38,163,719.9493524
0.00,38,164,719.8711791
0.00,38,165,719.8097255
0.00,38,166,719.7596005
0.00,38,167,719.7582526
0.00,38,168,719.6803443
0.00,38,169,719.6190883
0.00,38,170,719.5690999
0.00,38,171,719.567322
0.00,38,172,719.4897462
0.00,38,173,719.4287283
0.00,38,174,719.3788965
0.00,38,175,719.3765621
0.00,38,176,719.2993854
0.00,38,177,719.2386453
0.00,38,178,719.1889899
0.00,38,179,719.1859755
0.00,38,180,719.109263
0.00,38,181,719.0488395
0.00,38,182,718.9993799
0.00,38,183,718.9955651
0.00,38,184,718.9193806
0.00,38,185,718.8593114
0.00,38,186,718.8100662
0.00,38,187,718.8053351
0.00,38,188,718.7297401
0.00,38,189,718.6700616
0.00,38,190,718.621049
0.00,38,191,718.61529
0.00,38,192,718.5403439
0.00,38,193,718.4810909
0.00,38,194,718.4323282
0.00,38,195,718.4254353
0.00,38,196,718.3511947
0.00,38,197,718.2924004
0.00,38,198,718.243904
0.00,38,199,718.235777
0.00,38,200,718.1622956
0.00,39,1,788.0610554
0.00,39,2,787.8115164
0.00,39,3,786.2965916
0.00,39,4,785.3320652
0.00,39,5,784.8593464
0.00,39,6,783.5653545
0.00,39,7,772.7339116
0.00,39,8,760.1883485
0.00,39,9,758.8403598
0.00,39,10,758.6960791
0.00,39,11,758.1933951
0.00,39,12,757.9331208
0.00,39,13,757.8347813
0.00,39,14,757.3426033
0.00,39,15,757.1038047
0.00,39,16,757.077904
0.00,39,17,756.4871266
0.00,39,18,756.2536245
0.00,39,19,756.2224558
0.00,39,20,755.6518518
0.00,39,21,755.4457992
0.00,39,22,755.1044722
0.00,39,23,754.9612591
0.00,39,24,754.3175705
0.00,39,25,754.1416871
0.00,39,26,753.7677692
0.00,39,27,753.7438999
0.00,39,28,753.0026371
0.00,39,29,752.8660927
0.00,39,30,752.4476232
0.00,39,31,752.1997038
0.00,39,32,752.1188063
0.00,39,33,751.6258824
0.00,39,34,751.3839687
0.00,39,35,751.3050237
0.00,39,36,750.8199043
0.00,39,37,750.5999872
0.00,39,38,750.5961454
0.00,39,39,750.0084857
0.00,39,40,749.7943819
0.00,39,41,749.7868125
0.00,39,42,749.2172258
0.00,39,43,749.0318997
0.00,39,44,748.6947137
0.00,39,45,748.6028337
0.00,39,46,747.9525581
0.00,39,47,747.7999648
0.00,39,48,747.4263541
0.00,39,49,747.1791044
0.00,39,50,747.0733558
0.00,39,51,746.6377937
0.00,39,52,746.396767
0.00,39,53,746.2963703
0.00,39,54,745.8625647
0.00,39,55,745.6406298
0.00,39,56,745.6041973
0.00,39,57,745.0838559
0.00,39,58,744.8683446
0.00,39,59,744.8335686
0.00,39,60,744.3222085
0.00,39,61,744.1319423
0.00,39,62,743.8239415
0.00,39,63,743.6852386
0.00,39,64,743.1051648
0.00,39,65,742.9429434
0.00,39,66,742.6042025
0.00,39,67,742.5771133
0.00,39,68,741.9050729
0.00,39,69,741.7796338
0.00,39,70,741.3987966
0.00,39,71,741.1723691
0.00,39,72,741.0990851
0.00,39,73,740.6485736
0.00,39,74,740.4287947
0.00,39,75,740.3613378
0.00,39,76,739.9123476
0.00,39,77,739.7138295
0.00,39,78,739.4364477
0.00,39,79,739.2406172
0.00,39,80,738.7364375
0.00,39,81,738.5607692
0.00,39,82,738.259037
0.00,39,83,738.1526428
0.00,39,84,737.5755658
0.00,39,85,737.4293064
0.00,39,86,737.0946822
0.00,39,87,736.8652853
0.00,39,88,736.7612801
0.00,39,89,736.3710055
0.00,39,90,736.1481651
0.00,39,91,736.0525182
0.00,39,92,735.6588391
0.00,39,93,735.4537835
0.00,39,94,735.4173135
0.00,39,95,734.9438486
0.00,39,96,734.7459525
0.00,39,97,734.7155809
0.00,39,98,734.2439552
0.00,39,99,734.0701863
0.00,39,100,733.785604
0.00,39,101,733.6646599
0.00,39,102,733.1252037
0.00,39,103,732.9787927
0.00,39,104,732.6636677
0.00,39,105,732.6526562
0.00,39,106,732.021801
0.00,39,107,731.9116669
0.00,39,108,731.5544514
0.00,39,109,731.3486429
0.00,39,110,731.2898922
0.00,39,111,730.8639593
0.00,39,112,730.6653705
0.00,39,113,730.6152142
0.00,39,114,730.1865283
0.00,39,115,730.0093974
0.00,39,116,729.7463872
0.00,39,117,729.5916155
0.00,39,118,729.1039496
0.00,39,119,728.9507385
0.00,39,120,728.6613618
0.00,39,121,728.601902
0.00,39,122,728.0353381
0.00,39,123,727.9135256
0.00,39,124,727.5880948
0.00,39,125,727.3824668
0.00,39,126,727.305466
0.00,39,127,726.9205937
0.00,39,128,726.7221055
0.00,39,129,726.6553625
0.00,39,130,726.2644673
0.00,39,131,726.0851239
0.00,39,132,726.082783
0.00,39,133,725.6046092
0.00,39,134,725.4332848
0.00,39,135,725.1801852
0.00,39,136,724.9757084
0.00,39,137,724.546757
0.00,39,138,724.3658063
0.00,39,139,724.3396377
0.00,39,140,723.906258
0.00,39,141,723.7483662
0.00,39,142,723.4863112
0.00,39,143,723.3825591
0.00,39,144,722.8821427
0.00,39,145,722.7510253
0.00,39,146,722.45857
0.00,39,147,722.2555485
0.00,39,148,722.1629213
0.00,39,149,721.8198774
0.00,39,150,721.6238195
0.00,39,151,721.5427538
0.00,39,152,721.1909218
0.00,39,153,721.0117509
0.00,39,154,720.9867034
0.00,39,155,720.5595103
0.00,39,156,720.3884571
0.00,39,157,720.3744558
0.00,39,158,719.9414417
0.00,39,159,719.794227
0.00,39,160,719.5341626
0.00,39,161,719.4572561
0.00,39,162,718.9529266
0.00,39,163,718.8340235
0.00,39,164,718.5413767
0.00,39,165,718.3487143
0.00,39,166,718.2703399
0.00,39,167,717.9241885
0.00,39,168,717.73883
0.00,39,169,717.6728678
0.00,39,170,717.3169155
0.00,39,171,717.149426
0.00,39,172,717.1431539
0.00,39,173,716.7066451
0.00,39,174,716.547754
0.00,39,175,716.3139303
0.00,39,176,716.1267007
0.00,39,177,715.7277458
0.00,39,178,715.5616492
0.00,39,179,715.542672
0.00,39,180,715.1348797
0.00,39,181,714.9914402
0.00,39,182,714.7450716
0.00,39,183,714.6626822
0.00,39,184,714.1866821
0.00,39,185,714.0702852
0.00,39,186,713.7927285
0.00,39,187,713.6070331
0.00,39,188,713.5293782
0.00,39,189,713.2007808
0.00,39,190,713.0224641
0.00,39,191,712.9581739
0.00,39,192,712.6181168
0.00,39,193,712.4571618
0.00,39,194,712.4507092
0.00,39,195,712.0327429
0.00,39,196,711.8806759
0.00,39,197,711.655781
0.00,39,198,711.4791311
0.00,39,199,711.0934698
0.00,39,200,710.9353032
0.00,40,1,867.2924321
0.00,40,2,867.2785302
0.00,40,3,867.2387241
0.00,40,4,867.2247919
0.00,40,5,867.1640809
0.00,40,6,867.1418871
0.00,40,7,867.1341765
0.00,40,8,867.0854667
0.00,40,9,867.0606728
0.00,40,10,867.0457953
0.00,40,11,867.0074896
0.00,40,12,866.9906646
0.00,40,13,866.9328046
0.00,40,14,866.9100988
0.00,40,15,866.9009231
0.00,40,16,866.8544092
0.00,40,17,866.8506234
0.00,40,18,866.7800867
0.00,40,19,866.7591998
0.00,40,20,866.7545239
0.00,40,21,866.7016419
0.00,40,22,866.6780193
0.00,40,23,866.6662937
0.00,40,24,866.623543
0.00,40,25,866.6129324
0.00,40,26,866.5490393
0.00,40,27,866.5270201
0.00,40,28,866.5192692
0.00,40,29,866.4708946
0.00,40,30,866.4464506
0.00,40,31,866.4324347
0.00,40,32,866.3930744
0.00,40,33,866.3763243
0.00,40,34,866.318418
0.00,40,35,866.2953826
0.00,40,36,866.2848641
0.00,40,37,866.2405575
0.00,40,38,866.2358036
0.00,40,39,866.1668593
0.00,40,40,866.1464034
0.00,40,41,866.1429688
0.00,40,42,866.0884291
0.00,40,43,866.0648395
0.00,40,44,866.0527731
0.00,40,45,866.0107793
0.00,40,46,866.0015281
0.00,40,47,865.936954
0.00,40,48,865.9156942
0.00,40,49,865.9100119
0.00,40,50,865.8588
0.00,40,51,865.8346641
0.00,40,52,865.8210716
0.00,40,53,865.7813606
0.00,40,54,865.7676911
0.00,40,55,865.7074144
0.00,40,56,865.6853691
0.00,40,57,865.6774916
0.00,40,58,865.6295335
0.00,40,59,865.6286358
0.00,40,60,865.5559037
0.00,40,61,865.5355768
0.00,40,62,865.5319046
0.00,40,63,865.4779925
0.00,40,64,865.4547737
0.00,40,65,865.4436645
0.00,40,66,865.4004612
0.00,40,67,865.3909979
0.00,40,68,865.3265809
0.00,40,69,865.3048425
0.00,40,70,865.2973683
0.00,40,71,865.2490197
0.00,40,72,865.2247867
0.00,40,73,865.2108775
0.00,40,74,865.1718073
0.00,40,75,865.154905
0.00,40,76,865.0977225
0.00,40,77,865.0747604
0.00,40,78,865.0639798
0.00,40,79,865.0204838
0.00,40,80,865.014445
0.00,40,81,864.947283
0.00,40,82,864.9266657
0.00,40,83,864.9223192
0.00,40,84,864.8695141
0.00,40,85,864.8458268
0.00,40,86,864.8330529
0.00,40,87,864.7925166
0.00,40,88,864.7807573
0.00,40,89,864.7191288
0.00,40,90,864.6974959
0.00,40,91,864.6903422
0.00,40,92,864.6416808
0.00,40,93,864.61731
0.00,40,94,864.6026536
0.00,40,95,864.5649189
0.00,40,96,864.5477749
0.00,40,97,864.4913639
0.00,40,98,864.4687813
0.00,40,99,864.4590006
0.00,40,100,864.4142242
0.00,40,101,864.4078479
0.00,40,102,864.3409325
0.00,40,103,864.3197762
0.00,40,104,864.3134614
0.00,40,105,864.2637781
0.00,40,106,864.2399684
0.00,40,107,864.2268232
0.00,40,108,864.1870027
0.00,40,109,864.1717561
0.00,40,110,864.1134505
0.00,40,111,864.0908433
0.00,40,112,864.0806319
0.00,40,113,864.0366606
0.00,40,114,864.0317963
0.00,40,115,863.9639725
0.00,40,116,863.9436251
0.00,40,117,863.9396182
0.00,40,118,863.8866552
0.00,40,119,863.8631615
0.00,40,120,863.8505378
0.00,40,121,863.8101359
0.00,40,122,863.7984009
0.00,40,123,863.7372045
0.00,40,124,863.715643
0.00,40,125,863.7083044
0.00,40,126,863.6602512
0.00,40,127,863.6599147
0.00,40,128,863.5875551
0.00,40,129,863.5674429
0.00,40,130,863.563584
0.00,40,131,863.510605
0.00,40,132,863.4875404
0.00,40,133,863.4761039
0.00,40,134,863.434075
0.00,40,135,863.4230101
0.00,40,136,863.361047
0.00,40,137,863.3391885
0.00,40,138,863.3306651
0.00,40,139,863.2845143
0.00,40,140,863.2840573
0.00,40,141,863.2123932
0.00,40,142,863.1928766
0.00,40,143,863.190798
0.00,40,144,863.1352896
0.00,40,145,863.1123596
0.00,40,146,863.1009425
0.00,40,147,863.0590608
0.00,40,148,863.050398
0.00,40,149,862.9866298
0.00,40,150,862.9656654
0.00,40,151,862.959635
0.00,40,152,862.9099415
0.00,40,153,862.8860502
0.00,40,154,862.8720293
0.00,40,155,862.8339998
0.00,40,156,862.817981
0.00,40,157,862.761306
0.00,40,158,862.7390536
0.00,40,159,862.7295032
0.00,40,160,862.6850003
0.00,40,161,862.6785408
0.00,40,162,862.6125065
0.00,40,163,862.5914571
0.00,40,164,862.5847776
0.00,40,165,862.5362135
0.00,40,166,862.512494
0.00,40,167,862.4989522
0.00,40,168,862.4603277
0.00,40,169,862.4434518
0.00,40,170,862.3875168
0.00,40,171,862.364782
0.00,40,172,862.3536054
0.00,40,173,862.3116387
0.00,40,174,862.3033391
0.00,40,175,862.2395684
0.00,40,176,862.2187171
0.00,40,177,862.2127041
0.00,40,178,862.1632405
0.00,40,179,862.1394381
0.00,40,180,862.1253832
0.00,40,181,862.0876708
0.00,40,182,862.0712797
0.00,40,183,862.0153037
0.00,40,184,861.993042
0.00,40,185,861.983189
0.00,40,186,861.939387
0.00,40,187,861.9318592
0.00,40,188,861.8671942
0.00,40,189,861.846024
0.00,40,190,861.8387536
0.00,40,191,861.7913012
0.00,40,192,861.7675057
0.00,40,193,861.7534906
0.00,40,194,861.7158216
0.00,40,195,861.6974729
0.00,40,196,861.6432982
0.00,40,197,861.6203857
0.00,40,198,861.6084753
0.00,40,199,861.5678354
0.00,40,200,861.5571955
0.00,41,1,893.1012597
0.00,41,2,892.7846825
0.00,41,3,892.4349913
0.00,41,4,892.1939995
0.00,41,5,891.8425061
0.00,41,6,891.5520452
0.00,41,7,891.2617988
0.00,41,8,891.1541804
0.00,41,9,890.1443896
0.00,41,10,890.127036
0.00,41,11,889.5702327
0.00,41,12,889.4063787
0.00,41,13,888.9989228
0.00,41,14,888.7475483
0.00,41,15,888.429833
0.00,41,16,888.3316757
0.00,41,17,887.3314673
0.00,41,18,887.2963926
0.00,41,19,886.7678517
0.00,41,20,886.5679779
0.00,41,21,886.2065438
0.00,41,22,886.1711399
0.00,41,23,885.123255
0.00,41,24,885.0732844
0.00,41,25,884.5673722
0.00,41,26,884.3444837
0.00,41,27,884.0137741
0.00,41,28,883.866379
0.00,41,29,882.945222
0.00,41,30,882.8414024
0.00,41,31,882.3969788
0.00,41,32,882.1373433
0.00,41,33,882.1336731
0.00,41,34,881.7880367
0.00,41,35,881.7475432
0.00,41,36,881.2455054
0.00,41,37,881.1529498
0.00,41,38,881.1378382
0.00,41,39,881.1247842
0.00,41,40,880.8297765
0.00,41,41,880.6977122
0.00,41,42,880.2901767
0.00,41,43,880.1587795
0.00,41,44,880.1311785
0.00,41,45,880.1059375
0.00,41,46,880.100642
0.00,41,47,880.0963396
0.00,41,48,879.7514973
0.00,41,49,879.6976292
0.00,41,50,879.2157647
0.00,41,51,879.1123708
0.00,41,52,879.0927257
0.00,41,53,879.0748884
0.00,41,54,878.8053751
0.00,41,55,878.6249448
0.00,41,56,878.2724481
0.00,41,57,878.2240943
0.00,41,58,877.7416707
0.00,41,59,877.6365786
0.00,41,60,877.6156097
0.00,41,61,877.5961845
0.00,41,62,877.3350843
0.00,41,63,877.1372894
0.00,41,64,876.8070278
0.00,41,65,876.7148518
0.00,41,66,876.280987
0.00,41,67,876.1562171
0.00,41,68,876.1287219
0.00,41,69,876.1028223
0.00,41,70,876.0956081
0.00,41,71,876.0883139
0.00,41,72,875.7556536
0.00,41,73,875.6611889
0.00,41,74,875.2330758
0.00,41,75,875.1054849
0.00,41,76,875.0767143
0.00,41,77,875.0494119
0.00,41,78,875.0396422
0.00,41,79,875.0297692
0.00,41,80,874.7112103
0.00,41,81,874.5904082
0.00,41,82,874.1920051
0.00,41,83,874.0533518
0.00,41,84,874.0210084
0.00,41,85,873.9901146
0.00,41,86,873.9741849
0.00,41,87,873.9585262
0.00,41,88,873.6736125
0.00,41,89,873.4994281
0.00,41,90,873.1576984
0.00,41,91,873.0652934
0.00,41,92,872.6436395
0.00,41,93,872.5118106
0.00,41,94,872.4807768
0.00,41,95,872.4508951
0.00,41,96,872.4363377
0.00,41,97,872.4215154
0.00,41,98,872.1302784
0.00,41,99,871.9597933
0.00,41,100,871.6194071
0.00,41,101,871.5175642
0.00,41,102,871.1103226
0.00,41,103,871.1039509
0.00,41,104,870.6030836
0.00,41,105,870.4962438
0.00,41,106,870.4712553
0.00,41,107,870.44665
0.00,41,108,870.4406088
0.00,41,109,870.4325855
0.00,41,110,870.0961981
0.00,41,111,869.9805654
0.00,41,112,869.5919983
0.00,41,113,869.5488726
0.00,41,114,869.0895526
0.00,41,115,868.967372
0.00,41,116,868.9375962
0.00,41,117,868.9083455
0.00,41,118,868.8941937
0.00,41,119,868.8788306
0.00,41,120,868.5876294
0.00,41,121,868.405376
0.00,41,122,868.0881723
0.00,41,123,867.9389957
0.00,41,124,867.5903571
0.00,41,125,867.4805868
0.00,41,126,867.0941821
0.00,41,127,867.0331311
0.00,41,128,866.599655
0.00,41,129,866.4675719
0.00,41,130,866.4343203
0.00,41,131,866.4015109
0.00,41,132,866.3810193
0.00,41,133,866.3596145
0.00,41,134,866.3585377
0.00,41,135,866.3532549
0.00,41,136,865.9905378
0.00,41,137,865.8908183
0.00,41,138,865.4994379
0.00,41,139,865.4363396
0.00,41,140,865.009939
0.00,41,141,864.9903123
0.00,41,142,864.5220382
0.00,41,143,864.3988406
0.00,41,144,864.3671708
0.00,41,145,864.3355448
0.00,41,146,864.3166598
0.00,41,147,864.2962021
0.00,41,148,864.0346423
0.00,41,149,863.8040485
0.00,41,150,863.8024963
0.00,41,151,863.7959899
0.00,41,152,863.4362307
0.00,41,153,863.3210251
0.00,41,154,862.9531324
0.00,41,155,862.846266
0.00,41,156,862.4715488
0.00,41,157,862.3705604
0.00,41,158,861.9914676
0.00,41,159,861.8935121
0.00,41,160,861.512878
0.00,41,161,861.4143659
0.00,41,162,861.035769
0.00,41,163,860.9324252
0.00,41,164,860.5601299
0.00,41,165,860.4469846
0.00,41,166,860.0859502
0.00,41,167,859.9574752
0.00,41,168,859.613221
0.00,41,169,859.4635944
0.00,41,170,859.1419349
0.00,41,171,858.965485
0.00,41,172,858.6720871
0.00,41,173,858.4639026
0.00,41,174,858.4622312
0.00,41,175,858.4538041
0.00,41,176,858.0941705
0.00,41,177,857.9549797
0.00,41,178,857.6275319
0.00,41,179,857.4523396
0.00,41,180,857.1623117
0.00,41,181,856.9467146
0.00,41,182,856.9417063
0.00,41,183,856.9303241
0.00,41,184,856.5900434
0.00,41,185,856.4241579
0.00,41,186,856.1279722
0.00,41,187,855.9161029
0.00,41,188,855.9109474
0.00,41,189,855.8991301
0.00,41,190,855.5595693
0.00,41,191,855.3891969
0.00,41,192,855.1006125
0.00,41,193,854.8787785
0.00,41,194,854.8703095
0.00,41,195,854.8557653
0.00,41,196,854.5360093
0.00,41,197,854.3424593
0.00,41,198,854.3400194
0.00,41,199,854.3296361
0.00,41,200,853.9735332
0.00,42,1,830.1721784
0.00,42,2,830.0485241
0.00,42,3,829.9232105
0.00,42,4,829.8016919
0.00,42,5,829.6786793
0.00,42,6,829.559151
0.00,42,7,829.4382895
0.00,42,8,829.3206305
0.00,42,9,829.2017834
0.00,42,10,829.0858821
0.00,42,11,828.9689235
0.00,42,12,828.8546765
0.00,42,13,828.73949
0.00,42,14,828.6268014
0.00,42,15,828.5132794
0.00,42,16,828.4020601
0.00,42,17,828.2901031
0.00,42,18,828.1802704
0.00,42,19,828.069786
0.00,42,20,827.9612626
0.00,42,21,827.8521653
0.00,42,22,827.7448794
0.00,42,23,827.6370895
0.00,42,24,827.5309742
0.00,42,25,827.4244177
0.00,42,26,827.3194103
0.00,42,27,827.2140184
0.00,42,28,827.1100605
0.00,42,29,827.0057691
0.00,42,30,826.9028059
0.00,42,31,826.7995551
0.00,42,32,826.6975355
0.00,42,33,826.5952695
0.00,42,34,826.4941455
0.00,42,35,826.3928121
0.00,42,36,826.2925389
0.00,42,37,826.1920894
0.00,42,38,826.0926246
0.00,42,39,825.9930135
0.00,42,40,825.8943177
0.00,42,41,825.7955022
0.00,42,42,825.6975381
0.00,42,43,825.5994783
0.00,42,44,825.5022111
0.00,42,45,825.4048696
0.00,42,46,825.3082663
0.00,42,47,825.2116079
0.00,42,48,825.1156377
0.00,42,49,825.0196295
0.00,42,50,824.9242634
0.00,42,51,824.8288743
0.00,42,52,824.7340848
0.00,42,53,824.639286
0.00,42,54,824.5450473
0.00,42,55,824.4508113
0.00,42,56,824.3570991
0.00,42,57,824.2634003
0.00,42,58,824.1701917
0.00,42,59,824.0770059
0.00,42,60,823.9842794
0.00,42,61,823.8915839
0.00,42,62,823.7993189
0.00,42,63,823.7070923
0.00,42,64,823.6152696
0.00,42,65,823.5234918
0.00,42,66,823.4320933
0.00,42,67,823.3407452
0.00,42,68,823.2497537
0.00,42,69,823.1588174
0.00,42,70,823.0682167
0.00,42,71,822.9776755
0.00,42,72,822.8874502
0.00,42,73,822.7972881
0.00,42,74,822.7074238
0.00,42,75,822.6176257
0.00,42,76,822.5281087
0.00,42,77,822.4386605
0.00,42,78,822.3494778
0.00,42,79,822.2603662
0.00,42,80,822.1715056
0.00,42,81,822.0827179
0.00,42,82,821.9941678
0.00,42,83,821.9056921
0.00,42,84,821.8174415
0.00,42,85,821.7292666
0.00,42,86,821.6413051
0.00,42,87,821.5534203
0.00,42,88,821.4657381
0.00,42,89,821.3781333
0.00,42,90,821.2907211
0.00,42,91,821.2033868
0.00,42,92,821.1162359
0.00,42,93,821.0291631
0.00,42,94,820.942265
0.00,42,95,820.8554452
0.00,42,96,820.768792
0.00,42,97,820.6822172
0.00,42,98,820.5958015
0.00,42,99,820.509464
0.00,42,100,820.4232787
0.00,42,101,820.3371713
0.00,42,102,820.2512096
0.00,42,103,820.1653255
0.00,42,104,820.079581
0.00,42,105,819.9939138
0.00,42,106,819.9083805
0.00,42,107,819.822924
0.00,42,108,819.7375961
0.00,42,109,819.6523446
0.00,42,110,819.5672167
0.00,42,111,819.4821646
0.00,42,112,819.3972316
0.00,42,113,819.3123737
0.00,42,114,819.2276306
0.00,42,115,819.142962
0.00,42,116,819.0584042
0.00,42,117,818.9739203
0.00,42,118,818.8895433
0.00,42,119,818.8052396
0.00,42,120,818.7210393
0.00,42,121,818.6369115
0.00,42,122,818.5528839
0.00,42,123,818.4689282
0.00,42,124,818.3850695
0.00,42,125,818.301282
0.00,42,126,818.2175887
0.00,42,127,818.1339658
0.00,42,128,818.0504344
0.00,42,129,817.9669727
0.00,42,130,817.8836
0.00,42,131,817.8002964
0.00,42,132,817.7170793
0.00,42,133,817.6339305
0.00,42,134,817.5508661
0.00,42,135,817.4678693
0.00,42,136,817.3849548
0.00,42,137,817.3021073
0.00,42,138,817.21934
0.00,42,139,817.1366391
0.00,42,140,817.0540166
0.00,42,141,816.9714597
0.00,42,142,816.8889796
0.00,42,143,816.8065644
0.00,42,144,816.7242244
0.00,42,145,816.6419487
0.00,42,146,816.5597465
0.00,42,147,816.5586224
0.00,42,148,816.4720627
0.00,42,149,816.3855849
0.00,42,150,816.2994108
0.00,42,151,816.2133205
0.00,42,152,816.1275162
0.00,42,153,816.0417969
0.00,42,154,815.9563473
0.00,42,155,815.8709837
0.00,42,156,815.7858746
0.00,42,157,815.7008522
0.00,42,158,815.6160702
0.00,42,159,815.5313753
0.00,42,160,815.4469077
0.00,42,161,815.3625274
0.00,42,162,815.2783623
0.00,42,163,815.1942844
0.00,42,164,815.1104104
0.00,42,165,815.0266235
0.00,42,166,814.9430301
0.00,42,167,814.8595233
0.00,42,168,814.7762002
0.00,42,169,814.6929632
0.00,42,170,814.609901
0.00,42,171,814.5269243
0.00,42,172,814.4441138
0.00,42,173,814.3613882
0.00,42,174,814.278821
0.00,42,175,814.1963379
0.00,42,176,814.1140059
0.00,42,177,814.0317571
0.00,42,178,813.9496527
0.00,42,179,813.8676305
0.00,42,180,813.7857464
0.00,42,181,813.7039436
0.00,42,182,813.622273
0.00,42,183,813.5406827
0.00,42,184,813.4592191
0.00,42,185,813.3778348
0.00,42,186,813.296572
0.00,42,187,813.2153875
0.00,42,188,813.1343199
0.00,42,189,813.0533294
0.00,42,190,812.9724513
0.00,42,191,812.8916494
0.00,42,192,812.8109557
0.00,42,193,812.7303371
0.00,42,194,812.6498228
0.00,42,195,812.5693827
0.00,42,196,812.4890431
0.00,42,197,812.4087767
0.00,42,198,812.3286075
0.00,42,199,812.2485104
0.00,42,200,812.1685074
0.00,43,1,812.7793635
0.00,43,2,812.0947003
0.00,43,3,812.0045718
0.00,43,4,811.7496772
0.00,43,5,811.6612796
0.00,43,6,811.2694307
0.00,43,7,811.1285692
0.00,43,8,811.0837215
0.00,43,9,810.7706899
0.00,43,10,810.6198759
0.00,43,11,810.5495274
0.00,43,12,810.2730058
0.00,43,13,810.2316756
0.00,43,14,809.8003063
0.00,43,15,809.6687614
0.00,43,16,809.6449336
0.00,43,17,809.3061151
0.00,43,18,809.1630031
0.00,43,19,809.1099139
0.00,43,20,808.8127948
0.00,43,21,808.657623
0.00,43,22,808.5680673
0.00,43,23,808.3245736
0.00,43,24,808.2536171
0.00,43,25,807.8611765
0.00,43,26,807.7317163
0.00,43,27,807.7123466
0.00,43,28,807.371076
0.00,43,29,807.2261674
0.00,43,30,807.1603642
0.00,43,31,806.8871164
0.00,43,32,806.8860051
0.00,43,33,806.4329134
0.00,43,34,806.3185212
0.00,43,35,806.1160331
0.00,43,36,805.9637431
0.00,43,37,805.6550065
0.00,43,38,805.510523
0.00,43,39,805.4438819
0.00,43,40,805.1756097
0.00,43,41,805.1341068
0.00,43,42,804.7202239
0.00,43,43,804.5921349
0.00,43,44,804.5643789
0.00,43,45,804.2441084
0.00,43,46,804.1040327
0.00,43,47,804.0457864
0.00,43,48,803.7692141
0.00,43,49,803.7473483
0.00,43,50,803.3193584
0.00,43,51,803.1956001
0.00,43,52,803.1757997
0.00,43,53,802.8477776
0.00,43,54,802.7112456
0.00,43,55,802.6590766
0.00,43,56,802.3774216
0.00,43,57,802.3689436
0.00,43,58,801.9327324
0.00,43,59,801.8121857
0.00,43,60,801.7974199
0.00,43,61,801.4657071
0.00,43,62,801.3318098
0.00,43,63,801.283283
0.00,43,64,800.9999447
0.00,43,65,800.9983942
0.00,43,66,800.5600632
0.00,43,67,800.4415971
0.00,43,68,800.4289258
0.00,43,69,800.0976275
0.00,43,70,799.9654617
0.00,43,71,799.9181657
0.00,43,72,799.6365241
0.00,43,73,799.6355885
0.00,43,74,799.2011084
0.00,43,75,799.0836376
0.00,43,76,799.0702527
0.00,43,77,798.7433036
0.00,43,78,798.6120177
0.00,43,79,798.5636905
0.00,43,80,798.2869252
0.00,43,81,798.2807504
0.00,43,82,797.855661
0.00,43,83,797.7381942
0.00,43,84,797.7215441
0.00,43,85,797.4025291
0.00,43,86,797.2713603
0.00,43,87,797.2199891
0.00,43,88,796.9509342
0.00,43,89,796.9343664
0.00,43,90,796.5235421
0.00,43,91,796.4052177
0.00,43,92,796.3831
0.00,43,93,796.0751206
0.00,43,94,795.9434204
0.00,43,95,795.8873122
0.00,43,96,795.6283532
0.00,43,97,795.5971027
0.00,43,98,795.2045931
0.00,43,99,795.0847024
0.00,43,100,795.0553216
0.00,43,101,794.7609103
0.00,43,102,794.6281602
0.00,43,103,794.5659809
0.00,43,104,794.3189959
0.00,43,105,794.2697236
0.00,43,106,793.8986686
0.00,43,107,793.7766665
0.00,43,108,793.7386602
0.00,43,109,793.4597401
0.00,43,110,793.3255562
0.00,43,111,793.2563425
0.00,43,112,793.0226829
0.00,43,113,792.9530189
0.00,43,114,792.6056299
0.00,43,115,792.481135
0.00,43,116,792.4335719
0.00,43,117,792.1714562
0.00,43,118,792.035586
0.00,43,119,791.9587338
0.00,43,120,791.7392386
0.00,43,121,791.6477436
0.00,43,122,791.3253398
0.00,43,123,791.1981259
0.00,43,124,791.1404822
0.00,43,125,790.8959052
0.00,43,126,790.8812506
0.00,43,127,790.4916532
0.00,43,128,790.3835101
0.00,43,129,790.3777639
0.00,43,130,790.0598016
0.00,43,131,789.9334001
0.00,43,132,789.8750256
0.00,43,133,789.6345412
0.00,43,134,789.6150371
0.00,43,135,789.2338419
0.00,43,136,789.1254975
0.00,43,137,789.1161801
0.00,43,138,788.8063286
0.00,43,139,788.6800922
0.00,43,140,788.619342
0.00,43,141,788.3852704
0.00,43,142,788.3561866
0.00,43,143,787.9878007
0.00,43,144,787.8783695
0.00,43,145,787.8631484
0.00,43,146,787.5647458
0.00,43,147,787.4380922
0.00,43,148,787.3734947
0.00,43,149,787.1479156
0.00,43,150,787.1050896
0.00,43,151,786.7533934
0.00,43,152,786.6421122
0.00,43,153,786.6189951
0.00,43,154,786.3348976
0.00,43,155,786.2073324
0.00,43,156,786.137649
0.00,43,157,785.9223146
0.00,43,158,785.8623204
0.00,43,159,785.5305071
0.00,43,160,785.4167647
0.00,43,161,785.3841772
0.00,43,162,785.1166437
0.00,43,163,784.9877778
0.00,43,164,784.9120468
0.00,43,165,784.7083167
0.00,43,166,784.6285814
0.00,43,167,784.3190455
0.00,43,168,784.2024008
0.00,43,169,784.1592332
0.00,43,170,783.9098553
0.00,43,171,783.8925683
0.00,43,172,783.5227609
0.00,43,173,783.4128902
0.00,43,174,783.3833048
0.00,43,175,783.1166708
0.00,43,176,782.9931833
0.00,43,177,782.9289348
0.00,43,178,782.7129424
0.00,43,179,782.6407254
0.00,43,180,782.3273693
0.00,43,181,782.2095584
0.00,43,182,782.1567239
0.00,43,183,781.9264348
0.00,43,184,781.90753
0.00,43,185,781.5486165
0.00,43,186,781.444799
0.00,43,187,781.429856
0.00,43,188,781.1458468
0.00,43,189,781.024575
0.00,43,190,780.9602253
0.00,43,191,780.7493209
0.00,43,192,780.6951798
0.00,43,193,780.3730303
0.00,43,194,780.2634818
0.00,43,195,780.230538
0.00,43,196,779.9753766
0.00,43,197,779.8507262
0.00,43,198,779.7751331
0.00,43,199,779.5832154
0.00,43,200,779.4950264
0.00,44,1,828.3880025
0.00,44,2,828.314185
0.00,44,3,828.2752848
0.00,44,4,828.2184987
0.00,44,5,828.1763714
0.00,44,6,828.1763372
0.00,44,7,828.0852121
0.00,44,8,828.0696068
0.00,44,9,827.9975813
0.00,44,10,827.9707093
0.00,44,11,827.9120488
0.00,44,12,827.8771056
0.00,44,13,827.8278335
0.00,44,14,827.7871503
0.00,44,15,827.7819288
0.00,44,16,827.6993289
0.00,44,17,827.6783521
0.00,44,18,827.6136043
0.00,44,19,827.5820261
0.00,44,20,827.5292854
0.00,44,21,827.4905382
0.00,44,22,827.4459228
0.00,44,23,827.4279676
0.00,44,24,827.3241163
0.00,44,25,827.3159516
0.00,44,26,827.2370273
0.00,44,27,827.2141014
0.00,44,28,827.1518668
0.00,44,29,827.1190021
0.00,44,30,827.0680112
0.00,44,31,827.0284266
0.00,44,32,827.0256689
0.00,44,33,826.9413537
0.00,44,34,826.9235702
0.00,44,35,826.8560365
0.00,44,36,826.8275492
0.00,44,37,826.7719988
0.00,44,38,826.7359273
0.00,44,39,826.6888912
0.00,44,40,826.688359
0.00,44,41,826.5715996
0.00,44,42,826.5264413
0.00,44,43,826.5125767
0.00,44,44,826.4060005
0.00,44,45,826.399683
0.00,44,46,826.3192091
0.00,44,47,826.2975171
0.00,44,48,826.2344435
0.00,44,49,826.2024436
0.00,44,50,826.1510421
0.00,44,51,826.1121017
0.00,44,52,826.1106317
0.00,44,53,826.0254009
0.00,44,54,826.0084974
0.00,44,55,825.9405203
0.00,44,56,825.9126619
0.00,44,57,825.8569611
0.00,44,58,825.8213694
0.00,44,59,825.7743586
0.00,44,60,825.7333343
0.00,44,61,825.7244665
0.00,44,62,825.6472618
0.00,44,63,825.6238622
0.00,44,64,825.5631172
0.00,44,65,825.5299953
0.00,44,66,825.4802692
0.00,44,67,825.4406161
0.00,44,68,825.4359247
0.00,44,69,825.3546637
0.00,44,70,825.3354473
0.00,44,71,825.2704445
0.00,44,72,825.2409585
0.00,44,73,825.187479
0.00,44,74,825.150771
0.00,44,75,825.1054181
0.00,44,76,825.0979702
0.00,44,77,824.9882239
0.00,44,78,824.9872762
0.00,44,79,824.9020936
0.00,44,80,824.8855122
0.00,44,81,824.8178309
0.00,44,82,824.7902057
0.00,44,83,824.734917
0.00,44,84,824.6995335
0.00,44,85,824.6529747
0.00,44,86,824.652596
0.00,44,87,824.5373053
0.00,44,88,824.4928739
0.00,44,89,824.4780359
0.00,44,90,824.3739286
0.00,44,91,824.3666658
0.00,44,92,824.2884292
0.00,44,93,824.2660931
0.00,44,94,824.2049566
0.00,44,95,824.1725995
0.00,44,96,824.1228378
0.00,44,97,824.08379
0.00,44,98,824.0797956
0.00,44,99,823.9985214
0.00,44,100,823.9797546
0.00,44,101,823.9150425
0.00,44,102,823.8858911
0.00,44,103,823.83285
0.00,44,104,823.7964386
0.00,44,105,823.75158
0.00,44,106,823.7433262
0.00,44,107,823.6353153
0.00,44,108,823.6335704
0.00,44,109,823.5500333
0.00,44,110,823.5328352
0.00,44,111,823.4666286
0.00,44,112,823.4385815
0.00,44,113,823.384571
0.00,44,114,823.3489498
0.00,44,115,823.3034775
0.00,44,116,823.2990891
0.00,44,117,823.1881986
0.00,44,118,823.1449459
0.00,44,119,823.1259527
0.00,44,120,823.0264673
0.00,44,121,823.0168654
0.00,44,122,822.9420504
0.00,44,123,822.9181679
0.00,44,124,822.8595797
0.00,44,125,822.8262514
0.00,44,126,822.7784031
0.00,44,127,822.7388012
0.00,44,128,822.7314625
0.00,44,129,822.6546847
0.00,44,130,822.633536
0.00,44,131,822.5722742
0.00,44,132,822.5414853
0.00,44,133,822.4910818
0.00,44,134,822.4535997
0.00,44,135,822.4107574
0.00,44,136,822.3936336
0.00,44,137,822.2940891
0.00,44,138,822.2873208
0.00,44,139,822.2101542
0.00,44,140,822.1893959
0.00,44,141,822.1279553
0.00,44,142,822.0974486
0.00,44,143,822.0469934
0.00,44,144,822.0097309
0.00,44,145,821.9669111
0.00,44,146,821.9502772
0.00,44,147,821.8506702
0.00,44,148,821.8440536
0.00,44,149,821.7669657
0.00,44,150,821.7463049
0.00,44,151,821.6850124
0.00,44,152,821.6545842
0.00,44,153,821.6043044
0.00,44,154,821.5671203
0.00,44,155,821.5244801
0.00,44,156,821.5075049
0.00,44,157,821.4085294
0.00,44,158,821.4016294
0.00,44,159,821.3251067
0.00,44,160,821.3042407
0.00,44,161,821.2434347
0.00,44,162,821.2128756
0.00,44,163,821.1630052
0.00,44,164,821.1257554
0.00,44,165,821.1254087
0.00,44,166,821.0411611
0.00,44,167,821.0233404
0.00,44,168,820.9589932
0.00,44,169,820.929739
0.00,44,170,820.8784162
0.00,44,171,820.8416447
0.00,44,172,820.7988948
0.00,44,173,820.7804901
0.00,44,174,820.6823709
0.00,44,175,820.6725857
0.00,44,176,820.5993158
0.00,44,177,820.5753312
0.00,44,178,820.5182404
0.00,44,179,820.4849576
0.00,44,180,820.4384684
0.00,44,181,820.3990711
0.00,44,182,820.3900521
0.00,44,183,820.3164723
0.00,44,184,820.2941231
0.00,44,185,820.2355681
0.00,44,186,820.2040148
0.00,44,187,820.1558603
0.00,44,188,820.1179865
0.00,44,189,820.114385
0.00,44,190,820.0344003
0.00,44,191,820.0144476
0.00,44,192,819.9531062
0.00,44,193,819.9224915
0.00,44,194,819.8733113
0.00,44,195,819.8357118
0.00,44,196,819.8323973
0.00,44,197,819.7527234
0.00,44,198,819.734313
0.00,44,199,819.6716533
0.00,44,200,819.6428264
0.00,45,1,895.2096314
0.00,45,2,895.0040292
0.00,45,3,894.8627214
0.00,45,4,894.8482051
0.00,45,5,894.6285988
0.00,45,6,894.5550605
0.00,45,7,894.3909172
0.00,45,8,894.3023043
0.00,45,9,894.1785722
0.00,45,10,894.0820987
0.00,45,11,894.0742988
0.00,45,12,893.9197071
0.00,45,13,893.8570104
0.00,45,14,893.7520938
0.00,45,15,893.751739
0.00,45,16,893.4907829
0.00,45,17,893.4478637
0.00,45,18,893.4167891
0.00,45,19,893.4091767
0.00,45,20,893.3048016
0.00,45,21,893.2580081
0.00,45,22,893.184534
0.00,45,23,893.1763008
0.00,45,24,892.9902643
0.00,45,25,892.9566675
0.00,45,26,892.9314552
0.00,45,27,892.9231601
0.00,45,28,892.845047
0.00,45,29,892.8048378
0.00,45,30,892.7482578
0.00,45,31,892.7305772
0.00,45,32,892.5869789
0.00,45,33,892.5577001
0.00,45,34,892.5347828
0.00,45,35,892.5248937
0.00,45,36,892.4620928
0.00,45,37,892.4235653
0.00,45,38,892.4224595
0.00,45,39,892.3454155
0.00,45,40,892.3223661
0.00,45,41,892.2624396
0.00,45,42,892.2283978
0.00,45,43,892.1810643
0.00,45,44,892.1723054
0.00,45,45,892.0425712
0.00,45,46,892.0175184
0.00,45,47,891.9991639
0.00,45,48,891.9938808
0.00,45,49,891.9303407
0.00,45,50,891.9027625
0.00,45,51,891.8527495
0.00,45,52,891.816019
0.00,45,53,891.8132355
0.00,45,54,891.7466871
0.00,45,55,891.7191282
0.00,45,56,891.6702487
0.00,45,57,891.6679691
0.00,45,58,891.5385413
0.00,45,59,891.5140921
0.00,45,60,891.4952745
0.00,45,61,891.4883338
0.00,45,62,891.4309569
0.00,45,63,891.3989796
0.00,45,64,891.3560096
0.00,45,65,891.336356
0.00,45,66,891.2257809
0.00,45,67,891.20085
0.00,45,68,891.1806683
0.00,45,69,891.1704929
0.00,45,70,891.1199019
0.00,45,71,891.0843539
0.00,45,72,891.0808668
0.00,45,73,891.0177542
0.00,45,74,890.9934439
0.00,45,75,890.9436711
0.00,45,76,890.9098135
0.00,45,77,890.9086582
0.00,45,78,890.8417403
0.00,45,79,890.8169052
0.00,45,80,890.7677706
0.00,45,81,890.7317669
0.00,45,82,890.7275364
0.00,45,83,890.6662465
0.00,45,84,890.6410318
0.00,45,85,890.5925993
0.00,45,86,890.5581509
0.00,45,87,890.5561252
0.00,45,88,890.4911604
0.00,45,89,890.4654261
0.00,45,90,890.4175498
0.00,45,91,890.3810399
0.00,45,92,890.3760992
0.00,45,93,890.3164178
0.00,45,94,890.2903097
0.00,45,95,890.243067
0.00,45,96,890.208016
0.00,45,97,890.2051688
0.00,45,98,890.1419649
0.00,45,99,890.1153529
0.00,45,100,890.0686191
0.00,45,101,890.0657057
0.00,45,102,889.9415046
0.00,45,103,889.9177495
0.00,45,104,889.899398
0.00,45,105,889.8924848
0.00,45,106,889.836994
0.00,45,107,889.8056698
0.00,45,108,889.7639419
0.00,45,109,889.7441729
0.00,45,110,889.6366309
0.00,45,111,889.6121718
0.00,45,112,889.59233
0.00,45,113,889.5822364
0.00,45,114,889.5327991
0.00,45,115,889.4977718
0.00,45,116,889.4942177
0.00,45,117,889.4324223
0.00,45,118,889.4083243
0.00,45,119,889.359535
0.00,45,120,889.3260554
0.00,45,121,889.3247501
0.00,45,122,889.2591332
0.00,45,123,889.234475
0.00,45,124,889.1862163
0.00,45,125,889.1505936
0.00,45,126,889.146296
0.00,45,127,889.086052
0.00,45,128,889.0609822
0.00,45,129,889.0133552
0.00,45,130,888.9791945
0.00,45,131,888.9770235
0.00,45,132,888.9131688
0.00,45,133,888.887551
0.00,45,134,888.840446
0.00,45,135,888.8402137
0.00,45,136,888.7145031
0.00,45,137,888.6910663
0.00,45,138,888.6731053
0.00,45,139,888.6667379
0.00,45,140,888.6108038
0.00,45,141,888.5803105
0.00,45,142,888.538348
0.00,45,143,888.5207196
0.00,45,144,888.4121492
0.00,45,145,888.387978
0.00,45,146,888.3684731
0.00,45,147,888.3588214
0.00,45,148,888.3091161
0.00,45,149,888.2747925
0.00,45,150,888.2717223
0.00,45,151,888.2095707
0.00,45,152,888.1862638
0.00,45,153,888.1372624
0.00,45,154,888.1044702
0.00,45,155,888.1036401
0.00,45,156,888.0376813
0.00,45,157,888.013752
0.00,45,158,887.9653384
0.00,45,159,887.9303359
0.00,45,160,887.9264335
0.00,45,161,887.8659897
0.00,45,162,887.8415861
0.00,45,163,887.793866
0.00,45,164,887.7602982
0.00,45,165,887.7584973
0.00,45,166,887.6944884
0.00,45,167,887.6694736
0.00,45,168,887.6223365
0.00,45,169,887.5866632
0.00,45,170,887.5819378
0.00,45,171,887.5231837
0.00,45,172,887.4976975
0.00,45,173,887.4512436
0.00,45,174,887.4169115
0.00,45,175,887.4141534
0.00,45,176,887.3520686
0.00,45,177,887.3259824
0.00,45,178,887.2801065
0.00,45,179,887.2772086
0.00,45,180,887.1553703
0.00,45,181,887.1320477
0.00,45,182,887.1140147
0.00,45,183,887.1071721
0.00,45,184,887.0527982
0.00,45,185,887.0219631
0.00,45,186,886.9810958
0.00,45,187,886.9612496
0.00,45,188,886.8561094
0.00,45,189,886.8320707
0.00,45,190,886.8125327
0.00,45,191,886.8024902
0.00,45,192,886.7541873
0.00,45,193,886.7196182
0.00,45,194,886.7159093
0.00,45,195,886.6556289
0.00,45,196,886.6316102
0.00,45,197,886.5840711
0.00,45,198,886.5508843
0.00,45,199,886.549216
0.00,45,200,886.4854811
0.00,46,1,692.6874504
0.00,46,2,692.6512939
0.00,46,3,692.5410901
0.00,46,4,692.5090819
0.00,46,5,692.4529143
0.00,46,6,692.4348918
0.00,46,7,692.3383923
0.00,46,8,692.3158089
0.00,46,9,692.2671466
0.00,46,10,692.2636653
0.00,46,11,692.1758274
0.00,46,12,692.1604409
0.00,46,13,692.1167291
0.00,46,14,692.0912312
0.00,46,15,692.0820831
0.00,46,16,692.03685
0.00,46,17,692.0152494
0.00,46,18,692.0104894
0.00,46,19,691.965261
0.00,46,20,691.947493
0.00,46,21,691.9222551
0.00,46,22,691.9056883
0.00,46,23,691.8624811
0.00,46,24,691.8482338
0.00,46,25,691.8245418
0.00,46,26,691.8145362
0.00,46,27,691.7721564
0.00,46,28,691.7606647
0.00,46,29,691.7378194
0.00,46,30,691.7333959
0.00,46,31,691.6908569
0.00,46,32,691.6816091
0.00,46,33,691.6590512
0.00,46,34,691.6442923
0.00,46,35,691.6377256
0.00,46,36,691.6131352
0.00,46,37,691.5996931
0.00,46,38,691.5953815
0.00,46,39,691.5691666
0.00,46,40,691.5571826
0.00,46,41,691.5561036
0.00,46,42,691.5266085
0.00,46,43,691.5159286
0.00,46,44,691.4995399
0.00,46,45,691.4890952
0.00,46,46,691.4602011
0.00,46,47,691.4501154
0.00,46,48,691.4340837
0.00,46,49,691.4246799
0.00,46,50,691.396094
0.00,46,51,691.3864804
0.00,46,52,691.3706545
0.00,46,53,691.3621683
0.00,46,54,691.333658
0.00,46,55,691.324435
0.00,46,56,691.3086974
0.00,46,57,691.3010632
0.00,46,58,691.2724395
0.00,46,59,691.2635543
0.00,46,60,691.2478123
0.00,46,61,691.2410053
0.00,46,62,691.2121111
0.00,46,63,691.2035318
0.00,46,64,691.1877107
0.00,46,65,691.1817351
0.00,46,66,691.1524369
0.00,46,67,691.1441464
0.00,46,68,691.1281845
0.00,46,69,691.1230648
0.00,46,70,691.0932465
0.00,46,71,691.0852382
0.00,46,72,691.0690837
0.00,46,73,691.0648586
0.00,46,74,691.0344174
0.00,46,75,691.0266921
0.00,46,76,691.0103003
0.00,46,77,691.0070182
0.00,46,78,690.975861
0.00,46,79,690.9684248
0.00,46,80,690.9517562
0.00,46,81,690.9494722
0.00,46,82,690.9175134
0.00,46,83,690.9103762
0.00,46,84,690.8933954
0.00,46,85,690.8921687
0.00,46,86,690.8593285
0.00,46,87,690.8525027
0.00,46,88,690.8351772
0.00,46,89,690.8350702
0.00,46,90,690.8012733
0.00,46,91,690.7947729
0.00,46,92,690.7770726
0.00,46,93,690.7657446
0.00,46,94,690.7608009
0.00,46,95,690.7411488
0.00,46,96,690.7305849
0.00,46,97,690.7280068
0.00,46,98,690.7052557
0.00,46,99,690.6954901
0.00,46,100,690.6951686
0.00,46,101,690.6695876
0.00,46,102,690.6609702
0.00,46,103,690.646123
0.00,46,104,690.6400452
0.00,46,105,690.6120372
0.00,46,106,690.6042308
0.00,46,107,690.5883625
0.00,46,108,690.5854596
0.00,46,109,690.5546111
0.00,46,110,690.5477513
0.00,46,111,690.5306841
0.00,46,112,690.5193628
0.00,46,113,690.5143903
0.00,46,114,690.4948531
0.00,46,115,689.9007766
0.00,46,116,688.4972628
0.00,46,117,688.1166425
0.00,46,118,686.6830189
0.00,46,119,676.7602724
0.00,46,120,676.1879162
0.00,46,121,676.0873643
0.00,46,122,676.0682626
0.00,46,123,676.0601098
0.00,46,124,676.0479666
0.00,46,125,676.0418245
0.00,46,126,675.5511586
0.00,46,127,675.190735
0.00,46,128,664.5049453
0.00,46,129,663.9060451
0.00,46,130,663.7878843
0.00,46,131,663.7610792
0.00,46,132,663.70037
0.00,46,133,663.662276
0.00,46,134,663.6494039
0.00,46,135,663.5850727
0.00,46,136,663.5575383
0.00,46,137,663.5189969
0.00,46,138,663.5027148
0.00,46,139,663.4319558
0.00,46,140,663.4174699
0.00,46,141,663.3776334
0.00,46,142,663.3552737
0.00,46,143,663.3520622
0.00,46,144,663.304977
0.00,46,145,663.2889504
0.00,46,146,663.261922
0.00,46,147,663.2563033
0.00,46,148,663.2047155
0.00,46,149,663.1957488
0.00,46,150,663.1677418
0.00,46,151,663.1525022
0.00,46,152,663.1503948
0.00,46,153,663.1176131
0.00,46,154,663.1067654
0.00,46,155,663.0868893
0.00,46,156,663.0863386
0.00,46,157,663.0459058
0.00,46,158,663.0408885
0.00,46,159,663.0178284
0.00,46,160,663.0071694
0.00,46,161,662.9924039
0.00,46,162,662.9850036
0.00,46,163,662.9566612
0.00,46,164,662.949873
0.00,46,165,662.932891
0.00,46,166,662.9223736
0.00,46,167,662.9199311
0.00,46,168,662.8986957
0.00,46,169,662.8903439
0.00,46,170,662.8771768
0.00,46,171,662.872543
0.00,46,172,662.8466327
0.00,46,173,662.8409277
0.00,46,174,662.825814
0.00,46,175,662.8165268
0.00,46,176,662.8142026
0.00,46,177,662.795557
0.00,46,178,662.7881395
0.00,46,179,662.776176
0.00,46,180,662.7728715
0.00,46,181,662.7485779
0.00,46,182,662.7438618
0.00,46,183,662.7292485
0.00,46,184,662.7209562
0.00,46,185,662.7199257
0.00,46,186,662.7010059
0.00,46,187,662.6943918
0.00,46,188,662.6826371
0.00,46,189,662.6804662
0.00,46,190,662.6564017
0.00,46,191,662.6519363
0.00,46,192,662.6378725
0.00,46,193,662.6298372
0.00,46,194,662.6285405
0.00,46,195,662.6107503
0.00,46,196,662.6043801
0.00,46,197,662.5929885
0.00,46,198,662.5915881
0.00,46,199,662.5677184
0.00,46,200,662.5638759
0.00,47,1,837.3773901
0.00,47,2,837.3468051
0.00,47,3,837.3022849
0.00,47,4,837.2874317
0.00,47,5,837.2480338
0.00,47,6,837.2158955
0.00,47,7,837.1870012
0.00,47,8,837.186385
0.00,47,9,837.1411266
0.00,47,10,837.1050834
0.00,47,11,837.0736563
0.00,47,12,837.0455119
0.00,47,13,837.0401404
0.00,47,14,836.9979746
0.00,47,15,836.9625646
0.00,47,16,836.9321293
0.00,47,17,836.9043141
0.00,47,18,836.895117
0.00,47,19,836.8540392
0.00,47,20,836.820378
0.00,47,21,836.790504
0.00,47,22,836.7632833
0.00,47,23,836.7502723
0.00,47,24,836.711625
0.00,47,25,836.6785299
0.00,47,26,836.6494479
0.00,47,27,836.6225104
0.00,47,28,836.6063992
0.00,47,29,836.5686974
0.00,47,30,836.5369778
0.00,47,31,836.5083664
0.00,47,32,836.5066373
0.00,47,33,836.4621472
0.00,47,34,836.4265853
0.00,47,35,836.3955085
0.00,47,36,836.3676156
0.00,47,37,836.3613234
0.00,47,38,836.3198
0.00,47,39,836.2848479
0.00,47,40,836.2547238
0.00,47,41,836.2271482
0.00,47,42,836.2171797
0.00,47,43,836.1767034
0.00,47,44,836.1434319
0.00,47,45,836.1138484
0.00,47,46,836.0868449
0.00,47,47,836.0732076
0.00,47,48,836.0350696
0.00,47,49,836.002344
0.00,47,50,835.9735234
0.00,47,51,835.9467933
0.00,47,52,835.9301699
0.00,47,53,835.8929434
0.00,47,54,835.8615435
0.00,47,55,835.8331771
0.00,47,56,835.8306319
0.00,47,57,835.7867659
0.00,47,58,835.7516041
0.00,47,59,835.7208248
0.00,47,60,835.6931524
0.00,47,61,835.6862018
0.00,47,62,835.6452012
0.00,47,63,835.6106281
0.00,47,64,835.5807699
0.00,47,65,835.5534044
0.00,47,66,835.5429003
0.00,47,67,835.5029111
0.00,47,68,835.4699643
0.00,47,69,835.4406291
0.00,47,70,835.4138179
0.00,47,71,835.3997629
0.00,47,72,835.3620385
0.00,47,73,835.3296195
0.00,47,74,835.3010238
0.00,47,75,835.2744777
0.00,47,76,835.2575297
0.00,47,77,835.2206873
0.00,47,78,835.1895548
0.00,47,79,835.1613995
0.00,47,80,835.1583117
0.00,47,81,835.1149373
0.00,47,82,835.0801007
0.00,47,83,835.0495701
0.00,47,84,835.0220895
0.00,47,85,835.0147225
0.00,47,86,834.9741343
0.00,47,87,834.9398675
0.00,47,88,834.910233
0.00,47,89,834.8830505
0.00,47,90,834.8722291
0.00,47,91,834.8326212
0.00,47,92,834.7999386
0.00,47,93,834.7708125
0.00,47,94,834.7441703
0.00,47,95,834.7298916
0.00,47,96,834.6924917
0.00,47,97,834.6603211
0.00,47,98,834.6319163
0.00,47,99,834.6055322
0.00,47,100,834.5884344
0.00,47,101,834.5518913
0.00,47,102,834.5209772
0.00,47,103,834.4930015
0.00,47,104,834.4896265
0.00,47,105,834.4466199
0.00,47,106,834.4120383
0.00,47,107,834.3817108
0.00,47,108,834.3543953
0.00,47,109,834.3468389
0.00,47,110,834.3065593
0.00,47,111,834.2725308
0.00,47,112,834.2430803
0.00,47,113,834.2160554
0.00,47,114,834.2051219
0.00,47,115,834.1657958
0.00,47,116,834.1333205
0.00,47,117,834.1043666
0.00,47,118,834.0778717
0.00,47,119,834.0635519
0.00,47,120,834.0263924
0.00,47,121,833.9944153
0.00,47,122,833.9661692
0.00,47,123,833.9399264
0.00,47,124,833.9228443
0.00,47,125,833.8865201
0.00,47,126,833.8557783
0.00,47,127,833.8279522
0.00,47,128,833.8245323
0.00,47,129,833.7817762
0.00,47,130,833.7473831
0.00,47,131,833.7172154
0.00,47,132,833.6900392
0.00,47,133,833.6825095
0.00,47,134,833.64244
0.00,47,135,833.6085847
0.00,47,136,833.5792806
0.00,47,137,833.5523888
0.00,47,138,833.5415394
0.00,47,139,833.5024001
0.00,47,140,833.4700778
0.00,47,141,833.4412609
0.00,47,142,833.414892
0.00,47,143,833.4007066
0.00,47,144,833.363707
0.00,47,145,833.3318707
0.00,47,146,833.3037523
0.00,47,147,833.2776308
0.00,47,148,833.2607237
0.00,47,149,833.2245413
0.00,47,150,833.193927
0.00,47,151,833.1662217
0.00,47,152,833.1629908
0.00,47,153,833.1203722
0.00,47,154,833.0861032
0.00,47,155,833.0560534
0.00,47,156,833.0289917
0.00,47,157,833.0216982
0.00,47,158,832.9817432
0.00,47,159,832.9479984
0.00,47,160,832.9188041
0.00,47,161,832.8920217
0.00,47,162,832.8814469
0.00,47,163,832.8424022
0.00,47,164,832.8101801
0.00,47,165,832.7814658
0.00,47,166,832.7552026
0.00,47,167,832.7413224
0.00,47,168,832.7044043
0.00,47,169,832.6726574
0.00,47,170,832.6446366
0.00,47,171,832.6186169
0.00,47,172,832.6020404
0.00,47,173,832.5659244
0.00,47,174,832.5353941
0.00,47,175,832.5077814
0.00,47,176,832.5049688
0.00,47,177,832.4623769
0.00,47,178,832.428169
0.00,47,179,832.398196
0.00,47,180,832.3712246
0.00,47,181,832.3643732
0.00,47,182,832.3244388
0.00,47,183,832.2907426
0.00,47,184,832.261622
0.00,47,185,832.2349258
0.00,47,186,832.2248139
0.00,47,187,832.1857729
0.00,47,188,832.1535988
0.00,47,189,832.1249532
0.00,47,190,832.0987755
0.00,47,191,832.0853699
0.00,47,192,832.0484555
0.00,47,193,832.0167471
0.00,47,194,831.9887941
0.00,47,195,831.9628569
0.00,47,196,831.9467659
0.00,47,197,831.9106413
0.00,47,198,831.8801518
0.00,47,199,831.8526034
0.00,47,200,831.8504381
0.00,48,1,847.1233
0.00,48,2,846.9773369
0.00,48,3,846.9570968
0.00,48,4,846.8294762
0.00,48,5,846.755651
0.00,48,6,846.696079
0.00,48,7,846.6099688
0.00,48,8,846.5862077
0.00,48,9,846.4727486
0.00,48,10,846.3986878
0.00,48,11,846.3525735
0.00,48,12,846.2578462
0.00,48,13,846.1896106
0.00,48,14,846.1284708
0.00,48,15,846.0450814
0.00,48,16,846.0209172
0.00,48,17,845.908798
0.00,48,18,845.8349926
0.00,48,19,845.7893152
0.00,48,20,845.6947827
0.00,48,21,845.6267649
0.00,48,22,845.5660645
0.00,48,23,845.4828711
0.00,48,24,845.4591808
0.00,48,25,845.3472282
0.00,48,26,845.2736096
0.00,48,27,845.2283888
0.00,48,28,845.1340299
0.00,48,29,845.0662079
0.00,48,30,845.0059475
0.00,48,31,844.9229402
0.00,48,32,844.8997083
0.00,48,33,844.7879256
0.00,48,34,844.7145005
0.00,48,35,844.6697196
0.00,48,36,844.5755444
0.00,48,37,844.5079201
0.00,48,38,844.4480875
0.00,48,39,844.3652719
0.00,48,40,844.3424775
0.00,48,41,844.2308772
0.00,48,42,844.1576494
0.00,48,43,844.1132925
0.00,48,44,844.0193095
0.00,48,45,843.9518853
0.00,48,46,843.8924684
0.00,48,47,843.8098503
0.00,48,48,843.787473
0.00,48,49,843.6760673
0.00,48,50,843.6030404
0.00,48,51,843.5590922
0.00,48,52,843.4653095
0.00,48,53,843.3980878
0.00,48,54,843.3390744
0.00,48,55,843.2566596
0.00,48,56,843.2346794
0.00,48,57,843.1234803
0.00,48,58,843.0506578
0.00,48,59,843.0071031
0.00,48,60,842.9135289
0.00,48,61,842.8465119
0.00,48,62,842.7878903
0.00,48,63,842.7056843
0.00,48,64,842.6840816
0.00,48,65,842.5731009
0.00,48,66,842.5004862
0.00,48,67,842.4573102
0.00,48,68,842.3639522
0.00,48,69,842.297142
0.00,48,70,842.2389008
0.00,48,71,842.156909
0.00,48,72,842.1356647
0.00,48,73,842.0249137
0.00,48,74,841.9525101
0.00,48,75,841.9096984
0.00,48,76,841.8165641
0.00,48,77,841.749963
0.00,48,78,841.6920908
0.00,48,79,841.6103184
0.00,48,80,841.589414
0.00,48,81,841.4789038
0.00,48,82,841.4067144
0.00,48,83,841.3642528
0.00,48,84,841.2713495
0.00,48,85,841.2049595
0.00,48,86,841.1474454
0.00,48,87,841.0658975
0.00,48,88,841.0453147
0.00,48,89,840.935056
0.00,48,90,840.8630839
0.00,48,91,840.8209588
0.00,48,92,840.7282936
0.00,48,93,840.6621166
0.00,48,94,840.6049498
0.00,48,95,840.5236314
0.00,48,96,840.5033525
0.00,48,97,840.3933556
0.00,48,98,840.3216038
0.00,48,99,840.2798018
0.00,48,100,840.1873815
0.00,48,101,840.1214194
0.00,48,102,840.0645895
0.00,48,103,839.9835051
0.00,48,104,839.9635131
0.00,48,105,839.8537881
0.00,48,106,839.7822592
0.00,48,107,839.7407673
0.00,48,108,839.6485986
0.00,48,109,839.5828531
0.00,48,110,839.52635
0.00,48,111,839.4455042
0.00,48,112,839.4257823
0.00,48,113,839.3163388
0.00,48,114,839.2450357
0.00,48,115,839.2038412
0.00,48,116,839.1119303
0.00,48,117,839.0464031
0.00,48,118,838.9902169
0.00,48,119,838.9096141
0.00,48,120,838.8901461
0.00,48,121,838.7809934
0.00,48,122,838.7099186
0.00,48,123,838.6690093
0.00,48,124,838.5773623
0.00,48,125,838.5120551
0.00,48,126,838.4561761
0.00,48,127,838.3758204
0.00,48,128,838.3565907
0.00,48,129,838.2477378
0.00,48,130,838.1768936
0.00,48,131,838.1362577
0.00,48,132,838.0448805
0.00,48,133,837.9797946
0.00,48,134,837.9242137
0.00,48,135,837.8441089
0.00,48,136,837.8251025
0.00,48,137,837.7165578
0.00,48,138,837.6459467
0.00,48,139,837.6055726
0.00,48,140,837.5144706
0.00,48,141,837.4496076
0.00,48,142,837.3943156
0.00,48,143,837.3144656
0.00,48,144,837.2956677
0.00,48,145,837.1874396
0.00,48,146,837.1170636
0.00,48,147,837.0769402
0.00,48,148,836.9861189
0.00,48,149,836.92148
0.00,48,150,836.8664681
0.00,48,151,836.7868766
0.00,48,152,836.768273
0.00,48,153,836.6603692
0.00,48,154,836.5902305
0.00,48,155,836.550347
0.00,48,156,836.4598114
0.00,48,157,836.3953979
0.00,48,158,836.3406577
0.00,48,159,836.2613279
0.00,48,160,836.2429052
0.00,48,161,836.1353332
0.00,48,162,836.0654336
0.00,48,163,836.0257796
0.00,48,164,835.9355345
0.00,48,165,835.8713475
0.00,48,166,835.8168708
0.00,48,167,835.7378061
0.00,48,168,835.719551
0.00,48,169,835.6123179
0.00,48,170,835.5426593
0.00,48,171,835.5032248
0.00,48,172,835.4132748
0.00,48,173,835.3493152
0.00,48,174,835.2950942
0.00,48,175,835.2162974
0.00,48,176,835.1981974
0.00,48,177,835.0913099
0.00,48,178,835.021894
0.00,48,179,834.9826693
0.00,48,180,834.8930187
0.00,48,181,834.8292875
0.00,48,182,834.7753145
0.00,48,183,834.6967886
0.00,48,184,834.6788316
0.00,48,185,834.572296
0.00,48,186,834.5031243
0.00,48,187,834.4641003
0.00,48,188,834.374753
0.00,48,189,834.3112511
0.00,48,190,834.2575187
0.00,48,191,834.1792663
0.00,48,192,834.1614408
0.00,48,193,834.0552631
0.00,48,194,833.986337
0.00,48,195,833.9475047
0.00,48,196,833.8584646
0.00,48,197,833.7951927
0.00,48,198,833.7416939
0.00,48,199,833.6637174
0.00,48,200,833.6460123
0.00,49,1,687.5807231
0.00,49,2,687.5549377
0.00,49,3,687.5413712
0.00,49,4,687.5365664
0.00,49,5,687.3886398
0.00,49,6,687.3269367
0.00,49,7,687.2378662
0.00,49,8,687.1760772
0.00,49,9,687.1733788
0.00,49,10,687.095802
0.00,49,11,687.076213
0.00,49,12,686.9215197
0.00,49,13,686.9004607
0.00,49,14,686.890297
0.00,49,15,686.8838025
0.00,49,16,686.8814363
0.00,49,17,686.8291709
0.00,49,18,686.7994535
0.00,49,19,686.7579589
0.00,49,20,686.7571614
0.00,49,21,686.6308957
0.00,49,22,686.6200307
0.00,49,23,686.6154557
0.00,49,24,686.6150725
0.00,49,25,686.5643781
0.00,49,26,686.5426368
0.00,49,27,686.4994253
0.00,49,28,686.4720301
0.00,49,29,686.4349466
0.00,49,30,686.4028115
0.00,49,31,686.4014074
0.00,49,32,686.3566713
0.00,49,33,686.3258396
0.00,49,34,686.3243676
0.00,49,35,686.2787742
0.00,49,36,686.2550197
0.00,49,37,686.2150139
0.00,49,38,686.1865298
0.00,49,39,686.151363
0.00,49,40,686.1481539
0.00,49,41,686.0326773
0.00,49,42,686.0222129
0.00,49,43,686.0180313
0.00,49,44,685.9820933
0.00,49,45,685.9642958
0.00,49,46,685.8631519
0.00,49,47,685.8462279
0.00,49,48,685.8381937
0.00,49,49,685.8335079
0.00,49,50,685.8329289
0.00,49,51,685.7854079
0.00,49,52,685.7647571
0.00,49,53,685.7221385
0.00,49,54,685.6971019
0.00,49,55,685.6589207
0.00,49,56,685.62994
0.00,49,57,685.5957535
0.00,49,58,685.5918438
0.00,49,59,685.4778912
0.00,49,60,685.4676604
0.00,49,61,685.4636811
0.00,49,62,685.4276249
0.00,49,63,685.4127716
0.00,49,64,685.3094543
0.00,49,65,685.2931364
0.00,49,66,685.285465
0.00,49,67,685.2813243
0.00,49,68,685.2458668
0.00,49,69,685.2297999
0.00,49,70,685.1279246
0.00,49,71,685.1115571
0.00,49,72,685.1038698
0.00,49,73,685.0996934
0.00,49,74,685.0644692
0.00,49,75,685.0483244
0.00,49,76,684.9467616
0.00,49,77,684.9304667
0.00,49,78,684.9228288
0.00,49,79,684.9187204
0.00,49,80,684.8834299
0.00,49,81,684.8681575
0.00,49,82,684.7659621
0.00,49,83,684.7498442
0.00,49,84,684.7423118
0.00,49,85,684.7383608
0.00,49,86,684.7027471
0.00,49,87,684.6891755
0.00,49,88,684.5855238
0.00,49,89,684.5696752
0.00,49,90,684.5622984
0.00,49,91,684.5585846
0.00,49,92,684.5224194
0.00,49,93,684.5112943
0.00,49,94,684.4054449
0.00,49,95,684.3899494
0.00,49,96,684.3827738
0.00,49,97,684.3793705
0.00,49,98,684.3424454
0.00,49,99,684.3344553
0.00,49,100,684.2257234
0.00,49,101,684.210659
0.00,49,102,684.2037274
0.00,49,103,684.2007033
0.00,49,104,684.1628237
0.00,49,105,684.1586165
0.00,49,106,684.0463579
0.00,49,107,684.031798
0.00,49,108,684.0251509
0.00,49,109,684.0225714
0.00,49,110,683.983553
0.00,49,111,683.9526446
0.00,49,112,683.9511592
0.00,49,113,683.9079547
0.00,49,114,683.8859894
0.00,49,115,683.8459819
0.00,49,116,683.8210627
0.00,49,117,683.7840537
0.00,49,118,683.7563782
0.00,49,119,683.7221702
0.00,49,120,683.6919333
0.00,49,121,683.6914572
0.00,49,122,683.6467072
0.00,49,123,683.6203082
0.00,49,124,683.5848497
0.00,49,125,683.5748398
0.00,49,126,683.4690868
0.00,49,127,683.4541405
0.00,49,128,683.447318
0.00,49,129,683.4444259
0.00,49,130,683.4067112
0.00,49,131,683.4048465
0.00,49,132,683.2912315
0.00,49,133,683.2772915
0.00,49,134,683.2710297
0.00,49,135,683.2690262
0.00,49,136,683.2289184
0.00,49,137,683.1997043
0.00,49,138,683.1990594
0.00,49,139,683.153956
0.00,49,140,683.1348615
0.00,49,141,683.0924939
0.00,49,142,683.0708345
0.00,49,143,683.0310749
0.00,49,144,683.0069797
0.00,49,145,682.9696989
0.00,49,146,682.9432981
0.00,49,147,682.9083658
0.00,49,148,682.8797893
0.00,49,149,682.8470756
0.00,49,150,682.8164524
0.00,49,151,682.81573
0.00,49,152,682.7723349
0.00,49,153,682.7460798
0.00,49,154,682.7110695
0.00,49,155,682.7027374
0.00,49,156,682.5964326
0.00,49,157,682.5820741
0.00,49,158,682.5756251
0.00,49,159,682.5732837
0.00,49,160,682.53463
0.00,49,161,682.5051867
0.00,49,162,682.5044159
0.00,49,163,682.4602369
0.00,49,164,682.441212
0.00,49,165,682.3992441
0.00,49,166,682.3781327
0.00,49,167,682.338293
0.00,49,168,682.3151793
0.00,49,169,682.2773836
0.00,49,170,682.2523527
0.00,49,171,682.2165159
0.00,49,172,682.1896534
0.00,49,173,682.1556899
0.00,49,174,682.1270814
0.00,49,175,682.0949055
0.00,49,176,682.0646365
0.00,49,177,682.0640749
0.00,49,178,682.020783
0.00,49,179,681.9954085
0.00,49,180,681.9600202
0.00,49,181,681.9557282
0.00,49,182,681.8463641
0.00,49,183,681.8328212
0.00,49,184,681.8268685
0.00,49,185,681.8252846
0.00,49,186,681.7850326
0.00,49,187,681.7576862
0.00,49,188,681.7244354
0.00,49,189,681.7135944
0.00,49,190,681.6110294
0.00,49,191,681.5968157
0.00,49,192,681.5905038
0.00,49,193,681.5883288
0.00,49,194,681.5499008
0.00,49,195,681.5214646
0.00,49,196,681.5211924
0.00,49,197,681.4763199
0.00,49,198,681.4593656
0.00,49,199,681.415988
0.00,49,200,681.3976183
0.00,50,1,864.0040712
0.00,50,2,863.7896202
0.00,50,3,863.6194293
0.00,50,4,863.4060117
0.00,50,5,863.3129905
0.00,50,6,863.0851184
0.00,50,7,863.0334128
0.00,50,8,862.784662
0.00,50,9,862.7645198
0.00,50,10,862.4912165
0.00,50,11,862.3952142
0.00,50,12,862.3276893
0.00,50,13,862.3272545
0.00,50,14,862.0800331
0.00,50,15,862.0618552
0.00,50,16,861.7905946
0.00,50,17,861.6953018
0.00,50,18,861.6279196
0.00,50,19,861.626463
0.00,50,20,861.3822261
0.00,50,21,861.3613791
0.00,50,22,861.0942619
0.00,50,23,860.9990575
0.00,50,24,860.9310535
0.00,50,25,860.9272371
0.00,50,26,860.687823
0.00,50,27,860.6620864
0.00,50,28,860.401125
0.00,50,29,860.3995148
0.00,50,30,860.1151146
0.00,50,31,860.0222115
0.00,50,32,859.9584553
0.00,50,33,859.8178574
0.00,50,34,859.6857821
0.00,50,35,859.5322814
0.00,50,36,859.4157874
0.00,50,37,859.2474088
0.00,50,38,859.1487927
0.00,50,39,858.9632605
0.00,50,40,858.8851713
0.00,50,41,858.6798613
0.00,50,42,858.6253581
0.00,50,43,858.3972406
0.00,50,44,858.3698608
0.00,50,45,858.1154328
0.00,50,46,858.021855
0.00,50,47,857.9547115
0.00,50,48,857.9480338
0.00,50,49,857.7172476
0.00,50,50,857.6935187
0.00,50,51,857.4367159
0.00,50,52,857.3438211
0.00,50,53,857.2775278
0.00,50,54,857.2720129
0.00,50,55,857.0402486
0.00,50,56,857.0181605
0.00,50,57,856.7609607
0.00,50,58,856.6685448
0.00,50,59,856.6026306
0.00,50,60,856.5972004
0.00,50,61,856.3662151
0.00,50,62,856.3437046
0.00,50,63,856.0881402
0.00,50,64,855.9959967
0.00,50,65,855.9299864
0.00,50,66,855.9235571
0.00,50,67,855.6951229
0.00,50,68,855.6701351
0.00,50,69,855.4182322
0.00,50,70,855.3261585
0.00,50,71,855.2595874
0.00,50,72,855.2511024
0.00,50,73,855.0269525
0.00,50,74,854.9975042
0.00,50,75,854.7512196
0.00,50,76,854.7475184
0.00,50,77,854.476225
0.00,50,78,854.3866676
0.00,50,79,854.3249322
0.00,50,80,854.1895673
0.00,50,81,854.0563759
0.00,50,82,853.9142271
0.00,50,83,853.7887395
0.00,50,84,853.6394301
0.00,50,85,853.522017
0.00,50,86,853.365174
0.00,50,87,853.2561991
0.00,50,88,853.0914565
0.00,50,89,852.991273
0.00,50,90,852.8182751
0.00,50,91,852.7272226
0.00,50,92,852.545627
0.00,50,93,852.464028
0.00,50,94,852.2735092
0.00,50,95,852.2016656
0.00,50,96,852.0019185
0.00,50,97,851.9401085
0.00,50,98,851.7308515
0.00,50,99,851.679326
0.00,50,100,851.4603046
0.00,50,101,851.419284
0.00,50,102,851.190274
0.00,50,103,851.1599454
0.00,50,104,850.9207556
0.00,50,105,850.9012698
0.00,50,106,850.6517453
0.00,50,107,850.6432141
0.00,50,108,850.3832388
0.00,50,109,850.2942491
0.00,50,110,850.2291795
0.00,50,111,850.2196158
0.00,50,112,850.0041723
0.00,50,113,849.9605141
0.00,50,114,849.736718
0.00,50,115,849.7019569
0.00,50,116,849.4697583
0.00,50,117,849.4439067
0.00,50,118,849.2032892
0.00,50,119,849.186325
0.00,50,120,848.9373069
0.00,50,121,848.9291721
0.00,50,122,848.6718075
0.00,50,123,848.5836522
0.00,50,124,848.5187566
0.00,50,125,848.5076843
0.00,50,126,848.2970204
0.00,50,127,848.2497261
0.00,50,128,848.0325676
0.00,50,129,847.9921685
0.00,50,130,847.7685915
0.00,50,131,847.7349804
0.00,50,132,847.5050888
0.00,50,133,847.4781309
0.00,50,134,847.2420561
0.00,50,135,847.2215894
0.00,50,136,846.9794901
0.00,50,137,846.9653259
0.00,50,138,846.7173877
0.00,50,139,846.7093113
0.00,50,140,846.4557456
0.00,50,141,846.4535176
0.00,50,142,846.1945608
0.00,50,143,846.108067
0.00,50,144,846.0444845
0.00,50,145,846.033717
0.00,50,146,845.8258249
0.00,50,147,845.7776169
0.00,50,148,845.5656885
0.00,50,149,845.5217744
0.00,50,150,845.3060074
0.00,50,151,845.2661705
0.00,50,152,845.046779
0.00,50,153,845.0107871
0.00,50,154,844.7880011
0.00,50,155,844.7556078
0.00,50,156,844.5296712
0.00,50,157,844.5006173
0.00,50,158,844.2717872
0.00,50,159,844.2458022
0.00,50,160,844.014347
0.00,50,161,843.9911503
0.00,50,162,843.7573485
0.00,50,163,843.7366515
0.00,50,164,843.50079
0.00,50,165,843.4822971
0.00,50,166,843.2446695
0.00,50,167,843.2280802
0.00,50,168,842.9889855
0.00,50,169,842.9739955
0.00,50,170,842.7337365
0.00,50,171,842.7200396
0.00,50,172,842.4789209
0.00,50,173,842.4662107
0.00,50,174,842.2245375
0.00,50,175,842.2125086
0.00,50,176,841.9705849
0.00,50,177,841.9589346
0.00,50,178,841.7170622
0.00,50,179,841.7054918
0.00,50,180,841.4639682
0.00,50,181,841.4521844
0.00,50,182,841.2113021
0.00,50,183,841.199018
0.00,50,184,840.9590629
0.00,50,185,840.9459997
0.00,50,186,840.7072499
0.00,50,187,840.6931375
0.00,50,188,840.4558623
0.00,50,189,840.4404405
0.00,50,190,840.2048996
0.00,50,191,840.1879188
0.00,50,192,839.9543611
0.00,50,193,839.9355832
0.00,50,194,839.7042463
0.00,50,195,839.6834455
0.00,50,196,839.4545548
0.00,50,197,839.4315177
0.00,50,198,839.205286
0.00,50,199,839.1798127
0.00,50,200,838.9564395
