SNR_dB,mc_idx,iter_idx,L_val
5.00,1,1,784.2556667
5.00,1,2,784.0485231
5.00,1,3,783.9107983
5.00,1,4,783.8097896
5.00,1,5,783.730713
5.00,1,6,783.6636164
5.00,1,7,783.6035339
5.00,1,8,783.5647385
5.00,1,9,783.4814206
5.00,1,10,783.4119247
5.00,1,11,783.3505388
5.00,1,12,783.3216705
5.00,1,13,783.2334553
5.00,1,14,783.16119
5.00,1,15,783.0982985
5.00,1,16,783.0807089
5.00,1,17,782.9868972
5.00,1,18,782.9114603
5.00,1,19,782.8468407
5.00,1,20,782.8420445
5.00,1,21,782.7418541
5.00,1,22,782.6627946
5.00,1,23,782.5961978
5.00,1,24,782.5364728
5.00,1,25,782.4981168
5.00,1,26,782.4150759
5.00,1,27,782.3463044
5.00,1,28,782.2853803
5.00,1,29,782.2560355
5.00,1,30,782.1684956
5.00,1,31,782.0972658
5.00,1,32,782.0349808
5.00,1,33,782.0157193
5.00,1,34,781.923114
5.00,1,35,781.8491157
5.00,1,36,781.7852926
5.00,1,37,781.7772896
5.00,1,38,781.6789971
5.00,1,39,781.6018903
5.00,1,40,781.5363347
5.00,1,41,781.477512
5.00,1,42,781.4366005
5.00,1,43,781.3558502
5.00,1,44,781.2882547
5.00,1,45,781.2283363
5.00,1,46,781.1957523
5.00,1,47,781.1108923
5.00,1,48,781.0409908
5.00,1,49,780.9798302
5.00,1,50,780.9565552
5.00,1,51,780.8670748
5.00,1,52,780.7945748
5.00,1,53,780.7320107
5.00,1,54,780.7191255
5.00,1,55,780.6244623
5.00,1,56,780.5490416
5.00,1,57,780.4848968
5.00,1,58,780.4835885
5.00,1,59,780.3831246
5.00,1,60,780.3044286
5.00,1,61,780.2385087
5.00,1,62,780.179602
5.00,1,63,780.142808
5.00,1,64,780.060595
5.00,1,65,779.9927676
5.00,1,66,779.9328187
5.00,1,67,779.9038274
5.00,1,68,779.8177117
5.00,1,69,779.7477668
5.00,1,70,779.6866569
5.00,1,71,779.6662407
5.00,1,72,779.5758107
5.00,1,73,779.5035242
5.00,1,74,779.4411258
5.00,1,75,779.4301138
5.00,1,76,779.334927
5.00,1,77,779.2600585
5.00,1,78,779.196235
5.00,1,79,779.1955141
5.00,1,80,779.0950965
5.00,1,81,779.0173889
5.00,1,82,778.9519942
5.00,1,83,778.8937413
5.00,1,84,778.8567624
5.00,1,85,778.7757678
5.00,1,86,778.7085457
5.00,1,87,778.6493203
5.00,1,88,778.6196808
5.00,1,89,778.535052
5.00,1,90,778.4658057
5.00,1,91,778.4055001
5.00,1,92,778.3839047
5.00,1,93,778.2952715
5.00,1,94,778.2237904
5.00,1,95,778.1622894
5.00,1,96,778.1494957
5.00,1,97,778.05646
5.00,1,98,777.9825174
5.00,1,99,777.919697
5.00,1,100,777.9165175
5.00,1,101,777.8186523
5.00,1,102,777.7420049
5.00,1,103,777.6777325
5.00,1,104,777.6202269
5.00,1,105,777.5815836
5.00,1,106,777.5021065
5.00,1,107,777.4363142
5.00,1,108,777.3779906
5.00,1,109,777.3455216
5.00,1,110,777.2629666
5.00,1,111,777.1955206
5.00,1,112,777.1363038
5.00,1,113,777.1104859
5.00,1,114,777.0245962
5.00,1,115,776.9553575
5.00,1,116,776.895169
5.00,1,117,776.8765009
5.00,1,118,776.7870076
5.00,1,119,776.7158309
5.00,1,120,776.6545887
5.00,1,121,776.64359
5.00,1,122,776.5502125
5.00,1,123,776.4769466
5.00,1,124,776.4145655
5.00,1,125,776.4117754
5.00,1,126,776.3142219
5.00,1,127,776.2387098
5.00,1,128,776.1751012
5.00,1,129,776.1183522
5.00,1,130,776.0794144
5.00,1,131,776.0013352
5.00,1,132,775.9363166
5.00,1,133,775.8788298
5.00,1,134,775.8455242
5.00,1,135,775.7646685
5.00,1,136,775.6981224
5.00,1,137,775.6398341
5.00,1,138,775.6125661
5.00,1,139,775.5287182
5.00,1,140,775.460523
5.00,1,141,775.4013671
5.00,1,142,775.3805597
5.00,1,143,775.2934946
5.00,1,144,775.2235231
5.00,1,145,775.1634306
5.00,1,146,775.1495241
5.00,1,147,775.0590073
5.00,1,148,774.9871272
5.00,1,149,774.9260264
5.00,1,150,774.9194778
5.00,1,151,774.825266
5.00,1,152,774.7513397
5.00,1,153,774.6891562
5.00,1,154,774.6333661
5.00,1,155,774.592013
5.00,1,156,774.5160189
5.00,1,157,774.4527416
5.00,1,158,774.3963771
5.00,1,159,774.3594753
5.00,1,160,774.2812868
5.00,1,161,774.2168481
5.00,1,162,774.1598719
5.00,1,163,774.1276489
5.00,1,164,774.0471412
5.00,1,165,773.9814744
5.00,1,166,773.923849
5.00,1,167,773.8965333
5.00,1,168,773.8135811
5.00,1,169,773.746619
5.00,1,170,773.6883071
5.00,1,171,773.6661269
5.00,1,172,773.5806046
5.00,1,173,773.5122803
5.00,1,174,773.4532445
5.00,1,175,773.4364266
5.00,1,176,773.3482091
5.00,1,177,773.2784562
5.00,1,178,773.2186593
5.00,1,179,773.2074276
5.00,1,180,773.1163912
5.00,1,181,773.0451438
5.00,1,182,772.9845492
5.00,1,183,772.9791236
5.00,1,184,772.8851463
5.00,1,185,772.8123401
5.00,1,186,772.750912
5.00,1,187,772.6959885
5.00,1,188,772.6547939
5.00,1,189,772.5802249
5.00,1,190,772.517848
5.00,1,191,772.4624437
5.00,1,192,772.4250638
5.00,1,193,772.3486433
5.00,1,194,772.2852687
5.00,1,195,772.2293575
5.00,1,196,772.1959487
5.00,1,197,772.1175914
5.00,1,198,772.0531716
5.00,1,199,771.9967281
5.00,1,200,771.9674447
5.00,2,1,741.883199
5.00,2,2,741.696809
5.00,2,3,741.6063169
5.00,2,4,741.5519894
5.00,2,5,741.5018307
5.00,2,6,741.4402025
5.00,2,7,741.4032339
5.00,2,8,741.3305836
5.00,2,9,741.3131059
5.00,2,10,741.2239431
5.00,2,11,741.1684972
5.00,2,12,741.1199378
5.00,2,13,741.0571004
5.00,2,14,741.0205317
5.00,2,15,740.9471872
5.00,2,16,740.9274654
5.00,2,17,740.8392665
5.00,2,18,740.7859395
5.00,2,19,740.7355942
5.00,2,20,740.675117
5.00,2,21,740.6372985
5.00,2,22,740.5661735
5.00,2,23,740.5470859
5.00,2,24,740.4600408
5.00,2,25,740.4054925
5.00,2,26,740.3564636
5.00,2,27,740.2947722
5.00,2,28,740.257355
5.00,2,29,740.1854947
5.00,2,30,740.1644232
5.00,2,31,740.0781622
5.00,2,32,740.0255803
5.00,2,33,739.9749467
5.00,2,34,739.9154276
5.00,2,35,739.876962
5.00,2,36,739.8071039
5.00,2,37,739.7868437
5.00,2,38,739.7015167
5.00,2,39,739.6477188
5.00,2,40,739.598445
5.00,2,41,739.5376886
5.00,2,42,739.4997517
5.00,2,43,739.4290746
5.00,2,44,739.4071205
5.00,2,45,739.3223727
5.00,2,46,739.2704087
5.00,2,47,739.219695
5.00,2,48,739.1609464
5.00,2,49,739.1221471
5.00,2,50,739.0532788
5.00,2,51,739.0323182
5.00,2,52,738.9482971
5.00,2,53,738.8951053
5.00,2,54,738.8458067
5.00,2,55,738.7857819
5.00,2,56,738.7476376
5.00,2,57,738.677858
5.00,2,58,738.6554605
5.00,2,59,738.5718263
5.00,2,60,738.5715358
5.00,2,61,738.4683416
5.00,2,62,738.4111391
5.00,2,63,738.3706419
5.00,2,64,738.3039236
5.00,2,65,738.2802108
5.00,2,66,738.1992387
5.00,2,67,738.1472536
5.00,2,68,738.096944
5.00,2,69,738.0385123
5.00,2,70,737.9987604
5.00,2,71,737.9311079
5.00,2,72,737.9062894
5.00,2,73,737.8255145
5.00,2,74,737.8217053
5.00,2,75,737.7223645
5.00,2,76,737.6664533
5.00,2,77,737.6246873
5.00,2,78,737.5597427
5.00,2,79,737.5339226
5.00,2,80,737.4554401
5.00,2,81,737.4536613
5.00,2,82,737.3547955
5.00,2,83,737.2967534
5.00,2,84,737.2573165
5.00,2,85,737.1900814
5.00,2,86,737.1655556
5.00,2,87,737.0852227
5.00,2,88,737.0816995
5.00,2,89,736.9828137
5.00,2,90,736.9271971
5.00,2,91,736.8858855
5.00,2,92,736.8212296
5.00,2,93,736.795896
5.00,2,94,736.7176797
5.00,2,95,736.7164613
5.00,2,96,736.6178071
5.00,2,97,736.5599822
5.00,2,98,736.5211281
5.00,2,99,736.4540658
5.00,2,100,736.4302143
5.00,2,101,736.3499771
5.00,2,102,736.3472789
5.00,2,103,736.2483608
5.00,2,104,736.1928936
5.00,2,105,736.1522791
5.00,2,106,736.0876964
5.00,2,107,736.0632181
5.00,2,108,735.9849457
5.00,2,109,735.9848508
5.00,2,110,735.8859221
5.00,2,111,735.828142
5.00,2,112,735.7901398
5.00,2,113,735.7230049
5.00,2,114,735.7002119
5.00,2,115,735.6197224
5.00,2,116,735.6183932
5.00,2,117,735.5189513
5.00,2,118,735.4634871
5.00,2,119,735.4238162
5.00,2,120,735.3590884
5.00,2,121,735.3358411
5.00,2,122,735.2571851
5.00,2,123,735.2065948
5.00,2,124,735.1576856
5.00,2,125,735.1007399
5.00,2,126,735.0623018
5.00,2,127,734.996224
5.00,2,128,734.9726656
5.00,2,129,734.893532
5.00,2,130,734.8910048
5.00,2,131,734.7933141
5.00,2,132,734.7385194
5.00,2,133,734.6986151
5.00,2,134,734.634742
5.00,2,135,734.6109516
5.00,2,136,734.5334172
5.00,2,137,734.4833592
5.00,2,138,734.4344738
5.00,2,139,734.3781674
5.00,2,140,734.3395964
5.00,2,141,734.2742999
5.00,2,142,734.2504059
5.00,2,143,734.172239
5.00,2,144,734.1691185
5.00,2,145,734.0726327
5.00,2,146,734.0183459
5.00,2,147,733.9784799
5.00,2,148,733.9152212
5.00,2,149,733.8912996
5.00,2,150,733.814528
5.00,2,151,733.7648765
5.00,2,152,733.7162095
5.00,2,153,733.6603634
5.00,2,154,733.6219389
5.00,2,155,733.5571694
5.00,2,156,733.5333377
5.00,2,157,733.4557775
5.00,2,158,733.4526258
5.00,2,159,733.3568376
5.00,2,160,733.3029076
5.00,2,161,733.2633339
5.00,2,162,733.2004651
5.00,2,163,733.1767983
5.00,2,164,733.1004531
5.00,2,165,733.0510901
5.00,2,166,733.0028245
5.00,2,167,732.9472703
5.00,2,168,732.9092563
5.00,2,169,732.8447736
5.00,2,170,732.8213816
5.00,2,171,732.7440868
5.00,2,172,732.7414395
5.00,2,173,732.6458659
5.00,2,174,732.5921486
5.00,2,175,732.5531104
5.00,2,176,732.4904165
5.00,2,177,732.4673754
5.00,2,178,732.3911335
5.00,2,179,732.3419454
5.00,2,180,732.2942583
5.00,2,181,732.2388332
5.00,2,182,732.2014856
5.00,2,183,732.137057
5.00,2,184,732.1144719
5.00,2,185,732.0371108
5.00,2,186,732.0354902
5.00,2,187,731.9396608
5.00,2,188,731.8860153
5.00,2,189,731.8477514
5.00,2,190,731.7850215
5.00,2,191,731.7629712
5.00,2,192,731.6865154
5.00,2,193,731.6373902
5.00,2,194,731.5904565
5.00,2,195,731.5349999
5.00,2,196,731.4985725
5.00,2,197,731.4339676
5.00,2,198,731.4125547
5.00,2,199,731.3347977
5.00,2,200,731.3347254
5.00,3,1,792.3300032
5.00,3,2,792.2001421
5.00,3,3,792.1232644
5.00,3,4,792.0645819
5.00,3,5,792.0199078
5.00,3,6,791.9810038
5.00,3,7,791.9466772
5.00,3,8,791.9145716
5.00,3,9,791.8997371
5.00,3,10,791.8537441
5.00,3,11,791.8152771
5.00,3,12,791.7802886
5.00,3,13,791.7481448
5.00,3,14,791.7365353
5.00,3,15,791.6904465
5.00,3,16,791.6500915
5.00,3,17,791.6148318
5.00,3,18,791.5820664
5.00,3,19,791.5746193
5.00,3,20,791.5254285
5.00,3,21,791.4851693
5.00,3,22,791.4489589
5.00,3,23,791.4161255
5.00,3,24,791.4122473
5.00,3,25,791.3630748
5.00,3,26,791.3205516
5.00,3,27,791.2840844
5.00,3,28,791.2505214
5.00,3,29,791.2192676
5.00,3,30,791.199589
5.00,3,31,791.1569406
5.00,3,32,791.1190892
5.00,3,33,791.0853337
5.00,3,34,791.0536376
5.00,3,35,791.0369456
5.00,3,36,790.9920724
5.00,3,37,790.9543088
5.00,3,38,790.9198844
5.00,3,39,790.8881534
5.00,3,40,790.8739706
5.00,3,41,790.8291387
5.00,3,42,790.7897826
5.00,3,43,790.7551926
5.00,3,44,790.722959
5.00,3,45,790.7119376
5.00,3,46,790.6645769
5.00,3,47,790.6254533
5.00,3,48,790.5901204
5.00,3,49,790.5578886
5.00,3,50,790.5494003
5.00,3,51,790.5022981
5.00,3,52,790.4613688
5.00,3,53,790.4259124
5.00,3,54,790.3931185
5.00,3,55,790.3879134
5.00,3,56,790.3379787
5.00,3,57,790.2974603
5.00,3,58,790.2611923
5.00,3,59,790.2284481
5.00,3,60,790.2257294
5.00,3,61,790.1763208
5.00,3,62,790.1337857
5.00,3,63,790.0974517
5.00,3,64,790.0640889
5.00,3,65,790.0330678
5.00,3,66,790.0133621
5.00,3,67,789.9710298
5.00,3,68,789.9335307
5.00,3,69,789.9001063
5.00,3,70,789.868734
5.00,3,71,789.8511231
5.00,3,72,789.8069822
5.00,3,73,789.7697775
5.00,3,74,789.7358498
5.00,3,75,789.7045278
5.00,3,76,789.6884581
5.00,3,77,789.6446943
5.00,3,78,789.6062287
5.00,3,79,789.572282
5.00,3,80,789.5405859
5.00,3,81,789.526568
5.00,3,82,789.4808721
5.00,3,83,789.4428324
5.00,3,84,789.4083634
5.00,3,85,789.3767564
5.00,3,86,789.3641349
5.00,3,87,789.3190131
5.00,3,88,789.2796309
5.00,3,89,789.2451939
5.00,3,90,789.2131956
5.00,3,91,789.2025314
5.00,3,92,789.1553798
5.00,3,93,789.1165665
5.00,3,94,789.0815982
5.00,3,95,789.0497322
5.00,3,96,789.0402702
5.00,3,97,788.9939061
5.00,3,98,788.9536875
5.00,3,99,788.9188092
5.00,3,100,788.8865418
5.00,3,101,788.878891
5.00,3,102,788.8304309
5.00,3,103,788.7909311
5.00,3,104,788.7555233
5.00,3,105,788.7234346
5.00,3,106,788.7167464
5.00,3,107,788.6692964
5.00,3,108,788.6283514
5.00,3,109,788.5930968
5.00,3,110,788.5606043
5.00,3,111,788.5555318
5.00,3,112,788.5059563
5.00,3,113,788.4658812
5.00,3,114,788.4301104
5.00,3,115,788.3978447
5.00,3,116,788.3934568
5.00,3,117,788.3451145
5.00,3,118,788.30358
5.00,3,119,788.2680287
5.00,3,120,788.2353652
5.00,3,121,788.2323531
5.00,3,122,788.1818959
5.00,3,123,788.1413774
5.00,3,124,788.105335
5.00,3,125,788.0729458
5.00,3,126,788.070311
5.00,3,127,788.0213018
5.00,3,128,787.9793376
5.00,3,129,787.9435814
5.00,3,130,787.9108091
5.00,3,131,787.9092732
5.00,3,132,787.8582013
5.00,3,133,787.8173883
5.00,3,134,787.7811773
5.00,3,135,787.7487246
5.00,3,136,787.7472403
5.00,3,137,787.6978139
5.00,3,138,787.6555975
5.00,3,139,787.6197372
5.00,3,140,787.5869244
5.00,3,141,787.5862346
5.00,3,142,787.5348388
5.00,3,143,787.4938921
5.00,3,144,787.4576235
5.00,3,145,787.4251715
5.00,3,146,787.4242012
5.00,3,147,787.374623
5.00,3,148,787.3323428
5.00,3,149,787.2964849
5.00,3,150,787.2637035
5.00,3,151,787.2632066
5.00,3,152,787.2117908
5.00,3,153,787.1708774
5.00,3,154,787.1346662
5.00,3,155,787.1022812
5.00,3,156,787.1011776
5.00,3,157,787.0517195
5.00,3,158,787.0095677
5.00,3,159,786.9738203
5.00,3,160,786.9411432
5.00,3,161,786.9401869
5.00,3,162,786.8890566
5.00,3,163,786.8483437
5.00,3,164,786.8123047
5.00,3,165,786.7800524
5.00,3,166,786.778181
5.00,3,167,786.7291117
5.00,3,168,786.6872771
5.00,3,169,786.6517462
5.00,3,170,786.6192443
5.00,3,171,786.6172011
5.00,3,172,786.5666519
5.00,3,173,786.5263012
5.00,3,174,786.4905445
5.00,3,175,786.458488
5.00,3,176,786.4552499
5.00,3,177,786.4068252
5.00,3,178,786.3654863
5.00,3,179,786.3302718
5.00,3,180,786.2980116
5.00,3,181,786.2943009
5.00,3,182,786.2446077
5.00,3,183,786.2047697
5.00,3,184,786.169397
5.00,3,185,786.1375944
5.00,3,186,786.1324463
5.00,3,187,786.0849008
5.00,3,188,786.0442193
5.00,3,189,786.0094121
5.00,3,190,785.9774533
5.00,3,191,785.9715601
5.00,3,192,785.9229681
5.00,3,193,785.8837774
5.00,3,194,785.8488785
5.00,3,195,785.8173812
5.00,3,196,785.8098524
5.00,3,197,785.7633922
5.00,3,198,785.723508
5.00,3,199,785.6891867
5.00,3,200,785.6575804
5.00,4,1,790.5460979
5.00,4,2,789.8364479
5.00,4,3,789.0614084
5.00,4,4,788.4430528
5.00,4,5,787.7779486
5.00,4,6,787.2336196
5.00,4,7,786.6618161
5.00,4,8,786.1823499
5.00,4,9,785.6883257
5.00,4,10,785.2645666
5.00,4,11,784.8345859
5.00,4,12,784.4578956
5.00,4,13,784.0801217
5.00,4,14,783.7426775
5.00,4,15,783.4071191
5.00,4,16,783.1020479
5.00,4,17,782.8004061
5.00,4,18,782.5218067
5.00,4,19,782.2472763
5.00,4,20,781.9901719
5.00,4,21,781.7372291
5.00,4,22,781.497482
5.00,4,23,781.2616792
5.00,4,24,781.0358886
5.00,4,25,780.8136687
5.00,4,26,780.5990654
5.00,4,27,780.3875989
5.00,4,28,780.1819454
5.00,4,29,779.9789915
5.00,4,30,779.7804918
5.00,4,31,779.5842826
5.00,4,32,779.3915027
5.00,4,33,779.200648
5.00,4,34,779.0124487
5.00,4,35,778.825858
5.00,4,36,778.6413376
5.00,4,37,778.4581581
5.00,4,38,778.2766058
5.00,4,39,778.0961714
5.00,4,40,777.9170284
5.00,4,41,777.8975046
5.00,4,42,777.679568
5.00,4,43,777.4655691
5.00,4,44,777.2586784
5.00,4,45,777.0551309
5.00,4,46,776.8569373
5.00,4,47,776.6615273
5.00,4,48,776.4701687
5.00,4,49,776.2811048
5.00,4,50,776.0951233
5.00,4,51,775.911022
5.00,4,52,775.7292813
5.00,4,53,775.5490767
5.00,4,54,775.3706943
5.00,4,55,775.1935673
5.00,4,56,775.0178602
5.00,4,57,775.0120984
5.00,4,58,774.7949704
5.00,4,59,774.5824173
5.00,4,60,774.3775649
5.00,4,61,774.1765093
5.00,4,62,773.9811725
5.00,4,63,773.7889309
5.00,4,64,773.6009561
5.00,4,65,773.4154822
5.00,4,66,773.2332094
5.00,4,67,773.0529464
5.00,4,68,772.8751013
5.00,4,69,772.6988681
5.00,4,70,772.5244761
5.00,4,71,772.3513784
5.00,4,72,772.1796968
5.00,4,73,772.1531761
5.00,4,74,771.9419028
5.00,4,75,771.7354781
5.00,4,76,771.5364683
5.00,4,77,771.3413809
5.00,4,78,771.1517359
5.00,4,79,770.9652184
5.00,4,80,770.7827158
5.00,4,81,770.6026896
5.00,4,82,770.425643
5.00,4,83,770.2505506
5.00,4,84,770.0776858
5.00,4,85,769.9063625
5.00,4,86,769.7367199
5.00,4,87,769.568297
5.00,4,88,769.5367156
5.00,4,89,769.327046
5.00,4,90,769.1261303
5.00,4,91,768.9298571
5.00,4,92,768.739933
5.00,4,93,768.5536591
5.00,4,94,768.3720031
5.00,4,95,768.1931956
5.00,4,96,768.0177662
5.00,4,97,767.8445504
5.00,4,98,767.6738232
5.00,4,99,767.5048151
5.00,4,100,767.3376563
5.00,4,101,767.1718358
5.00,4,102,767.1544972
5.00,4,103,766.9448677
5.00,4,104,766.7447354
5.00,4,105,766.5497416
5.00,4,106,766.3615535
5.00,4,107,766.1773454
5.00,4,108,765.9980282
5.00,4,109,765.821771
5.00,4,110,765.6490485
5.00,4,111,765.4786696
5.00,4,112,765.3108635
5.00,4,113,765.1448512
5.00,4,114,764.980728
5.00,4,115,764.817982
5.00,4,116,764.7919407
5.00,4,117,764.586285
5.00,4,118,764.3900972
5.00,4,119,764.1992169
5.00,4,120,764.0150501
5.00,4,121,763.834929
5.00,4,122,763.6595834
5.00,4,123,763.4873022
5.00,4,124,763.318438
5.00,4,125,763.1518878
5.00,4,126,762.9878009
5.00,4,127,762.8254623
5.00,4,128,762.6649161
5.00,4,129,762.6578827
5.00,4,130,762.4528694
5.00,4,131,762.2546102
5.00,4,132,762.0651009
5.00,4,133,761.8807153
5.00,4,134,761.7024681
5.00,4,135,761.5280642
5.00,4,136,761.3579892
5.00,4,137,761.1907831
5.00,4,138,761.0266497
5.00,4,139,760.8646546
5.00,4,140,760.7048587
5.00,4,141,760.54666
5.00,4,142,760.540265
5.00,4,143,760.3353806
5.00,4,144,760.1411874
5.00,4,145,759.9531584
5.00,4,146,759.772552
5.00,4,147,759.5965256
5.00,4,148,759.425669
5.00,4,149,759.2581944
5.00,4,150,759.0943418
5.00,4,151,758.9329799
5.00,4,152,758.7741746
5.00,4,153,758.6172054
5.00,4,154,758.4620582
5.00,4,155,758.4377157
5.00,4,156,758.2400661
5.00,4,157,758.0494982
5.00,4,158,757.8674476
5.00,4,159,757.6906197
5.00,4,160,757.5196578
5.00,4,161,757.3525123
5.00,4,162,757.1894297
5.00,4,163,757.0291264
5.00,4,164,756.871657
5.00,4,165,756.716212
5.00,4,166,756.5627617
5.00,4,167,756.5556833
5.00,4,168,756.3567291
5.00,4,169,756.1655522
5.00,4,170,755.9836099
5.00,4,171,755.8073446
5.00,4,172,755.6373765
5.00,4,173,755.4715132
5.00,4,174,755.3099679
5.00,4,175,755.1513794
5.00,4,176,754.9957722
5.00,4,177,754.8422949
5.00,4,178,754.6908945
5.00,4,179,754.6864115
5.00,4,180,754.488827
5.00,4,181,754.2993889
5.00,4,182,754.1194173
5.00,4,183,753.9453261
5.00,4,184,753.7776334
5.00,4,185,753.6141467
5.00,4,186,753.4550087
5.00,4,187,753.2988686
5.00,4,188,753.1457048
5.00,4,189,752.9946784
5.00,4,190,752.8457077
5.00,4,191,752.8295976
5.00,4,192,752.6361606
5.00,4,193,752.4508577
5.00,4,194,752.2747385
5.00,4,195,752.1044214
5.00,4,196,751.9402629
5.00,4,197,751.780209
5.00,4,198,751.6243089
5.00,4,199,751.4713044
5.00,4,200,751.321122
5.00,5,1,865.315167
5.00,5,2,865.1624929
5.00,5,3,865.0225311
5.00,5,4,864.8994097
5.00,5,5,864.7853675
5.00,5,6,864.6824487
5.00,5,7,864.5860041
5.00,5,8,864.4969416
5.00,5,9,864.4124547
5.00,5,10,864.3328877
5.00,5,11,864.2565323
5.00,5,12,864.183469
5.00,5,13,864.1126485
5.00,5,14,864.0440392
5.00,5,15,863.9769909
5.00,5,16,863.9114337
5.00,5,17,863.846961
5.00,5,18,863.783498
5.00,5,19,863.7207883
5.00,5,20,863.7184339
5.00,5,21,863.6356832
5.00,5,22,863.5575878
5.00,5,23,863.4825607
5.00,5,24,863.4106409
5.00,5,25,863.3408553
5.00,5,26,863.2731517
5.00,5,27,863.2069277
5.00,5,28,863.1421044
5.00,5,29,863.0783054
5.00,5,30,863.0154528
5.00,5,31,862.9533093
5.00,5,32,862.9422158
5.00,5,33,862.861535
5.00,5,34,862.7851742
5.00,5,35,862.7116926
5.00,5,36,862.6410882
5.00,5,37,862.572478
5.00,5,38,862.5057915
5.00,5,39,862.4404823
5.00,5,40,862.3764644
5.00,5,41,862.3133967
5.00,5,42,862.2511998
5.00,5,43,862.1896588
5.00,5,44,862.1687836
5.00,5,45,862.0904149
5.00,5,46,862.0159791
5.00,5,47,861.9441969
5.00,5,48,861.8750288
5.00,5,49,861.8076909
5.00,5,50,861.7420973
5.00,5,51,861.6777631
5.00,5,52,861.6145976
5.00,5,53,861.5522981
5.00,5,54,861.4907853
5.00,5,55,861.4783639
5.00,5,56,861.3989101
5.00,5,57,861.3229504
5.00,5,58,861.2505145
5.00,5,59,861.1804868
5.00,5,60,861.112797
5.00,5,61,861.0467614
5.00,5,62,860.9822829
5.00,5,63,860.9189385
5.00,5,64,860.8566358
5.00,5,65,860.7951105
5.00,5,66,860.7902354
5.00,5,67,860.7090031
5.00,5,68,860.6324511
5.00,5,69,860.5590182
5.00,5,70,860.4886738
5.00,5,71,860.4204693
5.00,5,72,860.3543106
5.00,5,73,860.2896158
5.00,5,74,860.2262817
5.00,5,75,860.1639477
5.00,5,76,860.1025228
5.00,5,77,860.0417815
5.00,5,78,860.0215836
5.00,5,79,859.9438745
5.00,5,80,859.8701997
5.00,5,81,859.7992593
5.00,5,82,859.7309771
5.00,5,83,859.6645626
5.00,5,84,859.5999065
5.00,5,85,859.5365233
5.00,5,86,859.474308
5.00,5,87,859.4129596
5.00,5,88,859.3523908
5.00,5,89,859.3357933
5.00,5,90,859.2579649
5.00,5,91,859.1835961
5.00,5,92,859.1126519
5.00,5,93,859.0440682
5.00,5,94,858.9777382
5.00,5,95,858.9130136
5.00,5,96,858.8497781
5.00,5,97,858.7876328
5.00,5,98,858.7264756
5.00,5,99,858.6660589
5.00,5,100,858.6517882
5.00,5,101,858.5733158
5.00,5,102,858.4991904
5.00,5,103,858.4280031
5.00,5,104,858.3596625
5.00,5,105,858.2933171
5.00,5,106,858.2288433
5.00,5,107,858.165721
5.00,5,108,858.1038341
5.00,5,109,858.0428621
5.00,5,110,857.9827095
5.00,5,111,857.9691159
5.00,5,112,857.8911512
5.00,5,113,857.8168088
5.00,5,114,857.7460312
5.00,5,115,857.6777104
5.00,5,116,857.611722
5.00,5,117,857.5473947
5.00,5,118,857.4845994
5.00,5,119,857.4229252
5.00,5,120,857.3622618
5.00,5,121,857.3023552
5.00,5,122,857.2881045
5.00,5,123,857.2101241
5.00,5,124,857.1365407
5.00,5,125,857.065938
5.00,5,126,856.9981991
5.00,5,127,856.9324719
5.00,5,128,856.8686173
5.00,5,129,856.8061171
5.00,5,130,856.7448464
5.00,5,131,856.684487
5.00,5,132,856.6249387
5.00,5,133,856.6084452
5.00,5,134,856.5315868
5.00,5,135,856.4583108
5.00,5,136,856.3885207
5.00,5,137,856.3211449
5.00,5,138,856.2560382
5.00,5,139,856.1925538
5.00,5,140,856.1305524
5.00,5,141,856.0696394
5.00,5,142,856.0096999
5.00,5,143,855.9504909
5.00,5,144,855.9306047
5.00,5,145,855.854363
5.00,5,146,855.7823009
5.00,5,147,855.7130943
5.00,5,148,855.6465971
5.00,5,149,855.5820149
5.00,5,150,855.5191959
5.00,5,151,855.4576584
5.00,5,152,855.3972731
5.00,5,153,855.3377452
5.00,5,154,855.333625
5.00,5,155,855.2541105
5.00,5,156,855.1795457
5.00,5,157,855.1083181
5.00,5,158,855.0402862
5.00,5,159,854.9744883
5.00,5,160,854.9107615
5.00,5,161,854.8485264
5.00,5,162,854.7876391
5.00,5,163,854.7277467
5.00,5,164,854.6687354
5.00,5,165,854.6577353
5.00,5,166,854.5803972
5.00,5,167,854.5069248
5.00,5,168,854.4371887
5.00,5,169,854.3700363
5.00,5,170,854.3052958
5.00,5,171,854.2422769
5.00,5,172,854.1808211
5.00,5,173,854.1205105
5.00,5,174,854.0612175
5.00,5,175,854.0026865
5.00,5,176,853.9841219
5.00,5,177,853.9083178
5.00,5,178,853.8368164
5.00,5,179,853.7682605
5.00,5,180,853.7024719
5.00,5,181,853.6386418
5.00,5,182,853.5765985
5.00,5,183,853.5158547
5.00,5,184,853.4562694
5.00,5,185,853.3975461
5.00,5,186,853.3906741
5.00,5,187,853.3124554
5.00,5,188,853.239131
5.00,5,189,853.1691256
5.00,5,190,853.1022568
5.00,5,191,853.0375904
5.00,5,192,852.9749419
5.00,5,193,852.9137513
5.00,5,194,852.8538642
5.00,5,195,852.7949414
5.00,5,196,852.7368645
5.00,5,197,852.7194341
5.00,5,198,852.644207
5.00,5,199,852.5726881
5.00,5,200,852.5046927
5.00,6,1,774.4984888
5.00,6,2,774.4610419
5.00,6,3,774.4299628
5.00,6,4,774.4040689
5.00,6,5,774.3808263
5.00,6,6,774.3595521
5.00,6,7,774.3530969
5.00,6,8,774.3220997
5.00,6,9,774.2954174
5.00,6,10,774.2721037
5.00,6,11,774.2505817
5.00,6,12,774.2457024
5.00,6,13,774.2134548
5.00,6,14,774.186891
5.00,6,15,774.1632096
5.00,6,16,774.141686
5.00,6,17,774.138129
5.00,6,18,774.1059782
5.00,6,19,774.0785185
5.00,6,20,774.0547596
5.00,6,21,774.032954
5.00,6,22,774.0311553
5.00,6,23,773.9975877
5.00,6,24,773.9702729
5.00,6,25,773.9460972
5.00,6,26,773.9242918
5.00,6,27,773.9239595
5.00,6,28,773.8905204
5.00,6,29,773.8621874
5.00,6,30,773.8379284
5.00,6,31,773.8158016
5.00,6,32,773.795232
5.00,6,33,773.782926
5.00,6,34,773.7545765
5.00,6,35,773.7297134
5.00,6,36,773.7075118
5.00,6,37,773.6867518
5.00,6,38,773.6757585
5.00,6,39,773.6464434
5.00,6,40,773.6216218
5.00,6,41,773.5991313
5.00,6,42,773.5783559
5.00,6,43,773.5685061
5.00,6,44,773.5391853
5.00,6,45,773.5136747
5.00,6,46,773.4911017
5.00,6,47,773.4701082
5.00,6,48,773.4617281
5.00,6,49,773.4313075
5.00,6,50,773.4058531
5.00,6,51,773.3829508
5.00,6,52,773.3619412
5.00,6,53,773.3548342
5.00,6,54,773.3244232
5.00,6,55,773.2981815
5.00,6,56,773.2751886
5.00,6,57,773.2539288
5.00,6,58,773.2484703
5.00,6,59,773.2168043
5.00,6,60,773.1906379
5.00,6,61,773.1672691
5.00,6,62,773.1459931
5.00,6,63,773.1419538
5.00,6,64,773.1103182
5.00,6,65,773.0832505
5.00,6,66,773.0597829
5.00,6,67,773.0382196
5.00,6,68,773.0360324
5.00,6,69,773.0029619
5.00,6,70,772.975994
5.00,6,71,772.9520968
5.00,6,72,772.930518
5.00,6,73,772.9299147
5.00,6,74,772.8969026
5.00,6,75,772.868901
5.00,6,76,772.8448966
5.00,6,77,772.8229875
5.00,6,78,772.8026091
5.00,6,79,772.7903427
5.00,6,80,772.7622815
5.00,6,81,772.737657
5.00,6,82,772.7156573
5.00,6,83,772.695081
5.00,6,84,772.6842138
5.00,6,85,772.6551553
5.00,6,86,772.6305435
5.00,6,87,772.6082405
5.00,6,88,772.5876377
5.00,6,89,772.5780132
5.00,6,90,772.548903
5.00,6,91,772.5235775
5.00,6,92,772.5011741
5.00,6,93,772.4803426
5.00,6,94,772.4722958
5.00,6,95,772.4420397
5.00,6,96,772.4167404
5.00,6,97,772.3939884
5.00,6,98,772.3731287
5.00,6,99,772.3664747
5.00,6,100,772.3361793
5.00,6,101,772.3100572
5.00,6,102,772.2871946
5.00,6,103,772.2660703
5.00,6,104,772.2611985
5.00,6,105,772.2295839
5.00,6,106,772.2035063
5.00,6,107,772.1802426
5.00,6,108,772.1590889
5.00,6,109,772.1557799
5.00,6,110,772.1241447
5.00,6,111,772.0971167
5.00,6,112,772.0737316
5.00,6,113,772.0522716
5.00,6,114,772.0509794
5.00,6,115,772.0178227
5.00,6,116,771.9908632
5.00,6,117,771.9670161
5.00,6,118,771.9455263
5.00,6,119,771.9253246
5.00,6,120,771.912341
5.00,6,121,771.8844713
5.00,6,122,771.8606031
5.00,6,123,771.8388323
5.00,6,124,771.8185964
5.00,6,125,771.8068241
5.00,6,126,771.7788548
5.00,6,127,771.7543353
5.00,6,128,771.7324572
5.00,6,129,771.7120108
5.00,6,130,771.7017517
5.00,6,131,771.6727294
5.00,6,132,771.6481972
5.00,6,133,771.625994
5.00,6,134,771.6055102
5.00,6,135,771.596616
5.00,6,136,771.5674992
5.00,6,137,771.5422109
5.00,6,138,771.5198882
5.00,6,139,771.4991591
5.00,6,140,771.4919836
5.00,6,141,771.4616464
5.00,6,142,771.4363579
5.00,6,143,771.4136587
5.00,6,144,771.3928894
5.00,6,145,771.3872541
5.00,6,146,771.3568325
5.00,6,147,771.3306644
5.00,6,148,771.307833
5.00,6,149,771.2867776
5.00,6,150,771.2830979
5.00,6,151,771.251259
5.00,6,152,771.2251086
5.00,6,153,771.2018405
5.00,6,154,771.1807427
5.00,6,155,771.1788031
5.00,6,156,771.1468969
5.00,6,157,771.1197214
5.00,6,158,771.0963074
5.00,6,159,771.0748756
5.00,6,160,771.0548899
5.00,6,161,771.0421038
5.00,6,162,771.0147936
5.00,6,163,770.9907529
5.00,6,164,770.9692057
5.00,6,165,770.9490158
5.00,6,166,770.9377392
5.00,6,167,770.9094099
5.00,6,168,770.8853294
5.00,6,169,770.8634636
5.00,6,170,770.8432285
5.00,6,171,770.8333356
5.00,6,172,770.8048712
5.00,6,173,770.780058
5.00,6,174,770.7580629
5.00,6,175,770.7375882
5.00,6,176,770.7294195
5.00,6,177,770.6997661
5.00,6,178,770.6749219
5.00,6,179,770.6525554
5.00,6,180,770.6320313
5.00,6,181,770.6254327
5.00,6,182,770.5956486
5.00,6,183,770.5699462
5.00,6,184,770.5474355
5.00,6,185,770.52663
5.00,6,186,770.5220045
5.00,6,187,770.4908302
5.00,6,188,770.4651107
5.00,6,189,770.4421666
5.00,6,190,770.421308
5.00,6,191,770.4184665
5.00,6,192,770.3871721
5.00,6,193,770.3604455
5.00,6,194,770.3373412
5.00,6,195,770.3161517
5.00,6,196,770.3155725
5.00,6,197,770.2826492
5.00,6,198,770.2559263
5.00,6,199,770.2323154
5.00,6,200,770.2110699
5.00,7,1,898.566708
5.00,7,2,898.4645737
5.00,7,3,898.3987025
5.00,7,4,898.3799328
5.00,7,5,897.9290963
5.00,7,6,897.7257362
5.00,7,7,897.2386246
5.00,7,8,897.0765218
5.00,7,9,896.5510861
5.00,7,10,896.4281736
5.00,7,11,895.8663628
5.00,7,12,895.7815479
5.00,7,13,895.1844061
5.00,7,14,895.1347687
5.00,7,15,894.5051726
5.00,7,16,894.4873713
5.00,7,17,893.8286269
5.00,7,18,893.6370949
5.00,7,19,893.5525874
5.00,7,20,893.5005894
5.00,7,21,893.1494261
5.00,7,22,892.8281983
5.00,7,23,892.4778907
5.00,7,24,892.1551375
5.00,7,25,891.8089986
5.00,7,26,891.4813217
5.00,7,27,891.4801633
5.00,7,28,890.9963933
5.00,7,29,890.739333
5.00,7,30,890.3325149
5.00,7,31,890.0147403
5.00,7,32,890.008491
5.00,7,33,889.5278378
5.00,7,34,889.3296692
5.00,7,35,888.8703933
5.00,7,36,888.6494104
5.00,7,37,888.2154862
5.00,7,38,887.9683274
5.00,7,39,887.5631114
5.00,7,40,887.2874107
5.00,7,41,886.9132661
5.00,7,42,886.6076134
5.00,7,43,886.6069762
5.00,7,44,886.1236898
5.00,7,45,885.8541307
5.00,7,46,885.4786823
5.00,7,47,885.3620172
5.00,7,48,884.2759326
5.00,7,49,884.1136217
5.00,7,50,884.036731
5.00,7,51,883.9951992
5.00,7,52,883.6319277
5.00,7,53,883.4559959
5.00,7,54,882.4417636
5.00,7,55,882.270631
5.00,7,56,882.1880087
5.00,7,57,882.1361634
5.00,7,58,882.1220588
5.00,7,59,881.668018
5.00,7,60,881.4250924
5.00,7,61,881.0403636
5.00,7,62,880.7380952
5.00,7,63,880.7266335
5.00,7,64,880.277691
5.00,7,65,879.9750831
5.00,7,66,879.9557183
5.00,7,67,879.5191781
5.00,7,68,879.2578516
5.00,7,69,878.8995356
5.00,7,70,878.8275536
5.00,7,71,877.7462412
5.00,7,72,877.6183662
5.00,7,73,877.5579074
5.00,7,74,877.5284983
5.00,7,75,877.1252447
5.00,7,76,876.8342688
5.00,7,77,876.8208726
5.00,7,78,876.3800863
5.00,7,79,876.3429216
5.00,7,80,875.2404166
5.00,7,81,875.0745279
5.00,7,82,874.9909681
5.00,7,83,874.9329411
5.00,7,84,874.9051201
5.00,7,85,874.4987994
5.00,7,86,874.2079309
5.00,7,87,874.1898238
5.00,7,88,873.7652217
5.00,7,89,873.656045
5.00,7,90,872.642732
5.00,7,91,872.6199224
5.00,7,92,872.0456923
5.00,7,93,871.8004855
5.00,7,94,871.7923119
5.00,7,95,871.3233997
5.00,7,96,871.0749111
5.00,7,97,871.071245
5.00,7,98,870.6034628
5.00,7,99,870.5637154
5.00,7,100,869.50214
5.00,7,101,869.4817499
5.00,7,102,868.9161
5.00,7,103,868.6609098
5.00,7,104,868.643415
5.00,7,105,868.2071628
5.00,7,106,867.9327892
5.00,7,107,867.9119771
5.00,7,108,867.5006656
5.00,7,109,867.3009592
5.00,7,110,866.4189348
5.00,7,111,866.3024501
5.00,7,112,865.8444117
5.00,7,113,865.7323792
5.00,7,114,864.7736471
5.00,7,115,864.6827183
5.00,7,116,864.2045336
5.00,7,117,864.1190168
5.00,7,118,863.1443099
5.00,7,119,863.0525759
5.00,7,120,862.5807407
5.00,7,121,862.4669518
5.00,7,122,861.530699
5.00,7,123,861.4169158
5.00,7,124,860.9727809
5.00,7,125,860.790648
5.00,7,126,859.9326337
5.00,7,127,859.7827791
5.00,7,128,859.3804164
5.00,7,129,859.106571
5.00,7,130,858.3499374
5.00,7,131,858.1569989
5.00,7,132,858.1492314
5.00,7,133,857.6843956
5.00,7,134,857.4222141
5.00,7,135,857.3922455
5.00,7,136,857.390898
5.00,7,137,856.902986
5.00,7,138,856.6536149
5.00,7,139,856.6280229
5.00,7,140,856.242969
5.00,7,141,855.921006
5.00,7,142,855.2317023
5.00,7,143,855.0082864
5.00,7,144,854.9851655
5.00,7,145,854.5786888
5.00,7,146,854.4540625
5.00,7,147,853.5801436
5.00,7,148,853.5453941
5.00,7,149,853.0484086
5.00,7,150,852.8026337
5.00,7,151,852.7740428
5.00,7,152,852.7720048
5.00,7,153,852.288525
5.00,7,154,852.0353546
5.00,7,155,852.0029823
5.00,7,156,851.9957952
5.00,7,157,851.5321187
5.00,7,158,851.5276
5.00,7,159,850.552406
5.00,7,160,850.4045504
5.00,7,161,850.3238672
5.00,7,162,850.2543289
5.00,7,163,850.2044681
5.00,7,164,850.174371
5.00,7,165,849.7989125
5.00,7,166,849.5774245
5.00,7,167,848.8281849
5.00,7,168,848.7125411
5.00,7,169,848.3121496
5.00,7,170,848.1420184
5.00,7,171,847.3503702
5.00,7,172,847.2542159
5.00,7,173,846.8387695
5.00,7,174,846.6965383
5.00,7,175,845.8856584
5.00,7,176,845.7966591
5.00,7,177,845.3785184
5.00,7,178,845.2364626
5.00,7,179,844.4337878
5.00,7,180,844.338067
5.00,7,181,843.9311572
5.00,7,182,843.7597211
5.00,7,183,842.9945271
5.00,7,184,842.878105
5.00,7,185,842.4964649
5.00,7,186,842.2676865
5.00,7,187,841.5676816
5.00,7,188,841.418294
5.00,7,189,841.4150142
5.00,7,190,840.9656119
5.00,7,191,840.6942928
5.00,7,192,840.0440099
5.00,7,193,840.0428851
5.00,7,194,839.1278388
5.00,7,195,838.9564153
5.00,7,196,838.9363429
5.00,7,197,838.5353604
5.00,7,198,838.3384674
5.00,7,199,837.6287757
5.00,7,200,837.4817588
5.00,8,1,849.0035459
5.00,8,2,848.9980529
5.00,8,3,848.8651572
5.00,8,4,848.8327361
5.00,8,5,848.7059631
5.00,8,6,848.6681764
5.00,8,7,848.5470317
5.00,8,8,848.5039902
5.00,8,9,848.388284
5.00,8,10,848.3402068
5.00,8,11,848.2297189
5.00,8,12,848.1768225
5.00,8,13,848.071336
5.00,8,14,848.0138371
5.00,8,15,847.9131349
5.00,8,16,847.851249
5.00,8,17,847.7551152
5.00,8,18,847.6890558
5.00,8,19,847.5972763
5.00,8,20,847.5272544
5.00,8,21,847.4396177
5.00,8,22,847.3658407
5.00,8,23,847.2821389
5.00,8,24,847.2048101
5.00,8,25,847.2042485
5.00,8,26,847.0657064
5.00,8,27,847.0388635
5.00,8,28,846.9083655
5.00,8,29,846.8741596
5.00,8,30,846.7512209
5.00,8,31,846.7101133
5.00,8,32,846.5942709
5.00,8,33,846.5467052
5.00,8,34,846.4375139
5.00,8,35,846.3839148
5.00,8,36,846.2809484
5.00,8,37,846.2217219
5.00,8,38,846.1245728
5.00,8,39,846.0601063
5.00,8,40,845.9683855
5.00,8,41,845.8990476
5.00,8,42,845.812385
5.00,8,43,845.7385261
5.00,8,44,845.6565698
5.00,8,45,845.6553867
5.00,8,46,845.3883545
5.00,8,47,845.3436862
5.00,8,48,845.3198102
5.00,8,49,845.2228477
5.00,8,50,845.1587595
5.00,8,51,845.0675812
5.00,8,52,844.9983269
5.00,8,53,844.9125033
5.00,8,54,844.8384838
5.00,8,55,844.7576119
5.00,8,56,844.7521019
5.00,8,57,844.4907727
5.00,8,58,844.4459569
5.00,8,59,844.4212566
5.00,8,60,844.3264237
5.00,8,61,844.2607249
5.00,8,62,844.172068
5.00,8,63,844.1009122
5.00,8,64,844.0179047
5.00,8,65,843.9417756
5.00,8,66,843.9397906
5.00,8,67,843.8059381
5.00,8,68,843.7755637
5.00,8,69,843.6518769
5.00,8,70,843.6124385
5.00,8,71,843.4980297
5.00,8,72,843.4503423
5.00,8,73,843.3443922
5.00,8,74,843.28921
5.00,8,75,843.19096
5.00,8,76,843.1289795
5.00,8,77,843.0377291
5.00,8,78,842.9695923
5.00,8,79,842.8846958
5.00,8,80,842.8109936
5.00,8,81,842.7318566
5.00,8,82,842.7191649
5.00,8,83,842.4681048
5.00,8,84,842.4230351
5.00,8,85,842.3966274
5.00,8,86,842.3063379
5.00,8,87,842.2376221
5.00,8,88,842.1540378
5.00,8,89,842.079503
5.00,8,90,842.0779188
5.00,8,91,841.9446447
5.00,8,92,841.9140832
5.00,8,93,841.7924186
5.00,8,94,841.7516763
5.00,8,95,841.6404212
5.00,8,96,841.5905765
5.00,8,97,841.4886453
5.00,8,98,841.4306758
5.00,8,99,841.3370842
5.00,8,100,841.2718741
5.00,8,101,841.1857318
5.00,8,102,841.1140797
5.00,8,103,841.0345824
5.00,8,104,841.0245757
5.00,8,105,840.7737886
5.00,8,106,840.7291166
5.00,8,107,840.7026323
5.00,8,108,840.6137994
5.00,8,109,840.5447014
5.00,8,110,840.4631939
5.00,8,111,840.4623869
5.00,8,112,840.2037053
5.00,8,113,840.1596663
5.00,8,114,840.1342241
5.00,8,115,840.044007
5.00,8,116,839.9765118
5.00,8,117,839.8939595
5.00,8,118,839.8199156
5.00,8,119,839.8170708
5.00,8,120,839.6875543
5.00,8,121,839.6539397
5.00,8,122,839.5375472
5.00,8,123,839.4926979
5.00,8,124,839.3877891
5.00,8,125,839.3331362
5.00,8,126,839.2382679
5.00,8,127,839.175072
5.00,8,128,839.088973
5.00,8,129,839.0183429
5.00,8,130,838.9398949
5.00,8,131,838.9258139
5.00,8,132,838.6823512
5.00,8,133,838.6376423
5.00,8,134,838.6099241
5.00,8,135,838.5248808
5.00,8,136,838.4537522
5.00,8,137,838.4534071
5.00,8,138,838.3204344
5.00,8,139,838.2900527
5.00,8,140,838.171722
5.00,8,141,838.1289512
5.00,8,142,838.0232755
5.00,8,143,837.9698253
5.00,8,144,837.8750792
5.00,8,145,837.8124355
5.00,8,146,837.7271192
5.00,8,147,837.656572
5.00,8,148,837.6562592
5.00,8,149,837.5237541
5.00,8,150,837.4933683
5.00,8,151,837.3758218
5.00,8,152,837.3328188
5.00,8,153,837.2281589
5.00,8,154,837.174318
5.00,8,155,837.0807488
5.00,8,156,837.0176129
5.00,8,157,836.9335769
5.00,8,158,836.8624821
5.00,8,159,836.86088
5.00,8,160,836.7311929
5.00,8,161,836.6983711
5.00,8,162,836.5840354
5.00,8,163,836.5384067
5.00,8,164,836.4371558
5.00,8,165,836.3806404
5.00,8,166,836.2905347
5.00,8,167,836.2247769
5.00,8,168,836.1441555
5.00,8,169,836.1414837
5.00,8,170,835.8916814
5.00,8,171,835.8480961
5.00,8,172,835.8213249
5.00,8,173,835.7367826
5.00,8,174,835.6667762
5.00,8,175,835.6655576
5.00,8,176,835.5360005
5.00,8,177,835.5033388
5.00,8,178,835.3899854
5.00,8,179,835.3439446
5.00,8,180,835.2442603
5.00,8,181,835.1869635
5.00,8,182,835.0988025
5.00,8,183,835.0320479
5.00,8,184,834.9535925
5.00,8,185,834.9419464
5.00,8,186,834.7026774
5.00,8,187,834.6587009
5.00,8,188,834.6304754
5.00,8,189,834.549428
5.00,8,190,834.4771929
5.00,8,191,834.4723104
5.00,8,192,834.3500462
5.00,8,193,834.3116727
5.00,8,194,834.2052275
5.00,8,195,834.1539326
5.00,8,196,834.0606995
5.00,8,197,833.9986432
5.00,8,198,833.9164377
5.00,8,199,833.8454306
5.00,8,200,833.841533
5.00,9,1,998.9436878
5.00,9,2,998.939681
5.00,9,3,998.8986017
5.00,9,4,998.8752822
5.00,9,5,998.8607506
5.00,9,6,998.8345023
5.00,9,7,998.8297864
5.00,9,8,998.7980079
5.00,9,9,998.7790573
5.00,9,10,998.765316
5.00,9,11,998.7437428
5.00,9,12,998.7366711
5.00,9,13,998.7106605
5.00,9,14,998.6944359
5.00,9,15,998.6799084
5.00,9,16,998.6615009
5.00,9,17,998.651838
5.00,9,18,998.6298707
5.00,9,19,998.6272951
5.00,9,20,998.5997128
5.00,9,21,998.5832347
5.00,9,22,998.5712983
5.00,9,23,998.5520274
5.00,9,24,998.5453356
5.00,9,25,998.5217572
5.00,9,26,998.5068166
5.00,9,27,998.4928244
5.00,9,28,998.4757129
5.00,9,29,998.4657714
5.00,9,30,998.4452995
5.00,9,31,998.4415221
5.00,9,32,998.4158693
5.00,9,33,998.4001987
5.00,9,34,998.3877765
5.00,9,35,998.3695105
5.00,9,36,998.3617328
5.00,9,37,998.3395147
5.00,9,38,998.3387554
5.00,9,39,998.3105357
5.00,9,40,998.2941716
5.00,9,41,998.2832179
5.00,9,42,998.2638153
5.00,9,43,998.2583575
5.00,9,44,998.2342896
5.00,9,45,998.2191813
5.00,9,46,998.2059309
5.00,9,47,998.1884839
5.00,9,48,998.1793855
5.00,9,49,998.1583855
5.00,9,50,998.1555729
5.00,9,51,998.1291835
5.00,9,52,998.1134285
5.00,9,53,998.1014541
5.00,9,54,998.0829731
5.00,9,55,998.0759123
5.00,9,56,998.0532521
5.00,9,57,998.038628
5.00,9,58,998.0245712
5.00,9,59,998.0078537
5.00,9,60,997.9975069
5.00,9,61,997.9776116
5.00,9,62,997.9728812
5.00,9,63,997.9481684
5.00,9,64,997.9329675
5.00,9,65,997.9200332
5.00,9,66,997.9023993
5.00,9,67,997.8938425
5.00,9,68,997.8724829
5.00,9,69,997.8706372
5.00,9,70,997.8435675
5.00,9,71,997.8274741
5.00,9,72,997.8160528
5.00,9,73,997.7971056
5.00,9,74,997.7907246
5.00,9,75,997.7674535
5.00,9,76,997.7527298
5.00,9,77,997.7389693
5.00,9,78,997.7220656
5.00,9,79,997.7122213
5.00,9,80,997.6919829
5.00,9,81,997.6881351
5.00,9,82,997.6627919
5.00,9,83,997.6472881
5.00,9,84,997.6348527
5.00,9,85,997.6168008
5.00,9,86,997.6088628
5.00,9,87,997.5869527
5.00,9,88,997.5858059
5.00,9,89,997.5580618
5.00,9,90,997.5419002
5.00,9,91,997.5307496
5.00,9,92,997.511649
5.00,9,93,997.5057743
5.00,9,94,997.48218
5.00,9,95,997.4672722
5.00,9,96,997.453813
5.00,9,97,997.436665
5.00,9,98,997.4271574
5.00,9,99,997.4066195
5.00,9,100,997.403076
5.00,9,101,997.3774146
5.00,9,102,997.361937
5.00,9,103,997.3495881
5.00,9,104,997.3315341
5.00,9,105,997.3238022
5.00,9,106,997.3018139
5.00,9,107,997.3011418
5.00,9,108,997.2731397
5.00,9,109,997.2567651
5.00,9,110,997.2459205
5.00,9,111,997.2265555
5.00,9,112,997.2209691
5.00,9,113,997.197087
5.00,9,114,997.182195
5.00,9,115,997.1688269
5.00,9,116,997.1516676
5.00,9,117,997.1423562
5.00,9,118,997.1217384
5.00,9,119,997.1186215
5.00,9,120,997.0927242
5.00,9,121,997.0770655
5.00,9,122,997.0649875
5.00,9,123,997.0467068
5.00,9,124,997.0392369
5.00,9,125,997.0169978
5.00,9,126,997.0164653
5.00,9,127,996.9882589
5.00,9,128,996.9719804
5.00,9,129,996.9611191
5.00,9,130,996.941848
5.00,9,131,996.9363371
5.00,9,132,996.9125034
5.00,9,133,996.897545
5.00,9,134,996.8842635
5.00,9,135,996.867042
5.00,9,136,996.857736
5.00,9,137,996.8370998
5.00,9,138,996.8337761
5.00,9,139,996.8079945
5.00,9,140,996.7925089
5.00,9,141,996.7802593
5.00,9,142,996.7621982
5.00,9,143,996.7545452
5.00,9,144,996.7325623
5.00,9,145,996.7319178
5.00,9,146,996.7039576
5.00,9,147,996.6876294
5.00,9,148,996.6767815
5.00,9,149,996.6574957
5.00,9,150,996.6518271
5.00,9,151,996.6280868
5.00,9,152,996.6132704
5.00,9,153,996.599857
5.00,9,154,996.582815
5.00,9,155,996.5733669
5.00,9,156,996.5529403
5.00,9,157,996.5495295
5.00,9,158,996.523951
5.00,9,159,996.5084298
5.00,9,160,996.4961939
5.00,9,161,996.4781267
5.00,9,162,996.4703477
5.00,9,163,996.4484476
5.00,9,164,996.4473596
5.00,9,165,996.419698
5.00,9,166,996.4036273
5.00,9,167,996.3924751
5.00,9,168,996.3735286
5.00,9,169,996.3674966
5.00,9,170,996.3441783
5.00,9,171,996.3294217
5.00,9,172,996.315875
5.00,9,173,996.2989605
5.00,9,174,996.2891898
5.00,9,175,996.2690285
5.00,9,176,996.2649244
5.00,9,177,996.2398841
5.00,9,178,996.2246685
5.00,9,179,996.212024
5.00,9,180,996.1943779
5.00,9,181,996.186053
5.00,9,182,996.1647169
5.00,9,183,996.1629577
5.00,9,184,996.1360148
5.00,9,185,996.1200588
5.00,9,186,996.1086389
5.00,9,187,996.089922
5.00,9,188,996.0833191
5.00,9,189,996.0604552
5.00,9,190,996.0459512
5.00,9,191,996.0320732
5.00,9,192,996.0155073
5.00,9,193,996.0052877
5.00,9,194,995.9855953
5.00,9,195,995.9809281
5.00,9,196,995.9564914
5.00,9,197,995.9413818
5.00,9,198,995.9285113
5.00,9,199,995.9110683
5.00,9,200,995.9022678
5.00,10,1,849.7714603
5.00,10,2,849.5086522
5.00,10,3,849.3312782
5.00,10,4,849.0918203
5.00,10,5,848.9212274
5.00,10,6,848.7015817
5.00,10,7,848.5373137
5.00,10,8,848.3343077
5.00,10,9,848.1758513
5.00,10,10,847.9868493
5.00,10,11,847.8337028
5.00,10,12,847.6565141
5.00,10,13,847.5081959
5.00,10,14,847.3409942
5.00,10,15,847.1970488
5.00,10,16,847.0383075
5.00,10,17,846.8983081
5.00,10,18,846.7467477
5.00,10,19,846.6102984
5.00,10,20,846.4648442
5.00,10,21,846.33158
5.00,10,22,846.1913274
5.00,10,23,846.0609145
5.00,10,24,845.9251008
5.00,10,25,845.7972353
5.00,10,26,845.6652164
5.00,10,27,845.539623
5.00,10,28,845.410854
5.00,10,29,845.2872848
5.00,10,30,845.1613043
5.00,10,31,845.0395365
5.00,10,32,844.9159532
5.00,10,33,844.7957877
5.00,10,34,844.6742695
5.00,10,35,844.5555288
5.00,10,36,844.4357935
5.00,10,37,844.3183198
5.00,10,38,844.2001276
5.00,10,39,844.083781
5.00,10,40,843.9669279
5.00,10,41,843.8515848
5.00,10,42,843.7358969
5.00,10,43,843.6214484
5.00,10,44,843.5067779
5.00,10,45,843.3931282
5.00,10,46,843.2793488
5.00,10,47,843.1664137
5.00,10,48,843.053418
5.00,10,49,842.9411239
5.00,10,50,842.8288202
5.00,10,51,842.7171027
5.00,10,52,842.6054128
5.00,10,53,842.5965215
5.00,10,54,842.4662229
5.00,10,55,842.3423645
5.00,10,56,842.2156183
5.00,10,57,842.0940212
5.00,10,58,841.9702912
5.00,10,59,841.8506817
5.00,10,60,841.7295144
5.00,10,61,841.6116506
5.00,10,62,841.4926656
5.00,10,63,841.3763345
5.00,10,64,841.2592124
5.00,10,65,841.1442274
5.00,10,66,841.0286997
5.00,10,67,840.9148977
5.00,10,68,840.8007385
5.00,10,69,840.6879773
5.00,10,70,840.5749963
5.00,10,71,840.4631521
5.00,10,72,840.3511892
5.00,10,73,840.2401546
5.00,10,74,840.1290748
5.00,10,75,840.0187568
5.00,10,76,839.9084463
5.00,10,77,839.7987644
5.00,10,78,839.6891272
5.00,10,79,839.6869316
5.00,10,80,839.5575453
5.00,10,81,839.4348685
5.00,10,82,839.3094297
5.00,10,83,839.1892928
5.00,10,84,839.0671682
5.00,10,85,838.9492384
5.00,10,86,838.8298989
5.00,10,87,838.7138853
5.00,10,88,838.5968919
5.00,10,89,838.4825418
5.00,10,90,838.3675295
5.00,10,91,838.2546239
5.00,10,92,838.1412892
5.00,10,93,838.0296388
5.00,10,94,837.917729
5.00,10,95,837.8071708
5.00,10,96,837.6964753
5.00,10,97,837.5868691
5.00,10,98,837.4772124
5.00,10,99,837.3684377
5.00,10,100,837.2596733
5.00,10,101,837.1516272
5.00,10,102,837.0436328
5.00,10,103,836.9362271
5.00,10,104,836.9346755
5.00,10,105,836.8117581
5.00,10,106,836.6857906
5.00,10,107,836.5658695
5.00,10,108,836.4437992
5.00,10,109,836.3264586
5.00,10,110,836.2076275
5.00,10,111,836.0925044
5.00,10,112,835.9763717
5.00,10,113,835.8631534
5.00,10,114,835.749274
5.00,10,115,835.6376922
5.00,10,116,835.5256998
5.00,10,117,835.4155249
5.00,10,118,835.3051175
5.00,10,119,835.1961534
5.00,10,120,835.0870819
5.00,10,121,834.9791617
5.00,10,122,834.8712203
5.00,10,123,834.7642021
5.00,10,124,834.657221
5.00,10,125,834.5509843
5.00,10,126,834.444823
5.00,10,127,834.339266
5.00,10,128,834.3374796
5.00,10,129,834.2159209
5.00,10,130,834.0915813
5.00,10,131,833.9732452
5.00,10,132,833.8530049
5.00,10,133,833.7374165
5.00,10,134,833.6205525
5.00,10,135,833.5073022
5.00,10,136,833.3932252
5.00,10,137,833.2819638
5.00,10,138,833.1701937
5.00,10,139,833.0606247
5.00,10,140,832.9507694
5.00,10,141,832.8426415
5.00,10,142,832.7343809
5.00,10,143,832.6274818
5.00,10,144,832.5205539
5.00,10,145,832.4147045
5.00,10,146,832.308895
5.00,10,147,832.2039447
5.00,10,148,832.0990781
5.00,10,149,831.9949004
5.00,10,150,831.8908327
5.00,10,151,831.8878233
5.00,10,152,831.7629619
5.00,10,153,831.6447609
5.00,10,154,831.5245607
5.00,10,155,831.4094732
5.00,10,156,831.2930785
5.00,10,157,831.1806174
5.00,10,158,831.0673346
5.00,10,159,830.9570878
5.00,10,160,830.8463564
5.00,10,161,830.7379765
5.00,10,162,830.6293431
5.00,10,163,830.5225383
5.00,10,164,830.4156356
5.00,10,165,830.3101615
5.00,10,166,830.2046916
5.00,10,167,830.1003436
5.00,10,168,829.9960648
5.00,10,169,829.8926723
5.00,10,170,829.7893884
5.00,10,171,829.6868092
5.00,10,172,829.5843605
5.00,10,173,829.5803387
5.00,10,174,829.4569297
5.00,10,175,829.3401369
5.00,10,176,829.221575
5.00,10,177,829.1080503
5.00,10,178,828.993414
5.00,10,179,828.8826228
5.00,10,180,828.7711714
5.00,10,181,828.6626653
5.00,10,182,828.5538049
5.00,10,183,828.4472094
5.00,10,184,828.3404632
5.00,10,185,828.2354665
5.00,10,186,828.1304512
5.00,10,187,828.0267941
5.00,10,188,827.9232014
5.00,10,189,827.820669
5.00,10,190,827.7182506
5.00,10,191,827.6166651
5.00,10,192,827.5152208
5.00,10,193,827.4144355
5.00,10,194,827.3138037
5.00,10,195,827.293958
5.00,10,196,827.1739687
5.00,10,197,827.0598906
5.00,10,198,826.9445201
5.00,10,199,826.8336213
5.00,10,200,826.7219667
5.00,11,1,794.8121276
5.00,11,2,794.7796418
5.00,11,3,794.7600111
5.00,11,4,794.7550975
5.00,11,5,794.6989886
5.00,11,6,794.6767853
5.00,11,7,794.6324846
5.00,11,8,794.6025705
5.00,11,9,794.6017724
5.00,11,10,794.5421306
5.00,11,11,794.5215932
5.00,11,12,794.4764901
5.00,11,13,794.4462609
5.00,11,14,794.444732
5.00,11,15,794.3863634
5.00,11,16,794.3665113
5.00,11,17,794.3208481
5.00,11,18,794.2919597
5.00,11,19,794.2555442
5.00,11,20,794.2405828
5.00,11,21,794.1420904
5.00,11,22,794.1207717
5.00,11,23,794.1043307
5.00,11,24,794.0977396
5.00,11,25,794.0489101
5.00,11,26,794.0223323
5.00,11,27,793.9836935
5.00,11,28,793.9773
5.00,11,29,793.8707779
5.00,11,30,793.8499351
5.00,11,31,793.8344146
5.00,11,32,793.8296274
5.00,11,33,793.7775411
5.00,11,34,793.7533306
5.00,11,35,793.7124097
5.00,11,36,793.6803277
5.00,11,37,793.6766795
5.00,11,38,793.6226434
5.00,11,39,793.5985388
5.00,11,40,793.5575345
5.00,11,41,793.5559941
5.00,11,42,793.4448186
5.00,11,43,793.4239545
5.00,11,44,793.4081988
5.00,11,45,793.4030947
5.00,11,46,793.3518596
5.00,11,47,793.3259611
5.00,11,48,793.2869244
5.00,11,49,793.278414
5.00,11,50,793.1742117
5.00,11,51,793.1530451
5.00,11,52,793.1366126
5.00,11,53,793.1300384
5.00,11,54,793.0816345
5.00,11,55,793.0539306
5.00,11,56,793.0168733
5.00,11,57,793.0013788
5.00,11,58,792.9041632
5.00,11,59,792.8826951
5.00,11,60,792.8655882
5.00,11,61,792.8575518
5.00,11,62,792.8119681
5.00,11,63,792.7824729
5.00,11,64,792.7811855
5.00,11,65,792.7229531
5.00,11,66,792.7032766
5.00,11,67,792.6582416
5.00,11,68,792.629326
5.00,11,69,792.6289007
5.00,11,70,792.5692533
5.00,11,71,792.5490185
5.00,11,72,792.504567
5.00,11,73,792.4744065
5.00,11,74,792.4722728
5.00,11,75,792.4157299
5.00,11,76,792.3949198
5.00,11,77,792.3511903
5.00,11,78,792.3214422
5.00,11,79,792.3199677
5.00,11,80,792.2623798
5.00,11,81,792.2408546
5.00,11,82,792.1978727
5.00,11,83,792.1668288
5.00,11,84,792.1636089
5.00,11,85,792.109206
5.00,11,86,792.0869551
5.00,11,87,792.0448444
5.00,11,88,792.0140518
5.00,11,89,792.0112922
5.00,11,90,791.956206
5.00,11,91,791.9331098
5.00,11,92,791.8918844
5.00,11,93,791.8914514
5.00,11,94,791.7805724
5.00,11,95,791.75993
5.00,11,96,791.7442511
5.00,11,97,791.7388835
5.00,11,98,791.688754
5.00,11,99,791.6624926
5.00,11,100,791.6246374
5.00,11,101,791.6124073
5.00,11,102,791.5131778
5.00,11,103,791.4920149
5.00,11,104,791.4752207
5.00,11,105,791.467487
5.00,11,106,791.4218703
5.00,11,107,791.3927419
5.00,11,108,791.3913875
5.00,11,109,791.3337676
5.00,11,110,791.3138947
5.00,11,111,791.2697291
5.00,11,112,791.2405611
5.00,11,113,791.2393668
5.00,11,114,791.1816367
5.00,11,115,791.1603902
5.00,11,116,791.1176446
5.00,11,117,791.086733
5.00,11,118,791.0833024
5.00,11,119,791.0296823
5.00,11,120,791.0070949
5.00,11,121,790.9658479
5.00,11,122,790.9347516
5.00,11,123,790.9312866
5.00,11,124,790.8779035
5.00,11,125,790.8539155
5.00,11,126,790.8141242
5.00,11,127,790.8088954
5.00,11,128,790.703544
5.00,11,129,790.6827919
5.00,11,130,790.6666527
5.00,11,131,790.6600695
5.00,11,132,790.6126095
5.00,11,133,790.5848675
5.00,11,134,790.5847724
5.00,11,135,790.5250709
5.00,11,136,790.5067689
5.00,11,137,790.4613856
5.00,11,138,790.433257
5.00,11,139,790.4329523
5.00,11,140,790.3738415
5.00,11,141,790.3536163
5.00,11,142,790.3102123
5.00,11,143,790.2799375
5.00,11,144,790.2769466
5.00,11,145,790.2227904
5.00,11,146,790.2007272
5.00,11,147,790.1593312
5.00,11,148,790.1285563
5.00,11,149,790.1251846
5.00,11,150,790.071917
5.00,11,151,790.0480156
5.00,11,152,790.0085231
5.00,11,153,790.0024493
5.00,11,154,789.8985723
5.00,11,155,789.877867
5.00,11,156,789.8616473
5.00,11,157,789.8547024
5.00,11,158,789.8082206
5.00,11,159,789.7800429
5.00,11,160,789.7791971
5.00,11,161,789.7211839
5.00,11,162,789.7018519
5.00,11,163,789.6579039
5.00,11,164,789.6289973
5.00,11,165,789.6275488
5.00,11,166,789.570858
5.00,11,167,789.5492299
5.00,11,168,789.5076474
5.00,11,169,789.476418
5.00,11,170,789.4721174
5.00,11,171,789.4207127
5.00,11,172,789.3969298
5.00,11,173,789.3576744
5.00,11,174,789.3547935
5.00,11,175,789.2486493
5.00,11,176,789.2284435
5.00,11,177,789.2131807
5.00,11,178,789.2077836
5.00,11,179,789.1585387
5.00,11,180,789.1333445
5.00,11,181,789.0956569
5.00,11,182,789.08712
5.00,11,183,788.9866456
5.00,11,184,788.9661864
5.00,11,185,788.9503474
5.00,11,186,788.9437295
5.00,11,187,788.8968817
5.00,11,188,788.8701251
5.00,11,189,788.8341598
5.00,11,190,788.8194378
5.00,11,191,788.7251447
5.00,11,192,788.7044081
5.00,11,193,788.687945
5.00,11,194,788.6800111
5.00,11,195,788.6357424
5.00,11,196,788.6073102
5.00,11,197,788.60605
5.00,11,198,788.5493626
5.00,11,199,788.5279146
5.00,11,200,788.4866337
5.00,12,1,840.8051125
5.00,12,2,840.2988432
5.00,12,3,840.1328249
5.00,12,4,840.1228783
5.00,12,5,840.1126635
5.00,12,6,839.6742095
5.00,12,7,839.4475344
5.00,12,8,839.4302272
5.00,12,9,839.4124864
5.00,12,10,839.4093335
5.00,12,11,839.4036842
5.00,12,12,839.0028983
5.00,12,13,839.0019639
5.00,12,14,838.1346402
5.00,12,15,838.0270426
5.00,12,16,837.9924913
5.00,12,17,837.9582813
5.00,12,18,837.9301213
5.00,12,19,837.9018962
5.00,12,20,837.8823921
5.00,12,21,837.8620006
5.00,12,22,837.8542545
5.00,12,23,837.8440852
5.00,12,24,837.476501
5.00,12,25,837.3588191
5.00,12,26,836.61615
5.00,12,27,836.5973327
5.00,12,28,836.1739709
5.00,12,29,835.9531937
5.00,12,30,835.9342625
5.00,12,31,835.9141132
5.00,12,32,835.9065399
5.00,12,33,835.8961184
5.00,12,34,835.5274194
5.00,12,35,835.3916893
5.00,12,36,834.6787555
5.00,12,37,834.6281536
5.00,12,38,834.2426592
5.00,12,39,834.1311057
5.00,12,40,833.4017069
5.00,12,41,833.3543835
5.00,12,42,832.9695332
5.00,12,43,832.8418276
5.00,12,44,832.1361084
5.00,12,45,832.0675201
5.00,12,46,831.7078465
5.00,12,47,831.5122028
5.00,12,48,830.8817635
5.00,12,49,830.7636443
5.00,12,50,830.7588251
5.00,12,51,830.7495082
5.00,12,52,830.3581344
5.00,12,53,830.2146368
5.00,12,54,829.5400289
5.00,12,55,829.4411439
5.00,12,56,829.4384969
5.00,12,57,829.4305655
5.00,12,58,829.0213566
5.00,12,59,828.8990953
5.00,12,60,828.2110535
5.00,12,61,828.1137035
5.00,12,62,828.110262
5.00,12,63,828.1013822
5.00,12,64,827.6972821
5.00,12,65,827.5492999
5.00,12,66,826.8945941
5.00,12,67,826.7739117
5.00,12,68,826.7657327
5.00,12,69,826.7528805
5.00,12,70,826.3856898
5.00,12,71,826.1535225
5.00,12,72,825.5904334
5.00,12,73,825.4193872
5.00,12,74,825.4025151
5.00,12,75,825.382568
5.00,12,76,825.3747678
5.00,12,77,825.3619097
5.00,12,78,824.9908351
5.00,12,79,824.7529716
5.00,12,80,824.2035186
5.00,12,81,824.0222063
5.00,12,82,824.0030352
5.00,12,83,823.9810515
5.00,12,84,823.9699273
5.00,12,85,823.9542407
5.00,12,86,823.9534827
5.00,12,87,823.9455226
5.00,12,88,823.5153938
5.00,12,89,823.3684733
5.00,12,90,822.7365029
5.00,12,91,822.588981
5.00,12,92,822.5740317
5.00,12,93,822.5551579
5.00,12,94,822.549103
5.00,12,95,822.5369135
5.00,12,96,822.1490959
5.00,12,97,821.9140289
5.00,12,98,821.3777906
5.00,12,99,821.1836657
5.00,12,100,821.1612684
5.00,12,101,821.1363684
5.00,12,102,821.1204639
5.00,12,103,821.1006274
5.00,12,104,821.0929835
5.00,12,105,821.0792989
5.00,12,106,820.7036005
5.00,12,107,820.4356999
5.00,12,108,819.9403192
5.00,12,109,819.8664346
5.00,12,110,819.1814433
5.00,12,111,819.042289
5.00,12,112,819.0266471
5.00,12,113,819.0067079
5.00,12,114,818.9988812
5.00,12,115,818.9846154
5.00,12,116,818.6089376
5.00,12,117,818.3246257
5.00,12,118,817.8571915
5.00,12,119,817.7072537
5.00,12,120,817.1096462
5.00,12,121,816.9296826
5.00,12,122,816.9073902
5.00,12,123,816.8821297
5.00,12,124,816.8654831
5.00,12,125,816.8444425
5.00,12,126,816.8348569
5.00,12,127,816.8188528
5.00,12,128,816.8181108
5.00,12,129,816.8080915
5.00,12,130,816.3663727
5.00,12,131,816.1595512
5.00,12,132,815.6269095
5.00,12,133,815.5537275
5.00,12,134,814.8915554
5.00,12,135,814.7282845
5.00,12,136,814.7072876
5.00,12,137,814.6827822
5.00,12,138,814.6673169
5.00,12,139,814.6467963
5.00,12,140,814.6381872
5.00,12,141,814.6223729
5.00,12,142,814.2484432
5.00,12,143,813.927676
5.00,12,144,813.52033
5.00,12,145,813.2390595
5.00,12,146,812.7961252
5.00,12,147,812.5553954
5.00,12,148,812.0757956
5.00,12,149,811.8792655
5.00,12,150,811.3593145
5.00,12,151,811.2054785
5.00,12,152,810.6466905
5.00,12,153,810.5459124
5.00,12,154,809.9380477
5.00,12,155,809.8771882
5.00,12,156,809.2340044
5.00,12,157,809.0548119
5.00,12,158,809.0293619
5.00,12,159,809.001017
5.00,12,160,808.9793256
5.00,12,161,808.9536256
5.00,12,162,808.9363805
5.00,12,163,808.9136756
5.00,12,164,808.9017698
5.00,12,165,808.8824864
5.00,12,166,808.8770322
5.00,12,167,808.8616598
5.00,12,168,808.4464695
5.00,12,169,808.1321931
5.00,12,170,808.1305614
5.00,12,171,808.1172725
5.00,12,172,807.6648296
5.00,12,173,807.3909528
5.00,12,174,806.9714328
5.00,12,175,806.649378
5.00,12,176,806.6453169
5.00,12,177,806.6302401
5.00,12,178,806.1983537
5.00,12,179,805.8914778
5.00,12,180,805.8875038
5.00,12,181,805.8718673
5.00,12,182,805.4297843
5.00,12,183,805.1186669
5.00,12,184,805.1142818
5.00,12,185,805.0986005
5.00,12,186,804.6656127
5.00,12,187,804.351199
5.00,12,188,804.3441946
5.00,12,189,804.3262889
5.00,12,190,803.9059165
5.00,12,191,803.8819148
5.00,12,192,802.5912138
5.00,12,193,802.4974601
5.00,12,194,802.4640755
5.00,12,195,802.4297483
5.00,12,196,802.397707
5.00,12,197,802.3643755
5.00,12,198,802.3338416
5.00,12,199,802.301602
5.00,12,200,802.2728101
5.00,13,1,818.8774372
5.00,13,2,818.8383309
5.00,13,3,818.813956
5.00,13,4,818.7476975
5.00,13,5,818.7224341
5.00,13,6,818.6306714
5.00,13,7,818.6048073
5.00,13,8,818.550669
5.00,13,9,818.5128955
5.00,13,10,818.5011182
5.00,13,11,818.4298829
5.00,13,12,818.398972
5.00,13,13,818.351355
5.00,13,14,818.3356993
5.00,13,15,818.236925
5.00,13,16,818.2170787
5.00,13,17,818.1559781
5.00,13,18,818.1211761
5.00,13,19,818.1184283
5.00,13,20,818.0365314
5.00,13,21,818.010628
5.00,13,22,817.9571681
5.00,13,23,817.9195991
5.00,13,24,817.9080153
5.00,13,25,817.836954
5.00,13,26,817.806273
5.00,13,27,817.7587564
5.00,13,28,817.7436201
5.00,13,29,817.6448875
5.00,13,30,817.6253022
5.00,13,31,817.5642628
5.00,13,32,817.5297058
5.00,13,33,817.5272657
5.00,13,34,817.4453744
5.00,13,35,817.419743
5.00,13,36,817.3663292
5.00,13,37,817.3290097
5.00,13,38,817.3177489
5.00,13,39,817.246672
5.00,13,40,817.2162673
5.00,13,41,817.1687898
5.00,13,42,817.1543751
5.00,13,43,817.0555
5.00,13,44,817.0362457
5.00,13,45,816.9751784
5.00,13,46,816.9408999
5.00,13,47,816.9388783
5.00,13,48,816.856854
5.00,13,49,816.8315498
5.00,13,50,816.7781116
5.00,13,51,816.7410686
5.00,13,52,816.7302212
5.00,13,53,816.6590144
5.00,13,54,816.6289296
5.00,13,55,816.5814347
5.00,13,56,816.5679408
5.00,13,57,816.4687421
5.00,13,58,816.4498889
5.00,13,59,816.3887048
5.00,13,60,816.3547384
5.00,13,61,816.3532463
5.00,13,62,816.2709501
5.00,13,63,816.2460286
5.00,13,64,816.1924951
5.00,13,65,816.1557558
5.00,13,66,816.1454127
5.00,13,67,816.0739614
5.00,13,68,816.0442404
5.00,13,69,815.9966713
5.00,13,70,815.9842983
5.00,13,71,815.8845943
5.00,13,72,815.8662126
5.00,13,73,815.8048221
5.00,13,74,815.7712017
5.00,13,75,815.7703509
5.00,13,76,815.6876432
5.00,13,77,815.6631603
5.00,13,78,815.6094602
5.00,13,79,815.5730519
5.00,13,80,815.5633049
5.00,13,81,815.4914934
5.00,13,82,815.4621807
5.00,13,83,815.4144799
5.00,13,84,815.4034305
5.00,13,85,815.3030371
5.00,13,86,815.2851983
5.00,13,87,815.2235109
5.00,13,88,815.190271
5.00,13,89,815.1901749
5.00,13,90,815.106914
5.00,13,91,815.0829264
5.00,13,92,815.0289873
5.00,13,93,814.9929382
5.00,13,94,814.9838807
5.00,13,95,814.9115913
5.00,13,96,814.8827319
5.00,13,97,814.8348413
5.00,13,98,814.825322
5.00,13,99,814.7240518
5.00,13,100,814.7068287
5.00,13,101,814.6447521
5.00,13,102,814.6119279
5.00,13,103,814.5690784
5.00,13,104,814.5416069
5.00,13,105,814.4565285
5.00,13,106,814.4329806
5.00,13,107,814.3788492
5.00,13,108,814.3429588
5.00,13,109,814.333739
5.00,13,110,814.2621912
5.00,13,111,814.2337483
5.00,13,112,814.1858018
5.00,13,113,814.1790459
5.00,13,114,814.0762453
5.00,13,115,814.060825
5.00,13,116,813.9970408
5.00,13,117,813.9655125
5.00,13,118,813.9215136
5.00,13,119,813.9003977
5.00,13,120,813.810501
5.00,13,121,813.7898544
5.00,13,122,813.7326398
5.00,13,123,813.6985202
5.00,13,124,813.6946309
5.00,13,125,813.6168077
5.00,13,126,813.590744
5.00,13,127,813.5402338
5.00,13,128,813.5032613
5.00,13,129,813.4899277
5.00,13,130,813.4239485
5.00,13,131,813.3935837
5.00,13,132,813.348518
5.00,13,133,813.3322169
5.00,13,134,813.2385388
5.00,13,135,813.2197214
5.00,13,136,813.1606252
5.00,13,137,813.127537
5.00,13,138,813.1265101
5.00,13,139,813.0455282
5.00,13,140,813.0209841
5.00,13,141,812.968965
5.00,13,142,812.9328512
5.00,13,143,812.9218129
5.00,13,144,812.8533812
5.00,13,145,812.8242859
5.00,13,146,812.7780212
5.00,13,147,812.7670279
5.00,13,148,812.66913
5.00,13,149,812.6523242
5.00,13,150,812.5911209
5.00,13,151,812.5591565
5.00,13,152,812.5165704
5.00,13,153,812.4922059
5.00,13,154,812.4063338
5.00,13,155,812.3846599
5.00,13,156,812.329583
5.00,13,157,812.2952059
5.00,13,158,812.2893845
5.00,13,159,812.2148227
5.00,13,160,812.1880843
5.00,13,161,812.1392805
5.00,13,162,812.1369642
5.00,13,163,812.0315198
5.00,13,164,812.0171929
5.00,13,165,811.9532519
5.00,13,166,811.9223744
5.00,13,167,811.878818
5.00,13,168,811.8577593
5.00,13,169,811.7691999
5.00,13,170,811.7482582
5.00,13,171,811.69261
5.00,13,172,811.6585173
5.00,13,173,811.6529398
5.00,13,174,811.5786195
5.00,13,175,811.5525323
5.00,13,176,811.5033753
5.00,13,177,811.4669204
5.00,13,178,811.4537763
5.00,13,179,811.3887343
5.00,13,180,811.3585482
5.00,13,181,811.3144927
5.00,13,182,811.2960536
5.00,13,183,811.2056267
5.00,13,184,811.1856847
5.00,13,185,811.1291588
5.00,13,186,811.0956664
5.00,13,187,811.0915706
5.00,13,188,811.0157875
5.00,13,189,810.9905583
5.00,13,190,810.9406987
5.00,13,191,810.9047804
5.00,13,192,810.8929207
5.00,13,193,810.8266503
5.00,13,194,810.7972054
5.00,13,195,810.7525872
5.00,13,196,810.7369955
5.00,13,197,810.6444953
5.00,13,198,810.625634
5.00,13,199,810.5681283
5.00,13,200,810.5352758
5.00,14,1,866.3089558
5.00,14,2,865.3777934
5.00,14,3,865.084179
5.00,14,4,864.9117794
5.00,14,5,864.7618621
5.00,14,6,864.6140788
5.00,14,7,864.4695204
5.00,14,8,864.3238572
5.00,14,9,864.1803488
5.00,14,10,864.0359673
5.00,14,11,863.8932773
5.00,14,12,863.7499838
5.00,14,13,863.7283938
5.00,14,14,863.5530818
5.00,14,15,863.3990267
5.00,14,16,863.2309893
5.00,14,17,863.0791107
5.00,14,18,862.9169615
5.00,14,19,862.7670947
5.00,14,20,862.6097229
5.00,14,21,862.4616943
5.00,14,22,862.3082131
5.00,14,23,862.1618473
5.00,14,24,862.0115474
5.00,14,25,861.8666748
5.00,14,26,861.7189879
5.00,14,27,861.5754489
5.00,14,28,861.4299186
5.00,14,29,861.2875665
5.00,14,30,861.1438256
5.00,14,31,861.0025277
5.00,14,32,860.8602801
5.00,14,33,860.7199181
5.00,14,34,860.5789246
5.00,14,35,860.573011
5.00,14,36,860.3969968
5.00,14,37,860.2437549
5.00,14,38,860.0761354
5.00,14,39,859.9255197
5.00,14,40,859.7645853
5.00,14,41,859.6163521
5.00,14,42,859.4607571
5.00,14,43,859.3146606
5.00,14,44,859.1633475
5.00,14,45,859.0191492
5.00,14,46,858.8712852
5.00,14,47,858.7287615
5.00,14,48,858.583689
5.00,14,49,858.4426352
5.00,14,50,858.299834
5.00,14,51,858.1600666
5.00,14,52,858.0191237
5.00,14,53,857.8804804
5.00,14,54,857.7410677
5.00,14,55,857.6034068
5.00,14,56,857.4652629
5.00,14,57,857.4389448
5.00,14,58,857.268295
5.00,14,59,857.1176559
5.00,14,60,856.9551896
5.00,14,61,856.8074357
5.00,14,62,856.6514084
5.00,14,63,856.5062081
5.00,14,64,856.3552646
5.00,14,65,856.2123033
5.00,14,66,856.065392
5.00,14,67,855.9243792
5.00,14,68,855.7806817
5.00,14,69,855.6413554
5.00,14,70,855.500233
5.00,14,71,855.3623617
5.00,14,72,855.2233148
5.00,14,73,855.0866966
5.00,14,74,854.9493333
5.00,14,75,854.8137942
5.00,14,76,854.6778065
5.00,14,77,854.6541561
5.00,14,78,854.4848036
5.00,14,79,854.3354916
5.00,14,80,854.1748925
5.00,14,81,854.0288145
5.00,14,82,853.8750159
5.00,14,83,853.7317538
5.00,14,84,853.583259
5.00,14,85,853.442427
5.00,14,86,853.2980888
5.00,14,87,853.1593393
5.00,14,88,853.0182756
5.00,14,89,852.8813023
5.00,14,90,852.7428328
5.00,14,91,852.60737
5.00,14,92,852.4709688
5.00,14,93,852.3367893
5.00,14,94,852.2020483
5.00,14,95,852.0689597
5.00,14,96,852.0525515
5.00,14,97,851.9015536
5.00,14,98,851.7360717
5.00,14,99,851.5890231
5.00,14,100,851.4322438
5.00,14,101,851.2886296
5.00,14,102,851.1385275
5.00,14,103,850.9978562
5.00,14,104,850.8529067
5.00,14,105,850.7147341
5.00,14,106,850.5737826
5.00,14,107,850.4377185
5.00,14,108,850.2998865
5.00,14,109,850.1655947
5.00,14,110,850.0302119
5.00,14,111,849.8974069
5.00,14,112,849.7639602
5.00,14,113,849.6324026
5.00,14,114,849.5004978
5.00,14,115,849.4742064
5.00,14,116,849.3086686
5.00,14,117,849.1623695
5.00,14,118,849.0063032
5.00,14,119,848.8638211
5.00,14,120,848.7149513
5.00,14,121,848.5756955
5.00,14,122,848.4323186
5.00,14,123,848.2957686
5.00,14,124,848.1566071
5.00,14,125,848.022313
5.00,14,126,847.8864054
5.00,14,127,847.753985
5.00,14,128,847.6206051
5.00,14,129,847.4897382
5.00,14,130,847.3583357
5.00,14,131,847.2287572
5.00,14,132,847.2243863
5.00,14,133,847.0745877
5.00,14,134,846.9105057
5.00,14,135,846.7655373
5.00,14,136,846.6113422
5.00,14,137,846.4704677
5.00,14,138,846.3236956
5.00,14,139,846.1862427
5.00,14,140,846.0450784
5.00,14,141,845.91046
5.00,14,142,845.7735573
5.00,14,143,845.641274
5.00,14,144,845.5076296
5.00,14,145,845.377263
5.00,14,146,845.2461266
5.00,14,147,845.1173314
5.00,14,148,844.9881397
5.00,14,149,844.8606338
5.00,14,150,844.8378613
5.00,14,151,844.6907165
5.00,14,152,844.5316527
5.00,14,153,844.3894377
5.00,14,154,844.2397037
5.00,14,155,844.1015976
5.00,14,156,843.9588146
5.00,14,157,843.8240919
5.00,14,158,843.6865209
5.00,14,159,843.5545637
5.00,14,160,843.4209249
5.00,14,161,843.2912173
5.00,14,162,843.1605647
5.00,14,163,843.0326829
5.00,14,164,842.9043141
5.00,14,165,842.7779137
5.00,14,166,842.651306
5.00,14,167,842.6209013
5.00,14,168,842.4607128
5.00,14,169,842.3186865
5.00,14,170,842.168782
5.00,14,171,842.0312904
5.00,14,172,841.8889806
5.00,14,173,841.7551861
5.00,14,174,841.6185152
5.00,14,175,841.4877144
5.00,14,176,841.3552559
5.00,14,177,841.2268675
5.00,14,178,841.0975767
5.00,14,179,840.9711272
5.00,14,180,840.8442358
5.00,14,181,840.719344
5.00,14,182,840.594285
5.00,14,183,840.5633493
5.00,14,184,840.4046651
5.00,14,185,840.2639123
5.00,14,186,840.1157684
5.00,14,187,839.9797639
5.00,14,188,839.8393384
5.00,14,189,839.7071657
5.00,14,190,839.5724241
5.00,14,191,839.4433233
5.00,14,192,839.312794
5.00,14,193,839.1861444
5.00,14,194,839.0587581
5.00,14,195,838.9340602
5.00,14,196,838.8090367
5.00,14,197,838.6858926
5.00,14,198,838.6745526
5.00,14,199,838.5293163
5.00,14,200,838.3727649
5.00,15,1,879.4101696
5.00,15,2,879.3345804
5.00,15,3,879.3009892
5.00,15,4,879.2447021
5.00,15,5,879.2014989
5.00,15,6,879.1911919
5.00,15,7,879.1073549
5.00,15,8,879.0768378
5.00,15,9,879.0169951
5.00,15,10,878.9751153
5.00,15,11,878.9686164
5.00,15,12,878.8808716
5.00,15,13,878.8538256
5.00,15,14,878.7902297
5.00,15,15,878.7509414
5.00,15,16,878.7017721
5.00,15,17,878.6794911
5.00,15,18,878.572223
5.00,15,19,878.555329
5.00,15,20,878.4800242
5.00,15,21,878.44683
5.00,15,22,878.3907037
5.00,15,23,878.3478291
5.00,15,24,878.3378625
5.00,15,25,878.2541708
5.00,15,26,878.2239916
5.00,15,27,878.1642953
5.00,15,28,878.1227499
5.00,15,29,878.116614
5.00,15,30,878.0289873
5.00,15,31,878.0022941
5.00,15,32,877.9388263
5.00,15,33,877.8998819
5.00,15,34,877.8508497
5.00,15,35,877.8293409
5.00,15,36,877.7221262
5.00,15,37,877.7056197
5.00,15,38,877.630401
5.00,15,39,877.5975723
5.00,15,40,877.5415562
5.00,15,41,877.4990317
5.00,15,42,877.4894868
5.00,15,43,877.4058385
5.00,15,44,877.3760417
5.00,15,45,877.316434
5.00,15,46,877.2752466
5.00,15,47,877.26956
5.00,15,48,877.1819449
5.00,15,49,877.1556551
5.00,15,50,877.0922507
5.00,15,51,877.053679
5.00,15,52,877.0047448
5.00,15,53,876.9841687
5.00,15,54,876.8768625
5.00,15,55,876.860814
5.00,15,56,876.7855935
5.00,15,57,876.7531711
5.00,15,58,876.6972121
5.00,15,59,876.6550605
5.00,15,60,876.6460225
5.00,15,61,876.5623115
5.00,15,62,876.5329432
5.00,15,63,876.4733641
5.00,15,64,876.4325596
5.00,15,65,876.4274125
5.00,15,66,876.3396981
5.00,15,67,876.3138644
5.00,15,68,876.2504563
5.00,15,69,876.2122874
5.00,15,70,876.1634106
5.00,15,71,876.1439355
5.00,15,72,876.0363863
5.00,15,73,876.0208699
5.00,15,74,875.9455555
5.00,15,75,875.9135824
5.00,15,76,875.8576247
5.00,15,77,875.8158703
5.00,15,78,875.8074285
5.00,15,79,875.7235438
5.00,15,80,875.6946529
5.00,15,81,875.6350393
5.00,15,82,875.5946441
5.00,15,83,875.5901313
5.00,15,84,875.5022014
5.00,15,85,875.4768794
5.00,15,86,875.4133972
5.00,15,87,875.3756631
5.00,15,88,875.3268009
5.00,15,89,875.3086039
5.00,15,90,875.2006527
5.00,15,91,875.1857464
5.00,15,92,875.1102415
5.00,15,93,875.0787633
5.00,15,94,875.0227484
5.00,15,95,874.981417
5.00,15,96,874.9736658
5.00,15,97,874.8894904
5.00,15,98,874.8611285
5.00,15,99,874.8014142
5.00,15,100,874.7614561
5.00,15,101,874.7576779
5.00,15,102,874.66941
5.00,15,103,874.6446587
5.00,15,104,874.5810281
5.00,15,105,874.5437627
5.00,15,106,874.4948703
5.00,15,107,874.4781393
5.00,15,108,874.3696179
5.00,15,109,874.3554047
5.00,15,110,874.2796071
5.00,15,111,874.248672
5.00,15,112,874.1925381
5.00,15,113,874.1516574
5.00,15,114,874.1446969
5.00,15,115,874.060107
5.00,15,116,874.0323291
5.00,15,117,873.972444
5.00,15,118,873.9329528
5.00,15,119,873.9300158
5.00,15,120,873.8412801
5.00,15,121,873.8171624
5.00,15,122,873.7533047
5.00,15,123,873.7165442
5.00,15,124,873.6675741
5.00,15,125,873.6525092
5.00,15,126,873.543239
5.00,15,127,873.5298074
5.00,15,128,873.4536084
5.00,15,129,873.4232684
5.00,15,130,873.3669498
5.00,15,131,873.3265492
5.00,15,132,873.3204868
5.00,15,133,873.2353502
5.00,15,134,873.2082153
5.00,15,135,873.1480847
5.00,15,136,873.1090926
5.00,15,137,873.1071106
5.00,15,138,873.0177688
5.00,15,139,872.994352
5.00,15,140,872.9301834
5.00,15,141,872.8939668
5.00,15,142,872.8448682
5.00,15,143,872.831684
5.00,15,144,872.7214743
5.00,15,145,872.7089191
5.00,15,146,872.6322027
5.00,15,147,872.6025134
5.00,15,148,872.5459398
5.00,15,149,872.5060514
5.00,15,150,872.5010023
5.00,15,151,872.4151777
5.00,15,152,872.3887491
5.00,15,153,872.328293
5.00,15,154,872.2898346
5.00,15,155,872.2889302
5.00,15,156,872.1988341
5.00,15,157,872.1761908
5.00,15,158,872.1116213
5.00,15,159,872.0759909
5.00,15,160,872.0267094
5.00,15,161,872.0156372
5.00,15,162,871.9042829
5.00,15,163,871.8927066
5.00,15,164,871.815348
5.00,15,165,871.7863697
5.00,15,166,871.7294655
5.00,15,167,871.6901242
5.00,15,168,871.6862129
5.00,15,169,871.5995477
5.00,15,170,871.5738942
5.00,15,171,871.5130265
5.00,15,172,871.4751396
5.00,15,173,871.4287898
5.00,15,174,871.4025824
5.00,15,175,871.3039303
5.00,15,176,871.2840767
5.00,15,177,871.2165291
5.00,15,178,871.1819686
5.00,15,179,871.1318701
5.00,15,180,871.1219352
5.00,15,181,871.009298
5.00,15,182,870.9961609
5.00,15,183,870.9208445
5.00,15,184,870.8901192
5.00,15,185,870.8356688
5.00,15,186,870.7950172
5.00,15,187,870.785534
5.00,15,188,870.7064053
5.00,15,189,870.6788494
5.00,15,190,870.6209572
5.00,15,191,870.5826296
5.00,15,192,870.5811842
5.00,15,193,870.4922833
5.00,15,194,870.4681978
5.00,15,195,870.4061579
5.00,15,196,870.3693379
5.00,15,197,870.322408
5.00,15,198,870.3003357
5.00,15,199,870.1989787
5.00,15,200,870.1809098
5.00,16,1,934.8876186
5.00,16,2,934.823844
5.00,16,3,934.7691554
5.00,16,4,934.7052789
5.00,16,5,934.6508185
5.00,16,6,934.5867717
5.00,16,7,934.5325523
5.00,16,8,934.4683585
5.00,16,9,934.4143983
5.00,16,10,934.3500627
5.00,16,11,934.2963642
5.00,16,12,934.2318797
5.00,16,13,934.178438
5.00,16,14,934.1137925
5.00,16,15,934.060599
5.00,16,16,933.9957787
5.00,16,17,933.9428236
5.00,16,18,933.8778141
5.00,16,19,933.8250867
5.00,16,20,933.7598735
5.00,16,21,933.7073622
5.00,16,22,933.6419309
5.00,16,23,933.5896238
5.00,16,24,933.5239602
5.00,16,25,933.4718447
5.00,16,26,933.4059347
5.00,16,27,933.3539979
5.00,16,28,933.287828
5.00,16,29,933.2360563
5.00,16,30,933.169613
5.00,16,31,933.1179926
5.00,16,32,933.0512629
5.00,16,33,932.9997795
5.00,16,34,932.9327509
5.00,16,35,932.8813897
5.00,16,36,932.8140502
5.00,16,37,932.762796
5.00,16,38,932.6951341
5.00,16,39,932.6439716
5.00,16,40,932.5759761
5.00,16,41,932.5248896
5.00,16,42,932.4565503
5.00,16,43,932.4055237
5.00,16,44,932.3368307
5.00,16,45,932.2858478
5.00,16,46,932.216792
5.00,16,47,932.1658364
5.00,16,48,932.0964095
5.00,16,49,932.0454645
5.00,16,50,931.9756587
5.00,16,51,931.9247076
5.00,16,52,931.8545161
5.00,16,53,931.803542
5.00,16,54,931.7329587
5.00,16,55,931.6819448
5.00,16,56,931.6109643
5.00,16,57,931.5598937
5.00,16,58,931.4885115
5.00,16,59,931.4373673
5.00,16,60,931.3655798
5.00,16,61,931.3143452
5.00,16,62,931.2421497
5.00,16,63,931.190808
5.00,16,64,931.1182027
5.00,16,65,931.0667373
5.00,16,66,930.993721
5.00,16,67,930.9421156
5.00,16,68,930.8686884
5.00,16,69,930.8169269
5.00,16,70,930.7430895
5.00,16,71,930.6911561
5.00,16,72,930.6169102
5.00,16,73,930.5647893
5.00,16,74,930.4901376
5.00,16,75,930.437814
5.00,16,76,930.3627599
5.00,16,77,930.310219
5.00,16,78,930.2347668
5.00,16,79,930.1819941
5.00,16,80,930.1061491
5.00,16,81,930.0531308
5.00,16,82,929.9768991
5.00,16,83,929.9236218
5.00,16,84,929.8470102
5.00,16,85,929.7934611
5.00,16,86,929.7164775
5.00,16,87,929.6626442
5.00,16,88,929.585297
5.00,16,89,929.531168
5.00,16,90,929.4534665
5.00,16,91,929.3990306
5.00,16,92,929.3209849
5.00,16,93,929.2662318
5.00,16,94,929.1878525
5.00,16,95,929.1327725
5.00,16,96,929.0540709
5.00,16,97,928.998655
5.00,16,98,928.9196433
5.00,16,99,928.8638831
5.00,16,100,928.7845739
5.00,16,101,928.7284619
5.00,16,102,928.6488684
5.00,16,103,928.5923977
5.00,16,104,928.5125336
5.00,16,105,928.4556983
5.00,16,106,928.3755778
5.00,16,107,928.3183725
5.00,16,108,928.2380102
5.00,16,109,928.1804305
5.00,16,110,928.0998415
5.00,16,111,928.0418837
5.00,16,112,927.9610834
5.00,16,113,927.9027446
5.00,16,114,927.8217487
5.00,16,115,927.7630267
5.00,16,116,927.6818513
5.00,16,117,927.6227449
5.00,16,118,927.5414061
5.00,16,119,927.4819146
5.00,16,120,927.4004289
5.00,16,121,927.3405527
5.00,16,122,927.2589367
5.00,16,123,927.1986767
5.00,16,124,927.116947
5.00,16,125,927.056305
5.00,16,126,926.9744784
5.00,16,127,926.9134569
5.00,16,128,926.8315501
5.00,16,129,926.7701525
5.00,16,130,926.6881822
5.00,16,131,926.6264122
5.00,16,132,926.5443952
5.00,16,133,926.4822576
5.00,16,134,926.4002104
5.00,16,135,926.3377105
5.00,16,136,926.2556495
5.00,16,137,926.1927933
5.00,16,138,926.1107349
5.00,16,139,926.0475289
5.00,16,140,925.9654891
5.00,16,141,925.9019405
5.00,16,142,925.8199352
5.00,16,143,925.7560518
5.00,16,144,925.6740965
5.00,16,145,925.6098866
5.00,16,146,925.5279967
5.00,16,147,925.4634691
5.00,16,148,925.3816594
5.00,16,149,925.3168233
5.00,16,150,925.2351086
5.00,16,151,925.1699738
5.00,16,152,925.0883682
5.00,16,153,925.0229448
5.00,16,154,924.9414623
5.00,16,155,924.8757608
5.00,16,156,924.7944147
5.00,16,157,924.7284461
5.00,16,158,924.6472495
5.00,16,159,924.5810248
5.00,16,160,924.4999902
5.00,16,161,924.433521
5.00,16,162,924.3526605
5.00,16,163,924.2859584
5.00,16,164,924.2052836
5.00,16,165,924.1383606
5.00,16,166,924.0578827
5.00,16,167,923.9907508
5.00,16,168,923.9104803
5.00,16,169,923.8431518
5.00,16,170,923.763099
5.00,16,171,923.6955862
5.00,16,172,923.6157606
5.00,16,173,923.5480759
5.00,16,174,923.4684866
5.00,16,175,923.4006425
5.00,16,176,923.3212981
5.00,16,177,923.253307
5.00,16,178,923.1742155
5.00,16,179,923.10609
5.00,16,180,923.0272589
5.00,16,181,922.9590113
5.00,16,182,922.8804477
5.00,16,183,922.8120903
5.00,16,184,922.7338007
5.00,16,185,922.6653458
5.00,16,186,922.5873361
5.00,16,187,922.5187958
5.00,16,188,922.4410715
5.00,16,189,922.3724576
5.00,16,190,922.2950236
5.00,16,191,922.226348
5.00,16,192,922.1492089
5.00,16,193,922.0804831
5.00,16,194,922.0036427
5.00,16,195,921.9348781
5.00,16,196,921.85834
5.00,16,197,921.7895476
5.00,16,198,921.7133148
5.00,16,199,921.6445054
5.00,16,200,921.5685805
5.00,17,1,733.3887257
5.00,17,2,733.3106357
5.00,17,3,733.2891912
5.00,17,4,732.9069099
5.00,17,5,732.7917629
5.00,17,6,732.7567279
5.00,17,7,732.7272838
5.00,17,8,732.7078957
5.00,17,9,732.6902585
5.00,17,10,732.6875878
5.00,17,11,732.6854354
5.00,17,12,732.370682
5.00,17,13,732.2538879
5.00,17,14,731.9421253
5.00,17,15,731.8232154
5.00,17,16,731.5152648
5.00,17,17,731.3838831
5.00,17,18,731.091311
5.00,17,19,730.9754229
5.00,17,20,730.9681066
5.00,17,21,730.6175706
5.00,17,22,730.5223206
5.00,17,23,730.4597796
5.00,17,24,729.7655928
5.00,17,25,729.7466754
5.00,17,26,729.7178679
5.00,17,27,729.7035725
5.00,17,28,729.4259167
5.00,17,29,729.2533831
5.00,17,30,729.2503999
5.00,17,31,729.2502426
5.00,17,32,728.9089361
5.00,17,33,728.8041937
5.00,17,34,728.4925955
5.00,17,35,728.3487257
5.00,17,36,728.0803332
5.00,17,37,727.9442518
5.00,17,38,727.9080107
5.00,17,39,727.8963682
5.00,17,40,727.5667822
5.00,17,41,727.4373846
5.00,17,42,727.1602081
5.00,17,43,727.0628529
5.00,17,44,726.9995443
5.00,17,45,726.9812543
5.00,17,46,726.6482241
5.00,17,47,726.521785
5.00,17,48,726.5119923
5.00,17,49,726.1908537
5.00,17,50,726.0367709
5.00,17,51,725.9397072
5.00,17,52,725.3688316
5.00,17,53,725.2672421
5.00,17,54,725.2208239
5.00,17,55,725.1886989
5.00,17,56,725.1667668
5.00,17,57,725.1453206
5.00,17,58,725.1354695
5.00,17,59,725.1242126
5.00,17,60,724.8507481
5.00,17,61,724.6561567
5.00,17,62,724.6481504
5.00,17,63,724.6383083
5.00,17,64,724.3529822
5.00,17,65,724.1666672
5.00,17,66,724.1599642
5.00,17,67,724.1510555
5.00,17,68,723.8572252
5.00,17,69,723.6761841
5.00,17,70,723.6701
5.00,17,71,723.6615358
5.00,17,72,723.3634605
5.00,17,73,723.1839799
5.00,17,74,723.1776968
5.00,17,75,723.168796
5.00,17,76,722.871671
5.00,17,77,722.6894436
5.00,17,78,722.6820349
5.00,17,79,722.6720369
5.00,17,80,722.381841
5.00,17,81,722.1921475
5.00,17,82,722.1826311
5.00,17,83,722.1707327
5.00,17,84,721.8939564
5.00,17,85,721.8769321
5.00,17,86,721.1323917
5.00,17,87,721.0749034
5.00,17,88,721.05377
5.00,17,89,721.0317882
5.00,17,90,721.0206785
5.00,17,91,721.0071185
5.00,17,92,720.7397112
5.00,17,93,720.6683718
5.00,17,94,719.9852352
5.00,17,95,719.9127985
5.00,17,96,719.8879394
5.00,17,97,719.8626094
5.00,17,98,719.8461166
5.00,17,99,719.8278106
5.00,17,100,719.8226486
5.00,17,101,719.8134586
5.00,17,102,719.5055623
5.00,17,103,719.3185928
5.00,17,104,719.3068612
5.00,17,105,719.2923343
5.00,17,106,719.0289888
5.00,17,107,718.9156129
5.00,17,108,718.2846341
5.00,17,109,718.1966896
5.00,17,110,718.1685909
5.00,17,111,718.1400437
5.00,17,112,718.1181949
5.00,17,113,718.0950409
5.00,17,114,718.0817591
5.00,17,115,718.0656224
5.00,17,116,718.0641056
5.00,17,117,718.0570253
5.00,17,118,717.7225641
5.00,17,119,717.5478244
5.00,17,120,717.5368651
5.00,17,121,717.5224508
5.00,17,122,717.2528969
5.00,17,123,717.1271922
5.00,17,124,716.5192352
5.00,17,125,716.4241668
5.00,17,126,716.394303
5.00,17,127,716.3640133
5.00,17,128,716.339265
5.00,17,129,716.3133893
5.00,17,130,716.2955648
5.00,17,131,716.2753781
5.00,17,132,716.2669424
5.00,17,133,716.2540365
5.00,17,134,715.9653056
5.00,17,135,715.8688457
5.00,17,136,715.2396282
5.00,17,137,715.1479066
5.00,17,138,715.1180485
5.00,17,139,715.087793
5.00,17,140,715.0630578
5.00,17,141,715.0370348
5.00,17,142,715.0188896
5.00,17,143,714.9981891
5.00,17,144,714.9888722
5.00,17,145,714.9749101
5.00,17,146,714.6912603
5.00,17,147,714.5593334
5.00,17,148,713.9730594
5.00,17,149,713.9663026
5.00,17,150,713.6047688
5.00,17,151,713.4340325
5.00,17,152,713.4102046
5.00,17,153,713.3900568
5.00,17,154,713.3839167
5.00,17,155,713.3719246
5.00,17,156,713.063546
5.00,17,157,712.9696903
5.00,17,158,712.3547975
5.00,17,159,712.3419124
5.00,17,160,711.9906493
5.00,17,161,711.8126435
5.00,17,162,711.7931786
5.00,17,163,711.7719228
5.00,17,164,711.7627964
5.00,17,165,711.7480446
5.00,17,166,711.457543
5.00,17,167,711.2904927
5.00,17,168,710.7585928
5.00,17,169,710.6947971
5.00,17,170,710.6891386
5.00,17,171,710.6783259
5.00,17,172,710.3146749
5.00,17,173,710.2997177
5.00,17,174,709.6296085
5.00,17,175,709.5461306
5.00,17,176,709.5085431
5.00,17,177,709.4758438
5.00,17,178,709.4491452
5.00,17,179,709.4211395
5.00,17,180,709.3995637
5.00,17,181,709.3752671
5.00,17,182,709.3597572
5.00,17,183,709.3398383
5.00,17,184,709.3321362
5.00,17,185,709.3175138
5.00,17,186,709.0152869
5.00,17,187,708.8386145
5.00,17,188,708.3299885
5.00,17,189,708.2289648
5.00,17,190,708.218914
5.00,17,191,708.203229
5.00,17,192,707.8951906
5.00,17,193,707.7142555
5.00,17,194,707.2196226
5.00,17,195,707.1504869
5.00,17,196,707.1094196
5.00,17,197,707.0846261
5.00,17,198,707.0820553
5.00,17,199,707.0703246
5.00,17,200,706.7037777
5.00,18,1,915.6965202
5.00,18,2,914.7971351
5.00,18,3,914.4530962
5.00,18,4,914.3929745
5.00,18,5,914.0289129
5.00,18,6,914.0203516
5.00,18,7,913.62026
5.00,18,8,913.4061276
5.00,18,9,913.2139124
5.00,18,10,912.9897026
5.00,18,11,912.8107586
5.00,18,12,912.5749835
5.00,18,13,912.410611
5.00,18,14,912.1618356
5.00,18,15,912.0135327
5.00,18,16,911.750258
5.00,18,17,911.619632
5.00,18,18,911.3402708
5.00,18,19,911.2290231
5.00,18,20,910.9318967
5.00,18,21,910.8418159
5.00,18,22,910.5251569
5.00,18,23,910.4581113
5.00,18,24,910.1200696
5.00,18,25,910.0779973
5.00,18,26,909.7166496
5.00,18,27,909.7015458
5.00,18,28,909.3149068
5.00,18,29,909.1125482
5.00,18,30,908.9177941
5.00,18,31,908.706619
5.00,18,32,908.5232545
5.00,18,33,908.3021236
5.00,18,34,908.1314503
5.00,18,35,907.8991025
5.00,18,36,907.7425614
5.00,18,37,907.4976011
5.00,18,38,907.3567862
5.00,18,39,907.09767
5.00,18,40,906.974343
5.00,18,41,906.6993649
5.00,18,42,906.5954722
5.00,18,43,906.302748
5.00,18,44,906.2204376
5.00,18,45,905.9078878
5.00,18,46,905.8495301
5.00,18,47,905.5148603
5.00,18,48,905.4830697
5.00,18,49,905.1237498
5.00,18,50,905.121409
5.00,18,51,904.7346497
5.00,18,52,904.5319011
5.00,18,53,904.3447097
5.00,18,54,904.1359697
5.00,18,55,903.9562062
5.00,18,56,903.7411164
5.00,18,57,903.5691239
5.00,18,58,903.3473336
5.00,18,59,903.1834451
5.00,18,60,902.9546128
5.00,18,61,902.7991478
5.00,18,62,902.5629447
5.00,18,63,902.4162059
5.00,18,64,902.1723189
5.00,18,65,902.0345887
5.00,18,66,901.7827239
5.00,18,67,901.6542609
5.00,18,68,901.3941469
5.00,18,69,901.2751826
5.00,18,70,901.0065742
5.00,18,71,900.8973095
5.00,18,72,900.6199912
5.00,18,73,900.520593
5.00,18,74,900.234382
5.00,18,75,900.1449806
5.00,18,76,899.84973
5.00,18,77,899.7704162
5.00,18,78,899.4660178
5.00,18,79,899.3968401
5.00,18,80,899.0832273
5.00,18,81,899.0241904
5.00,18,82,898.7013397
5.00,18,83,898.6524025
5.00,18,84,898.320336
5.00,18,85,898.2814103
5.00,18,86,897.9401968
5.00,18,87,897.9111466
5.00,18,88,897.5609024
5.00,18,89,897.5415435
5.00,18,90,897.1824335
5.00,18,91,897.1725335
5.00,18,92,896.8047706
5.00,18,93,896.8040499
5.00,18,94,896.4278948
5.00,18,95,896.2389308
5.00,18,96,896.054321
5.00,18,97,895.8618233
5.00,18,98,895.6817762
5.00,18,99,895.4856309
5.00,18,100,895.3102441
5.00,18,101,895.1103464
5.00,18,102,894.9397086
5.00,18,103,894.7359629
5.00,18,104,894.5701531
5.00,18,105,894.3624733
5.00,18,106,894.2015599
5.00,18,107,893.9898703
5.00,18,108,893.8339103
5.00,18,109,893.6181462
5.00,18,110,893.4671842
5.00,18,111,893.2472932
5.00,18,112,893.1013607
5.00,18,113,892.877303
5.00,18,114,892.7364178
5.00,18,115,892.5081675
5.00,18,116,892.3723324
5.00,18,117,892.1398778
5.00,18,118,892.0090805
5.00,18,119,891.7724253
5.00,18,120,891.6466373
5.00,18,121,891.405801
5.00,18,122,891.2849774
5.00,18,123,891.0399956
5.00,18,124,890.9240746
5.00,18,125,890.6750001
5.00,18,126,890.5639022
5.00,18,127,890.3108049
5.00,18,128,890.2044333
5.00,18,129,889.9474008
5.00,18,130,889.8456407
5.00,18,131,889.5847783
5.00,18,132,889.4874971
5.00,18,133,889.2229281
5.00,18,134,889.1299754
5.00,18,135,888.8618407
5.00,18,136,888.7730485
5.00,18,137,888.501507
5.00,18,138,888.4166901
5.00,18,139,888.141918
5.00,18,140,888.0608742
5.00,18,141,887.7830647
5.00,18,142,887.7055756
5.00,18,143,887.4249384
5.00,18,144,887.3507701
5.00,18,145,887.0675309
5.00,18,146,886.9964346
5.00,18,147,886.7108341
5.00,18,148,886.6425473
5.00,18,149,886.3548404
5.00,18,150,886.2890878
5.00,18,151,885.9995423
5.00,18,152,885.9360372
5.00,18,153,885.6449332
5.00,18,154,885.5833786
5.00,18,155,885.2910067
5.00,18,156,885.2310967
5.00,18,157,884.937757
5.00,18,158,884.8791784
5.00,18,159,884.5851787
5.00,18,160,884.5276127
5.00,18,161,884.2332672
5.00,18,162,884.1763907
5.00,18,163,883.8820183
5.00,18,164,883.8255058
5.00,18,165,883.5314285
5.00,18,166,883.474954
5.00,18,167,883.181495
5.00,18,168,883.1247334
5.00,18,169,882.8322153
5.00,18,170,882.7748446
5.00,18,171,882.4835878
5.00,18,172,882.4252906
5.00,18,173,882.1356116
5.00,18,174,882.0760768
5.00,18,175,881.7882861
5.00,18,176,881.7272108
5.00,18,177,881.4416115
5.00,18,178,881.3787027
5.00,18,179,881.0955885
5.00,18,180,881.0305644
5.00,18,181,880.7502183
5.00,18,182,880.6828102
5.00,18,183,880.4055028
5.00,18,184,880.335456
5.00,18,185,880.0614441
5.00,18,186,879.9885197
5.00,18,187,879.7180449
5.00,18,188,879.6420206
5.00,18,189,879.3753081
5.00,18,190,879.2959794
5.00,18,191,879.0332372
5.00,18,192,878.9504181
5.00,18,193,878.6918358
5.00,18,194,878.6053596
5.00,18,195,878.3511076
5.00,18,196,878.2608275
5.00,18,197,878.0110568
5.00,18,198,877.9168461
5.00,18,199,877.6716874
5.00,18,200,877.5734399
5.00,19,1,758.6293817
5.00,19,2,758.5378235
5.00,19,3,758.5051106
5.00,19,4,758.3788414
5.00,19,5,758.3263425
5.00,19,6,758.2381703
5.00,19,7,758.1909334
5.00,19,8,758.1247058
5.00,19,9,757.6758381
5.00,19,10,755.6920668
5.00,19,11,741.8666525
5.00,19,12,737.9495492
5.00,19,13,737.9117633
5.00,19,14,737.2874806
5.00,19,15,737.1606124
5.00,19,16,737.1157895
5.00,19,17,736.9646095
5.00,19,18,736.9044884
5.00,19,19,736.8184686
5.00,19,20,736.7730214
5.00,19,21,736.7726845
5.00,19,22,732.0809187
5.00,19,23,731.4855423
5.00,19,24,730.9714231
5.00,19,25,730.4733209
5.00,19,26,730.0596442
5.00,19,27,729.6346407
5.00,19,28,728.7128831
5.00,19,29,728.6551345
5.00,19,30,718.5480936
5.00,19,31,718.3912708
5.00,19,32,718.3414113
5.00,19,33,718.1253399
5.00,19,34,718.072341
5.00,19,35,717.9627525
5.00,19,36,717.9313092
5.00,19,37,717.8691619
5.00,19,38,717.8298061
5.00,19,39,717.8222446
5.00,19,40,717.7617686
5.00,19,41,717.7546146
5.00,19,42,717.6311525
5.00,19,43,717.6196842
5.00,19,44,717.5559438
5.00,19,45,717.1634413
5.00,19,46,714.0615425
5.00,19,47,710.3556016
5.00,19,48,703.3250802
5.00,19,49,703.2092632
5.00,19,50,703.1949918
5.00,19,51,702.9404187
5.00,19,52,702.9176062
5.00,19,53,702.7981471
5.00,19,54,702.7774033
5.00,19,55,702.7163087
5.00,19,56,702.6830622
5.00,19,57,702.6762742
5.00,19,58,702.6230443
5.00,19,59,702.6077737
5.00,19,60,702.5096064
5.00,19,61,702.4917712
5.00,19,62,702.4447301
5.00,19,63,702.4179874
5.00,19,64,702.3318977
5.00,19,65,702.30968
5.00,19,66,702.2673387
5.00,19,67,702.2308245
5.00,19,68,702.1545581
5.00,19,69,702.1287524
5.00,19,70,702.1255453
5.00,19,71,702.0658657
5.00,19,72,702.0364505
5.00,19,73,702.0305753
5.00,19,74,701.9771494
5.00,19,75,701.9641035
5.00,19,76,701.8650127
5.00,19,77,701.8477226
5.00,19,78,701.8005172
5.00,19,79,701.774606
5.00,19,80,701.6883905
5.00,19,81,701.6664371
5.00,19,82,701.6242235
5.00,19,83,701.5879606
5.00,19,84,701.512139
5.00,19,85,701.4864022
5.00,19,86,701.4830918
5.00,19,87,701.4239912
5.00,19,88,701.3945723
5.00,19,89,701.3885239
5.00,19,90,701.3358242
5.00,19,91,701.3216883
5.00,19,92,701.2243592
5.00,19,93,701.2066236
5.00,19,94,701.160285
5.00,19,95,701.1330361
5.00,19,96,701.0488255
5.00,19,97,701.026352
5.00,19,98,701.0257998
5.00,19,99,700.9610358
5.00,19,100,700.9344107
5.00,19,101,700.9308185
5.00,19,102,700.8732057
5.00,19,103,700.869499
5.00,19,104,700.7623756
5.00,19,105,700.7483182
5.00,19,106,700.6984157
5.00,19,107,700.6789135
5.00,19,108,700.5875566
5.00,19,109,700.5678497
5.00,19,110,700.5239712
5.00,19,111,700.4920737
5.00,19,112,700.4131252
5.00,19,113,700.3889399
5.00,19,114,700.3867186
5.00,19,115,700.3258878
5.00,19,116,700.297709
5.00,19,117,700.2925163
5.00,19,118,700.2386287
5.00,19,119,700.2276564
5.00,19,120,700.128374
5.00,19,121,700.1116806
5.00,19,122,700.0649313
5.00,19,123,700.0393508
5.00,19,124,699.954661
5.00,19,125,699.9327365
5.00,19,126,699.9323849
5.00,19,127,699.8677833
5.00,19,128,699.8415125
5.00,19,129,699.8379556
5.00,19,130,699.7808709
5.00,19,131,699.7767287
5.00,19,132,699.6711916
5.00,19,133,699.656877
5.00,19,134,699.6079183
5.00,19,135,699.5872315
5.00,19,136,699.4981987
5.00,19,137,699.4780041
5.00,19,138,699.4353103
5.00,19,139,699.4018045
5.00,19,140,699.3255962
5.00,19,141,699.3007961
5.00,19,142,699.2977644
5.00,19,143,699.239275
5.00,19,144,699.2104699
5.00,19,145,699.2044223
5.00,19,146,699.1529452
5.00,19,147,699.1377414
5.00,19,148,699.0437792
5.00,19,149,699.0255082
5.00,19,150,698.9810791
5.00,19,151,698.951518
5.00,19,152,698.8718985
5.00,19,153,698.8485038
5.00,19,154,698.8465922
5.00,19,155,698.7859385
5.00,19,156,698.7582976
5.00,19,157,698.7532023
5.00,19,158,698.6999638
5.00,19,159,698.6886537
5.00,19,160,698.5913251
5.00,19,161,698.5744009
5.00,19,162,698.5288382
5.00,19,163,698.5019538
5.00,19,164,698.4201691
5.00,19,165,698.397717
5.00,19,166,698.3965187
5.00,19,167,698.3345723
5.00,19,168,698.3076965
5.00,19,169,698.3031874
5.00,19,170,698.2489579
5.00,19,171,698.2399497
5.00,19,172,698.1408211
5.00,19,173,698.1246758
5.00,19,174,698.078572
5.00,19,175,698.053133
5.00,19,176,697.9703935
5.00,19,177,697.9484411
5.00,19,178,697.9475687
5.00,19,179,697.885162
5.00,19,180,697.8586717
5.00,19,181,697.8544016
5.00,19,182,697.7999131
5.00,19,183,697.7917127
5.00,19,184,697.6922545
5.00,19,185,697.6763622
5.00,19,186,697.630266
5.00,19,187,697.6051438
5.00,19,188,697.5225592
5.00,19,189,697.500705
5.00,19,190,697.4998089
5.00,19,191,697.4376947
5.00,19,192,697.4112487
5.00,19,193,697.4069066
5.00,19,194,697.3528159
5.00,19,195,697.3440956
5.00,19,196,697.2456145
5.00,19,197,697.2295123
5.00,19,198,697.1839067
5.00,19,199,697.1581166
5.00,19,200,697.0766546
5.00,20,1,831.5266975
5.00,20,2,831.3851689
5.00,20,3,831.3219939
5.00,20,4,831.3206596
5.00,20,5,831.1546868
5.00,20,6,831.0988321
5.00,20,7,831.003502
5.00,20,8,830.9615859
5.00,20,9,830.7830658
5.00,20,10,830.7313955
5.00,20,11,830.6311098
5.00,20,12,830.6046195
5.00,20,13,830.4126249
5.00,20,14,830.3654138
5.00,20,15,830.2598118
5.00,20,16,830.2497669
5.00,20,17,830.04336
5.00,20,18,830.0008848
5.00,20,19,829.8896031
5.00,20,20,829.8174546
5.00,20,21,829.7865449
5.00,20,22,829.6606964
5.00,20,23,829.5936862
5.00,20,24,829.5781777
5.00,20,25,829.4325475
5.00,20,26,829.3714822
5.00,20,27,829.2849772
5.00,20,28,829.2203724
5.00,20,29,829.0652328
5.00,20,30,829.0073865
5.00,20,31,828.9171613
5.00,20,32,828.8642814
5.00,20,33,828.6990266
5.00,20,34,828.6445764
5.00,20,35,828.5503973
5.00,20,36,828.5098956
5.00,20,37,828.3339232
5.00,20,38,828.2830442
5.00,20,39,828.1846797
5.00,20,40,828.1572003
5.00,20,41,827.969916
5.00,20,42,827.92278
5.00,20,43,827.8200029
5.00,20,44,827.8061739
5.00,20,45,827.6069976
5.00,20,46,827.563771
5.00,20,47,827.4563608
5.00,20,48,827.3847621
5.00,20,49,827.3520064
5.00,20,50,827.2314023
5.00,20,51,827.164435
5.00,20,52,827.1455132
5.00,20,53,827.0071265
5.00,20,54,826.9454618
5.00,20,55,826.9418809
5.00,20,56,826.7840606
5.00,20,57,826.7292378
5.00,20,58,826.6378831
5.00,20,59,826.5947662
5.00,20,60,826.4245215
5.00,20,61,826.3738859
5.00,20,62,826.2775392
5.00,20,63,826.2500525
5.00,20,64,826.0661587
5.00,20,65,826.0200906
5.00,20,66,825.9182546
5.00,20,67,825.9078553
5.00,20,68,825.7089839
5.00,20,69,825.6678961
5.00,20,70,825.5600313
5.00,20,71,825.4902103
5.00,20,72,825.4602929
5.00,20,73,825.3381048
5.00,20,74,825.2725775
5.00,20,75,825.2550262
5.00,20,76,825.1171903
5.00,20,77,825.0571403
5.00,20,78,825.0560269
5.00,20,79,824.8969442
5.00,20,80,824.8430633
5.00,20,81,824.7526689
5.00,20,82,824.7084026
5.00,20,83,824.5417117
5.00,20,84,824.4903924
5.00,20,85,824.3970905
5.00,20,86,824.361956
5.00,20,87,824.1874655
5.00,20,88,824.1387577
5.00,20,89,824.0424798
5.00,20,90,824.0166498
5.00,20,91,823.8341967
5.00,20,92,823.7881415
5.00,20,93,823.6888303
5.00,20,94,823.672444
5.00,20,95,823.481896
5.00,20,96,823.4385248
5.00,20,97,823.3361358
5.00,20,98,823.3292958
5.00,20,99,823.1305538
5.00,20,100,823.089888
5.00,20,101,822.9843897
5.00,20,102,822.9153718
5.00,20,103,822.8840773
5.00,20,104,822.7667482
5.00,20,105,822.7018503
5.00,20,106,822.6828123
5.00,20,107,822.5496829
5.00,20,108,822.4894001
5.00,20,109,822.4836192
5.00,20,110,822.3336668
5.00,20,111,822.279261
5.00,20,112,822.1925986
5.00,20,113,822.1441306
5.00,20,114,821.9854936
5.00,20,115,821.9340269
5.00,20,116,821.8439522
5.00,20,117,821.8062076
5.00,20,118,821.6383333
5.00,20,119,821.5899715
5.00,20,120,821.4962652
5.00,20,121,821.4698681
5.00,20,122,821.2921844
5.00,20,123,821.2470992
5.00,20,124,821.1495345
5.00,20,125,821.1351301
5.00,20,126,820.9470457
5.00,20,127,820.9054141
5.00,20,128,820.8037569
5.00,20,129,820.8020108
5.00,20,130,820.6029157
5.00,20,131,820.5649205
5.00,20,132,820.4589292
5.00,20,133,820.3920874
5.00,20,134,820.3640196
5.00,20,135,820.2452533
5.00,20,136,820.1821466
5.00,20,137,820.1647474
5.00,20,138,820.0324555
5.00,20,139,819.9740467
5.00,20,140,819.9706816
5.00,20,141,819.8201905
5.00,20,142,819.766938
5.00,20,143,819.6816359
5.00,20,144,819.6322208
5.00,20,145,819.4778689
5.00,20,146,819.425994
5.00,20,147,819.3392896
5.00,20,148,819.2945256
5.00,20,149,819.1364262
5.00,20,150,819.0858903
5.00,20,151,818.9978313
5.00,20,152,818.9575689
5.00,20,153,818.7958554
5.00,20,154,818.7466143
5.00,20,155,818.6572558
5.00,20,156,818.6213244
5.00,20,157,818.4561496
5.00,20,158,818.4081534
5.00,20,159,818.317558
5.00,20,160,818.285767
5.00,20,161,818.1173021
5.00,20,162,818.0704955
5.00,20,163,817.9787327
5.00,20,164,817.9508722
5.00,20,165,817.7793062
5.00,20,166,817.7336291
5.00,20,167,817.6407751
5.00,20,168,817.6166171
5.00,20,169,817.4421556
5.00,20,170,817.3975431
5.00,20,171,817.3036802
5.00,20,172,817.28298
5.00,20,173,817.1058441
5.00,20,174,817.0622269
5.00,20,175,816.9674433
5.00,20,176,816.9499408
5.00,20,177,816.7703657
5.00,20,178,816.7276707
5.00,20,179,816.6320596
5.00,20,180,816.6174811
5.00,20,181,816.4357148
5.00,20,182,816.3938654
5.00,20,183,816.2975247
5.00,20,184,816.2855842
5.00,20,185,816.1018858
5.00,20,186,816.0608025
5.00,20,187,815.963834
5.00,20,188,815.9542355
5.00,20,189,815.7688736
5.00,20,190,815.7284743
5.00,20,191,815.6309834
5.00,20,192,815.6234222
5.00,20,193,815.4366733
5.00,20,194,815.396874
5.00,20,195,815.2989685
5.00,20,196,815.2931337
5.00,20,197,815.1052804
5.00,20,198,815.0659956
5.00,20,199,814.9677853
5.00,20,200,814.9633614
5.00,21,1,766.4443148
5.00,21,2,766.4385533
5.00,21,3,766.4359185
5.00,21,4,766.4335604
5.00,21,5,766.4313749
5.00,21,6,766.4292486
5.00,21,7,766.4271917
5.00,21,8,766.4251552
5.00,22,1,794.4349011
5.00,22,2,794.2945216
5.00,22,3,794.1937665
5.00,22,4,794.0899699
5.00,22,5,794.0085253
5.00,22,6,793.9270841
5.00,22,7,793.8585827
5.00,22,8,793.7911311
5.00,22,9,793.731277
5.00,22,10,793.672655
5.00,22,11,793.6185531
5.00,22,12,793.5655419
5.00,22,13,793.5152541
5.00,22,14,793.4658291
5.00,22,15,793.418065
5.00,22,16,793.3709446
5.00,22,17,793.3248493
5.00,22,18,793.2792182
5.00,22,19,793.2658619
5.00,22,20,793.2057277
5.00,22,21,793.1506785
5.00,22,22,793.0967643
5.00,22,23,793.045906
5.00,22,24,792.9959634
5.00,22,25,792.9478794
5.00,22,26,792.900486
5.00,22,27,792.8542365
5.00,22,28,792.8084882
5.00,22,29,792.8030278
5.00,22,30,792.7412053
5.00,22,31,792.6851046
5.00,22,32,792.6301771
5.00,22,33,792.5786785
5.00,22,34,792.5281482
5.00,22,35,792.4796975
5.00,22,36,792.4319861
5.00,22,37,792.3855512
5.00,22,38,792.3396566
5.00,22,39,792.2945549
5.00,22,40,792.2809395
5.00,22,41,792.2233562
5.00,22,42,792.1669802
5.00,22,43,792.1145542
5.00,22,44,792.063159
5.00,22,45,792.0141516
5.00,22,46,791.9659448
5.00,22,47,791.9191989
5.00,22,48,791.873044
5.00,22,49,791.8277935
5.00,22,50,791.8236893
5.00,22,51,791.7644131
5.00,22,52,791.7063616
5.00,22,53,791.6528678
5.00,22,54,791.6004642
5.00,22,55,791.5508062
5.00,22,56,791.5020126
5.00,22,57,791.4548932
5.00,22,58,791.4084194
5.00,22,59,791.3629785
5.00,22,60,791.3180034
5.00,22,61,791.3065616
5.00,22,62,791.2469684
5.00,22,63,791.1925075
5.00,22,64,791.1391806
5.00,22,65,791.0889374
5.00,22,66,791.0396116
5.00,22,67,790.9921609
5.00,22,68,790.945403
5.00,22,69,790.8997989
5.00,22,70,790.854698
5.00,22,71,790.8512595
5.00,22,72,790.7899448
5.00,22,73,790.7344104
5.00,22,74,790.6800475
5.00,22,75,790.6291479
5.00,22,76,790.5792182
5.00,22,77,790.5313885
5.00,22,78,790.4843006
5.00,22,79,790.4385013
5.00,22,80,790.3932448
5.00,22,81,790.3487884
5.00,22,82,790.3371728
5.00,22,83,790.2801268
5.00,22,84,790.2242849
5.00,22,85,790.1724368
5.00,22,86,790.1216211
5.00,22,87,790.073219
5.00,22,88,790.0256206
5.00,22,89,789.9794985
5.00,22,90,789.9339704
5.00,22,91,789.8893559
5.00,22,92,789.8873978
5.00,22,93,789.8286254
5.00,22,94,789.7710718
5.00,22,95,789.7181317
5.00,22,96,789.6662829
5.00,22,97,789.6172128
5.00,22,98,789.5690102
5.00,22,99,789.5225013
5.00,22,100,789.4766415
5.00,22,101,789.4318263
5.00,22,102,789.3874799
5.00,22,103,789.3781642
5.00,22,104,789.3190335
5.00,22,105,789.2651028
5.00,22,106,789.2123066
5.00,22,107,789.162634
5.00,22,108,789.1138821
5.00,22,109,789.067029
5.00,22,110,789.0208726
5.00,22,111,788.9758842
5.00,22,112,788.9314023
5.00,22,113,788.9302266
5.00,22,114,788.8693339
5.00,22,115,788.8143038
5.00,22,116,788.7604443
5.00,22,117,788.7100963
5.00,22,118,788.6607215
5.00,22,119,788.6134754
5.00,22,120,788.5669753
5.00,22,121,788.5217809
5.00,22,122,788.477133
5.00,22,123,788.4332956
5.00,22,124,788.4238953
5.00,22,125,788.3673184
5.00,22,126,788.3119426
5.00,22,127,788.2606209
5.00,22,128,788.2103348
5.00,22,129,788.1624981
5.00,22,130,788.1154697
5.00,22,131,788.0699389
5.00,22,132,788.0250064
5.00,22,133,787.9810004
5.00,22,134,787.9374238
5.00,22,135,787.9214975
5.00,22,136,787.8647064
5.00,22,137,787.8124895
5.00,22,138,787.7613567
5.00,22,139,787.71298
5.00,22,140,787.6654648
5.00,22,141,787.61963
5.00,22,142,787.5744396
5.00,22,143,787.5302858
5.00,22,144,787.4865972
5.00,22,145,787.4781068
5.00,22,146,787.4197303
5.00,22,147,787.366516
5.00,22,148,787.3144294
5.00,22,149,787.2654443
5.00,22,150,787.2173742
5.00,22,151,787.1711898
5.00,22,152,787.1256976
5.00,22,153,787.0813655
5.00,22,154,787.0375366
5.00,22,155,787.0372039
5.00,22,156,786.9770561
5.00,22,157,786.9227343
5.00,22,158,786.8695766
5.00,22,159,786.8199093
5.00,22,160,786.7712097
5.00,22,161,786.7246262
5.00,22,162,786.6787844
5.00,22,163,786.634241
5.00,22,164,786.5902408
5.00,22,165,786.5470465
5.00,22,166,786.5385985
5.00,22,167,786.4827221
5.00,22,168,786.4280403
5.00,22,169,786.3773926
5.00,22,170,786.3277749
5.00,22,171,786.2805949
5.00,22,172,786.2342189
5.00,22,173,786.1893336
5.00,22,174,786.1450435
5.00,22,175,786.1016756
5.00,22,176,786.058735
5.00,22,177,786.0438475
5.00,22,178,785.9877387
5.00,22,179,785.9361866
5.00,22,180,785.8857131
5.00,22,181,785.8379855
5.00,22,182,785.7911154
5.00,22,183,785.7459197
5.00,22,184,785.7013654
5.00,22,185,785.6578441
5.00,22,186,785.6147859
5.00,22,187,785.6073712
5.00,22,188,785.5496629
5.00,22,189,785.4971026
5.00,22,190,785.4456646
5.00,22,191,785.39732
5.00,22,192,785.3498865
5.00,22,193,785.304334
5.00,22,194,785.259471
5.00,22,195,785.2157653
5.00,22,196,785.1725609
5.00,22,197,785.1300767
5.00,22,198,785.1154604
5.00,22,199,785.0614969
5.00,22,200,785.0086979
5.00,23,1,858.5476029
5.00,23,2,858.4938126
5.00,23,3,858.3155997
5.00,23,4,858.2600486
5.00,23,5,858.2440743
5.00,23,6,858.234558
5.00,23,7,858.2320431
5.00,23,8,858.1104462
5.00,23,9,858.0409884
5.00,23,10,857.8790007
5.00,23,11,857.8680892
5.00,23,12,857.6481116
5.00,23,13,857.6044074
5.00,23,14,857.5915083
5.00,23,15,857.5862201
5.00,23,16,857.4708184
5.00,23,17,857.3946748
5.00,23,18,857.2404344
5.00,23,19,857.2271387
5.00,23,20,857.0107302
5.00,23,21,856.9712098
5.00,23,22,856.9517755
5.00,23,23,856.9419971
5.00,23,24,856.940948
5.00,23,25,856.8070983
5.00,23,26,856.7581624
5.00,23,27,856.577832
5.00,23,28,856.5223217
5.00,23,29,856.506858
5.00,23,30,856.4974353
5.00,23,31,856.4946607
5.00,23,32,856.375127
5.00,23,33,856.3012899
5.00,23,34,856.1464081
5.00,23,35,856.1224633
5.00,23,36,855.9182059
5.00,23,37,855.8690907
5.00,23,38,855.8549863
5.00,23,39,855.8475426
5.00,23,40,855.8473061
5.00,23,41,855.716373
5.00,23,42,855.6596808
5.00,23,43,855.4887323
5.00,23,44,855.428285
5.00,23,45,855.414083
5.00,23,46,855.4046462
5.00,23,47,855.4010002
5.00,23,48,855.287648
5.00,23,49,855.2040145
5.00,23,50,855.0606002
5.00,23,51,855.0171114
5.00,23,52,854.8339863
5.00,23,53,854.7761934
5.00,23,54,854.7625046
5.00,23,55,854.7538413
5.00,23,56,854.7510332
5.00,23,57,854.6337918
5.00,23,58,854.5570119
5.00,23,59,854.4077871
5.00,23,60,854.374503
5.00,23,61,854.1822356
5.00,23,62,854.1284989
5.00,23,63,854.1152559
5.00,23,64,854.1074244
5.00,23,65,854.1059562
5.00,23,66,853.9828847
5.00,23,67,853.9110079
5.00,23,68,853.7578878
5.00,23,69,853.7260208
5.00,23,70,853.5333322
5.00,23,71,853.4788263
5.00,23,72,853.4649717
5.00,23,73,853.4564799
5.00,23,74,853.4540035
5.00,23,75,853.3348784
5.00,23,76,853.2599512
5.00,23,77,853.1109
5.00,23,78,853.07692
5.00,23,79,852.8873869
5.00,23,80,852.8337983
5.00,23,81,852.8190692
5.00,23,82,852.8099155
5.00,23,83,852.8069
5.00,23,84,852.6897755
5.00,23,85,852.6099512
5.00,23,86,852.4667818
5.00,23,87,852.422468
5.00,23,88,852.2442434
5.00,23,89,852.1869642
5.00,23,90,852.1706331
5.00,23,91,852.1595712
5.00,23,92,852.1540172
5.00,23,93,852.0475333
5.00,23,94,851.9563735
5.00,23,95,851.8255368
5.00,23,96,851.7690842
5.00,23,97,851.604027
5.00,23,98,851.5452537
5.00,23,99,851.5268345
5.00,23,100,851.5138695
5.00,23,101,851.506228
5.00,23,102,851.504605
5.00,23,103,851.3822398
5.00,23,104,851.3098923
5.00,23,105,851.1612667
5.00,23,106,851.1239762
5.00,23,107,850.9407394
5.00,23,108,850.8853077
5.00,23,109,850.8698796
5.00,23,110,850.8595477
5.00,23,111,850.8548009
5.00,23,112,850.7457908
5.00,23,113,850.6550764
5.00,23,114,850.5257708
5.00,23,115,850.4624404
5.00,23,116,850.3061934
5.00,23,117,850.2881682
5.00,23,118,850.0872764
5.00,23,119,850.045029
5.00,23,120,850.0213207
5.00,23,121,850.0067037
5.00,23,122,849.9992532
5.00,23,123,849.9990507
5.00,23,124,849.8674175
5.00,23,125,849.8041049
5.00,23,126,849.6487824
5.00,23,127,849.6194417
5.00,23,128,849.4306715
5.00,23,129,849.3797783
5.00,23,130,849.3608194
5.00,23,131,849.3482121
5.00,23,132,849.3415434
5.00,23,133,849.3414277
5.00,23,134,849.2120725
5.00,23,135,849.1442965
5.00,23,136,848.9944023
5.00,23,137,848.9540321
5.00,23,138,848.7771639
5.00,23,139,848.7197734
5.00,23,140,848.7027682
5.00,23,141,848.6906495
5.00,23,142,848.6834602
5.00,23,143,848.6821491
5.00,23,144,848.5597065
5.00,23,145,848.4828588
5.00,23,146,848.343001
5.00,23,147,848.287781
5.00,23,148,848.1266828
5.00,23,149,848.1030706
5.00,23,150,847.9108767
5.00,23,151,847.8608748
5.00,23,152,847.8415365
5.00,23,153,847.8286828
5.00,23,154,847.8215714
5.00,23,155,847.820779
5.00,23,156,847.694557
5.00,23,157,847.6220797
5.00,23,158,847.4791731
5.00,23,159,847.4290393
5.00,23,160,847.2642206
5.00,23,161,847.2536867
5.00,23,162,847.0499407
5.00,23,163,847.0097814
5.00,23,164,846.9846377
5.00,23,165,846.968861
5.00,23,166,846.960052
5.00,23,167,846.9579667
5.00,23,168,846.8346095
5.00,23,169,846.759673
5.00,23,170,846.6205463
5.00,23,171,846.5703289
5.00,23,172,846.4070081
5.00,23,173,846.3509439
5.00,23,174,846.3291127
5.00,23,175,846.3131216
5.00,23,176,846.3021343
5.00,23,177,846.2962626
5.00,23,178,846.2962075
5.00,23,179,846.1679806
5.00,23,180,846.0983422
5.00,23,181,845.9548795
5.00,23,182,845.9045372
5.00,23,183,845.7421668
5.00,23,184,845.7221335
5.00,23,185,845.5300201
5.00,23,186,845.4832914
5.00,23,187,845.4615882
5.00,23,188,845.4472961
5.00,23,189,845.4388081
5.00,23,190,845.4362111
5.00,23,191,845.3171698
5.00,23,192,845.2378432
5.00,23,193,845.1053611
5.00,23,194,845.0467035
5.00,23,195,844.8940382
5.00,23,196,844.882309
5.00,23,197,844.8726599
5.00,23,198,844.6583776
5.00,23,199,844.6184893
5.00,23,200,844.5964405
5.00,24,1,855.7549609
5.00,24,2,855.4653059
5.00,24,3,855.3244573
5.00,24,4,855.2322484
5.00,24,5,855.1502888
5.00,24,6,855.0421989
5.00,24,7,854.990868
5.00,24,8,854.8572824
5.00,24,9,854.8546461
5.00,24,10,854.680298
5.00,24,11,854.5780339
5.00,24,12,854.517239
5.00,24,13,854.3925207
5.00,24,14,854.3757926
5.00,24,15,854.2146698
5.00,24,16,854.1158052
5.00,24,17,854.04783
5.00,24,18,853.9291427
5.00,24,19,853.8988446
5.00,24,20,853.7486116
5.00,24,21,853.6547531
5.00,24,22,853.5786399
5.00,24,23,853.4675838
5.00,24,24,853.4249487
5.00,24,25,853.2861918
5.00,24,26,853.195525
5.00,24,27,853.1131111
5.00,24,28,853.0075186
5.00,24,29,852.9533598
5.00,24,30,852.8241232
5.00,24,31,852.8143126
5.00,24,32,852.6477647
5.00,24,33,852.5489659
5.00,24,34,852.4836034
5.00,24,35,852.3646829
5.00,24,36,852.3380741
5.00,24,37,852.1869649
5.00,24,38,852.0924347
5.00,24,39,852.0185479
5.00,24,40,851.9068872
5.00,24,41,851.8650168
5.00,24,42,851.7264387
5.00,24,43,851.6372406
5.00,24,44,851.5546195
5.00,24,45,851.4510603
5.00,24,46,851.3958968
5.00,24,47,851.2695128
5.00,24,48,851.2578577
5.00,24,49,851.0952091
5.00,24,50,850.9971249
5.00,24,51,850.9310116
5.00,24,52,850.8138663
5.00,24,53,850.7829496
5.00,24,54,850.6360889
5.00,24,55,850.5445955
5.00,24,56,850.4676084
5.00,24,57,850.3604323
5.00,24,58,850.3131132
5.00,24,59,850.181185
5.00,24,60,850.1805765
5.00,24,61,850.0095883
5.00,24,62,849.909082
5.00,24,63,849.8485137
5.00,24,64,849.7277303
5.00,24,65,849.7041854
5.00,24,66,849.5520301
5.00,24,67,849.4592409
5.00,24,68,849.3859144
5.00,24,69,849.2767481
5.00,24,70,849.2340878
5.00,24,71,849.0992527
5.00,24,72,849.0115432
5.00,24,73,848.9286919
5.00,24,74,848.8277894
5.00,24,75,848.768998
5.00,24,76,848.6477567
5.00,24,77,848.625722
5.00,24,78,848.4732407
5.00,24,79,848.380782
5.00,24,80,848.3080458
5.00,24,81,848.1994587
5.00,24,82,848.156625
5.00,24,83,848.0229354
5.00,24,84,847.9360231
5.00,24,85,847.8530106
5.00,24,86,847.7533519
5.00,24,87,847.6933655
5.00,24,88,847.574193
5.00,24,89,847.549141
5.00,24,90,847.4002019
5.00,24,91,847.3093218
5.00,24,92,847.2348848
5.00,24,93,847.1288084
5.00,24,94,847.0822756
5.00,24,95,846.952713
5.00,24,96,846.9492016
5.00,24,97,846.7833452
5.00,24,98,846.6859739
5.00,24,99,846.6229622
5.00,24,100,846.5074262
5.00,24,101,846.4766481
5.00,24,102,846.3335872
5.00,24,103,846.2450248
5.00,24,104,846.1675827
5.00,24,105,846.0651265
5.00,24,106,846.0129597
5.00,24,107,845.8891803
5.00,24,108,845.8756929
5.00,24,109,845.7191961
5.00,24,110,845.6254422
5.00,24,111,845.55713
5.00,24,112,845.4471949
5.00,24,113,845.4073668
5.00,24,114,845.2730688
5.00,24,115,845.1877316
5.00,24,116,845.1057193
5.00,24,117,845.0082255
5.00,24,118,844.9481334
5.00,24,119,844.8321128
5.00,24,120,844.8053088
5.00,24,121,844.6610644
5.00,24,122,844.571865
5.00,24,123,844.4967179
5.00,24,124,844.393723
5.00,24,125,844.3426893
5.00,24,126,844.2190496
5.00,24,127,844.2038002
5.00,24,128,844.0493733
5.00,24,129,843.9580752
5.00,24,130,843.8880286
5.00,24,131,843.7815362
5.00,24,132,843.738546
5.00,24,133,843.6090717
5.00,24,134,843.6069121
5.00,24,135,843.4426791
5.00,24,136,843.3472537
5.00,24,137,843.284128
5.00,24,138,843.1719543
5.00,24,139,843.1376752
5.00,24,140,843.0006669
5.00,24,141,842.9153218
5.00,24,142,842.8359438
5.00,24,143,842.7384883
5.00,24,144,842.680498
5.00,24,145,842.5648544
5.00,24,146,842.5388761
5.00,24,147,842.3959261
5.00,24,148,842.3080353
5.00,24,149,842.2330884
5.00,24,150,842.1321884
5.00,24,151,842.0795301
5.00,24,152,841.9594451
5.00,24,153,841.9393864
5.00,24,154,841.7911042
5.00,24,155,841.7026533
5.00,24,156,841.6300171
5.00,24,157,841.5279707
5.00,24,158,841.479064
5.00,24,159,841.3567538
5.00,24,160,841.3431195
5.00,24,161,841.1906116
5.00,24,162,841.1000137
5.00,24,163,841.0309148
5.00,24,164,840.9261295
5.00,24,165,840.8810297
5.00,24,166,840.7554981
5.00,24,167,840.7452164
5.00,24,168,840.5894487
5.00,24,169,840.4991181
5.00,24,170,840.4309754
5.00,24,171,840.3262329
5.00,24,172,840.2829646
5.00,24,173,840.1569037
5.00,24,174,840.1503436
5.00,24,175,839.9927504
5.00,24,176,839.900947
5.00,24,177,839.835063
5.00,24,178,839.7286484
5.00,24,179,839.6871954
5.00,24,180,839.5595865
5.00,24,181,839.5533002
5.00,24,182,839.3950495
5.00,24,183,839.3044222
5.00,24,184,839.2379897
5.00,24,185,839.1329275
5.00,24,186,839.0911413
5.00,24,187,838.9648892
5.00,24,188,838.9592008
5.00,24,189,838.8018436
5.00,24,190,838.7105965
5.00,24,191,838.6449528
5.00,24,192,838.5394869
5.00,24,193,838.4973699
5.00,24,194,838.3714366
5.00,24,195,838.362928
5.00,24,196,838.2076289
5.00,24,197,838.1183968
5.00,24,198,838.0507963
5.00,24,199,837.9478964
5.00,24,200,837.9033902
5.00,25,1,945.4913106
5.00,25,2,945.3733929
5.00,25,3,945.3460684
5.00,25,4,945.1817087
5.00,25,5,945.1226246
5.00,25,6,945.0937666
5.00,25,7,944.980807
5.00,25,8,944.9479107
5.00,25,9,944.7895954
5.00,25,10,944.7301115
5.00,25,11,944.7001182
5.00,25,12,944.5891174
5.00,25,13,944.5507199
5.00,25,14,944.3978474
5.00,25,15,944.3372413
5.00,25,16,944.3038659
5.00,25,17,944.1982306
5.00,25,18,944.153294
5.00,25,19,944.0073602
5.00,25,20,943.9461666
5.00,25,21,943.9111553
5.00,25,22,943.8082371
5.00,25,23,943.7569762
5.00,25,24,943.6173234
5.00,25,25,943.554956
5.00,25,26,943.5164751
5.00,25,27,943.4190599
5.00,25,28,943.3607531
5.00,25,29,943.2284899
5.00,25,30,943.2282022
5.00,25,31,943.040228
5.00,25,32,942.9858876
5.00,25,33,942.9676775
5.00,25,34,942.8403588
5.00,25,35,942.8287357
5.00,25,36,942.651736
5.00,25,37,942.5952861
5.00,25,38,942.5711163
5.00,25,39,942.4530288
5.00,25,40,942.4293236
5.00,25,41,942.2646818
5.00,25,42,942.2069312
5.00,25,43,942.1793623
5.00,25,44,942.0666236
5.00,25,45,942.0317953
5.00,25,46,941.8780129
5.00,25,47,941.8183213
5.00,25,48,941.7853037
5.00,25,49,941.6810436
5.00,25,50,941.6348083
5.00,25,51,941.4926638
5.00,25,52,941.4316884
5.00,25,53,941.3952737
5.00,25,54,941.2963825
5.00,25,55,941.2397638
5.00,25,56,941.1078422
5.00,25,57,941.1036918
5.00,25,58,940.9211669
5.00,25,59,940.8660036
5.00,25,60,940.8437268
5.00,25,61,940.7240604
5.00,25,62,940.7033076
5.00,25,63,940.5375276
5.00,25,64,940.4804492
5.00,25,65,940.4532354
5.00,25,66,940.3412425
5.00,25,67,940.3057416
5.00,25,68,940.154334
5.00,25,69,940.0948232
5.00,25,70,940.0609422
5.00,25,71,939.9592814
5.00,25,72,939.9095215
5.00,25,73,939.772505
5.00,25,74,939.7113104
5.00,25,75,939.6730264
5.00,25,76,939.5782655
5.00,25,77,939.5159609
5.00,25,78,939.3912823
5.00,25,79,939.3759077
5.00,25,80,939.2059393
5.00,25,81,939.1494129
5.00,25,82,939.1223529
5.00,25,83,939.0111322
5.00,25,84,938.97714
5.00,25,85,938.8258345
5.00,25,86,938.7670839
5.00,25,87,938.734296
5.00,25,88,938.631973
5.00,25,89,938.5819364
5.00,25,90,938.4463194
5.00,25,91,938.3850602
5.00,25,92,938.3454837
5.00,25,93,938.2537055
5.00,25,94,938.1889013
5.00,25,95,938.0681323
5.00,25,96,938.0496766
5.00,25,97,937.8842806
5.00,25,98,937.8279062
5.00,25,99,937.8004304
5.00,25,100,937.6907887
5.00,25,101,937.6524565
5.00,25,102,937.5064245
5.00,25,103,937.4469635
5.00,25,104,937.4112251
5.00,25,105,937.3143689
5.00,25,106,937.2581221
5.00,25,107,937.1300158
5.00,25,108,937.1233791
5.00,25,109,936.947464
5.00,25,110,936.8929038
5.00,25,111,936.8693068
5.00,25,112,936.7544829
5.00,25,113,936.7244045
5.00,25,114,936.5712853
5.00,25,115,936.5131216
5.00,25,116,936.4799561
5.00,25,117,936.3799124
5.00,25,118,936.3291318
5.00,25,119,936.1966631
5.00,25,120,936.135975
5.00,25,121,936.0963269
5.00,25,122,936.0063747
5.00,25,123,935.9385476
5.00,25,124,935.8228157
5.00,25,125,935.7943702
5.00,25,126,935.6405776
5.00,25,127,935.5827919
5.00,25,128,935.5498921
5.00,25,129,935.4501422
5.00,25,130,935.3993142
5.00,25,131,935.2678095
5.00,25,132,935.2666861
5.00,25,133,935.087223
5.00,25,134,935.0336812
5.00,25,135,935.0112424
5.00,25,136,934.8960036
5.00,25,137,934.8670535
5.00,25,138,934.7146552
5.00,25,139,934.6569566
5.00,25,140,934.623601
5.00,25,141,934.5252348
5.00,25,142,934.4726716
5.00,25,143,934.3437589
5.00,25,144,934.3386719
5.00,25,145,934.1639306
5.00,25,146,934.1099591
5.00,25,147,934.0857456
5.00,25,148,933.9738694
5.00,25,149,933.9401204
5.00,25,150,933.793285
5.00,25,151,933.7351003
5.00,25,152,933.6998663
5.00,25,153,933.6050468
5.00,25,154,933.547444
5.00,25,155,933.4243217
5.00,25,156,933.4103978
5.00,25,157,933.2451003
5.00,25,158,933.1900394
5.00,25,159,933.162409
5.00,25,160,933.056403
5.00,25,161,933.0141853
5.00,25,162,932.8764801
5.00,25,163,932.8173322
5.00,25,164,932.7790444
5.00,25,165,932.6895688
5.00,25,166,932.6242532
5.00,25,167,932.509513
5.00,25,168,932.4829147
5.00,25,169,932.3307866
5.00,25,170,932.2741345
5.00,25,171,932.2418499
5.00,25,172,932.1436156
5.00,25,173,932.0902258
5.00,25,174,931.9642827
5.00,25,175,931.9519208
5.00,25,176,931.7862145
5.00,25,177,931.7312054
5.00,25,178,931.7024542
5.00,25,179,931.5992366
5.00,25,180,931.5553802
5.00,25,181,931.4208784
5.00,25,182,931.3620453
5.00,25,183,931.3236561
5.00,25,184,931.2354301
5.00,25,185,931.167718
5.00,25,186,931.0566072
5.00,25,187,931.02263
5.00,25,188,930.8788429
5.00,25,189,930.8211544
5.00,25,190,930.7851038
5.00,25,191,930.6937174
5.00,25,192,930.6323934
5.00,25,193,930.5157342
5.00,25,194,930.492571
5.00,25,195,930.3390169
5.00,25,196,930.2831627
5.00,25,197,930.2514585
5.00,25,198,930.15381
5.00,25,199,930.1004787
5.00,25,200,929.9764188
5.00,26,1,656.4824909
5.00,26,2,656.4709526
5.00,26,3,656.430359
5.00,26,4,656.4272402
5.00,26,5,656.3872312
5.00,26,6,656.3848923
5.00,26,7,656.3445692
5.00,26,8,656.342742
5.00,26,9,656.3019504
5.00,26,10,656.300643
5.00,26,11,656.2593521
5.00,26,12,656.2585686
5.00,26,13,656.2167727
5.00,26,14,656.216513
5.00,26,15,656.1742118
5.00,26,16,656.1601303
5.00,26,17,656.1498245
5.00,26,18,656.1485576
5.00,26,19,656.1141083
5.00,26,20,656.1066896
5.00,26,21,656.0716012
5.00,26,22,656.0648474
5.00,26,23,656.029113
5.00,26,24,656.0230267
5.00,26,25,655.9866434
5.00,26,26,655.9812262
5.00,26,27,655.9441924
5.00,26,28,655.9394453
5.00,26,29,655.90176
5.00,26,30,655.8976835
5.00,26,31,655.8593461
5.00,26,32,655.8559403
5.00,26,33,655.8169507
5.00,26,34,655.8142153
5.00,26,35,655.7745737
5.00,26,36,655.7725081
5.00,26,37,655.7322151
5.00,26,38,655.7308183
5.00,26,39,655.6898749
5.00,26,40,655.6891456
5.00,26,41,655.647553
5.00,26,42,655.6474896
5.00,26,43,655.6052494
5.00,26,44,655.5912822
5.00,26,45,655.5811174
5.00,26,46,655.5800657
5.00,26,47,655.5455025
5.00,26,48,655.5385608
5.00,26,49,655.5032501
5.00,26,50,655.4970834
5.00,26,51,655.4610166
5.00,26,52,655.4556292
5.00,26,53,655.4188016
5.00,26,54,655.4141963
5.00,26,55,655.3766051
5.00,26,56,655.3727841
5.00,26,57,655.334427
5.00,26,58,655.3313917
5.00,26,59,655.2922674
5.00,26,60,655.2900185
5.00,26,61,655.250126
5.00,26,62,655.2486638
5.00,26,63,655.2080029
5.00,26,64,655.2073269
5.00,26,65,655.1658981
5.00,26,66,655.1519539
5.00,26,67,655.1417504
5.00,26,68,655.140516
5.00,26,69,655.1064372
5.00,26,70,655.0992933
5.00,26,71,655.0643811
5.00,26,72,655.0581008
5.00,26,73,655.0223438
5.00,26,74,655.0169339
5.00,26,75,654.980325
5.00,26,76,654.9757907
5.00,26,77,654.9383248
5.00,26,78,654.93467
5.00,26,79,654.8963429
5.00,26,80,654.893571
5.00,26,81,654.8543794
5.00,26,82,654.8524927
5.00,26,83,654.8124342
5.00,26,84,654.8114342
5.00,26,85,654.7705072
5.00,26,86,654.7703945
5.00,26,87,654.7285983
5.00,26,88,654.7147766
5.00,26,89,654.7047609
5.00,26,90,654.7038809
5.00,26,91,654.6694033
5.00,26,92,654.6629372
5.00,26,93,654.6275418
5.00,26,94,654.6220259
5.00,26,95,654.5856991
5.00,26,96,654.581142
5.00,26,97,654.5438749
5.00,26,98,654.5402834
5.00,26,99,654.5020692
5.00,26,100,654.4994488
5.00,26,101,654.4602818
5.00,26,102,654.4586369
5.00,26,103,654.4185126
5.00,26,104,654.4178466
5.00,26,105,654.3767617
5.00,26,106,654.3629523
5.00,26,107,654.3528922
5.00,26,108,654.3518339
5.00,26,109,654.3177953
5.00,26,110,654.3111135
5.00,26,111,654.2760899
5.00,26,112,654.2704287
5.00,26,113,654.2344034
5.00,26,114,654.2297742
5.00,26,115,654.1927355
5.00,26,116,654.189148
5.00,26,117,654.1510861
5.00,26,118,654.1485483
5.00,26,119,654.1094551
5.00,26,120,654.1079738
5.00,26,121,654.0678424
5.00,26,122,654.0674229
5.00,26,123,654.0262478
5.00,26,124,654.012519
5.00,26,125,654.0025696
5.00,26,126,654.0017019
5.00,26,127,653.9674967
5.00,26,128,653.9612058
5.00,26,129,653.9259466
5.00,26,130,653.920748
5.00,26,131,653.8844154
5.00,26,132,653.8803229
5.00,26,133,653.8429028
5.00,26,134,653.8399283
5.00,26,135,653.8014088
5.00,26,136,653.7995622
5.00,26,137,653.7599332
5.00,26,138,653.7592229
5.00,26,139,653.7184758
5.00,26,140,653.7047738
5.00,26,141,653.6948222
5.00,26,142,653.6938859
5.00,26,143,653.6599206
5.00,26,144,653.6535839
5.00,26,145,653.6185064
5.00,26,146,653.6133234
5.00,26,147,653.5771112
5.00,26,148,653.5730988
5.00,26,149,653.5357348
5.00,26,150,653.5329076
5.00,26,151,653.4943769
5.00,26,152,653.4927476
5.00,26,153,653.4530375
5.00,26,154,653.4526169
5.00,26,155,653.4117164
5.00,26,156,653.3980911
5.00,26,157,653.3882511
5.00,26,158,653.3875167
5.00,26,159,653.3533477
5.00,26,160,653.3474123
5.00,26,161,653.3120689
5.00,26,162,653.3073521
5.00,26,163,653.2708091
5.00,26,164,653.2673304
5.00,26,165,653.2295682
5.00,26,166,653.2273445
5.00,26,167,653.1883459
5.00,26,168,653.1873919
5.00,26,169,653.147142
5.00,26,170,653.1335149
5.00,26,171,653.1236163
5.00,26,172,653.1226885
5.00,26,173,653.0889452
5.00,26,174,653.0827468
5.00,26,175,653.0477825
5.00,26,176,653.0428531
5.00,26,177,653.0066391
5.00,26,178,653.0030016
5.00,26,179,652.9655145
5.00,26,180,652.9631892
5.00,26,181,652.9244088
5.00,26,182,652.9234136
5.00,26,183,652.8833216
5.00,26,184,652.869735
5.00,26,185,652.8598747
5.00,26,186,652.8589838
5.00,26,187,652.8252886
5.00,26,188,652.8192088
5.00,26,189,652.7842418
5.00,26,190,652.7794849
5.00,26,191,652.7432143
5.00,26,192,652.7398064
5.00,26,193,652.7022059
5.00,26,194,652.70017
5.00,26,195,652.6612163
5.00,26,196,652.6605731
5.00,26,197,652.6202453
5.00,26,198,652.6067333
5.00,26,199,652.5969894
5.00,26,200,652.5963213
5.00,27,1,680.5138156
5.00,27,2,679.1016467
5.00,27,3,677.8368566
5.00,27,4,676.658675
5.00,27,5,675.5376753
5.00,27,6,675.0916401
5.00,27,7,673.5905385
5.00,27,8,672.2162838
5.00,27,9,671.0068785
5.00,27,10,669.8857205
5.00,27,11,668.8274908
5.00,27,12,668.6432819
5.00,27,13,667.1697413
5.00,27,14,665.8241072
5.00,27,15,664.6614207
5.00,27,16,663.588555
5.00,27,17,662.584706
5.00,27,18,661.6390742
5.00,27,19,661.1105419
5.00,27,20,659.8153743
5.00,27,21,658.7073981
5.00,27,22,657.6879477
5.00,27,23,656.7387356
5.00,27,24,655.8466029
5.00,27,25,655.4411364
5.00,27,26,654.1913156
5.00,27,27,653.1323516
5.00,27,28,652.1605905
5.00,27,29,651.2601878
5.00,27,30,650.4157939
5.00,27,31,650.1215884
5.00,27,32,648.9120551
5.00,27,33,647.8968738
5.00,27,34,646.9675956
5.00,27,35,646.1108306
5.00,27,36,645.309101
5.00,27,37,645.1181908
5.00,27,38,643.9437544
5.00,27,39,642.9674262
5.00,27,40,642.0757757
5.00,27,41,641.2579742
5.00,27,42,640.4943642
5.00,27,43,640.4023198
5.00,27,44,639.2575169
5.00,27,45,638.3152854
5.00,27,46,637.4566271
5.00,27,47,636.6734903
5.00,27,48,635.9438623
5.00,27,49,635.2430365
5.00,27,50,634.895341
5.00,27,51,633.9633941
5.00,27,52,633.1169372
5.00,27,53,632.3550954
5.00,27,54,631.6484322
5.00,27,55,630.9739459
5.00,27,56,630.7792516
5.00,27,57,629.8502937
5.00,27,58,629.0088395
5.00,27,59,628.2631598
5.00,27,60,627.5746507
5.00,27,61,626.9225338
5.00,27,62,626.8941913
5.00,27,63,625.9600484
5.00,27,64,625.1154179
5.00,27,65,624.3804828
5.00,27,66,623.7050579
5.00,27,67,623.0713459
5.00,27,68,622.4750043
5.00,27,69,622.2292518
5.00,27,70,621.3895581
5.00,27,71,620.6690359
5.00,27,72,620.0088929
5.00,27,73,619.3941918
5.00,27,74,618.8175877
5.00,27,75,618.6878809
5.00,27,76,617.8458039
5.00,27,77,617.1349689
5.00,27,78,616.4856702
5.00,27,79,615.88659
5.00,27,80,615.3266236
5.00,27,81,614.7859886
5.00,27,82,614.5185515
5.00,27,83,613.7995632
5.00,27,84,613.1455139
5.00,27,85,612.5521867
5.00,27,86,612.0007672
5.00,27,87,611.4728216
5.00,27,88,611.3703986
5.00,27,89,610.6333737
5.00,27,90,609.9648921
5.00,27,91,609.3714156
5.00,27,92,608.8231935
5.00,27,93,608.3041337
5.00,27,94,607.8136894
5.00,27,95,607.5971235
5.00,27,96,606.9142188
5.00,27,97,606.3204666
5.00,27,98,605.7745281
5.00,27,99,605.2634789
5.00,27,100,604.7829585
5.00,27,101,604.7149724
5.00,27,102,604.0065859
5.00,27,103,603.4063355
5.00,27,104,602.8567928
5.00,27,105,602.3498506
5.00,27,106,601.8757667
5.00,27,107,601.418423
5.00,27,108,601.2824042
5.00,27,109,600.6566446
5.00,27,110,600.0862128
5.00,27,111,599.5728996
5.00,27,112,599.0964356
5.00,27,113,598.6426632
5.00,27,114,598.2125366
5.00,27,115,598.0279769
5.00,27,116,597.4308497
5.00,27,117,596.9080768
5.00,27,118,596.4257719
5.00,27,119,595.9733147
5.00,27,120,595.5471988
5.00,27,121,595.1329313
5.00,27,122,594.9364616
5.00,27,123,594.3874292
5.00,27,124,593.8839668
5.00,27,125,593.4234079
5.00,27,126,592.993339
5.00,27,127,592.5805798
5.00,27,128,592.1876412
5.00,27,129,591.9860055
5.00,27,130,591.4518628
5.00,27,131,590.9780097
5.00,27,132,590.5387588
5.00,27,133,590.1241901
5.00,27,134,589.7324805
5.00,27,135,589.3507083
5.00,27,136,589.1737529
5.00,27,137,588.6689664
5.00,27,138,588.2041754
5.00,27,139,587.7777971
5.00,27,140,587.3787331
5.00,27,141,586.9954795
5.00,27,142,586.6303053
5.00,27,143,586.4832082
5.00,27,144,585.9788033
5.00,27,145,585.5329916
5.00,27,146,585.1190419
5.00,27,147,584.7296498
5.00,27,148,584.3618282
5.00,27,149,584.0041185
5.00,27,150,583.9174867
5.00,27,151,583.4305584
5.00,27,152,582.9808983
5.00,27,153,582.5729464
5.00,27,154,582.1914942
5.00,27,155,581.8276754
5.00,27,156,581.4818529
5.00,27,157,581.468834
5.00,27,158,580.9614773
5.00,27,159,580.5234653
5.00,27,160,580.1167391
5.00,27,161,579.7398901
5.00,27,162,579.3851227
5.00,27,163,579.0430659
5.00,27,164,578.7161045
5.00,27,165,578.6210422
5.00,27,166,578.1646512
5.00,27,167,577.7610327
5.00,27,168,577.3842664
5.00,27,169,577.0305276
5.00,27,170,576.6957903
5.00,27,171,576.3709138
5.00,27,172,576.0591605
5.00,27,173,575.9244007
5.00,27,174,575.5021053
5.00,27,175,575.1231167
5.00,27,176,574.7677987
5.00,27,177,574.4316249
5.00,27,178,574.1123544
5.00,27,179,573.8013529
5.00,27,180,573.5021697
5.00,27,181,573.3579008
5.00,27,182,572.9580202
5.00,27,183,572.5965409
5.00,27,184,572.2565142
5.00,27,185,571.9337117
5.00,27,186,571.6264494
5.00,27,187,571.3267189
5.00,27,188,571.0380055
5.00,27,189,570.9090862
5.00,27,190,570.5224595
5.00,27,191,570.172719
5.00,27,192,569.8429293
5.00,27,193,569.5299654
5.00,27,194,569.2317445
5.00,27,195,568.941008
5.00,27,196,568.6608906
5.00,27,197,568.5718818
5.00,27,198,568.1900764
5.00,27,199,567.846743
5.00,27,200,567.5223411
5.00,28,1,793.4975513
5.00,28,2,793.4016863
5.00,28,3,793.3497915
5.00,28,4,793.2381477
5.00,28,5,793.2059695
5.00,28,6,793.0750646
5.00,28,7,793.0665628
5.00,28,8,792.9124648
5.00,28,9,792.8602298
5.00,28,10,792.8266908
5.00,28,11,792.7429712
5.00,28,12,792.6789307
5.00,28,13,792.5802332
5.00,28,14,792.5361538
5.00,28,15,792.4180597
5.00,28,16,792.3998103
5.00,28,17,792.2565653
5.00,28,18,792.2040452
5.00,28,19,792.1696377
5.00,28,20,792.0877894
5.00,28,21,792.0183148
5.00,28,22,791.9254142
5.00,28,23,791.8694376
5.00,28,24,791.7633832
5.00,28,25,791.7233058
5.00,28,26,791.6017147
5.00,28,27,791.5802286
5.00,28,28,791.4404266
5.00,28,29,791.3869241
5.00,28,30,791.3492032
5.00,28,31,791.2732295
5.00,28,32,791.1990364
5.00,28,33,791.1118684
5.00,28,34,791.0521496
5.00,28,35,790.9509296
5.00,28,36,790.9093411
5.00,28,37,790.7904739
5.00,28,38,790.7716334
5.00,28,39,790.6305799
5.00,28,40,790.5781053
5.00,28,41,790.5424931
5.00,28,42,790.4637744
5.00,28,43,790.3905642
5.00,28,44,790.3030961
5.00,28,45,790.2402521
5.00,28,46,790.142699
5.00,28,47,790.0916869
5.00,28,48,789.9825904
5.00,28,49,789.9449938
5.00,28,50,789.8227767
5.00,28,51,789.8002855
5.00,28,52,789.6632637
5.00,28,53,789.6576572
5.00,28,54,789.5040553
5.00,28,55,789.4523321
5.00,28,56,789.4172921
5.00,28,57,789.3384698
5.00,28,58,789.2680531
5.00,28,59,789.1792278
5.00,28,60,789.1212577
5.00,28,61,789.0203354
5.00,28,62,788.9773781
5.00,28,63,788.8618272
5.00,28,64,788.8369964
5.00,28,65,788.7037463
5.00,28,66,788.7008279
5.00,28,67,788.5461462
5.00,28,68,788.4955417
5.00,28,69,788.4627304
5.00,28,70,788.3810367
5.00,28,71,788.3113656
5.00,28,72,788.2226129
5.00,28,73,788.1609425
5.00,28,74,788.0644184
5.00,28,75,788.0114762
5.00,28,76,787.9064534
5.00,28,77,787.8629739
5.00,28,78,787.7487172
5.00,28,79,787.7154304
5.00,28,80,787.5912086
5.00,28,81,787.568828
5.00,28,82,787.4339251
5.00,28,83,787.4231345
5.00,28,84,787.2768638
5.00,28,85,787.224837
5.00,28,86,787.1874167
5.00,28,87,787.184625
5.00,28,88,787.0549913
5.00,28,89,787.0379991
5.00,28,90,786.8982693
5.00,28,91,786.8920759
5.00,28,92,786.7417546
5.00,28,93,786.6902114
5.00,28,94,786.6535157
5.00,28,95,786.6519357
5.00,28,96,786.5205813
5.00,28,97,786.5048738
5.00,28,98,786.3643922
5.00,28,99,786.3583162
5.00,28,100,786.2083968
5.00,28,101,786.1569171
5.00,28,102,786.1199801
5.00,28,103,786.1173425
5.00,28,104,785.9879718
5.00,28,105,785.9695662
5.00,28,106,785.8322962
5.00,28,107,785.8221263
5.00,28,108,785.6768031
5.00,28,109,785.6749529
5.00,28,110,785.521488
5.00,28,111,785.4704604
5.00,28,112,785.4340652
5.00,28,113,785.4320706
5.00,28,114,785.3019726
5.00,28,115,785.283622
5.00,28,116,785.146973
5.00,28,117,785.1353285
5.00,28,118,784.9921436
5.00,28,119,784.9871263
5.00,28,120,784.8374805
5.00,28,121,784.78624
5.00,28,122,784.7488711
5.00,28,123,784.7439893
5.00,28,124,784.6189746
5.00,28,125,784.5946437
5.00,28,126,784.4646341
5.00,28,127,784.4453339
5.00,28,128,784.3104558
5.00,28,129,784.2960096
5.00,28,130,784.1564367
5.00,28,131,784.1466307
5.00,28,132,784.0025741
5.00,28,133,783.9971564
5.00,28,134,783.8488652
5.00,28,135,783.8475492
5.00,28,136,783.6953076
5.00,28,137,783.644515
5.00,28,138,783.6073656
5.00,28,139,783.6019893
5.00,28,140,783.4783589
5.00,28,141,783.4515934
5.00,28,142,783.3251439
5.00,28,143,783.3011014
5.00,28,144,783.1720819
5.00,28,145,783.1504852
5.00,28,146,783.0191714
5.00,28,147,782.9997285
5.00,28,148,782.866411
5.00,28,149,782.8488154
5.00,28,150,782.7137997
5.00,28,151,782.6977346
5.00,28,152,782.5613366
5.00,28,153,782.5464779
5.00,28,154,782.4090212
5.00,28,155,782.3950405
5.00,28,156,782.256853
5.00,28,157,782.2434213
5.00,28,158,782.1048319
5.00,28,159,782.0916224
5.00,28,160,781.9529578
5.00,28,161,781.9396489
5.00,28,162,781.8012309
5.00,28,163,781.7875092
5.00,28,164,781.6496516
5.00,28,165,781.6352141
5.00,28,166,781.4982203
5.00,28,167,781.4827769
5.00,28,168,781.3469378
5.00,28,169,781.3302131
5.00,28,170,781.1958047
5.00,28,171,781.17754
5.00,28,172,781.0448219
5.00,28,173,781.0247764
5.00,28,174,780.8939904
5.00,28,175,780.8719423
5.00,28,176,780.7433111
5.00,28,177,780.7190588
5.00,28,178,780.5927851
5.00,28,179,780.5661475
5.00,28,180,780.4424134
5.00,28,181,780.4132303
5.00,28,182,780.2921972
5.00,28,183,780.2603294
5.00,28,184,780.1421375
5.00,28,185,780.1074666
5.00,28,186,779.9922352
5.00,28,187,779.9546636
5.00,28,188,779.8424916
5.00,28,189,779.8019415
5.00,28,190,779.6929074
5.00,28,191,779.6493207
5.00,28,192,779.5434837
5.00,28,193,779.4968206
5.00,28,194,779.3942213
5.00,28,195,779.3444599
5.00,28,196,779.2451211
5.00,28,197,779.192256
5.00,28,198,779.0961836
5.00,28,199,779.0402254
5.00,28,200,778.9474097
5.00,29,1,885.6662719
5.00,29,2,885.5625847
5.00,29,3,885.4751265
5.00,29,4,885.4258225
5.00,29,5,885.3953439
5.00,29,6,885.3841158
5.00,29,7,885.3558072
5.00,29,8,885.3384162
5.00,29,9,885.3259034
5.00,29,10,885.3157158
5.00,29,11,885.3013777
5.00,29,12,885.2906215
5.00,29,13,885.2810671
5.00,29,14,885.2678481
5.00,29,15,885.266294
5.00,29,16,885.2474497
5.00,29,17,885.2350134
5.00,29,18,885.2315722
5.00,29,19,885.2142375
5.00,29,20,885.2023582
5.00,29,21,885.1972668
5.00,29,22,885.1811161
5.00,29,23,885.1697757
5.00,29,24,885.1632089
5.00,29,25,885.1481777
5.00,29,26,885.1372534
5.00,29,27,885.1294313
5.00,29,28,885.115297
5.00,29,29,885.1047749
5.00,29,30,885.0958413
5.00,29,31,885.0825465
5.00,29,32,885.0816884
5.00,29,33,885.0625002
5.00,29,34,885.0498617
5.00,29,35,885.0469923
5.00,29,36,885.0292272
5.00,29,37,885.017241
5.00,29,38,885.0125831
5.00,29,39,884.9961752
5.00,29,40,884.9846886
5.00,29,41,884.9785154
5.00,29,42,884.9631864
5.00,29,43,884.9521871
5.00,29,44,884.9446716
5.00,29,45,884.930358
5.00,29,46,884.9197381
5.00,29,47,884.9110825
5.00,29,48,884.8975854
5.00,29,49,884.8972072
5.00,29,50,884.877625
5.00,29,51,884.8649126
5.00,29,52,884.8623928
5.00,29,53,884.8444397
5.00,29,54,884.8323211
5.00,29,55,884.8279924
5.00,29,56,884.8113236
5.00,29,57,884.7997891
5.00,29,58,884.793857
5.00,29,59,884.7784034
5.00,29,60,884.7673192
5.00,29,61,884.7600289
5.00,29,62,884.7455455
5.00,29,63,884.7348963
5.00,29,64,884.7264067
5.00,29,65,884.7128296
5.00,29,66,884.7025213
5.00,29,67,884.6930132
5.00,29,68,884.6801678
5.00,29,69,884.6779511
5.00,29,70,884.6597442
5.00,29,71,884.6475955
5.00,29,72,884.6434734
5.00,29,73,884.6267135
5.00,29,74,884.6150967
5.00,29,75,884.6093648
5.00,29,76,884.5937518
5.00,29,77,884.5826523
5.00,29,78,884.5754985
5.00,29,79,884.5609619
5.00,29,80,884.5502641
5.00,29,81,884.5419059
5.00,29,82,884.5282324
5.00,29,83,884.5179188
5.00,29,84,884.5085005
5.00,29,85,884.4956276
5.00,29,86,884.4936319
5.00,29,87,884.4753338
5.00,29,88,884.4630885
5.00,29,89,884.4591857
5.00,29,90,884.4422428
5.00,29,91,884.4306129
5.00,29,92,884.4250244
5.00,29,93,884.4093598
5.00,29,94,884.3982032
5.00,29,95,884.3911907
5.00,29,96,884.3765442
5.00,29,97,884.3658433
5.00,29,98,884.357577
5.00,29,99,884.3438785
5.00,29,100,884.3335339
5.00,29,101,884.3242058
5.00,29,102,884.3112707
5.00,29,103,884.3093675
5.00,29,104,884.2909677
5.00,29,105,884.2787571
5.00,29,106,884.2748767
5.00,29,107,884.2579791
5.00,29,108,884.2463206
5.00,29,109,884.2407741
5.00,29,110,884.2250649
5.00,29,111,884.2139412
5.00,29,112,884.2069275
5.00,29,113,884.1923294
5.00,29,114,884.1816204
5.00,29,115,884.1733671
5.00,29,116,884.1596583
5.00,29,117,884.1493444
5.00,29,118,884.1400032
5.00,29,119,884.1271162
5.00,29,120,884.125218
5.00,29,121,884.1068863
5.00,29,122,884.0946429
5.00,29,123,884.0907959
5.00,29,124,884.0738509
5.00,29,125,884.0622354
5.00,29,126,884.0566715
5.00,29,127,884.0410288
5.00,29,128,884.0298959
5.00,29,129,884.022885
5.00,29,130,884.0082783
5.00,29,131,883.9976078
5.00,29,132,883.9893269
5.00,29,133,883.9756808
5.00,29,134,883.9653714
5.00,29,135,883.9560176
5.00,29,136,883.943144
5.00,29,137,883.9411213
5.00,29,138,883.9228473
5.00,29,139,883.9107032
5.00,29,140,883.9066925
5.00,29,141,883.8899291
5.00,29,142,883.8783409
5.00,29,143,883.8726589
5.00,29,144,883.8570897
5.00,29,145,883.846037
5.00,29,146,883.8388879
5.00,29,147,883.8244298
5.00,29,148,883.8137924
5.00,29,149,883.8054066
5.00,29,150,883.7918373
5.00,29,151,883.7918214
5.00,29,152,883.7720824
5.00,29,153,883.759356
5.00,29,154,883.7570508
5.00,29,155,883.7390546
5.00,29,156,883.7269649
5.00,29,157,883.72274
5.00,29,158,883.7061128
5.00,29,159,883.6946402
5.00,29,160,883.6887299
5.00,29,161,883.6733809
5.00,29,162,883.6623832
5.00,29,163,883.6550554
5.00,29,164,883.6407233
5.00,29,165,883.6301775
5.00,29,166,883.6216099
5.00,29,167,883.6082156
5.00,29,168,883.6078599
5.00,29,169,883.5884515
5.00,29,170,883.5757867
5.00,29,171,883.5732254
5.00,29,172,883.5553867
5.00,29,173,883.5434332
5.00,29,174,883.5389351
5.00,29,175,883.5225676
5.00,29,176,883.5111572
5.00,29,177,883.505034
5.00,29,178,883.4898303
5.00,29,179,883.4789393
5.00,29,180,883.4713947
5.00,29,181,883.4572674
5.00,29,182,883.4467797
5.00,29,183,883.4380394
5.00,29,184,883.4247733
5.00,29,185,883.423946
5.00,29,186,883.4048426
5.00,29,187,883.3923876
5.00,29,188,883.3893584
5.00,29,189,883.3719304
5.00,29,190,883.3600901
5.00,29,191,883.3552176
5.00,29,192,883.3391074
5.00,29,193,883.3278577
5.00,29,194,883.321373
5.00,29,195,883.3064852
5.00,29,196,883.2956911
5.00,29,197,883.287853
5.00,29,198,883.2739386
5.00,29,199,883.2635749
5.00,29,200,883.2545574
5.00,30,1,752.3312501
5.00,30,2,751.4725896
5.00,30,3,751.0676168
5.00,30,4,750.8157711
5.00,30,5,750.659182
5.00,30,6,750.5413336
5.00,30,7,750.444702
5.00,30,8,750.3737551
5.00,30,9,750.2438772
5.00,30,10,750.1398945
5.00,30,11,750.0997494
5.00,30,12,749.9493055
5.00,30,13,749.837957
5.00,30,14,749.8375537
5.00,30,15,749.6657247
5.00,30,16,749.5401555
5.00,30,17,749.4403055
5.00,30,18,749.3888731
5.00,30,19,749.2486697
5.00,30,20,749.1396648
5.00,30,21,749.1259441
5.00,30,22,748.960247
5.00,30,23,748.8423336
5.00,30,24,748.7449078
5.00,30,25,748.6825423
5.00,30,26,748.5484796
5.00,30,27,748.4450666
5.00,30,28,748.4147904
5.00,30,29,748.2632861
5.00,30,30,748.148704
5.00,30,31,748.0543958
5.00,30,32,747.9839981
5.00,30,33,747.8574932
5.00,30,34,747.755956
5.00,30,35,747.716077
5.00,30,36,747.5692862
5.00,30,37,747.4603939
5.00,30,38,747.4602041
5.00,30,39,747.2920193
5.00,30,40,747.1689893
5.00,30,41,747.0711134
5.00,30,42,747.021737
5.00,30,43,746.8839605
5.00,30,44,746.7768904
5.00,30,45,746.7656682
5.00,30,46,746.602187
5.00,30,47,746.486046
5.00,30,48,746.3902406
5.00,30,49,746.3313741
5.00,30,50,746.198792
5.00,30,51,746.0968439
5.00,30,52,746.070944
5.00,30,53,745.9204381
5.00,30,54,745.8070208
5.00,30,55,745.7140449
5.00,30,56,745.6483098
5.00,30,57,745.5225401
5.00,30,58,745.4220654
5.00,30,59,745.3881169
5.00,30,60,745.241241
5.00,30,61,745.1330745
5.00,30,62,745.0417526
5.00,30,63,744.9691055
5.00,30,64,744.8473284
5.00,30,65,744.7507994
5.00,30,66,744.7060182
5.00,30,67,744.5690012
5.00,30,68,744.4629762
5.00,30,69,744.4577789
5.00,30,70,744.2941385
5.00,30,71,744.1786663
5.00,30,72,744.0838888
5.00,30,73,744.0307817
5.00,30,74,743.8981247
5.00,30,75,743.7968971
5.00,30,76,743.7784865
5.00,30,77,743.6269805
5.00,30,78,743.513655
5.00,30,79,743.4214832
5.00,30,80,743.3625173
5.00,30,81,743.2360899
5.00,30,82,743.1359285
5.00,30,83,743.1108959
5.00,30,84,742.9619261
5.00,30,85,742.8535377
5.00,30,86,742.762783
5.00,30,87,742.6976579
5.00,30,88,742.5746057
5.00,30,89,742.4782308
5.00,30,90,742.4432535
5.00,30,91,742.3037358
5.00,30,92,742.1970283
5.00,30,93,742.1083685
5.00,30,94,742.0389778
5.00,30,95,741.9208104
5.00,30,96,741.8252914
5.00,30,97,741.7855158
5.00,30,98,741.647888
5.00,30,99,741.5451016
5.00,30,100,741.544601
5.00,30,101,741.3857247
5.00,30,102,741.2691051
5.00,30,103,741.1761348
5.00,30,104,741.1311441
5.00,30,105,740.9996053
5.00,30,106,740.8974085
5.00,30,107,740.8914442
5.00,30,108,740.7338476
5.00,30,109,740.6222306
5.00,30,110,740.5304652
5.00,30,111,740.4796291
5.00,30,112,740.3509348
5.00,30,113,740.2526667
5.00,30,114,740.2368866
5.00,30,115,740.0891292
5.00,30,116,739.9786883
5.00,30,117,739.8890044
5.00,30,118,739.8343982
5.00,30,119,739.7105486
5.00,30,120,739.6127021
5.00,30,121,739.5930969
5.00,30,122,739.4460881
5.00,30,123,739.3396944
5.00,30,124,739.2509841
5.00,30,125,739.1920224
5.00,30,126,739.0703451
5.00,30,127,738.9757232
5.00,30,128,738.9485776
5.00,30,129,738.8095343
5.00,30,130,738.7039958
5.00,30,131,738.617007
5.00,30,132,738.5553938
5.00,30,133,738.437612
5.00,30,134,738.3432645
5.00,30,135,738.3135879
5.00,30,136,738.1748383
5.00,30,137,738.0726198
5.00,30,138,737.9864182
5.00,30,139,737.921604
5.00,30,140,737.8054573
5.00,30,141,737.7137985
5.00,30,142,737.6783394
5.00,30,143,737.5461272
5.00,30,144,737.444495
5.00,30,145,737.3597351
5.00,30,146,737.2931568
5.00,30,147,737.1801668
5.00,30,148,737.0886492
5.00,30,149,737.0517089
5.00,30,150,736.9193881
5.00,30,151,736.8205122
5.00,30,152,736.7363851
5.00,30,153,736.6675204
5.00,30,154,736.5557241
5.00,30,155,736.4664805
5.00,30,156,736.4251447
5.00,30,157,736.2982543
5.00,30,158,736.1997317
5.00,30,159,736.1982292
5.00,30,160,736.044929
5.00,30,161,735.9366873
5.00,30,162,735.8479759
5.00,30,163,735.803684
5.00,30,164,735.6777909
5.00,30,165,735.5822629
5.00,30,166,735.5749027
5.00,30,167,735.428941
5.00,30,168,735.3206063
5.00,30,169,735.2333656
5.00,30,170,735.1879494
5.00,30,171,735.0652598
5.00,30,172,734.969255
5.00,30,173,734.9617916
5.00,30,174,734.8140664
5.00,30,175,734.7087392
5.00,30,176,734.6218723
5.00,30,177,734.5744483
5.00,30,178,734.4522882
5.00,30,179,734.3588617
5.00,30,180,734.3469752
5.00,30,181,734.2054724
5.00,30,182,734.0997908
5.00,30,183,734.0141664
5.00,30,184,733.9664001
5.00,30,185,733.8468345
5.00,30,186,733.7527793
5.00,30,187,733.7417732
5.00,30,188,733.5980555
5.00,30,189,733.4949239
5.00,30,190,733.4095241
5.00,30,191,733.3605582
5.00,30,192,733.2410956
5.00,30,193,733.1492861
5.00,30,194,733.135064
5.00,30,195,732.9966727
5.00,30,196,732.8929277
5.00,30,197,732.8085785
5.00,30,198,732.7599738
5.00,30,199,732.6425903
5.00,30,200,732.5499869
5.00,31,1,822.8885401
5.00,31,2,821.9243415
5.00,31,3,821.3519101
5.00,31,4,820.9401047
5.00,31,5,820.6579788
5.00,31,6,820.4381914
5.00,31,7,820.2637882
5.00,31,8,820.1134012
5.00,31,9,819.9793831
5.00,31,10,819.970232
5.00,31,11,819.764683
5.00,31,12,819.5945475
5.00,31,13,819.4491519
5.00,31,14,819.3173662
5.00,31,15,819.2890798
5.00,31,16,819.0905249
5.00,31,17,818.9288437
5.00,31,18,818.786977
5.00,31,19,818.6584519
5.00,31,20,818.6106057
5.00,31,21,818.4241682
5.00,31,22,818.2667851
5.00,31,23,818.1293504
5.00,31,24,818.0029956
5.00,31,25,817.9379892
5.00,31,26,817.7584408
5.00,31,27,817.6083094
5.00,31,28,817.4741813
5.00,31,29,817.3506832
5.00,31,30,817.2687186
5.00,31,31,817.0994773
5.00,31,32,816.9534979
5.00,31,33,816.8232239
5.00,31,34,816.8036842
5.00,31,35,816.606554
5.00,31,36,816.4430978
5.00,31,37,816.3028309
5.00,31,38,816.1753198
5.00,31,39,816.1328479
5.00,31,40,815.9449042
5.00,31,41,815.7906804
5.00,31,42,815.6546235
5.00,31,43,815.530633
5.00,31,44,815.4661735
5.00,31,45,815.2912023
5.00,31,46,815.1422869
5.00,31,47,815.0109676
5.00,31,48,814.8894419
5.00,31,49,814.8062047
5.00,31,50,814.639339
5.00,31,51,814.4977969
5.00,31,52,814.3700976
5.00,31,53,814.3414087
5.00,31,54,814.1490926
5.00,31,55,813.9931185
5.00,31,56,813.8566034
5.00,31,57,813.7329818
5.00,31,58,813.6780863
5.00,31,59,813.5009274
5.00,31,60,813.3513158
5.00,31,61,813.2202574
5.00,31,62,813.0994765
5.00,31,63,813.0226074
5.00,31,64,812.8550083
5.00,31,65,812.7137465
5.00,31,66,812.5868235
5.00,31,67,812.5635036
5.00,31,68,812.3707615
5.00,31,69,812.2152992
5.00,31,70,812.0797337
5.00,31,71,811.9572945
5.00,31,72,811.9047084
5.00,31,73,811.7286503
5.00,31,74,811.5804033
5.00,31,75,811.4507914
5.00,31,76,811.3314769
5.00,31,77,811.2547645
5.00,31,78,811.0893589
5.00,31,79,810.9500506
5.00,31,80,810.8249286
5.00,31,81,810.7984003
5.00,31,82,810.609332
5.00,31,83,810.456705
5.00,31,84,810.3235198
5.00,31,85,810.2030808
5.00,31,86,810.1457739
5.00,31,87,809.9740617
5.00,31,88,809.8291893
5.00,31,89,809.7021684
5.00,31,90,809.5850081
5.00,31,91,809.5027283
5.00,31,92,809.342257
5.00,31,93,809.206454
5.00,31,94,809.0840704
5.00,31,95,809.0467411
5.00,31,96,808.8650324
5.00,31,97,808.7173111
5.00,31,98,808.5877622
5.00,31,99,808.4700332
5.00,31,100,808.4021058
5.00,31,101,808.2375129
5.00,31,102,808.0977041
5.00,31,103,807.9742257
5.00,31,104,807.9564224
5.00,31,105,807.7688068
5.00,31,106,807.6148784
5.00,31,107,807.4834817
5.00,31,108,807.3643656
5.00,31,109,807.3120862
5.00,31,110,807.1397866
5.00,31,111,806.998104
5.00,31,112,806.8728536
5.00,31,113,806.8717702
5.00,31,114,806.6749323
5.00,31,115,806.5195739
5.00,31,116,806.3860921
5.00,31,117,806.266861
5.00,31,118,806.2254795
5.00,31,119,806.0510057
5.00,31,120,805.9058946
5.00,31,121,805.7801691
5.00,31,122,805.665058
5.00,31,123,805.5922051
5.00,31,124,805.4321132
5.00,31,125,805.2980271
5.00,31,126,805.1779856
5.00,31,127,805.1465201
5.00,31,128,804.9666449
5.00,31,129,804.8215517
5.00,31,130,804.6949548
5.00,31,131,804.5802638
5.00,31,132,804.5133278
5.00,31,133,804.353045
5.00,31,134,804.2173025
5.00,31,135,804.0975356
5.00,31,136,804.0739926
5.00,31,137,803.8935741
5.00,31,138,803.745614
5.00,31,139,803.619057
5.00,31,140,803.5041352
5.00,31,141,803.4433617
5.00,31,142,803.2800056
5.00,31,143,803.1448986
5.00,31,144,803.0249472
5.00,31,145,803.0056266
5.00,31,146,802.8222861
5.00,31,147,802.6761187
5.00,31,148,802.5496019
5.00,31,149,802.4356881
5.00,31,150,802.3761739
5.00,31,151,802.2149404
5.00,31,152,802.0793859
5.00,31,153,801.9604795
5.00,31,154,801.9430351
5.00,31,155,801.7621483
5.00,31,156,801.6147193
5.00,31,157,801.4892454
5.00,31,158,801.3756605
5.00,31,159,801.3176358
5.00,31,160,801.1555305
5.00,31,161,801.0219456
5.00,31,162,800.9036157
5.00,31,163,800.884273
5.00,31,164,800.7034242
5.00,31,165,800.5595131
5.00,31,166,800.43509
5.00,31,167,800.3230879
5.00,31,168,800.2617121
5.00,31,169,800.1039201
5.00,31,170,799.9712209
5.00,31,171,799.8546736
5.00,31,172,799.831289
5.00,31,173,799.6556691
5.00,31,174,799.5122678
5.00,31,175,799.3898328
5.00,31,176,799.2787422
5.00,31,177,799.2144436
5.00,31,178,799.0580414
5.00,31,179,798.9284557
5.00,31,180,798.8132187
5.00,31,181,798.7826182
5.00,31,182,798.6098636
5.00,31,183,798.4713061
5.00,31,184,798.3508212
5.00,31,185,798.2417569
5.00,31,186,798.1704426
5.00,31,187,798.0199889
5.00,31,188,797.8924722
5.00,31,189,797.7795751
5.00,31,190,797.7402787
5.00,31,191,797.5747747
5.00,31,192,797.4383023
5.00,31,193,797.3205094
5.00,31,194,797.2128433
5.00,31,195,797.1352697
5.00,31,196,796.9880802
5.00,31,197,796.8644249
5.00,31,198,796.7534024
5.00,31,199,796.7032928
5.00,31,200,796.5428153
5.00,32,1,761.888797
5.00,32,2,761.2409814
5.00,32,3,751.0717245
5.00,32,4,748.3081575
5.00,32,5,747.5827447
5.00,32,6,746.6326352
5.00,32,7,746.2925401
5.00,32,8,745.8133
5.00,32,9,745.5778599
5.00,32,10,745.2611214
5.00,32,11,745.0590529
5.00,32,12,744.8118292
5.00,32,13,744.62416
5.00,32,14,744.4120852
5.00,32,15,744.232828
5.00,32,16,744.0406249
5.00,32,17,743.8671894
5.00,32,18,743.6870279
5.00,32,19,743.517885
5.00,32,20,743.3453581
5.00,32,21,743.1794444
5.00,32,22,743.1739245
5.00,32,23,742.9857581
5.00,32,24,742.74617
5.00,32,25,742.564616
5.00,32,26,742.3552956
5.00,32,27,742.1797142
5.00,32,28,741.9891425
5.00,32,29,741.8185273
5.00,32,30,741.6398841
5.00,32,31,741.4732367
5.00,32,32,741.3023696
5.00,32,33,741.1388311
5.00,32,34,740.9731544
5.00,32,35,740.9446673
5.00,32,36,740.7105785
5.00,32,37,740.533238
5.00,32,38,740.3275219
5.00,32,39,740.1554608
5.00,32,40,739.9676211
5.00,32,41,739.8000611
5.00,32,42,739.6237701
5.00,32,43,739.459882
5.00,32,44,739.2912252
5.00,32,45,739.1302675
5.00,32,46,738.9667711
5.00,32,47,738.9659098
5.00,32,48,738.7290808
5.00,32,49,738.5548552
5.00,32,50,738.3476041
5.00,32,51,738.1780897
5.00,32,52,737.9896699
5.00,32,53,737.8243473
5.00,32,54,737.6482134
5.00,32,55,737.486415
5.00,32,56,737.3184764
5.00,32,57,737.1595571
5.00,32,58,736.9972026
5.00,32,59,736.8406035
5.00,32,60,736.6821361
5.00,32,61,736.6397345
5.00,32,62,736.4229079
5.00,32,63,736.2550383
5.00,32,64,736.0607128
5.00,32,65,735.8967384
5.00,32,66,735.7171567
5.00,32,67,735.5566448
5.00,32,68,735.3869358
5.00,32,69,735.2293598
5.00,32,70,735.0663975
5.00,32,71,734.9112516
5.00,32,72,734.7529924
5.00,32,73,734.5998355
5.00,32,74,734.4449222
5.00,32,75,734.3971865
5.00,32,76,734.1883842
5.00,32,77,734.025208
5.00,32,78,733.8363508
5.00,32,79,733.6764455
5.00,32,80,733.5009245
5.00,32,81,733.3440001
5.00,32,82,733.1775769
5.00,32,83,733.0232368
5.00,32,84,732.8631389
5.00,32,85,732.7109818
5.00,32,86,732.5553648
5.00,32,87,732.4050285
5.00,32,88,732.2526468
5.00,32,89,732.2282999
5.00,32,90,732.0189081
5.00,32,91,731.8594397
5.00,32,92,731.6703634
5.00,32,93,731.5135933
5.00,32,94,731.3382815
5.00,32,95,731.1841181
5.00,32,96,731.0183127
5.00,32,97,730.8665002
5.00,32,98,730.7073798
5.00,32,99,730.557614
5.00,32,100,730.4032776
5.00,32,101,730.2552609
5.00,32,102,730.1044092
5.00,32,103,729.9578743
5.00,32,104,729.8096076
5.00,32,105,729.7664512
5.00,32,106,729.5692342
5.00,32,107,729.4150644
5.00,32,108,729.2343979
5.00,32,109,729.0823679
5.00,32,110,728.9132037
5.00,32,111,728.7632854
5.00,32,112,728.6022538
5.00,32,113,728.4542813
5.00,32,114,728.2990952
5.00,32,115,728.1528532
5.00,32,116,728.0019375
5.00,32,117,727.8572053
5.00,32,118,727.7094608
5.00,32,119,727.5660339
5.00,32,120,727.4206847
5.00,32,121,727.3953794
5.00,32,122,727.1998326
5.00,32,123,727.0500385
5.00,32,124,726.8706518
5.00,32,125,726.7224168
5.00,32,126,726.5544504
5.00,32,127,726.4078978
5.00,32,128,726.2481325
5.00,32,129,726.1032179
5.00,32,130,725.9494331
5.00,32,131,725.8060349
5.00,32,132,725.6566772
5.00,32,133,725.5146448
5.00,32,134,725.3686138
5.00,32,135,725.2277936
5.00,32,136,725.0843012
5.00,32,137,724.944549
5.00,32,138,724.8030252
5.00,32,139,724.7712819
5.00,32,140,724.5845008
5.00,32,141,724.4398716
5.00,32,142,724.2667733
5.00,32,143,724.1232146
5.00,32,144,723.9600262
5.00,32,145,723.817716
5.00,32,146,723.6618082
5.00,32,147,723.5207747
5.00,32,148,723.3702908
5.00,32,149,723.2304844
5.00,32,150,723.0840966
5.00,32,151,722.9454309
5.00,32,152,722.8021792
5.00,32,153,722.6645542
5.00,32,154,722.5237373
5.00,32,155,722.3870522
5.00,32,156,722.248153
5.00,32,157,722.1123131
5.00,32,158,722.0980805
5.00,32,159,721.9588936
5.00,32,160,721.7765038
5.00,32,161,721.6372995
5.00,32,162,721.4674348
5.00,32,163,721.3287392
5.00,32,164,721.1681473
5.00,32,165,721.0302297
5.00,32,166,720.8765933
5.00,32,167,720.7395725
5.00,32,168,720.59122
5.00,32,169,720.4551274
5.00,32,170,720.310839
5.00,32,171,720.1756567
5.00,32,172,720.0345329
5.00,32,173,719.900217
5.00,32,174,719.761588
5.00,32,175,719.6280823
5.00,32,176,719.4914453
5.00,32,177,719.3586898
5.00,32,178,719.2236639
5.00,32,179,719.0915997
5.00,32,180,719.0910773
5.00,32,181,718.9585655
5.00,32,182,718.7800975
5.00,32,183,718.64692
5.00,32,184,718.4799098
5.00,32,185,718.3466549
5.00,32,186,718.188333
5.00,32,187,718.0553516
5.00,32,188,717.9036947
5.00,32,189,717.7711891
5.00,32,190,717.6247029
5.00,32,191,717.4927819
5.00,32,192,717.3503518
5.00,32,193,717.2190654
5.00,32,194,717.0798519
5.00,32,195,716.9492135
5.00,32,196,716.8125786
5.00,32,197,716.6825796
5.00,32,198,716.5480346
5.00,32,199,716.4186539
5.00,32,200,716.2858215
5.00,33,1,959.5412741
5.00,33,2,959.5365037
5.00,33,3,959.5327147
5.00,33,4,959.245771
5.00,33,5,959.0535401
5.00,33,6,958.6690415
5.00,33,7,958.6224378
5.00,33,8,958.0950234
5.00,33,9,958.0015085
5.00,33,10,957.97481
5.00,33,11,957.9640618
5.00,33,12,957.9606212
5.00,33,13,957.9580205
5.00,33,14,957.6598951
5.00,33,15,957.4799352
5.00,33,16,957.0884716
5.00,33,17,957.04277
5.00,33,18,956.5190664
5.00,33,19,956.4085773
5.00,33,20,956.3962767
5.00,33,21,956.3858425
5.00,33,22,956.3814792
5.00,33,23,956.3778193
5.00,33,24,956.0886096
5.00,33,25,955.8920351
5.00,33,26,955.5224136
5.00,33,27,955.4388889
5.00,33,28,954.958405
5.00,33,29,954.8358419
5.00,33,30,954.8158417
5.00,33,31,954.8022561
5.00,33,32,954.7940931
5.00,33,33,954.7866482
5.00,33,34,954.7860319
5.00,34,1,887.5837208
5.00,34,2,887.5076213
5.00,34,3,887.4585984
5.00,34,4,887.4455144
5.00,34,5,887.377838
5.00,34,6,887.3322458
5.00,34,7,887.3099755
5.00,34,8,887.2492576
5.00,34,9,887.206413
5.00,34,10,887.1766989
5.00,34,11,887.1215818
5.00,34,12,887.0810152
5.00,34,13,887.0452354
5.00,34,14,886.9947311
5.00,34,15,886.9860899
5.00,34,16,886.9153298
5.00,34,17,886.8685298
5.00,34,18,886.8498191
5.00,34,19,886.7866137
5.00,34,20,886.7428847
5.00,34,21,886.7159782
5.00,34,22,886.6589908
5.00,34,23,886.6177184
5.00,34,24,886.5841923
5.00,34,25,886.5321987
5.00,34,26,886.5278055
5.00,34,27,886.4540158
5.00,34,28,886.406141
5.00,34,29,886.3907475
5.00,34,30,886.3252926
5.00,34,31,886.2806963
5.00,34,32,886.2564369
5.00,34,33,886.1976501
5.00,34,34,886.1557592
5.00,34,35,886.1243108
5.00,34,36,886.070989
5.00,34,37,886.0705964
5.00,34,38,885.9940511
5.00,34,39,885.9450907
5.00,34,40,885.932874
5.00,34,41,885.8652014
5.00,34,42,885.8198402
5.00,34,43,885.7980475
5.00,34,44,885.7376423
5.00,34,45,885.6951418
5.00,34,46,885.6656557
5.00,34,47,885.6110527
5.00,34,48,885.5709021
5.00,34,49,885.5352013
5.00,34,50,885.4853336
5.00,34,51,885.4759639
5.00,34,52,885.4063917
5.00,34,53,885.3602962
5.00,34,54,885.3407536
5.00,34,55,885.2788344
5.00,34,56,885.2358368
5.00,34,57,885.2080865
5.00,34,58,885.1524083
5.00,34,59,885.1118696
5.00,34,60,885.0775463
5.00,34,61,885.0268406
5.00,34,62,885.0199348
5.00,34,63,884.9486649
5.00,34,64,884.9020215
5.00,34,65,884.8843464
5.00,34,66,884.8212556
5.00,34,67,884.7778219
5.00,34,68,884.75154
5.00,34,69,884.6949425
5.00,34,70,884.6541321
5.00,34,71,884.6209328
5.00,34,72,884.5696074
5.00,34,73,884.56476
5.00,34,74,884.4921805
5.00,34,75,884.4450317
5.00,34,76,884.4289607
5.00,34,77,884.3648309
5.00,34,78,884.3210946
5.00,34,79,884.2960145
5.00,34,80,884.2387401
5.00,34,81,884.1976971
5.00,34,82,884.1654394
5.00,34,83,884.1135973
5.00,34,84,884.1103175
5.00,34,85,884.0367027
5.00,34,86,883.9892755
5.00,34,87,883.9743377
5.00,34,88,883.909586
5.00,34,89,883.8656282
5.00,34,90,883.8414215
5.00,34,91,883.7836684
5.00,34,92,883.7425313
5.00,34,93,883.7109131
5.00,34,94,883.6588129
5.00,34,95,883.6566131
5.00,34,96,883.5824226
5.00,34,97,883.5347768
5.00,34,98,883.520655
5.00,34,99,883.4554502
5.00,34,100,883.411425
5.00,34,101,883.3877827
5.00,34,102,883.3298298
5.00,34,103,883.2886471
5.00,34,104,883.2574587
5.00,34,105,883.2052226
5.00,34,106,883.2035528
5.00,34,107,883.1291014
5.00,34,108,883.0814867
5.00,34,109,883.0676648
5.00,34,110,883.0024631
5.00,34,111,882.9584617
5.00,34,112,882.9350275
5.00,34,113,882.877093
5.00,34,114,882.8360134
5.00,34,115,882.8049329
5.00,34,116,882.7528368
5.00,34,117,882.7511794
5.00,34,118,882.6769544
5.00,34,119,882.6294362
5.00,34,120,882.6155821
5.00,34,121,882.5505634
5.00,34,122,882.5067456
5.00,34,123,882.4832021
5.00,34,124,882.4255733
5.00,34,125,882.3846468
5.00,34,126,882.3534623
5.00,34,127,882.3016306
5.00,34,128,882.2994348
5.00,34,129,882.2257529
5.00,34,130,882.1785816
5.00,34,131,882.1641845
5.00,34,132,882.0998025
5.00,34,133,882.056258
5.00,34,134,882.0322583
5.00,34,135,881.9751479
5.00,34,136,881.9345199
5.00,34,137,881.9029215
5.00,34,138,881.8516214
5.00,34,139,881.8483966
5.00,34,140,881.7757247
5.00,34,141,881.7289593
5.00,34,142,881.7137128
5.00,34,143,881.6501311
5.00,34,144,881.6070103
5.00,34,145,881.5822635
5.00,34,146,881.5259382
5.00,34,147,881.4856524
5.00,34,148,881.4534515
5.00,34,149,881.4027921
5.00,34,150,881.3980439
5.00,34,151,881.3266624
5.00,34,152,881.2805322
5.00,34,153,881.26398
5.00,34,154,881.2016091
5.00,34,155,881.1589885
5.00,34,156,881.1331927
5.00,34,157,881.0778353
5.00,34,158,881.038021
5.00,34,159,881.004949
5.00,34,160,880.9551649
5.00,34,161,880.9484814
5.00,34,162,880.8787925
5.00,34,163,880.8333391
5.00,34,164,880.8152364
5.00,34,165,880.7541999
5.00,34,166,880.7122067
5.00,34,167,880.6851275
5.00,34,168,880.6309591
5.00,34,169,880.5916464
5.00,34,170,880.5575591
5.00,34,171,880.5087297
5.00,34,172,880.4997202
5.00,34,173,880.4319365
5.00,34,174,880.3873503
5.00,34,175,880.3673342
5.00,34,176,880.3079664
5.00,34,177,880.2666554
5.00,34,178,880.2380626
5.00,34,179,880.1852175
5.00,34,180,880.1465101
5.00,34,181,880.111202
5.00,34,182,880.0635112
5.00,34,183,880.0518794
5.00,34,184,879.9863059
5.00,34,185,879.9426037
5.00,34,186,879.9205154
5.00,34,187,879.8628836
5.00,34,188,879.8223493
5.00,34,189,879.7920851
5.00,34,190,879.7407213
5.00,34,191,879.7389373
5.00,34,192,879.6660426
5.00,34,193,879.6195142
5.00,34,194,879.6050453
5.00,34,195,879.5417747
5.00,34,196,879.4990837
5.00,34,197,879.4747106
5.00,34,198,879.4190273
5.00,34,199,879.3792875
5.00,34,200,879.3472348
5.00,35,1,891.5280659
5.00,35,2,891.5016383
5.00,35,3,891.4835774
5.00,35,4,891.4603589
5.00,35,5,891.4562922
5.00,35,6,891.4309263
5.00,35,7,891.4167105
5.00,35,8,891.40666
5.00,35,9,891.3910717
5.00,35,10,891.385263
5.00,35,11,891.3670189
5.00,35,12,891.3662679
5.00,35,13,891.3439849
5.00,35,14,891.3312865
5.00,35,15,891.3218783
5.00,35,16,891.307378
5.00,35,17,891.3009328
5.00,35,18,891.2838623
5.00,35,19,891.2815532
5.00,35,20,891.2608482
5.00,35,21,891.2487272
5.00,35,22,891.2385645
5.00,35,23,891.2248191
5.00,35,24,891.2172812
5.00,35,25,891.2012307
5.00,35,26,891.197415
5.00,35,27,891.1780935
5.00,35,28,891.1663676
5.00,35,29,891.1555578
5.00,35,30,891.1423861
5.00,35,31,891.1338899
5.00,35,32,891.1186784
5.00,35,33,891.1134412
5.00,35,34,891.095354
5.00,35,35,891.0947046
5.00,35,36,891.0725661
5.00,35,37,891.0600083
5.00,35,38,891.0505831
5.00,35,39,891.0362166
5.00,35,40,891.0297083
5.00,35,41,891.0127774
5.00,35,42,891.0104055
5.00,35,43,890.989838
5.00,35,44,890.9777254
5.00,35,45,890.9675632
5.00,35,46,890.9538452
5.00,35,47,890.9462485
5.00,35,48,890.9302674
5.00,35,49,890.9262817
5.00,35,50,890.9071128
5.00,35,51,890.8954867
5.00,35,52,890.8845881
5.00,35,53,890.8715409
5.00,35,54,890.8629319
5.00,35,55,890.8478719
5.00,35,56,890.8425063
5.00,35,57,890.8245942
5.00,35,58,890.8238262
5.00,35,59,890.801871
5.00,35,60,890.7893266
5.00,35,61,890.7798823
5.00,35,62,890.7655555
5.00,35,63,890.7589559
5.00,35,64,890.7421185
5.00,35,65,890.7395198
5.00,35,66,890.7191487
5.00,35,67,890.7071564
5.00,35,68,890.6968762
5.00,35,69,890.6833099
5.00,35,70,890.6755637
5.00,35,71,890.6597688
5.00,35,72,890.655611
5.00,35,73,890.6366598
5.00,35,74,890.6250745
5.00,35,75,890.6141267
5.00,35,76,890.6011503
5.00,35,77,890.592423
5.00,35,78,890.5774878
5.00,35,79,890.5718827
5.00,35,80,890.5541906
5.00,35,81,890.5529733
5.00,35,82,890.5314042
5.00,35,83,890.5190476
5.00,35,84,890.5093819
5.00,35,85,890.4952995
5.00,35,86,890.4884099
5.00,35,87,890.4718854
5.00,35,88,890.468925
5.00,35,89,890.4489434
5.00,35,90,890.4370399
5.00,35,91,890.4266288
5.00,35,92,890.4132036
5.00,35,93,890.4052185
5.00,35,94,890.3896521
5.00,35,95,890.3850758
5.00,35,96,890.3664983
5.00,35,97,890.3550792
5.00,35,98,890.3439346
5.00,35,99,890.3311774
5.00,35,100,890.3221835
5.00,35,101,890.3075343
5.00,35,102,890.3015814
5.00,35,103,890.2842562
5.00,35,104,890.2826055
5.00,35,105,890.2614942
5.00,35,106,890.2492411
5.00,35,107,890.2394156
5.00,35,108,890.2254981
5.00,35,109,890.2183229
5.00,35,110,890.2020651
5.00,35,111,890.198611
5.00,35,112,890.1790647
5.00,35,113,890.1673524
5.00,35,114,890.156708
5.00,35,115,890.1435353
5.00,35,116,890.1352359
5.00,35,117,890.1199996
5.00,35,118,890.1150145
5.00,35,119,890.0968608
5.00,35,120,890.0965627
5.00,35,121,890.0742834
5.00,35,122,890.0616688
5.00,35,123,890.0524467
5.00,35,124,890.0380208
5.00,35,125,890.0316794
5.00,35,126,890.0147086
5.00,35,127,890.0124089
5.00,35,128,889.9918648
5.00,35,129,889.9798504
5.00,35,130,889.9697193
5.00,35,131,889.9561194
5.00,35,132,889.9485323
5.00,35,133,889.9326928
5.00,35,134,889.9286996
5.00,35,135,889.9096959
5.00,35,136,889.8981248
5.00,35,137,889.8872698
5.00,35,138,889.8743099
5.00,35,139,889.8656644
5.00,35,140,889.8507534
5.00,35,141,889.8452072
5.00,35,142,889.827557
5.00,35,143,889.8263558
5.00,35,144,889.8048627
5.00,35,145,889.792562
5.00,35,146,889.7829184
5.00,35,147,889.7689136
5.00,35,148,889.7620018
5.00,35,149,889.7455916
5.00,35,150,889.7425369
5.00,35,151,889.7227298
5.00,35,152,889.7109127
5.00,35,153,889.7004778
5.00,35,154,889.6871716
5.00,35,155,889.679103
5.00,35,156,889.6637063
5.00,35,157,889.6589547
5.00,35,158,889.6406253
5.00,35,159,889.6405205
5.00,35,160,889.6180797
5.00,35,161,889.6054932
5.00,35,162,889.5963352
5.00,35,163,889.5819271
5.00,35,164,889.575687
5.00,35,165,889.5587089
5.00,35,166,889.5565868
5.00,35,167,889.5359811
5.00,35,168,889.5239196
5.00,35,169,889.5139015
5.00,35,170,889.5002517
5.00,35,171,889.4927546
5.00,35,172,889.4768767
5.00,35,173,889.472911
5.00,35,174,889.4539097
5.00,35,175,889.4423976
5.00,35,176,889.4315475
5.00,35,177,889.4186539
5.00,35,178,889.410015
5.00,35,179,889.3951738
5.00,35,180,889.3896519
5.00,35,181,889.3720645
5.00,35,182,889.3709397
5.00,35,183,889.349478
5.00,35,184,889.3371542
5.00,35,185,889.3275804
5.00,35,186,889.3135623
5.00,35,187,889.3066748
5.00,35,188,889.2902817
5.00,35,189,889.2871542
5.00,35,190,889.2674342
5.00,35,191,889.255707
5.00,35,192,889.2452298
5.00,35,193,889.2320323
5.00,35,194,889.2239063
5.00,35,195,889.2086372
5.00,35,196,889.2038242
5.00,35,197,889.1856354
5.00,35,198,889.1854937
5.00,35,199,889.1631882
5.00,35,200,889.1506059
5.00,36,1,928.6322919
5.00,36,2,928.4394265
5.00,36,3,928.3490107
5.00,36,4,928.2924127
5.00,36,5,928.2444878
5.00,36,6,928.1789587
5.00,36,7,928.1482943
5.00,36,8,928.0685481
5.00,36,9,928.0638183
5.00,36,10,927.9621096
5.00,36,11,927.9023243
5.00,36,12,927.8618383
5.00,36,13,927.7907906
5.00,36,14,927.770846
5.00,36,15,927.682405
5.00,36,16,927.6268832
5.00,36,17,927.5786582
5.00,36,18,927.5142849
5.00,36,19,927.4820448
5.00,36,20,927.40409
5.00,36,21,927.3962719
5.00,36,22,927.2975136
5.00,36,23,927.238863
5.00,36,24,927.1966617
5.00,36,25,927.1274224
5.00,36,26,927.1044155
5.00,36,27,927.018895
5.00,36,28,926.964495
5.00,36,29,926.9146444
5.00,36,30,926.8520188
5.00,36,31,926.8169416
5.00,36,32,926.741747
5.00,36,33,926.7291453
5.00,36,34,926.6347778
5.00,36,35,926.5777216
5.00,36,36,926.5330039
5.00,36,37,926.4662584
5.00,36,38,926.4390042
5.00,36,39,926.3574239
5.00,36,40,926.3568509
5.00,36,41,926.2525704
5.00,36,42,926.1920886
5.00,36,43,926.1535062
5.00,36,44,926.0816514
5.00,36,45,926.0632978
5.00,36,46,925.9741646
5.00,36,47,925.9189701
5.00,36,48,925.8712902
5.00,36,49,925.8074257
5.00,36,50,925.7752859
5.00,36,51,925.6982033
5.00,36,52,925.6897001
5.00,36,53,925.5924776
5.00,36,54,925.5344991
5.00,36,55,925.4918193
5.00,36,56,925.4238214
5.00,36,57,925.3988737
5.00,36,58,925.3157138
5.00,36,59,925.2626123
5.00,36,60,925.2115959
5.00,36,61,925.1509405
5.00,36,62,925.1133932
5.00,36,63,925.041269
5.00,36,64,925.0241165
5.00,36,65,924.9345912
5.00,36,66,924.8793125
5.00,36,67,924.8322383
5.00,36,68,924.768363
5.00,36,69,924.7364321
5.00,36,70,924.6595976
5.00,36,71,924.650401
5.00,36,72,924.5540626
5.00,36,73,924.4968362
5.00,36,74,924.4535586
5.00,36,75,924.3866847
5.00,36,76,924.3604731
5.00,36,77,924.2790223
5.00,36,78,924.2785452
5.00,36,79,924.1750799
5.00,36,80,924.1153639
5.00,36,81,924.0764647
5.00,36,82,924.0059609
5.00,36,83,923.9859021
5.00,36,84,923.8992223
5.00,36,85,923.8452759
5.00,36,86,923.7965982
5.00,36,87,923.7347069
5.00,36,88,923.7000146
5.00,36,89,923.6261678
5.00,36,90,923.6124694
5.00,36,91,923.5206422
5.00,36,92,923.464913
5.00,36,93,923.4194229
5.00,36,94,923.3549421
5.00,36,95,923.3246741
5.00,36,96,923.2471176
5.00,36,97,923.2395021
5.00,36,98,923.1424401
5.00,36,99,923.0852988
5.00,36,100,923.0426311
5.00,36,101,922.9759776
5.00,36,102,922.9499308
5.00,36,103,922.8690298
5.00,36,104,922.8678293
5.00,36,105,922.765598
5.00,36,106,922.706618
5.00,36,107,922.6671502
5.00,36,108,922.5978699
5.00,36,109,922.5761768
5.00,36,110,922.4915845
5.00,36,111,922.4386101
5.00,36,112,922.3890702
5.00,36,113,922.3286813
5.00,36,114,922.2920396
5.00,36,115,922.220589
5.00,36,116,922.203141
5.00,36,117,922.1151973
5.00,36,118,922.0610459
5.00,36,119,922.0136287
5.00,36,120,921.9515649
5.00,36,121,921.9177556
5.00,36,122,921.8439688
5.00,36,123,921.830239
5.00,36,124,921.7391105
5.00,36,125,921.6841909
5.00,36,126,921.6384453
5.00,36,127,921.5751874
5.00,36,128,921.5438457
5.00,36,129,921.4682042
5.00,36,130,921.4582073
5.00,36,131,921.3641838
5.00,36,132,921.3082069
5.00,36,133,921.2643291
5.00,36,134,921.199601
5.00,36,135,921.1706646
5.00,36,136,921.0930325
5.00,36,137,921.0860426
5.00,36,138,920.9894124
5.00,36,139,920.9328912
5.00,36,140,920.8903057
5.00,36,141,920.8247135
5.00,36,142,920.7976934
5.00,36,143,920.7186895
5.00,36,144,920.714638
5.00,36,145,920.6158133
5.00,36,146,920.5584365
5.00,36,147,920.5173338
5.00,36,148,920.4505918
5.00,36,149,920.4253693
5.00,36,150,920.3448821
5.00,36,151,920.3428804
5.00,36,152,920.2422497
5.00,36,153,920.1846158
5.00,36,154,920.1443214
5.00,36,155,920.0771365
5.00,36,156,920.0531266
5.00,36,157,919.971882
5.00,36,158,919.9718004
5.00,36,159,919.8698675
5.00,36,160,919.8116475
5.00,36,161,919.7723502
5.00,36,162,919.7044279
5.00,36,163,919.6814763
5.00,36,164,919.5993775
5.00,36,165,919.5477958
5.00,36,166,919.4975977
5.00,36,167,919.4393419
5.00,36,168,919.4004832
5.00,36,169,919.3324395
5.00,36,170,919.310166
5.00,36,171,919.2277763
5.00,36,172,919.1760281
5.00,36,173,919.1262234
5.00,36,174,919.0677883
5.00,36,175,919.0292271
5.00,36,176,918.9610494
5.00,36,177,918.9388012
5.00,36,178,918.8564503
5.00,36,179,918.8049374
5.00,36,180,918.7550667
5.00,36,181,918.6969276
5.00,36,182,918.6582478
5.00,36,183,918.5904324
5.00,36,184,918.5680515
5.00,36,185,918.4861138
5.00,36,186,918.4346599
5.00,36,187,918.3848034
5.00,36,188,918.326814
5.00,36,189,918.287883
5.00,36,190,918.2204119
5.00,36,191,918.1972657
5.00,36,192,918.1160586
5.00,36,193,918.1156985
5.00,36,194,918.0146212
5.00,36,195,917.9573424
5.00,36,196,917.9175988
5.00,36,197,917.8510921
5.00,36,198,917.8268033
5.00,36,199,917.7468853
5.00,36,200,917.7450176
5.00,37,1,737.5803692
5.00,37,2,737.3734755
5.00,37,3,737.2774096
5.00,37,4,737.2329237
5.00,37,5,737.1356617
5.00,37,6,737.1072575
5.00,37,7,737.0026119
5.00,37,8,736.9870373
5.00,37,9,736.8721844
5.00,37,10,736.870282
5.00,37,11,736.7430317
5.00,37,12,736.6759644
5.00,37,13,736.6161631
5.00,37,14,736.5443408
5.00,37,15,736.4909836
5.00,37,16,736.4133214
5.00,37,17,736.367819
5.00,37,18,736.2829957
5.00,37,19,736.2470974
5.00,37,20,736.1534887
5.00,37,21,736.12936
5.00,37,22,736.0249604
5.00,37,23,736.0152877
5.00,37,24,735.8976138
5.00,37,25,735.8319367
5.00,37,26,735.7706103
5.00,37,27,735.7008948
5.00,37,28,735.6447853
5.00,37,29,735.5702827
5.00,37,30,735.520313
5.00,37,31,735.4401471
5.00,37,32,735.3973928
5.00,37,33,735.3105412
5.00,37,34,735.276253
5.00,37,35,735.1815251
5.00,37,36,735.1571526
5.00,37,37,735.0531673
5.00,37,38,735.0403838
5.00,37,39,734.9255438
5.00,37,40,734.8623
5.00,37,41,734.7997424
5.00,37,42,734.7324241
5.00,37,43,734.6753547
5.00,37,44,734.6030608
5.00,37,45,734.5526699
5.00,37,46,734.4742947
5.00,37,47,734.4320471
5.00,37,48,734.3462314
5.00,37,49,734.3139339
5.00,37,50,734.219003
5.00,37,51,734.1988894
5.00,37,52,734.0927752
5.00,37,53,734.0876152
5.00,37,54,733.967757
5.00,37,55,733.9019501
5.00,37,56,733.8430544
5.00,37,57,733.7730857
5.00,37,58,733.7195456
5.00,37,59,733.6446519
5.00,37,60,733.5974057
5.00,37,61,733.5166957
5.00,37,62,733.4768353
5.00,37,63,733.3892702
5.00,37,64,733.3580629
5.00,37,65,733.2624359
5.00,37,66,733.2413473
5.00,37,67,733.1362606
5.00,37,68,733.1269799
5.00,37,69,733.0108203
5.00,37,70,732.9477525
5.00,37,71,732.887242
5.00,37,72,732.8200132
5.00,37,73,732.7650921
5.00,37,74,732.6927876
5.00,37,75,732.6446624
5.00,37,76,732.5661613
5.00,37,77,732.5263152
5.00,37,78,732.4402406
5.00,37,79,732.4105015
5.00,37,80,732.3151587
5.00,37,81,732.2977845
5.00,37,82,732.1910824
5.00,37,83,732.1888702
5.00,37,84,732.0682221
5.00,37,85,732.0026857
5.00,37,86,731.9456538
5.00,37,87,731.8759103
5.00,37,88,731.8242765
5.00,37,89,731.7495617
5.00,37,90,731.7042635
5.00,37,91,731.6236862
5.00,37,92,731.5858133
5.00,37,93,731.4983363
5.00,37,94,731.4691515
5.00,37,95,731.3735715
5.00,37,96,731.3545331
5.00,37,97,731.2494589
5.00,37,98,731.242245
5.00,37,99,731.126073
5.00,37,100,731.0635176
5.00,37,101,731.0045513
5.00,37,102,730.9378256
5.00,37,103,730.8844482
5.00,37,104,730.8126416
5.00,37,105,730.7660523
5.00,37,106,730.68805
5.00,37,107,730.6497216
5.00,37,108,730.564156
5.00,37,109,730.5359016
5.00,37,110,730.4410908
5.00,37,111,730.4251477
5.00,37,112,730.3190191
5.00,37,113,730.3181553
5.00,37,114,730.1981476
5.00,37,115,730.1332925
5.00,37,116,730.0775503
5.00,37,117,730.0085204
5.00,37,118,729.9581235
5.00,37,119,729.8841666
5.00,37,120,729.8400364
5.00,37,121,729.7602761
5.00,37,122,729.7234826
5.00,37,123,729.6369002
5.00,37,124,729.6086816
5.00,37,125,729.5140968
5.00,37,126,729.4958818
5.00,37,127,729.3919311
5.00,37,128,729.3853619
5.00,37,129,729.2704755
5.00,37,130,729.2087659
5.00,37,131,729.1508495
5.00,37,132,729.0850354
5.00,37,133,729.0326089
5.00,37,134,728.9618003
5.00,37,135,728.9160337
5.00,37,136,728.8391425
5.00,37,137,728.801471
5.00,37,138,728.7171638
5.00,37,139,728.6893519
5.00,37,140,728.5959912
5.00,37,141,728.5802132
5.00,37,142,728.4757834
5.00,37,143,728.4747261
5.00,37,144,728.35674
5.00,37,145,728.292962
5.00,37,146,728.2379589
5.00,37,147,728.1701114
5.00,37,148,728.1203118
5.00,37,149,728.0476663
5.00,37,150,728.0039616
5.00,37,151,727.9256701
5.00,37,152,727.8890943
5.00,37,153,727.8041721
5.00,37,154,727.775921
5.00,37,155,727.683228
5.00,37,156,727.6646805
5.00,37,157,727.5629003
5.00,37,158,727.5556404
5.00,37,159,727.4432588
5.00,37,160,727.3827071
5.00,37,161,727.3253783
5.00,37,162,727.2608569
5.00,37,163,727.2088292
5.00,37,164,727.1394836
5.00,37,165,727.0938783
5.00,37,166,727.018665
5.00,37,167,726.9808554
5.00,37,168,726.8984979
5.00,37,169,726.8701699
5.00,37,170,726.7791026
5.00,37,171,726.7623307
5.00,37,172,726.6606295
5.00,37,173,726.6579729
5.00,37,174,726.5432671
5.00,37,175,726.4809248
5.00,37,176,726.4261609
5.00,37,177,726.359919
5.00,37,178,726.3101381
5.00,37,179,726.2393024
5.00,37,180,726.1953536
5.00,37,181,726.1191162
5.00,37,182,726.0819838
5.00,37,183,725.9994071
5.00,37,184,725.9702293
5.00,37,185,725.8802281
5.00,37,186,725.8603165
5.00,37,187,725.7616387
5.00,37,188,725.7524997
5.00,37,189,725.6437049
5.00,37,190,725.5845872
5.00,37,191,725.5274351
5.00,37,192,725.4645419
5.00,37,193,725.4124251
5.00,37,194,725.34495
5.00,37,195,725.2989246
5.00,37,196,725.2258843
5.00,37,197,725.1872416
5.00,37,198,725.1074349
5.00,37,199,725.0777576
5.00,37,200,724.9897137
5.00,38,1,726.8390976
5.00,38,2,726.8132881
5.00,38,3,726.8121854
5.00,38,4,726.7939987
5.00,38,5,726.781591
5.00,38,6,726.7696618
5.00,38,7,726.7581476
5.00,38,8,726.7463635
5.00,38,9,726.7348834
5.00,38,10,726.7231062
5.00,38,11,726.7116428
5.00,38,12,726.6998686
5.00,38,13,726.6884222
5.00,38,14,726.6766506
5.00,38,15,726.6652216
5.00,38,16,726.6534525
5.00,38,17,726.6420411
5.00,38,18,726.6302742
5.00,38,19,726.6188809
5.00,38,20,726.607116
5.00,38,21,726.5957411
5.00,38,22,726.5839779
5.00,38,23,726.5726218
5.00,38,24,726.56086
5.00,38,25,726.549523
5.00,38,26,726.5377624
5.00,38,27,726.5264449
5.00,38,28,726.5146853
5.00,38,29,726.5033876
5.00,38,30,726.4916287
5.00,38,31,726.4803511
5.00,38,32,726.4685926
5.00,38,33,726.4573356
5.00,38,34,726.4455771
5.00,38,35,726.434341
5.00,38,36,726.4225822
5.00,38,37,726.4113675
5.00,38,38,726.3996081
5.00,38,39,726.3884151
5.00,38,40,726.3766547
5.00,38,41,726.3654837
5.00,38,42,726.3537221
5.00,38,43,726.3425735
5.00,38,44,726.3308102
5.00,38,45,726.3196845
5.00,38,46,726.3079191
5.00,38,47,726.2968165
5.00,38,48,726.2850488
5.00,38,49,726.2739697
5.00,38,50,726.2621991
5.00,38,51,726.251144
5.00,38,52,726.2393702
5.00,38,53,726.2283394
5.00,38,54,726.2165618
5.00,38,55,726.2055558
5.00,38,56,726.1937741
5.00,38,57,726.1827931
5.00,38,58,726.1710068
5.00,38,59,726.1600513
5.00,38,60,726.14826
5.00,38,61,726.1373303
5.00,38,62,726.1255334
5.00,38,63,726.1146299
5.00,38,64,726.1028271
5.00,38,65,726.0919502
5.00,38,66,726.0801408
5.00,38,67,726.0692908
5.00,38,68,726.0574745
5.00,38,69,726.0466518
5.00,38,70,726.034828
5.00,38,71,726.0240329
5.00,38,72,726.012201
5.00,38,73,726.001434
5.00,38,74,725.9895935
5.00,38,75,725.9788548
5.00,38,76,725.9670051
5.00,38,77,725.9562952
5.00,38,78,725.9444358
5.00,38,79,725.933755
5.00,38,80,725.9218853
5.00,38,81,725.9112339
5.00,38,82,725.8993533
5.00,38,83,725.8887316
5.00,38,84,725.8768396
5.00,38,85,725.866248
5.00,38,86,725.8543439
5.00,38,87,725.8437827
5.00,38,88,725.831866
5.00,38,89,725.8213354
5.00,38,90,725.8094054
5.00,38,91,725.7989058
5.00,38,92,725.7869619
5.00,38,93,725.7764937
5.00,38,94,725.7645352
5.00,38,95,725.7540985
5.00,38,96,725.742125
5.00,38,97,725.7317201
5.00,38,98,725.7197307
5.00,38,99,725.709358
5.00,38,100,725.6973522
5.00,38,101,725.6870118
5.00,38,102,725.6749889
5.00,38,103,725.6646811
5.00,38,104,725.6526405
5.00,38,105,725.6423655
5.00,38,106,725.6303065
5.00,38,107,725.6200646
5.00,38,108,725.6079865
5.00,38,109,725.5977779
5.00,38,110,725.5856801
5.00,38,111,725.5755049
5.00,38,112,725.5633868
5.00,38,113,725.5532452
5.00,38,114,725.541106
5.00,38,115,725.5309982
5.00,38,116,725.5188374
5.00,38,117,725.5087635
5.00,38,118,725.4965803
5.00,38,119,725.4865405
5.00,38,120,725.4743343
5.00,38,121,725.4643287
5.00,38,122,725.4520988
5.00,38,123,725.4421275
5.00,38,124,725.4298733
5.00,38,125,725.4199363
5.00,38,126,725.4076572
5.00,38,127,725.3977547
5.00,38,128,725.3854499
5.00,38,129,725.3755819
5.00,38,130,725.3632509
5.00,38,131,725.3534174
5.00,38,132,725.3410595
5.00,38,133,725.3312605
5.00,38,134,725.3188752
5.00,38,135,725.3091107
5.00,38,136,725.2966973
5.00,38,137,725.2869672
5.00,38,138,725.2745251
5.00,38,139,725.2648294
5.00,38,140,725.2523581
5.00,38,141,725.2426968
5.00,38,142,725.2301955
5.00,38,143,725.2205685
5.00,38,144,725.2080368
5.00,38,145,725.1984439
5.00,38,146,725.1858812
5.00,38,147,725.1763223
5.00,38,148,725.163728
5.00,38,149,725.154203
5.00,38,150,725.1415767
5.00,38,151,725.1320854
5.00,38,152,725.1194265
5.00,38,153,725.1099686
5.00,38,154,725.0972766
5.00,38,155,725.087852
5.00,38,156,725.0751264
5.00,38,157,725.0657348
5.00,38,158,725.0529752
5.00,38,159,725.0436164
5.00,38,160,725.0308223
5.00,38,161,725.0214959
5.00,38,162,725.0086669
5.00,38,163,724.9993726
5.00,38,164,724.9865083
5.00,38,165,724.9772459
5.00,38,166,724.9643459
5.00,38,167,724.9551148
5.00,38,168,724.9421788
5.00,38,169,724.9329787
5.00,38,170,724.9200063
5.00,38,171,724.9108369
5.00,38,172,724.8978278
5.00,38,173,724.8886886
5.00,38,174,724.8756424
5.00,38,175,724.8665329
5.00,38,176,724.8534495
5.00,38,177,724.8443693
5.00,38,178,724.8312484
5.00,38,179,724.8221969
5.00,38,180,724.8090382
5.00,38,181,724.8000149
5.00,38,182,724.7868184
5.00,38,183,724.7778227
5.00,38,184,724.7645881
5.00,38,185,724.7556195
5.00,38,186,724.7423467
5.00,38,187,724.7334046
5.00,38,188,724.7200934
5.00,38,189,724.7111771
5.00,38,190,724.6978276
5.00,38,191,724.6889365
5.00,38,192,724.6755485
5.00,38,193,724.666682
5.00,38,194,724.6532555
5.00,38,195,724.6444128
5.00,38,196,724.6309479
5.00,38,197,724.6221283
5.00,38,198,724.6086249
5.00,38,199,724.5998278
5.00,38,200,724.5862861
5.00,39,1,837.4313813
5.00,39,2,835.4710111
5.00,39,3,811.5064069
5.00,39,4,793.6108158
5.00,39,5,791.0286303
5.00,39,6,790.9351103
5.00,39,7,789.5189657
5.00,39,8,789.3129316
5.00,39,9,788.3308589
5.00,39,10,787.8974556
5.00,39,11,787.15965
5.00,39,12,786.5881205
5.00,39,13,786.5417149
5.00,39,14,785.5770835
5.00,39,15,785.4169522
5.00,39,16,784.4389022
5.00,39,17,784.3041076
5.00,39,18,783.309764
5.00,39,19,783.2035334
5.00,39,20,782.1895863
5.00,39,21,782.11569
5.00,39,22,781.0782976
5.00,39,23,781.0411749
5.00,39,24,779.9758396
5.00,39,25,779.6053258
5.00,39,26,779.3210574
5.00,39,27,779.1991231
5.00,39,28,778.4220285
5.00,39,29,778.1169758
5.00,39,30,777.3373687
5.00,39,31,777.0442609
5.00,39,32,776.2608913
5.00,39,33,775.9810139
5.00,39,34,775.1925014
5.00,39,35,774.9272979
5.00,39,36,774.1321075
5.00,39,37,773.883208
5.00,39,38,773.0796229
5.00,39,39,772.8488781
5.00,39,40,772.0349652
5.00,39,41,771.8244892
5.00,39,42,770.9980577
5.00,39,43,770.8102811
5.00,39,44,769.9688299
5.00,39,45,769.8065661
5.00,39,46,768.9472187
5.00,39,47,768.8137484
5.00,39,48,767.9331703
5.00,39,49,767.8323485
5.00,39,50,766.9266415
5.00,39,51,766.8630371
5.00,39,52,765.9276034
5.00,39,53,765.90668
5.00,39,54,764.9360448
5.00,39,55,764.6047193
5.00,39,56,764.3544986
5.00,39,57,764.2589617
5.00,39,58,763.5370297
5.00,39,59,763.2939323
5.00,39,60,762.5600645
5.00,39,61,762.3380965
5.00,39,62,761.5900153
5.00,39,63,761.3917417
5.00,39,64,760.6268292
5.00,39,65,760.4552391
5.00,39,66,759.6704611
5.00,39,67,759.5290652
5.00,39,68,758.7208761
5.00,39,69,758.6138314
5.00,39,70,757.7780513
5.00,39,71,757.7103252
5.00,39,72,756.84198
5.00,39,73,756.8195653
5.00,39,74,755.9126761
5.00,39,75,755.6025113
5.00,39,76,755.3694982
5.00,39,77,755.2849763
5.00,39,78,754.6010194
5.00,39,79,754.3858814
5.00,39,80,753.6846867
5.00,39,81,753.4960661
5.00,39,82,752.7746179
5.00,39,83,752.616027
5.00,39,84,751.870788
5.00,39,85,751.7464026
5.00,39,86,750.973185
5.00,39,87,750.8880145
5.00,39,88,750.0818129
5.00,39,89,750.0419268
5.00,39,90,749.1966976
5.00,39,91,748.9001479
5.00,39,92,748.6760696
5.00,39,93,748.592646
5.00,39,94,747.9476836
5.00,39,95,747.7393922
5.00,39,96,747.0745079
5.00,39,97,746.8953757
5.00,39,98,746.2071425
5.00,39,99,746.0612282
5.00,39,100,745.3455809
5.00,39,101,745.2377642
5.00,39,102,744.4898328
5.00,39,103,744.4260386
5.00,39,104,743.6399291
5.00,39,105,743.6274294
5.00,39,106,742.7959293
5.00,39,107,742.515901
5.00,39,108,742.3092311
5.00,39,109,742.2455737
5.00,39,110,741.6036091
5.00,39,111,741.4392349
5.00,39,112,740.7704963
5.00,39,113,740.6431213
5.00,39,114,739.9428735
5.00,39,115,739.8582719
5.00,39,116,739.1207748
5.00,39,117,739.0860459
5.00,39,118,738.3042623
5.00,39,119,738.0317176
5.00,39,120,737.8282945
5.00,39,121,737.7605409
5.00,39,122,737.1513553
5.00,39,123,736.9819754
5.00,39,124,736.3451843
5.00,39,125,736.2135478
5.00,39,126,735.5442329
5.00,39,127,735.4563796
5.00,39,128,734.7485461
5.00,39,129,734.7119438
5.00,39,130,733.9582
5.00,39,131,733.6944935
5.00,39,132,733.4982181
5.00,39,133,733.4349571
5.00,39,134,732.8421109
5.00,39,135,732.684869
5.00,39,136,732.0615522
5.00,39,137,731.945366
5.00,39,138,731.2860069
5.00,39,139,731.2178062
5.00,39,140,730.515544
5.00,39,141,730.5039898
5.00,39,142,729.7502719
5.00,39,143,729.497467
5.00,39,144,729.3138357
5.00,39,145,729.2670059
5.00,39,146,728.6684983
5.00,39,147,728.5475721
5.00,39,148,727.9124484
5.00,39,149,727.8401063
5.00,39,150,727.1613023
5.00,39,151,727.1465089
5.00,39,152,726.4151798
5.00,39,153,726.1687028
5.00,39,154,725.9899944
5.00,39,155,725.9458642
5.00,39,156,725.3604407
5.00,39,157,725.2475018
5.00,39,158,724.623183
5.00,39,159,724.5616241
5.00,39,160,723.8907028
5.00,39,161,723.8903954
5.00,39,162,723.1631459
5.00,39,163,722.9244226
5.00,39,164,722.7543642
5.00,39,165,722.721008
5.00,39,166,722.1339831
5.00,39,167,722.0455803
5.00,39,168,721.4149329
5.00,39,169,721.383912
5.00,39,170,720.7006088
5.00,39,171,720.4636557
5.00,39,172,720.29078
5.00,39,173,720.2462078
5.00,39,174,719.6911687
5.00,39,175,719.5816236
5.00,39,176,718.9851683
5.00,39,177,718.9301435
5.00,39,178,718.2837223
5.00,39,179,718.0490196
5.00,39,180,717.8746591
5.00,39,181,717.8217507
5.00,39,182,717.2932524
5.00,39,183,717.1684415
5.00,39,184,716.5999428
5.00,39,185,716.5278169
5.00,39,186,715.9110414
5.00,39,187,715.9023469
5.00,39,188,715.2267268
5.00,39,189,715.0022537
5.00,39,190,714.8432755
5.00,39,191,714.8160513
5.00,39,192,714.2587074
5.00,39,193,714.1891896
5.00,39,194,713.5822146
5.00,39,195,713.577946
5.00,39,196,712.9102445
5.00,39,197,712.6904839
5.00,39,198,712.5362297
5.00,39,199,712.5140814
5.00,39,200,711.9594447
5.00,40,1,870.0789912
5.00,40,2,869.6292002
5.00,40,3,869.3973754
5.00,40,4,869.2421424
5.00,40,5,869.1329042
5.00,40,6,869.0426856
5.00,40,7,868.9808572
5.00,40,8,868.8580149
5.00,40,9,868.7632627
5.00,40,10,868.7254606
5.00,40,11,868.5897374
5.00,40,12,868.4860857
5.00,40,13,868.4810316
5.00,40,14,868.3216532
5.00,40,15,868.2109998
5.00,40,16,868.1203585
5.00,40,17,868.0620166
5.00,40,18,867.9376636
5.00,40,19,867.8425733
5.00,40,20,867.8078173
5.00,40,21,867.6708696
5.00,40,22,867.5669409
5.00,40,23,867.5640878
5.00,40,24,867.4038633
5.00,40,25,867.2932417
5.00,40,26,867.2029151
5.00,40,27,867.1449483
5.00,40,28,867.0210943
5.00,40,29,866.9265596
5.00,40,30,866.8908763
5.00,40,31,866.7551494
5.00,40,32,866.6522046
5.00,40,33,866.6464037
5.00,40,34,866.4887151
5.00,40,35,866.3795896
5.00,40,36,866.2903144
5.00,40,37,866.229717
5.00,40,38,866.108328
5.00,40,39,866.015213
5.00,40,40,865.9748907
5.00,40,41,865.8427019
5.00,40,42,865.7419175
5.00,40,43,865.7285212
5.00,40,44,865.5764572
5.00,40,45,865.470153
5.00,40,46,865.3825844
5.00,40,47,865.3167715
5.00,40,48,865.1995586
5.00,40,49,865.108608
5.00,40,50,865.0605729
5.00,40,51,864.9338758
5.00,40,52,864.8362205
5.00,40,53,864.8115385
5.00,40,54,864.6675812
5.00,40,55,864.565157
5.00,40,56,864.4798049
5.00,40,57,864.4068452
5.00,40,58,864.2951039
5.00,40,59,864.2068769
5.00,40,60,864.1489486
5.00,40,61,864.0291652
5.00,40,62,863.9353179
5.00,40,63,863.8968969
5.00,40,64,863.7627241
5.00,40,65,863.6648915
5.00,40,66,863.6481951
5.00,40,67,863.5028329
5.00,40,68,863.3962572
5.00,40,69,863.3106062
5.00,40,70,863.2436171
5.00,40,71,863.1302812
5.00,40,72,863.0399624
5.00,40,73,862.9891418
5.00,40,74,862.8639134
5.00,40,75,862.7702953
5.00,40,76,862.7372922
5.00,40,77,862.6028289
5.00,40,78,862.5021233
5.00,40,79,862.4922495
5.00,40,80,862.3400367
5.00,40,81,862.2350249
5.00,40,82,862.1491168
5.00,40,83,862.0827096
5.00,40,84,861.968599
5.00,40,85,861.8801292
5.00,40,86,861.8273782
5.00,40,87,861.7061182
5.00,40,88,861.6123453
5.00,40,89,861.5770398
5.00,40,90,861.4425366
5.00,40,91,861.345453
5.00,40,92,861.3287321
5.00,40,93,861.1849105
5.00,40,94,861.0800569
5.00,40,95,860.9959182
5.00,40,96,860.9271874
5.00,40,97,860.816853
5.00,40,98,860.7287806
5.00,40,99,860.6731283
5.00,40,100,860.552987
5.00,40,101,860.4624018
5.00,40,102,860.4205898
5.00,40,103,860.2934062
5.00,40,104,860.1971993
5.00,40,105,860.1730139
5.00,40,106,860.0320552
5.00,40,107,859.9327686
5.00,40,108,859.9267219
5.00,40,109,859.7770021
5.00,40,110,859.6697694
5.00,40,111,859.5850587
5.00,40,112,859.5212446
5.00,40,113,859.4088927
5.00,40,114,859.3202942
5.00,40,115,859.2688989
5.00,40,116,859.1470195
5.00,40,117,859.056191
5.00,40,118,859.0175324
5.00,40,119,858.889354
5.00,40,120,858.7931693
5.00,40,121,858.7706529
5.00,40,122,858.6295708
5.00,40,123,858.5307867
5.00,40,124,858.5243432
5.00,40,125,858.3757634
5.00,40,126,858.2696827
5.00,40,127,858.1859294
5.00,40,128,858.1208829
5.00,40,129,858.0104618
5.00,40,130,857.9232632
5.00,40,131,857.8688996
5.00,40,132,857.7501572
5.00,40,133,857.6611631
5.00,40,134,857.6174394
5.00,40,135,857.4935707
5.00,40,136,857.4000045
5.00,40,137,857.3696598
5.00,40,138,857.2349359
5.00,40,139,857.1393717
5.00,40,140,857.1219522
5.00,40,141,856.9813739
5.00,40,142,856.8798131
5.00,40,143,856.8789467
5.00,40,144,856.7243636
5.00,40,145,856.6207067
5.00,40,146,856.5372144
5.00,40,147,856.4716105
5.00,40,148,856.3616743
5.00,40,149,856.2769035
5.00,40,150,856.219123
5.00,40,151,856.1054902
5.00,40,152,856.0173679
5.00,40,153,855.9692874
5.00,40,154,855.8477766
5.00,40,155,855.7582852
5.00,40,156,855.7193492
5.00,40,157,855.5937685
5.00,40,158,855.5000509
5.00,40,159,855.472656
5.00,40,160,855.3373078
5.00,40,161,855.2422083
5.00,40,162,855.2253243
5.00,40,163,855.0856671
5.00,40,164,854.9853029
5.00,40,165,854.9819739
5.00,40,166,854.8303475
5.00,40,167,854.7287014
5.00,40,168,854.6467548
5.00,40,169,854.5788174
5.00,40,170,854.4720776
5.00,40,171,854.3892883
5.00,40,172,854.3272169
5.00,40,173,854.2179162
5.00,40,174,854.1324902
5.00,40,175,854.0776748
5.00,40,176,853.9623137
5.00,40,177,853.8760675
5.00,40,178,853.8277282
5.00,40,179,853.7097492
5.00,40,180,853.6203515
5.00,40,181,853.5801858
5.00,40,182,853.4550873
5.00,40,183,853.3649559
5.00,40,184,853.3318098
5.00,40,185,853.2041604
5.00,40,186,853.110311
5.00,40,187,853.0862433
5.00,40,188,852.9503357
5.00,40,189,852.8559176
5.00,40,190,852.8393102
5.00,40,191,852.7010731
5.00,40,192,852.6023253
5.00,40,193,852.5956545
5.00,40,194,852.4479607
5.00,40,195,852.348901
5.00,40,196,852.2689006
5.00,40,197,852.1981705
5.00,40,198,852.0953876
5.00,40,199,852.0150338
5.00,40,200,851.9480445
5.00,41,1,840.8817112
5.00,41,2,839.5533533
5.00,41,3,839.4743362
5.00,41,4,839.3914593
5.00,41,5,839.3398881
5.00,41,6,839.2970733
5.00,41,7,839.2688186
5.00,41,8,839.2484227
5.00,41,9,839.0332856
5.00,41,10,838.9958558
5.00,41,11,838.4636151
5.00,41,12,838.3894954
5.00,41,13,838.3486866
5.00,41,14,838.3136861
5.00,41,15,838.2972752
5.00,41,16,838.2891067
5.00,41,17,838.0230863
5.00,41,18,837.8940946
5.00,41,19,837.8844951
5.00,41,20,837.8832211
5.00,41,21,837.5876301
5.00,41,22,837.4778455
5.00,41,23,837.4758808
5.00,41,24,837.2182903
5.00,41,25,836.9767997
5.00,41,26,836.6517112
5.00,41,27,836.4692747
5.00,41,28,836.0872524
5.00,41,29,835.9478277
5.00,41,30,835.5253366
5.00,41,31,835.4618919
5.00,41,32,834.9698515
5.00,41,33,834.898859
5.00,41,34,834.7662824
5.00,41,35,834.731359
5.00,41,36,834.7144198
5.00,41,37,834.4722468
5.00,41,38,834.4575089
5.00,41,39,833.9194717
5.00,41,40,833.8424518
5.00,41,41,833.7975638
5.00,41,42,833.7574921
5.00,41,43,833.731167
5.00,41,44,833.7102197
5.00,41,45,833.4916274
5.00,41,46,833.3990927
5.00,41,47,832.9414011
5.00,41,48,832.9217944
5.00,41,49,832.6476576
5.00,41,50,832.5102223
5.00,41,51,832.4906355
5.00,41,52,832.4760162
5.00,41,53,832.2270686
5.00,41,54,832.1994282
5.00,41,55,831.6818374
5.00,41,56,831.6000111
5.00,41,57,831.5537264
5.00,41,58,831.5106541
5.00,41,59,831.4785907
5.00,41,60,831.4507303
5.00,41,61,831.4442284
5.00,41,62,831.4417564
5.00,41,63,831.1337324
5.00,41,64,831.0120358
5.00,41,65,830.9969399
5.00,41,66,830.9859097
5.00,41,67,830.7172776
5.00,41,68,830.5724906
5.00,41,69,830.548278
5.00,41,70,830.5280362
5.00,41,71,830.3019914
5.00,41,72,830.1943487
5.00,41,73,829.7629561
5.00,41,74,829.7089393
5.00,41,75,829.4754943
5.00,41,76,829.3767514
5.00,41,77,828.9394325
5.00,41,78,828.8852303
5.00,41,79,828.6535337
5.00,41,80,828.543442
5.00,41,81,828.1204772
5.00,41,82,828.0578526
5.00,41,83,828.0550888
5.00,41,84,827.7728065
5.00,41,85,827.6397972
5.00,41,86,826.7440189
5.00,41,87,826.6130214
5.00,41,88,826.5349865
5.00,41,89,826.5002333
5.00,41,90,826.4723638
5.00,41,91,826.465387
5.00,41,92,826.4593525
5.00,41,93,826.1525704
5.00,41,94,826.0175978
5.00,41,95,825.9927016
5.00,41,96,825.9698635
5.00,41,97,825.7495895
5.00,41,98,825.5864726
5.00,41,99,825.2261286
5.00,41,100,825.1151115
5.00,41,101,825.0975506
5.00,41,102,825.0811285
5.00,41,103,824.8254968
5.00,41,104,824.7261585
5.00,41,105,824.3055425
5.00,41,106,824.2216311
5.00,41,107,824.2122454
5.00,41,108,824.2026554
5.00,41,109,823.9072013
5.00,41,110,823.8796053
5.00,41,111,823.3907563
5.00,41,112,823.3378257
5.00,41,113,823.3377263
5.00,41,114,823.3354922
5.00,41,115,822.9946449
5.00,41,116,822.8682146
5.00,41,117,822.843453
5.00,41,118,822.8194915
5.00,41,119,822.8181127
5.00,41,120,822.814344
5.00,41,121,822.4799139
5.00,41,122,822.3493844
5.00,41,123,822.3228977
5.00,41,124,822.2971636
5.00,41,125,822.2924852
5.00,41,126,822.2856406
5.00,41,127,821.966916
5.00,41,128,821.9608388
5.00,41,129,821.4571251
5.00,41,130,821.4023014
5.00,41,131,821.3991434
5.00,41,132,821.3930177
5.00,41,133,821.0660191
5.00,41,134,821.0638632
5.00,41,135,820.5592679
5.00,41,136,820.5007937
5.00,41,137,820.4952444
5.00,41,138,820.4866692
5.00,41,139,820.1704882
5.00,41,140,820.1357185
5.00,41,141,819.666584
5.00,41,142,819.5879028
5.00,41,143,819.5749089
5.00,41,144,819.5598024
5.00,41,145,819.2802359
5.00,41,146,819.168969
5.00,41,147,818.7790072
5.00,41,148,818.6632237
5.00,41,149,818.638099
5.00,41,150,818.6124173
5.00,41,151,818.6074659
5.00,41,152,818.5980417
5.00,41,153,818.2783904
5.00,41,154,818.2264375
5.00,41,155,817.7806971
5.00,41,156,817.6848608
5.00,41,157,817.6649953
5.00,41,158,817.6432536
5.00,41,159,817.3993224
5.00,41,160,817.2125929
5.00,41,161,816.9041296
5.00,41,162,816.8181783
5.00,41,163,816.4109132
5.00,41,164,816.2960989
5.00,41,165,816.2681415
5.00,41,166,816.2399102
5.00,41,167,816.2304339
5.00,41,168,816.2160913
5.00,41,169,815.9180584
5.00,41,170,815.8040004
5.00,41,171,815.4279467
5.00,41,172,815.2984805
5.00,41,173,815.2673129
5.00,41,174,815.2352716
5.00,41,175,815.2183474
5.00,41,176,815.1977982
5.00,41,177,814.9384648
5.00,41,178,814.7568519
5.00,41,179,814.4514121
5.00,41,180,814.3349906
5.00,41,181,813.9661183
5.00,41,182,813.944564
5.00,41,183,813.4829405
5.00,41,184,813.3857962
5.00,41,185,813.354348
5.00,41,186,813.3259437
5.00,41,187,813.3166366
5.00,41,188,813.3008595
5.00,41,189,812.9992981
5.00,41,190,812.8630339
5.00,41,191,812.5186636
5.00,41,192,812.4413877
5.00,41,193,812.0397781
5.00,41,194,811.9131009
5.00,41,195,811.8785298
5.00,41,196,811.8440051
5.00,41,197,811.8226788
5.00,41,198,811.7973468
5.00,41,199,811.7932664
5.00,41,200,811.7800769
5.00,42,1,829.0568591
5.00,42,2,829.0307312
5.00,42,3,828.9673886
5.00,42,4,828.914377
5.00,42,5,828.8430659
5.00,42,6,828.7999142
5.00,42,7,828.718986
5.00,42,8,828.6877054
5.00,42,9,828.5951749
5.00,42,10,828.5781862
5.00,42,11,828.471664
5.00,42,12,828.4305934
5.00,42,13,828.4014912
5.00,42,14,828.4006854
5.00,42,15,828.2971813
5.00,42,16,828.2938253
5.00,42,17,828.1741147
5.00,42,18,828.1345602
5.00,42,19,828.1088941
5.00,42,20,828.0454952
5.00,42,21,827.9932648
5.00,42,22,827.9220019
5.00,42,23,827.8794629
5.00,42,24,827.7987449
5.00,42,25,827.7678283
5.00,42,26,827.6757486
5.00,42,27,827.6587672
5.00,42,28,827.5530419
5.00,42,29,827.5527644
5.00,42,30,827.4306596
5.00,42,31,827.3916047
5.00,42,32,827.3667329
5.00,42,33,827.3026062
5.00,42,34,827.251917
5.00,42,35,827.1797965
5.00,42,36,827.138951
5.00,42,37,827.0572239
5.00,42,38,827.0281806
5.00,42,39,826.9349132
5.00,42,40,826.9200193
5.00,42,41,826.8128939
5.00,42,42,826.7724723
5.00,42,43,826.7440587
5.00,42,44,826.7440025
5.00,42,45,826.6404714
5.00,42,46,826.6382796
5.00,42,47,826.5188747
5.00,42,48,826.4798622
5.00,42,49,826.4546312
5.00,42,50,826.391752
5.00,42,51,826.3402361
5.00,42,52,826.2697334
5.00,42,53,826.2275709
5.00,42,54,826.1479415
5.00,42,55,826.1169485
5.00,42,56,826.0263986
5.00,42,57,826.008741
5.00,42,58,825.9051312
5.00,42,59,825.9033903
5.00,42,60,825.7841708
5.00,42,61,825.7453773
5.00,42,62,825.720285
5.00,42,63,825.6577201
5.00,42,64,825.6064643
5.00,42,65,825.5363548
5.00,42,66,825.4943522
5.00,42,67,825.4152139
5.00,42,68,825.3842586
5.00,42,69,825.2943194
5.00,42,70,825.2765528
5.00,42,71,825.1736978
5.00,42,72,825.1716748
5.00,42,73,825.0533804
5.00,42,74,825.0147543
5.00,42,75,824.9896944
5.00,42,76,824.927611
5.00,42,77,824.8763127
5.00,42,78,824.8068818
5.00,42,79,824.7645642
5.00,42,80,824.6863703
5.00,42,81,824.6547363
5.00,42,82,824.5660967
5.00,42,83,824.5471698
5.00,42,84,824.4460852
5.00,42,85,824.4422682
5.00,42,86,824.3263645
5.00,42,87,824.2877204
5.00,42,88,824.2622469
5.00,42,89,824.2013573
5.00,42,90,824.149247
5.00,42,91,824.0812564
5.00,42,92,824.0378251
5.00,42,93,823.9613683
5.00,42,94,823.92826
5.00,42,95,823.8417128
5.00,42,96,823.8208823
5.00,42,97,823.7223133
5.00,42,98,823.7160843
5.00,42,99,823.6031979
5.00,42,100,823.5644971
5.00,42,101,823.5385342
5.00,42,102,823.4789575
5.00,42,103,823.4257984
5.00,42,104,823.3594692
5.00,42,105,823.3145378
5.00,42,106,823.2401849
5.00,42,107,823.2050048
5.00,42,108,823.1211227
5.00,42,109,823.0974971
5.00,42,110,823.0023033
5.00,42,111,822.9923658
5.00,42,112,822.8837518
5.00,42,113,822.8448344
5.00,42,114,822.8179982
5.00,42,115,822.7603486
5.00,42,116,822.7054905
5.00,42,117,822.6414665
5.00,42,118,822.5943783
5.00,42,119,822.5227819
5.00,42,120,822.4849003
5.00,42,121,822.4043118
5.00,42,122,822.3773387
5.00,42,123,822.2860762
5.00,42,124,822.2720273
5.00,42,125,822.1680987
5.00,42,126,822.1289471
5.00,42,127,822.1012111
5.00,42,128,822.1003438
5.00,42,129,822.0013654
5.00,42,130,821.9967868
5.00,42,131,821.8837458
5.00,42,132,821.8456455
5.00,42,133,821.8202472
5.00,42,134,821.7610003
5.00,42,135,821.7088183
5.00,42,136,821.6430102
5.00,42,137,821.5987858
5.00,42,138,821.5252161
5.00,42,139,821.4903811
5.00,42,140,821.4076342
5.00,42,141,821.3838758
5.00,42,142,821.2902837
5.00,42,143,821.2795891
5.00,42,144,821.1731871
5.00,42,145,821.1346201
5.00,42,146,821.1077682
5.00,42,147,821.0513752
5.00,42,148,820.996382
5.00,42,149,820.9339652
5.00,42,150,820.886284
5.00,42,151,820.8167427
5.00,42,152,820.7776873
5.00,42,153,820.6997228
5.00,42,154,820.6708429
5.00,42,155,820.582923
5.00,42,156,820.5660462
5.00,42,157,820.4663643
5.00,42,158,820.463645
5.00,42,159,820.3500713
5.00,42,160,820.3125425
5.00,42,161,820.2877387
5.00,42,162,820.228629
5.00,42,163,820.1774944
5.00,42,164,820.1119654
5.00,42,165,820.0685838
5.00,42,166,819.9954912
5.00,42,167,819.9612214
5.00,42,168,819.8792214
5.00,42,169,819.8556583
5.00,42,170,819.7631736
5.00,42,171,819.7521882
5.00,42,172,819.6473683
5.00,42,173,819.6091516
5.00,42,174,819.5823822
5.00,42,175,819.526946
5.00,42,176,819.4720255
5.00,42,177,819.4108404
5.00,42,178,819.362872
5.00,42,179,819.2949141
5.00,42,180,819.255115
5.00,42,181,819.1791807
5.00,42,182,819.1489809
5.00,42,183,819.0636561
5.00,42,184,819.0447354
5.00,42,185,818.948359
5.00,42,186,818.94269
5.00,42,187,818.8333113
5.00,42,188,818.795853
5.00,42,189,818.7704799
5.00,42,190,818.7133662
5.00,42,191,818.6610434
5.00,42,192,818.5979783
5.00,42,193,818.5528193
5.00,42,194,818.482769
5.00,42,195,818.4459964
5.00,42,196,818.3677515
5.00,42,197,818.3407946
5.00,42,198,818.2529411
5.00,42,199,818.2374701
5.00,42,200,818.1383559
5.00,43,1,810.6514913
5.00,43,2,810.5866604
5.00,43,3,810.533846
5.00,43,4,810.471744
5.00,43,5,810.4369784
5.00,43,6,810.387353
5.00,43,7,810.3757606
5.00,43,8,810.340945
5.00,43,9,809.4504249
5.00,43,10,809.1245402
5.00,43,11,807.5933458
5.00,43,12,807.3595771
5.00,43,13,807.345671
5.00,43,14,807.3070966
5.00,43,15,806.4242046
5.00,43,16,805.9834959
5.00,43,17,804.6067238
5.00,43,18,804.254963
5.00,43,19,804.2178161
5.00,43,20,804.1634535
5.00,43,21,804.1446035
5.00,43,22,804.1007705
5.00,43,23,803.2463861
5.00,43,24,802.6604495
5.00,43,25,801.4698057
5.00,43,26,801.4291004
5.00,43,27,799.7166971
5.00,43,28,799.4674125
5.00,43,29,799.4366674
5.00,43,30,799.383264
5.00,43,31,799.369673
5.00,43,32,799.3246631
5.00,43,33,798.4029494
5.00,43,34,797.7986574
5.00,43,35,796.6878497
5.00,43,36,796.3259102
5.00,43,37,794.9968117
5.00,43,38,794.9446576
5.00,43,39,793.3522224
5.00,43,40,792.9948351
5.00,43,41,792.9132428
5.00,43,42,792.8309342
5.00,43,43,792.7779459
5.00,43,44,792.7098899
5.00,43,45,792.6721245
5.00,43,46,792.6111356
5.00,43,47,792.5866186
5.00,43,48,792.5310599
5.00,43,49,792.520933
5.00,43,50,792.4704938
5.00,43,51,791.4713308
5.00,43,52,790.7975032
5.00,43,53,790.7960093
5.00,43,54,790.7458963
5.00,43,55,789.6451099
5.00,43,56,789.0491921
5.00,43,57,788.0372404
5.00,43,58,787.3100197
5.00,43,59,787.2860546
5.00,43,60,787.2240482
5.00,43,61,787.216819
5.00,43,62,787.1598895
5.00,43,63,786.0657343
5.00,43,64,785.3769839
5.00,43,65,785.3551389
5.00,43,66,785.2925605
5.00,43,67,785.2847917
5.00,43,68,785.2254963
5.00,43,69,784.1229057
5.00,43,70,783.3963375
5.00,43,71,783.3677863
5.00,43,72,783.301704
5.00,43,73,783.2840603
5.00,43,74,783.2203631
5.00,43,75,783.2133806
5.00,43,76,783.1510689
5.00,43,77,782.0229377
5.00,43,78,781.2703169
5.00,43,79,781.2373812
5.00,43,80,781.1693155
5.00,43,81,781.1440918
5.00,43,82,781.0770884
5.00,43,83,781.0601446
5.00,43,84,780.9938467
5.00,43,85,780.9860032
5.00,43,86,780.920069
5.00,43,87,779.7740159
5.00,43,88,779.6427749
5.00,43,89,776.8405308
5.00,43,90,776.645906
5.00,43,91,776.5927534
5.00,43,92,776.5181415
5.00,43,93,776.4687283
5.00,43,94,776.3945984
5.00,43,95,776.3492128
5.00,43,96,776.275445
5.00,43,97,776.234425
5.00,43,98,776.1608877
5.00,43,99,776.1246014
5.00,43,100,776.0511385
5.00,43,101,776.0199791
5.00,43,102,775.9464046
5.00,43,103,775.9207893
5.00,43,104,775.8468837
5.00,43,105,775.8272529
5.00,43,106,775.7527602
5.00,43,107,775.7395768
5.00,43,108,775.664201
5.00,43,109,775.6579494
5.00,43,110,775.581352
5.00,43,111,774.3291057
5.00,43,112,773.9679616
5.00,43,113,771.5131097
5.00,43,114,771.1662075
5.00,43,115,771.0990808
5.00,43,116,771.0206847
5.00,43,117,770.9550074
5.00,43,118,770.876787
5.00,43,119,770.8126379
5.00,43,120,770.7345518
5.00,43,121,770.6720174
5.00,43,122,770.5940212
5.00,43,123,770.5331932
5.00,43,124,770.4552375
5.00,43,125,770.3962113
5.00,43,126,770.3182409
5.00,43,127,770.2611157
5.00,43,128,770.1830689
5.00,43,129,770.1279474
5.00,43,130,770.0497557
5.00,43,131,769.9967439
5.00,43,132,769.9183315
5.00,43,133,769.8675383
5.00,43,134,769.7888221
5.00,43,135,769.7403593
5.00,43,136,769.6612481
5.00,43,137,769.6152297
5.00,43,138,769.5356245
5.00,43,139,769.4921669
5.00,43,140,769.4119604
5.00,43,141,769.3711813
5.00,43,142,769.2902578
5.00,43,143,769.2522764
5.00,43,144,769.1705118
5.00,43,145,769.1354477
5.00,43,146,769.0527096
5.00,43,147,769.0206824
5.00,43,148,768.9368301
5.00,43,149,768.9079591
5.00,43,150,768.8228437
5.00,43,151,768.7972467
5.00,43,152,768.7107115
5.00,43,153,768.6885045
5.00,43,154,768.6003853
5.00,43,155,768.5816815
5.00,43,156,768.4918074
5.00,43,157,768.4767162
5.00,43,158,768.3849098
5.00,43,159,768.3735365
5.00,43,160,768.2796148
5.00,43,161,768.2720592
5.00,43,162,768.1758347
5.00,43,163,768.1721904
5.00,43,164,768.0734716
5.00,43,165,766.6121299
5.00,43,166,766.0265701
5.00,43,167,763.9567209
5.00,43,168,763.4245034
5.00,43,169,763.3766777
5.00,43,170,763.2900802
5.00,43,171,763.2435338
5.00,43,172,763.1562017
5.00,43,173,763.1108659
5.00,43,174,763.0227111
5.00,43,175,762.9785673
5.00,43,176,762.8895329
5.00,43,177,762.8465746
5.00,43,178,762.7566146
5.00,43,179,762.7148373
5.00,43,180,762.6239098
5.00,43,181,762.5833078
5.00,43,182,762.4913739
5.00,43,183,762.4519396
5.00,43,184,762.3589624
5.00,43,185,762.3206859
5.00,43,186,762.2266307
5.00,43,187,762.1894995
5.00,43,188,762.0943339
5.00,43,189,762.0583329
5.00,43,190,761.9620267
5.00,43,191,761.9271385
5.00,43,192,761.8296641
5.00,43,193,761.7958684
5.00,43,194,761.6972008
5.00,43,195,761.6644749
5.00,43,196,761.564592
5.00,43,197,761.5329106
5.00,43,198,761.4317932
5.00,43,199,761.4011286
5.00,43,200,761.2987605
5.00,44,1,821.4473011
5.00,44,2,821.4326358
5.00,44,3,821.3152169
5.00,44,4,821.3116051
5.00,44,5,821.1601862
5.00,44,6,821.1150116
5.00,44,7,821.0944272
5.00,44,8,821.0011535
5.00,44,9,820.9658829
5.00,44,10,820.8507077
5.00,44,11,820.8456581
5.00,44,12,820.7012105
5.00,44,13,820.6547351
5.00,44,14,820.6289098
5.00,44,15,820.5447789
5.00,44,16,820.5033674
5.00,44,17,820.3954459
5.00,44,18,820.3902041
5.00,44,19,820.2473501
5.00,44,20,820.2021312
5.00,44,21,820.1796661
5.00,44,22,820.0906831
5.00,44,23,820.0508218
5.00,44,24,819.9413216
5.00,44,25,819.9291522
5.00,44,26,819.7926386
5.00,44,27,819.7455032
5.00,44,28,819.7174386
5.00,44,29,819.6374764
5.00,44,30,819.5903358
5.00,44,31,819.4888823
5.00,44,32,819.4741042
5.00,44,33,819.3413819
5.00,44,34,819.2950479
5.00,44,35,819.2691561
5.00,44,36,819.186164
5.00,44,37,819.1386656
5.00,44,38,819.0375606
5.00,44,39,819.0144161
5.00,44,40,818.8895648
5.00,44,41,818.8413116
5.00,44,42,818.8099151
5.00,44,43,818.7358086
5.00,44,44,818.6804961
5.00,44,45,818.5878803
5.00,44,46,818.5601681
5.00,44,47,818.440881
5.00,44,48,818.393009
5.00,44,49,818.3626636
5.00,44,50,818.2872669
5.00,44,51,818.2300674
5.00,44,52,818.1393791
5.00,44,53,818.1026952
5.00,44,54,817.9920225
5.00,44,55,817.981846
5.00,44,56,817.8452864
5.00,44,57,817.7987704
5.00,44,58,817.7708911
5.00,44,59,817.6921376
5.00,44,60,817.6443171
5.00,44,61,817.5454522
5.00,44,62,817.5274279
5.00,44,63,817.3997433
5.00,44,64,817.353343
5.00,44,65,817.3259296
5.00,44,66,817.2467845
5.00,44,67,817.1952005
5.00,44,68,817.1000418
5.00,44,69,817.0696992
5.00,44,70,816.9538252
5.00,44,71,816.950652
5.00,44,72,816.8082174
5.00,44,73,816.7627153
5.00,44,74,816.7365967
5.00,44,75,816.6558973
5.00,44,76,816.611509
5.00,44,77,816.5103249
5.00,44,78,816.4960577
5.00,44,79,816.3657191
5.00,44,80,816.3200014
5.00,44,81,816.2935661
5.00,44,82,816.2136885
5.00,44,83,816.1636462
5.00,44,84,816.0679996
5.00,44,85,816.0386848
5.00,44,86,815.9228128
5.00,44,87,815.9197902
5.00,44,88,815.778202
5.00,44,89,815.7329146
5.00,44,90,815.7066297
5.00,44,91,815.6269689
5.00,44,92,815.5816319
5.00,44,93,815.4823781
5.00,44,94,815.4655996
5.00,44,95,815.3386895
5.00,44,96,815.2928425
5.00,44,97,815.2653878
5.00,44,98,815.1878808
5.00,44,99,815.1353033
5.00,44,100,815.0431623
5.00,44,101,815.0096892
5.00,44,102,814.8989072
5.00,44,103,814.8895088
5.00,44,104,814.7551797
5.00,44,105,814.709368
5.00,44,106,814.6811475
5.00,44,107,814.6052825
5.00,44,108,814.5550556
5.00,44,109,814.4615625
5.00,44,110,814.4367784
5.00,44,111,814.318639
5.00,44,112,814.2719742
5.00,44,113,814.2418196
5.00,44,114,814.1693093
5.00,44,115,814.1108294
5.00,44,116,814.0254959
5.00,44,117,813.9836783
5.00,44,118,813.882098
5.00,44,119,813.8611731
5.00,44,120,813.7391695
5.00,44,121,813.6922668
5.00,44,122,813.6607649
5.00,44,123,813.5908074
5.00,44,124,813.5327837
5.00,44,125,813.4478823
5.00,44,126,813.4111994
5.00,44,127,813.3056266
5.00,44,128,813.2986108
5.00,44,129,813.1642649
5.00,44,130,813.1200619
5.00,44,131,813.0951916
5.00,44,132,813.0152847
5.00,44,133,812.9670023
5.00,44,134,812.8727693
5.00,44,135,812.8428235
5.00,44,136,812.7306759
5.00,44,137,812.7234241
5.00,44,138,812.5890546
5.00,44,139,812.5439178
5.00,44,140,812.5159228
5.00,44,141,812.4413451
5.00,44,142,812.3905596
5.00,44,143,812.2997125
5.00,44,144,812.2719901
5.00,44,145,812.1587789
5.00,44,146,812.1121899
5.00,44,147,812.0808039
5.00,44,148,812.0118793
5.00,44,149,811.9501407
5.00,44,150,811.8701327
5.00,44,151,811.8225827
5.00,44,152,811.7287428
5.00,44,153,811.6987271
5.00,44,154,811.5877491
5.00,44,155,811.579242
5.00,44,156,811.4471948
5.00,44,157,811.4021502
5.00,44,158,811.3736516
5.00,44,159,811.300726
5.00,44,160,811.2483024
5.00,44,161,811.160155
5.00,44,162,811.1290974
5.00,44,163,811.020223
5.00,44,164,811.018405
5.00,44,165,810.8811322
5.00,44,166,810.8379883
5.00,44,167,810.8142001
5.00,44,168,810.7342924
5.00,44,169,810.6872024
5.00,44,170,810.5940082
5.00,44,171,810.5636055
5.00,44,172,810.4540953
5.00,44,173,810.4439853
5.00,44,174,810.3145905
5.00,44,175,810.2696027
5.00,44,176,810.2405304
5.00,44,177,810.1693613
5.00,44,178,810.1151855
5.00,44,179,810.0298374
5.00,44,180,809.9953697
5.00,44,181,809.8908962
5.00,44,182,809.8831327
5.00,44,183,809.7527112
5.00,44,184,809.7090468
5.00,44,185,809.6832522
5.00,44,186,809.6073434
5.00,44,187,809.5558522
5.00,44,188,809.4680826
5.00,44,189,809.4313929
5.00,44,190,809.3291583
5.00,44,191,809.3103507
5.00,44,192,809.1906009
5.00,44,193,809.1449097
5.00,44,194,809.1134678
5.00,44,195,809.046888
5.00,44,196,808.9871247
5.00,44,197,808.9083167
5.00,44,198,808.8653674
5.00,44,199,808.7702452
5.00,44,200,808.74981
5.00,45,1,915.430287
5.00,45,2,915.2890657
5.00,45,3,915.1317452
5.00,45,4,915.0096855
5.00,45,5,914.8795739
5.00,45,6,914.771653
5.00,45,7,914.6600479
5.00,45,8,914.562534
5.00,45,9,914.4636131
5.00,45,10,914.3737186
5.00,45,11,914.2835461
5.00,45,12,914.1992063
5.00,45,13,914.1151007
5.00,45,14,914.0347977
5.00,45,15,913.9549206
5.00,45,16,913.8775452
5.00,45,17,913.8006295
5.00,45,18,913.7253752
5.00,45,19,913.6505439
5.00,45,20,913.576827
5.00,45,21,913.5034709
5.00,45,22,913.4818494
5.00,45,23,913.388344
5.00,45,24,913.3019962
5.00,45,25,913.2157371
5.00,45,26,913.1341157
5.00,45,27,913.0528851
5.00,45,28,912.9746864
5.00,45,29,912.8969617
5.00,45,30,912.8212376
5.00,45,31,912.7459693
5.00,45,32,912.672034
5.00,45,33,912.5984957
5.00,45,34,912.5963556
5.00,45,35,912.4991931
5.00,45,36,912.4106796
5.00,45,37,912.3220589
5.00,45,38,912.239009
5.00,45,39,912.1562901
5.00,45,40,912.0771914
5.00,45,41,911.9985697
5.00,45,42,911.9223225
5.00,45,43,911.8465592
5.00,45,44,911.7723684
5.00,45,45,911.6986092
5.00,45,46,911.625902
5.00,45,47,911.6196479
5.00,45,48,911.5283088
5.00,45,49,911.4365479
5.00,45,50,911.3515966
5.00,45,51,911.2668636
5.00,45,52,911.1865282
5.00,45,53,911.1066526
5.00,45,54,911.0296434
5.00,45,55,910.9531416
5.00,45,56,910.8785259
5.00,45,57,910.8043788
5.00,45,58,910.7314854
5.00,45,59,910.6589907
5.00,45,60,910.6487064
5.00,45,61,910.5541375
5.00,45,62,910.467533
5.00,45,63,910.381025
5.00,45,64,910.299634
5.00,45,65,910.2186767
5.00,45,66,910.141037
5.00,45,67,910.0639199
5.00,45,68,909.9889745
5.00,45,69,909.9145275
5.00,45,70,909.841516
5.00,45,71,909.768935
5.00,45,72,909.697313
5.00,45,73,909.6799553
5.00,45,74,909.591205
5.00,45,75,909.5023579
5.00,45,76,909.4195607
5.00,45,77,909.3371415
5.00,45,78,909.2586231
5.00,45,79,909.1806335
5.00,45,80,909.105183
5.00,45,81,909.0302609
5.00,45,82,908.9570077
5.00,45,83,908.8842205
5.00,45,84,908.8125415
5.00,45,85,908.8112012
5.00,45,86,908.7202054
5.00,45,87,908.6288763
5.00,45,88,908.5446058
5.00,45,89,908.4606361
5.00,45,90,908.3811937
5.00,45,91,908.3022761
5.00,45,92,908.22629
5.00,45,93,908.1508577
5.00,45,94,908.0773421
5.00,45,95,908.0043261
5.00,45,96,907.9325761
5.00,45,97,907.8612442
5.00,45,98,907.8506686
5.00,45,99,907.7574317
5.00,45,100,907.672074
5.00,45,101,907.5869526
5.00,45,102,907.506864
5.00,45,103,907.4272961
5.00,45,104,907.3509732
5.00,45,105,907.275224
5.00,45,106,907.2015876
5.00,45,107,907.1284773
5.00,45,108,907.0567566
5.00,45,109,906.9854793
5.00,45,110,906.9849746
5.00,45,111,906.8899616
5.00,45,112,906.8036128
5.00,45,113,906.7174359
5.00,45,114,906.6367716
5.00,45,115,906.5566226
5.00,45,116,906.4800142
5.00,45,117,906.4039975
5.00,45,118,906.3302772
5.00,45,119,906.2571073
5.00,45,120,906.1854419
5.00,45,121,906.1142434
5.00,45,122,906.044041
5.00,45,123,906.0295647
5.00,45,124,905.941863
5.00,45,125,905.8542289
5.00,45,126,905.7727327
5.00,45,127,905.6917329
5.00,45,128,905.6146589
5.00,45,129,905.5381925
5.00,45,130,905.4642618
5.00,45,131,905.3909086
5.00,45,132,905.3192096
5.00,45,133,905.2480051
5.00,45,134,905.1778912
5.00,45,135,905.1731073
5.00,45,136,905.0841398
5.00,45,137,904.9951349
5.00,45,138,904.9128722
5.00,45,139,904.8310849
5.00,45,140,904.753593
5.00,45,141,904.6767226
5.00,45,142,904.6026159
5.00,45,143,904.5291118
5.00,45,144,904.4574038
5.00,45,145,904.386216
5.00,45,146,904.3162077
5.00,45,147,904.2466223
5.00,45,148,904.2271034
5.00,45,149,904.1374453
5.00,45,150,904.054883
5.00,45,151,903.9727962
5.00,45,152,903.8952174
5.00,45,153,903.8182761
5.00,45,154,903.7442269
5.00,45,155,903.6707996
5.00,45,156,903.5992464
5.00,45,157,903.5282309
5.00,45,158,903.4584427
5.00,45,159,903.3890914
5.00,45,160,903.3732511
5.00,45,161,903.2831849
5.00,45,162,903.2004818
5.00,45,163,903.118263
5.00,45,164,903.0407097
5.00,45,165,902.9638115
5.00,45,166,902.8898987
5.00,45,167,902.8166256
5.00,45,168,902.7452823
5.00,45,169,902.6744914
5.00,45,170,902.6049611
5.00,45,171,902.535879
5.00,45,172,902.5224472
5.00,45,173,902.4322414
5.00,45,174,902.3495691
5.00,45,175,902.2673997
5.00,45,176,902.1899927
5.00,45,177,902.1132602
5.00,45,178,902.0395683
5.00,45,179,901.966532
5.00,45,180,901.895457
5.00,45,181,901.8249463
5.00,45,182,901.755714
5.00,45,183,901.6869381
5.00,45,184,901.6746071
5.00,45,185,901.5845427
5.00,45,186,901.5020801
5.00,45,187,901.4201487
5.00,45,188,901.3430133
5.00,45,189,901.2665731
5.00,45,190,901.1931891
5.00,45,191,901.1204747
5.00,45,192,901.049728
5.00,45,193,900.9795543
5.00,45,194,900.9106608
5.00,45,195,900.8422288
5.00,45,196,900.8296969
5.00,45,197,900.7400575
5.00,45,198,900.6579847
5.00,45,199,900.5764805
5.00,45,200,900.4997422
5.00,46,1,718.5672197
5.00,46,2,718.5021298
5.00,46,3,718.4636044
5.00,46,4,718.4339133
5.00,46,5,718.3937917
5.00,46,6,718.38215
5.00,46,7,718.3345134
5.00,46,8,718.3049092
5.00,46,9,718.2816177
5.00,46,10,718.2478344
5.00,46,11,718.2345652
5.00,46,12,718.1935338
5.00,46,13,718.1673126
5.00,46,14,718.1423311
5.00,46,15,718.1122287
5.00,46,16,718.0950408
5.00,46,17,718.0586513
5.00,46,18,718.0536366
5.00,46,19,718.0071995
5.00,46,20,717.9787569
5.00,46,21,717.9583388
5.00,46,22,717.9246844
5.00,46,23,717.9137164
5.00,46,24,717.8720191
5.00,46,25,717.845741
5.00,46,26,717.8219406
5.00,46,27,717.791409
5.00,46,28,717.7756951
5.00,46,29,717.7384207
5.00,46,30,717.7355702
5.00,46,31,717.6875788
5.00,46,32,717.6586232
5.00,46,33,717.6394354
5.00,46,34,717.6049177
5.00,46,35,717.5957769
5.00,46,36,717.552687
5.00,46,37,717.5259984
5.00,46,38,717.5032136
5.00,46,39,717.4719868
5.00,46,40,717.4578328
5.00,46,41,717.4194082
5.00,46,42,717.4190017
5.00,46,43,717.3691273
5.00,46,44,717.3395367
5.00,46,45,717.3217192
5.00,46,46,717.2861826
5.00,46,47,717.2790994
5.00,46,48,717.2344
5.00,46,49,717.2072319
5.00,46,50,717.1855766
5.00,46,51,717.1535525
5.00,46,52,717.1411427
5.00,46,53,717.1014103
5.00,46,54,717.0754234
5.00,46,55,717.0512674
5.00,46,56,717.021268
5.00,46,57,717.004409
5.00,46,58,716.9682039
5.00,46,59,716.9625468
5.00,46,60,716.9167778
5.00,46,61,716.889303
5.00,46,62,716.8684503
5.00,46,63,716.8359021
5.00,46,64,716.824718
5.00,46,65,716.784111
5.00,46,66,716.7578498
5.00,46,67,716.7344072
5.00,46,68,716.7039483
5.00,46,69,716.6881387
5.00,46,70,716.6511867
5.00,46,71,716.6470954
5.00,46,72,716.6001363
5.00,46,73,716.5723163
5.00,46,74,716.5523389
5.00,46,75,716.5192054
5.00,46,76,716.5093645
5.00,46,77,716.4677847
5.00,46,78,716.441214
5.00,46,79,716.418548
5.00,46,80,716.3875749
5.00,46,81,716.372913
5.00,46,82,716.3351294
5.00,46,83,716.3327556
5.00,46,84,716.2844756
5.00,46,85,716.2562689
5.00,46,86,716.2372459
5.00,46,87,716.2034606
5.00,46,88,716.195091
5.00,46,89,716.1524313
5.00,46,90,716.1255127
5.00,46,91,716.1036927
5.00,46,92,716.0721455
5.00,46,93,716.0587387
5.00,46,94,716.020031
5.00,46,95,716.0195404
5.00,46,96,715.9697968
5.00,46,97,715.9411581
5.00,46,98,715.9231759
5.00,46,99,715.8886663
5.00,46,100,715.8819079
5.00,46,101,715.8380518
5.00,46,102,715.8107431
5.00,46,103,715.7898449
5.00,46,104,715.7576585
5.00,46,105,715.7456243
5.00,46,106,715.7058913
5.00,46,107,715.6804791
5.00,46,108,715.6565592
5.00,46,109,715.6271382
5.00,46,110,715.6108639
5.00,46,111,715.5750722
5.00,46,112,715.5709945
5.00,46,113,715.5250509
5.00,46,114,715.4970361
5.00,46,115,715.4776327
5.00,46,116,715.4443173
5.00,46,117,715.4345387
5.00,46,118,715.3930245
5.00,46,119,715.3670745
5.00,46,120,715.3443886
5.00,46,121,715.3140785
5.00,46,122,715.2997179
5.00,46,123,715.2624726
5.00,46,124,715.2614094
5.00,46,125,715.2131014
5.00,46,126,715.1842803
5.00,46,127,715.166553
5.00,46,128,715.1319532
5.00,46,129,715.1247095
5.00,46,130,715.0811739
5.00,46,131,715.05461
5.00,46,132,715.033304
5.00,46,133,715.0019827
5.00,46,134,714.9897718
5.00,46,135,714.9508765
5.00,46,136,714.9254055
5.00,46,137,714.9017632
5.00,46,138,714.8723273
5.00,46,139,714.8559283
5.00,46,140,714.8203402
5.00,46,141,714.8150971
5.00,46,142,714.7699965
5.00,46,143,714.7429654
5.00,46,144,714.7227623
5.00,46,145,714.6906615
5.00,46,146,714.680161
5.00,46,147,714.6399829
5.00,46,148,714.6140922
5.00,46,149,714.5914237
5.00,46,150,714.5613021
5.00,46,151,714.5463595
5.00,46,152,714.509673
5.00,46,153,714.5066281
5.00,46,154,714.4597925
5.00,46,155,714.4322403
5.00,46,156,714.4132434
5.00,46,157,714.3802767
5.00,46,158,714.3716545
5.00,46,159,714.3300539
5.00,46,160,714.3036932
5.00,46,161,714.2820898
5.00,46,162,714.251204
5.00,46,163,714.2378594
5.00,46,164,714.1999529
5.00,46,165,714.1993246
5.00,46,166,714.1505661
5.00,46,167,714.1224333
5.00,46,168,714.1047571
5.00,46,169,714.0708288
5.00,46,170,714.0642708
5.00,46,171,714.0210933
5.00,46,172,713.9942068
5.00,46,173,713.9737696
5.00,46,174,713.9420329
5.00,46,175,713.9304433
5.00,46,176,713.8911819
5.00,46,177,713.8661169
5.00,46,178,713.8427777
5.00,46,179,713.8136994
5.00,46,180,713.7980419
5.00,46,181,713.7625693
5.00,46,182,713.7591983
5.00,46,183,713.7135099
5.00,46,184,713.6857654
5.00,46,185,713.6670991
5.00,46,186,713.6339952
5.00,46,187,713.6250946
5.00,46,188,713.5836794
5.00,46,189,713.557955
5.00,46,190,713.5360795
5.00,46,191,713.505917
5.00,46,192,713.492547
5.00,46,193,713.4553067
5.00,46,194,713.4305701
5.00,46,195,713.4065848
5.00,46,196,713.3781278
5.00,46,197,713.3609669
5.00,46,198,713.3267215
5.00,46,199,713.3201005
5.00,46,200,713.2768803
5.00,47,1,839.0183676
5.00,47,2,838.9749774
5.00,47,3,838.8945124
5.00,47,4,838.881194
5.00,47,5,838.8192097
5.00,47,6,838.818655
5.00,47,7,838.7452849
5.00,47,8,838.7051537
5.00,47,9,838.6737148
5.00,47,10,838.628631
5.00,47,11,838.6048246
5.00,47,12,838.5529763
5.00,47,13,838.5396117
5.00,47,14,838.4785062
5.00,47,15,838.4413779
5.00,47,16,838.4051192
5.00,47,17,838.3643421
5.00,47,18,838.3334866
5.00,47,19,838.2878573
5.00,47,20,838.2641464
5.00,47,21,838.2120804
5.00,47,22,838.1977953
5.00,47,23,838.1372129
5.00,47,24,838.1353291
5.00,47,25,838.063512
5.00,47,26,838.0239278
5.00,47,27,837.992076
5.00,47,28,837.947707
5.00,47,29,837.9232196
5.00,47,30,837.8723218
5.00,47,31,837.8578981
5.00,47,32,837.7980751
5.00,47,33,837.7974446
5.00,47,34,837.7253926
5.00,47,35,837.6848849
5.00,47,36,837.6540468
5.00,47,37,837.6087499
5.00,47,38,837.5849568
5.00,47,39,837.5333114
5.00,47,40,837.5188059
5.00,47,41,837.4587672
5.00,47,42,837.4564723
5.00,47,43,837.3853691
5.00,47,44,837.3460882
5.00,47,45,837.3141932
5.00,47,46,837.2702064
5.00,47,47,837.2455454
5.00,47,48,837.1951433
5.00,47,49,837.1803584
5.00,47,50,837.1211946
5.00,47,51,837.1199325
5.00,47,52,837.0487748
5.00,47,53,837.0086451
5.00,47,54,836.9776627
5.00,47,55,836.932842
5.00,47,56,836.9087543
5.00,47,57,836.8577196
5.00,47,58,836.8427154
5.00,47,59,836.7834705
5.00,47,60,836.7804011
5.00,47,61,836.7103401
5.00,47,62,836.6714566
5.00,47,63,836.6393722
5.00,47,64,836.5958955
5.00,47,65,836.5708629
5.00,47,66,836.5211307
5.00,47,67,836.5057158
5.00,47,68,836.447448
5.00,47,69,836.4451886
5.00,47,70,836.3752483
5.00,47,71,836.3355984
5.00,47,72,836.3043203
5.00,47,73,836.2601103
5.00,47,74,836.2355298
5.00,47,75,836.1852831
5.00,47,76,836.1695211
5.00,47,77,836.1113031
5.00,47,78,836.1071213
5.00,47,79,836.0384078
5.00,47,80,836.0000091
5.00,47,81,835.9675998
5.00,47,82,835.9247518
5.00,47,83,835.899165
5.00,47,84,835.850263
5.00,47,85,835.8339713
5.00,47,86,835.7768174
5.00,47,87,835.7732257
5.00,47,88,835.704799
5.00,47,89,835.6657217
5.00,47,90,835.63401
5.00,47,91,835.5905333
5.00,47,92,835.5652797
5.00,47,93,835.5159822
5.00,47,94,835.4992273
5.00,47,95,835.4422475
5.00,47,96,835.4366476
5.00,47,97,835.3695576
5.00,47,98,835.3317228
5.00,47,99,835.2988665
5.00,47,100,835.2567538
5.00,47,101,835.2304489
5.00,47,102,835.1825214
5.00,47,103,835.1651322
5.00,47,104,835.109287
5.00,47,105,835.1040649
5.00,47,106,835.0374156
5.00,47,107,834.9989932
5.00,47,108,834.9667257
5.00,47,109,834.9240904
5.00,47,110,834.8980048
5.00,47,111,834.8497983
5.00,47,112,834.8318439
5.00,47,113,834.7762879
5.00,47,114,834.7690018
5.00,47,115,834.7037773
5.00,47,116,834.6665757
5.00,47,117,834.6331656
5.00,47,118,834.5918814
5.00,47,119,834.5647159
5.00,47,120,834.5178881
5.00,47,121,834.4992106
5.00,47,122,834.4448425
5.00,47,123,834.4377341
5.00,47,124,834.3730888
5.00,47,125,834.3353915
5.00,47,126,834.3024641
5.00,47,127,834.2607623
5.00,47,128,834.2337094
5.00,47,129,834.1867145
5.00,47,130,834.1673851
5.00,47,131,834.1134101
5.00,47,132,834.1042109
5.00,47,133,834.0410564
5.00,47,134,834.0045466
5.00,47,135,833.9704928
5.00,47,136,833.9301153
5.00,47,137,833.90197
5.00,47,138,833.8563464
5.00,47,139,833.8362222
5.00,47,140,833.7834711
5.00,47,141,833.7742654
5.00,47,142,833.7118114
5.00,47,143,833.6748963
5.00,47,144,833.6412237
5.00,47,145,833.6005304
5.00,47,146,833.5724002
5.00,47,147,833.5267143
5.00,47,148,833.5058681
5.00,47,149,833.453601
5.00,47,150,833.4423056
5.00,47,151,833.3813857
5.00,47,152,833.3456147
5.00,47,153,833.3108451
5.00,47,154,833.2714369
5.00,47,155,833.242217
5.00,47,156,833.1978806
5.00,47,157,833.1761851
5.00,47,158,833.1251609
5.00,47,159,833.1136938
5.00,47,160,833.0535765
5.00,47,161,833.0174875
5.00,47,162,832.9830044
5.00,47,163,832.9433765
5.00,47,164,832.9140849
5.00,47,165,832.8697822
5.00,47,166,832.8473114
5.00,47,167,832.796848
5.00,47,168,832.7833183
5.00,47,169,832.7247567
5.00,47,170,832.7229163
5.00,47,171,832.6537401
5.00,47,172,832.61568
5.00,47,173,832.584813
5.00,47,174,832.5422745
5.00,47,175,832.518235
5.00,47,176,832.4696271
5.00,47,177,832.4548535
5.00,47,178,832.3980054
5.00,47,179,832.3958424
5.00,47,180,832.3277819
5.00,47,181,832.2892752
5.00,47,182,832.25874
5.00,47,183,832.215893
5.00,47,184,832.191692
5.00,47,185,832.1431262
5.00,47,186,832.1272268
5.00,47,187,832.0711446
5.00,47,188,832.066098
5.00,47,189,832.0001643
5.00,47,190,831.9631308
5.00,47,191,831.9311044
5.00,47,192,831.889926
5.00,47,193,831.8642103
5.00,47,194,831.8174212
5.00,47,195,831.8002574
5.00,47,196,831.7458606
5.00,47,197,831.7403181
5.00,47,198,831.675584
5.00,47,199,831.6382177
5.00,47,200,831.6064101
5.00,48,1,840.8061325
5.00,48,2,840.7670586
5.00,48,3,840.7568664
5.00,48,4,840.6612738
5.00,48,5,840.6218525
5.00,48,6,840.6168548
5.00,48,7,840.5244287
5.00,48,8,840.4921005
5.00,48,9,840.4345746
5.00,48,10,840.4238698
5.00,48,11,840.3056308
5.00,48,12,840.2835044
5.00,48,13,840.2133908
5.00,48,14,840.1732656
5.00,48,15,840.1665754
5.00,48,16,840.0770524
5.00,48,17,840.0436295
5.00,48,18,839.9877544
5.00,48,19,839.9700464
5.00,48,20,839.8580172
5.00,48,21,839.8327633
5.00,48,22,839.7667746
5.00,48,23,839.7250081
5.00,48,24,839.7125774
5.00,48,25,839.6307128
5.00,48,26,839.5952066
5.00,48,27,839.5422961
5.00,48,28,839.5169631
5.00,48,29,839.4125605
5.00,48,30,839.385569
5.00,48,31,839.3221407
5.00,48,32,839.279901
5.00,48,33,839.2658043
5.00,48,34,839.1861763
5.00,48,35,839.149556
5.00,48,36,839.098297
5.00,48,37,839.0663222
5.00,48,38,838.9679111
5.00,48,39,838.9381173
5.00,48,40,838.878427
5.00,48,41,838.8746963
5.00,48,42,838.7510573
5.00,48,43,838.7303527
5.00,48,44,838.6593807
5.00,48,45,838.6198716
5.00,48,46,838.613507
5.00,48,47,838.5247655
5.00,48,48,838.4922636
5.00,48,49,838.4363301
5.00,48,50,838.4226932
5.00,48,51,838.3088044
5.00,48,52,838.2857696
5.00,48,53,838.2181152
5.00,48,54,838.1779095
5.00,48,55,838.1692263
5.00,48,56,838.083509
5.00,48,57,838.0495117
5.00,48,58,837.9956962
5.00,48,59,837.9735413
5.00,48,60,837.8672572
5.00,48,61,837.8406903
5.00,48,62,837.7776746
5.00,48,63,837.7356749
5.00,48,64,837.720815
5.00,48,65,837.6432904
5.00,48,66,837.6069751
5.00,48,67,837.5564103
5.00,48,68,837.52552
5.00,48,69,837.4278107
5.00,48,70,837.3990779
5.00,48,71,837.3391473
5.00,48,72,837.2964531
5.00,48,73,837.2792273
5.00,48,74,837.2048339
5.00,48,75,837.1671417
5.00,48,76,837.1651725
5.00,48,77,837.0718576
5.00,48,78,837.0416242
5.00,48,79,836.9838109
5.00,48,80,836.9783175
5.00,48,81,836.8584032
5.00,48,82,836.838138
5.00,48,83,836.767962
5.00,48,84,836.7292901
5.00,48,85,836.7241565
5.00,48,86,836.6349059
5.00,48,87,836.6027361
5.00,48,88,836.5475859
5.00,48,89,836.5315595
5.00,48,90,836.4210129
5.00,48,91,836.3964936
5.00,48,92,836.3318543
5.00,48,93,836.2910394
5.00,48,94,836.2786354
5.00,48,95,836.1989663
5.00,48,96,836.1640248
5.00,48,97,836.1126963
5.00,48,98,836.0861777
5.00,48,99,835.9858056
5.00,48,100,835.9586069
5.00,48,101,835.8977002
5.00,48,102,835.8559731
5.00,48,103,835.8405454
5.00,48,104,835.7648245
5.00,48,105,835.7281866
5.00,48,106,835.6792371
5.00,48,107,835.6438096
5.00,48,108,835.5514868
5.00,48,109,835.5208331
5.00,48,110,835.4644895
5.00,48,111,835.4536581
5.00,48,112,835.3393637
5.00,48,113,835.3165623
5.00,48,114,835.2504666
5.00,48,115,835.2106171
5.00,48,116,835.2003
5.00,48,117,835.1187055
5.00,48,118,835.0849023
5.00,48,119,835.0328574
5.00,48,120,835.0100766
5.00,48,121,834.9072862
5.00,48,122,834.8813845
5.00,48,123,834.8195538
5.00,48,124,834.7786157
5.00,48,125,834.7647428
5.00,48,126,834.6877577
5.00,48,127,834.6519986
5.00,48,128,834.6026548
5.00,48,129,834.5698316
5.00,48,130,834.4760913
5.00,48,131,834.4463487
5.00,48,132,834.3895629
5.00,48,133,834.3814183
5.00,48,134,834.2656213
5.00,48,135,834.2437328
5.00,48,136,834.1771841
5.00,48,137,834.1379344
5.00,48,138,834.12858
5.00,48,139,834.0464604
5.00,48,140,834.0132717
5.00,48,141,833.9611581
5.00,48,142,833.9398944
5.00,48,143,833.8366588
5.00,48,144,833.8113172
5.00,48,145,833.7494778
5.00,48,146,833.7089858
5.00,48,147,833.6956086
5.00,48,148,833.6186845
5.00,48,149,833.5833271
5.00,48,150,833.5341801
5.00,48,151,833.5019968
5.00,48,152,833.4085958
5.00,48,153,833.3791372
5.00,48,154,833.3226901
5.00,48,155,833.3146528
5.00,48,156,833.1996658
5.00,48,157,833.1778708
5.00,48,158,833.1118929
5.00,48,159,833.0728738
5.00,48,160,833.0633501
5.00,48,161,832.9821186
5.00,48,162,832.9490207
5.00,48,163,832.8974875
5.00,48,164,832.8755328
5.00,48,165,832.773816
5.00,48,166,832.748308
5.00,48,167,832.6873642
5.00,48,168,832.6469827
5.00,48,169,832.6330665
5.00,48,170,832.5575005
5.00,48,171,832.5220826
5.00,48,172,832.4737062
5.00,48,173,832.4402703
5.00,48,174,832.3489026
5.00,48,175,832.3191285
5.00,48,176,832.2637675
5.00,48,177,832.2533881
5.00,48,178,832.141409
5.00,48,179,832.1189357
5.00,48,180,832.0544944
5.00,48,181,832.0153605
5.00,48,182,832.0046115
5.00,48,183,831.9255887
5.00,48,184,831.8920967
5.00,48,185,831.8417455
5.00,48,186,831.8170698
5.00,48,187,831.7186786
5.00,48,188,831.6923421
5.00,48,189,831.633119
5.00,48,190,831.5925445
5.00,48,191,831.5771567
5.00,48,192,831.5041194
5.00,48,193,831.468227
5.00,48,194,831.4670527
5.00,48,195,831.3763296
5.00,48,196,831.3473158
5.00,48,197,831.2916825
5.00,48,198,831.285398
5.00,48,199,831.1710006
5.00,48,200,831.1507138
5.00,49,1,692.1034102
5.00,49,2,692.0401958
5.00,49,3,691.9879603
5.00,49,4,691.9572852
5.00,49,5,691.9424181
5.00,49,6,691.756155
5.00,49,7,691.716984
5.00,49,8,691.6057167
5.00,49,9,691.5306858
5.00,49,10,691.5223901
5.00,49,11,691.4228246
5.00,49,12,691.3923932
5.00,49,13,691.1425217
5.00,49,14,691.1024099
5.00,49,15,691.0824064
5.00,49,16,691.0686739
5.00,49,17,691.0634686
5.00,49,18,690.9592
5.00,49,19,690.8874374
5.00,49,20,690.8830511
5.00,49,21,690.7775786
5.00,49,22,690.7032746
5.00,49,23,690.6972186
5.00,49,24,690.5963438
5.00,49,25,690.5230027
5.00,49,26,690.5178381
5.00,49,27,690.4153915
5.00,49,28,690.409459
5.00,49,29,690.1381142
5.00,49,30,690.1015415
5.00,49,31,690.0834718
5.00,49,32,690.072473
5.00,49,33,690.0712023
5.00,49,34,689.9564989
5.00,49,35,689.8947405
5.00,49,36,689.8090603
5.00,49,37,689.7716713
5.00,49,38,689.5335189
5.00,49,39,689.4964951
5.00,49,40,689.478443
5.00,49,41,689.466936
5.00,49,42,689.4657565
5.00,49,43,689.3530011
5.00,49,44,689.2873508
5.00,49,45,689.2853666
5.00,49,46,689.1743852
5.00,49,47,689.1120475
5.00,49,48,689.0281219
5.00,49,49,688.9910175
5.00,49,50,688.7547757
5.00,49,51,688.7184564
5.00,49,52,688.7008704
5.00,49,53,688.6899822
5.00,49,54,688.6896792
5.00,49,55,688.5756765
5.00,49,56,688.5130666
5.00,49,57,688.5125493
5.00,49,58,688.3984796
5.00,49,59,688.3405634
5.00,49,60,688.2533538
5.00,49,61,688.2332773
5.00,49,62,687.9823192
5.00,49,63,687.9489154
5.00,49,64,687.9329598
5.00,49,65,687.9243812
5.00,49,66,687.836164
5.00,49,67,687.8226327
5.00,49,68,687.5663533
5.00,49,69,687.5342603
5.00,49,70,687.5190626
5.00,49,71,687.5115648
5.00,49,72,687.4207505
5.00,49,73,687.4194049
5.00,49,74,687.1522026
5.00,49,75,687.1221413
5.00,49,76,687.1080811
5.00,49,77,687.1022132
5.00,49,78,687.0071021
5.00,49,79,686.9391938
5.00,49,80,686.9366114
5.00,49,81,686.8326783
5.00,49,82,686.7681901
5.00,49,83,686.7668287
5.00,49,84,686.6586226
5.00,49,85,686.6012951
5.00,49,86,686.5160648
5.00,49,87,686.5030414
5.00,49,88,686.2499092
5.00,49,89,686.2190669
5.00,49,90,686.2047219
5.00,49,91,686.1983886
5.00,49,92,686.1062255
5.00,49,93,686.0384359
5.00,49,94,686.0358897
5.00,49,95,685.933413
5.00,49,96,685.8704141
5.00,49,97,685.8697959
5.00,49,98,685.7609664
5.00,49,99,685.7066548
5.00,49,100,685.6197106
5.00,49,101,685.5491939
5.00,49,102,685.5452588
5.00,49,103,685.4477607
5.00,49,104,685.3825965
5.00,49,105,685.3809258
5.00,49,106,685.2761715
5.00,49,107,685.2201036
5.00,49,108,685.1356276
5.00,49,109,685.131009
5.00,49,110,684.8733348
5.00,49,111,684.8449632
5.00,49,112,684.8321569
5.00,49,113,684.8280056
5.00,49,114,684.7315692
5.00,49,115,684.6707199
5.00,49,116,684.5918304
5.00,49,117,684.5711907
5.00,49,118,684.3308711
5.00,49,119,684.3008119
5.00,49,120,684.2871772
5.00,49,121,684.2817936
5.00,49,122,684.1900194
5.00,49,123,684.126897
5.00,49,124,684.1266578
5.00,49,125,684.0206056
5.00,49,126,683.9655971
5.00,49,127,683.8818354
5.00,49,128,683.873734
5.00,49,129,683.6226812
5.00,49,130,683.5924891
5.00,49,131,683.5787115
5.00,49,132,683.5735445
5.00,49,133,683.4828472
5.00,49,134,683.4180426
5.00,49,135,683.4165486
5.00,49,136,683.3147157
5.00,49,137,683.2618614
5.00,49,138,683.1769896
5.00,49,139,683.1109791
5.00,49,140,683.1092298
5.00,49,141,683.0093435
5.00,49,142,682.9526609
5.00,49,143,682.8720304
5.00,49,144,682.8613272
5.00,49,145,682.6155819
5.00,49,146,682.5860922
5.00,49,147,682.5728463
5.00,49,148,682.5684024
5.00,49,149,682.4771928
5.00,49,150,682.4154604
5.00,49,151,682.3406561
5.00,49,152,682.3134809
5.00,49,153,682.0854938
5.00,49,154,682.0543788
5.00,49,155,682.04032
5.00,49,156,682.034599
5.00,49,157,681.9479815
5.00,49,158,681.8840823
5.00,49,159,681.8830282
5.00,49,160,681.7825166
5.00,49,161,681.7328672
5.00,49,162,681.6469625
5.00,49,163,681.5857087
5.00,49,164,681.5116289
5.00,49,165,681.4966557
5.00,49,166,681.2589922
5.00,49,167,681.2325906
5.00,49,168,681.2214277
5.00,49,169,681.2195585
5.00,49,170,681.1224518
5.00,49,171,681.0719715
5.00,49,172,680.9878311
5.00,49,173,680.9267389
5.00,49,174,680.8534249
5.00,49,175,680.8406346
5.00,49,176,680.6025513
5.00,49,177,680.5770689
5.00,49,178,680.5665205
5.00,49,179,680.5655375
5.00,49,180,680.4669132
5.00,49,181,680.4195654
5.00,49,182,680.3332062
5.00,49,183,680.275699
5.00,49,184,680.1997084
5.00,49,185,680.1336084
5.00,49,186,680.1316643
5.00,49,187,680.03719
5.00,49,188,679.9845708
5.00,49,189,679.904063
5.00,49,190,679.8406009
5.00,49,191,679.8397245
5.00,49,192,679.7420984
5.00,49,193,679.6957645
5.00,49,194,679.6094027
5.00,49,195,679.5538327
5.00,49,196,679.4769093
5.00,49,197,679.4133654
5.00,49,198,679.4127366
5.00,49,199,679.3156285
5.00,49,200,679.2671909
5.00,50,1,854.2361824
5.00,50,2,854.2031534
5.00,50,3,853.9001382
5.00,50,4,853.7524498
5.00,50,5,853.5510961
5.00,50,6,853.4316803
5.00,50,7,852.9701615
5.00,50,8,852.9341781
5.00,50,9,852.6390003
5.00,50,10,852.5083583
5.00,50,11,852.3115977
5.00,50,12,852.190767
5.00,50,13,851.7418435
5.00,50,14,851.6981191
5.00,50,15,851.4135736
5.00,50,16,851.2776251
5.00,50,17,851.2716456
5.00,50,18,850.9651301
5.00,50,19,850.8329863
5.00,50,20,850.8282734
5.00,50,21,850.518504
5.00,50,22,850.3969262
5.00,50,23,850.1952869
5.00,50,24,850.0894075
5.00,50,25,849.6334551
5.00,50,26,849.5925383
5.00,50,27,849.3094026
5.00,50,28,849.1738058
5.00,50,29,849.1650615
5.00,50,30,848.866873
5.00,50,31,848.7315679
5.00,50,32,848.720709
5.00,50,33,848.4260802
5.00,50,34,848.2971333
5.00,50,35,848.2937613
5.00,50,36,847.9860051
5.00,50,37,847.8557513
5.00,50,38,847.8485832
5.00,50,39,847.5476764
5.00,50,40,847.42248
5.00,50,41,847.4215576
5.00,50,42,847.1100311
5.00,50,43,846.9819527
5.00,50,44,846.9756621
5.00,50,45,846.6741279
5.00,50,46,846.5496336
5.00,50,47,846.5481296
5.00,50,48,846.2388968
5.00,50,49,846.1100843
5.00,50,50,846.1018651
5.00,50,51,845.8053886
5.00,50,52,845.6786202
5.00,50,53,845.6736157
5.00,50,54,845.3725642
5.00,50,55,845.2402791
5.00,50,56,845.2275276
5.00,50,57,844.9414292
5.00,50,58,844.809692
5.00,50,59,844.7985854
5.00,50,60,844.51101
5.00,50,61,844.3728672
5.00,50,62,844.3533519
5.00,50,63,844.0822345
5.00,50,64,843.9432891
5.00,50,65,843.9239616
5.00,50,66,843.6542221
5.00,50,67,843.5083302
5.00,50,68,843.4803187
5.00,50,69,843.227799
5.00,50,70,843.079982
5.00,50,71,843.0509059
5.00,50,72,842.8021958
5.00,50,73,842.7934226
5.00,50,74,842.2667809
5.00,50,75,842.2365889
5.00,50,76,841.9565641
5.00,50,77,841.81639
5.00,50,78,841.7917048
5.00,50,79,841.5347615
5.00,50,80,841.3903246
5.00,50,81,841.3624095
5.00,50,82,841.1137687
5.00,50,83,841.1026224
5.00,50,84,840.5840375
5.00,50,85,840.5490815
5.00,50,86,840.277328
5.00,50,87,840.1344653
5.00,50,88,840.1052185
5.00,50,89,839.8600857
5.00,50,90,839.7110558
5.00,50,91,839.6767139
5.00,50,92,839.4436952
5.00,50,93,839.3930141
5.00,50,94,838.9188761
5.00,50,95,838.8638772
5.00,50,96,838.6162673
5.00,50,97,838.5994658
5.00,50,98,838.0948333
5.00,50,99,838.052294
5.00,50,100,837.7933051
5.00,50,101,837.6464958
5.00,50,102,837.6107202
5.00,50,103,837.3827731
5.00,50,104,837.3445559
5.00,50,105,836.8664146
5.00,50,106,836.8297904
5.00,50,107,836.5674707
5.00,50,108,836.4288713
5.00,50,109,836.400552
5.00,50,110,836.1598241
5.00,50,111,836.1241535
5.00,50,112,835.6462452
5.00,50,113,835.591347
5.00,50,114,835.3499944
5.00,50,115,835.314908
5.00,50,116,834.8391058
5.00,50,117,834.7829996
5.00,50,118,834.5444635
5.00,50,119,834.5021762
5.00,50,120,834.0361132
5.00,50,121,833.9757642
5.00,50,122,833.7432017
5.00,50,123,833.6867791
5.00,50,124,833.2372572
5.00,50,125,833.1700436
5.00,50,126,832.9461838
5.00,50,127,832.8698227
5.00,50,128,832.4425353
5.00,50,129,832.3663383
5.00,50,130,832.1533875
5.00,50,131,832.0525804
5.00,50,132,831.6519495
5.00,50,133,831.5651969
5.00,50,134,831.3647917
5.00,50,135,831.2363818
5.00,50,136,830.8655023
5.00,50,137,830.7671713
5.00,50,138,830.5803754
5.00,50,139,830.4225182
5.00,50,140,830.0831946
5.00,50,141,829.9727798
5.00,50,142,829.9612441
5.00,50,143,829.6925015
5.00,50,144,829.5609767
5.00,50,145,829.5315477
5.00,50,146,829.3028327
5.00,50,147,829.234741
5.00,50,148,828.8111673
5.00,50,149,828.7330093
5.00,50,150,828.5290039
5.00,50,151,828.408348
5.00,50,152,828.0390581
5.00,50,153,827.9404791
5.00,50,154,827.9370073
5.00,50,155,827.6534001
5.00,50,156,827.5293203
5.00,50,157,827.5044286
5.00,50,158,827.2688362
5.00,50,159,827.2136051
5.00,50,160,826.783885
5.00,50,161,826.7077434
5.00,50,162,826.5054268
5.00,50,163,826.381208
5.00,50,164,826.0219388
5.00,50,165,825.9199707
5.00,50,166,825.9112766
5.00,50,167,825.6414357
5.00,50,168,825.5127275
5.00,50,169,825.4816594
5.00,50,170,825.2621193
5.00,50,171,825.1727857
5.00,50,172,824.7830803
5.00,50,173,824.6923111
5.00,50,174,824.6918809
5.00,50,175,824.4054755
5.00,50,176,824.2841785
5.00,50,177,824.2584022
5.00,50,178,824.0291197
5.00,50,179,823.9586562
5.00,50,180,823.554233
5.00,50,181,823.4687389
5.00,50,182,823.2822176
5.00,50,183,823.1266834
5.00,50,184,822.8085616
5.00,50,185,822.6927067
5.00,50,186,822.6687735
5.00,50,187,822.4363902
5.00,50,188,822.396294
5.00,50,189,821.967935
5.00,50,190,821.9040612
5.00,50,191,821.6980283
5.00,50,192,821.6009491
5.00,50,193,821.2309209
5.00,50,194,821.1439206
5.00,50,195,820.9634511
5.00,50,196,820.8122465
5.00,50,197,820.4977547
5.00,50,198,820.3892481
5.00,50,199,820.3706668
5.00,50,200,820.1308461
